run_dir,replicate,arm,task_id,occurrence,repository,session_id,call_seq,query,n_results,n_via_match,n_via_link,sim_mean,sim_min,sim_max,note_ids,gateway_log_query,gateway_log_n_results,gateway_log_latency_ms,agg_score,reward,control_agg_score,delta,bucket,question,query_question_overlap,note_question_overlap_mean,note_question_overlap_max
20260913T035631.013586628Z-openclaw-sweatlasqa-pilot30-ctxlimit-amem-repo-sglang,pilot30-ctxlimit,repo-scope,task-6905333b74f22949d97ba9a4,1,simple-login/app,da4c51bd-6e5c-4fcf-b351-517bcb2326bc,1,SimpleLogin startup dev mode configuration,0,0,0,,,,,SimpleLogin startup dev mode configuration,0.0,32.0,,,1.0,,,"I'm trying to understand what actually happens when SimpleLogin is started locally in development environment. I'm wondering how the backend starts up in dev mode, how configuration is loaded, which log messages indicate that it's ready to accept requests, and what ports or endpoints it exposes. 

I’m interested in how a single authenticated request is handled by the app, where the request first enters the application, how the user identity is determined at runtime, and how that authentication context is carried through request handling. The entry point and user identification flow are my main concerns here. I also want to know whether the app automatically starts any background jobs or schedulers, or if there’s anything going on besides handling incoming requests.

I'm not looking for what the code says should happen, I want to know what actually gets printed when you run it. Please don’t modify any repository source files while investigating. Temporary scripts are fine if needed, but leave the codebase unchanged and clean up anything you create when you’re done.",0.046153846153846156,,
20260913T035631.013586628Z-openclaw-sweatlasqa-pilot30-ctxlimit-amem-repo-sglang,pilot30-ctxlimit,repo-scope,task-6905333b74f22949d97ba9a4,1,simple-login/app,da4c51bd-6e5c-4fcf-b351-517bcb2326bc,2,SimpleLogin startup dev environment configuration,0,0,0,,,,,SimpleLogin startup dev environment configuration,0.0,7.0,,,1.0,,,"I'm trying to understand what actually happens when SimpleLogin is started locally in development environment. I'm wondering how the backend starts up in dev mode, how configuration is loaded, which log messages indicate that it's ready to accept requests, and what ports or endpoints it exposes. 

I’m interested in how a single authenticated request is handled by the app, where the request first enters the application, how the user identity is determined at runtime, and how that authentication context is carried through request handling. The entry point and user identification flow are my main concerns here. I also want to know whether the app automatically starts any background jobs or schedulers, or if there’s anything going on besides handling incoming requests.

I'm not looking for what the code says should happen, I want to know what actually gets printed when you run it. Please don’t modify any repository source files while investigating. Temporary scripts are fine if needed, but leave the codebase unchanged and clean up anything you create when you’re done.",0.046153846153846156,,
20260913T035631.013586628Z-openclaw-sweatlasqa-pilot30-ctxlimit-amem-repo-sglang,pilot30-ctxlimit,repo-scope,task-6905333b74f22949d97ba9a4,1,simple-login/app,da4c51bd-6e5c-4fcf-b351-517bcb2326bc,3,SimpleLogin startup dev mode backend configuration,4,4,0,49.9689875,42.176926,64.38624,9a1b64f2-4487-46c4-b048-5d66695239c6;d2d6fff0-14fd-4f37-a6fd-b99d949553be;335557ea-75de-4375-bff0-9a2cf5b896d5;2514d946-e096-42d2-ad90-eefa5a43a83f,SimpleLogin startup dev mode backend configuration,4.0,108.0,,,1.0,,,"I'm trying to understand what actually happens when SimpleLogin is started locally in development environment. I'm wondering how the backend starts up in dev mode, how configuration is loaded, which log messages indicate that it's ready to accept requests, and what ports or endpoints it exposes. 

I’m interested in how a single authenticated request is handled by the app, where the request first enters the application, how the user identity is determined at runtime, and how that authentication context is carried through request handling. The entry point and user identification flow are my main concerns here. I also want to know whether the app automatically starts any background jobs or schedulers, or if there’s anything going on besides handling incoming requests.

I'm not looking for what the code says should happen, I want to know what actually gets printed when you run it. Please don’t modify any repository source files while investigating. Temporary scripts are fine if needed, but leave the codebase unchanged and clean up anything you create when you’re done.",0.06153846153846154,0.03375056999544004,0.05333333333333334
20260913T035631.013586628Z-openclaw-sweatlasqa-pilot30-ctxlimit-amem-repo-sglang,pilot30-ctxlimit,repo-scope,task-6905333b74f22949d97ba9a4,1,simple-login/app,da4c51bd-6e5c-4fcf-b351-517bcb2326bc,4,SimpleLogin startup request handling authentication background jobs,6,5,1,57.454595000000005,46.96713,65.67626,9a1b64f2-4487-46c4-b048-5d66695239c6;e711b188-4581-4be4-991a-e4fdc57b6728;d2d6fff0-14fd-4f37-a6fd-b99d949553be;335557ea-75de-4375-bff0-9a2cf5b896d5;90e1020a-6459-4492-9298-02cd1512b452;2514d946-e096-42d2-ad90-eefa5a43a83f,SimpleLogin startup request handling authentication background jobs,6.0,196.0,,,1.0,,,"I'm trying to understand what actually happens when SimpleLogin is started locally in development environment. I'm wondering how the backend starts up in dev mode, how configuration is loaded, which log messages indicate that it's ready to accept requests, and what ports or endpoints it exposes. 

I’m interested in how a single authenticated request is handled by the app, where the request first enters the application, how the user identity is determined at runtime, and how that authentication context is carried through request handling. The entry point and user identification flow are my main concerns here. I also want to know whether the app automatically starts any background jobs or schedulers, or if there’s anything going on besides handling incoming requests.

I'm not looking for what the code says should happen, I want to know what actually gets printed when you run it. Please don’t modify any repository source files while investigating. Temporary scripts are fine if needed, but leave the codebase unchanged and clean up anything you create when you’re done.",0.09230769230769231,0.029928594728545543,0.05333333333333334
20260913T035631.013586628Z-openclaw-sweatlasqa-pilot30-ctxlimit-amem-repo-sglang,pilot30-ctxlimit,repo-scope,task-6905333b74f22949d97ba9a5,2,simple-login/app,a52bd429-9ef4-4e53-94fa-697240c286a2,1,custom alias signed suffix validation,6,5,1,40.068233166666666,33.318442,48.73165,90e1020a-6459-4492-9298-02cd1512b452;e711b188-4581-4be4-991a-e4fdc57b6728;9a1b64f2-4487-46c4-b048-5d66695239c6;2514d946-e096-42d2-ad90-eefa5a43a83f;d2d6fff0-14fd-4f37-a6fd-b99d949553be;335557ea-75de-4375-bff0-9a2cf5b896d5,custom alias signed suffix validation,6.0,149.0,0.6153846153846154,0.0,0.6923076923076923,-0.0769230769230768,degraded,"I am debugging intermittent validation failures during custom alias creation that don't match the expected behavior, which seems related to how signed suffixes are verified. When attempting to create custom aliases with invalid or expired signed suffixes, what exact HTTP status codes and error messages appear in the API responses, and what corresponding validation log entries show up in the server console? Check whether any rate-limiting headers appear in the responses and what their actual values are. For successful alias creation attempts, what quota-related checks occur, what specific values get logged when the system verifies whether the user can create more aliases? Trace through the execution path to identify which component validates signed suffixes and enforces creation limits, and what conditions trigger rejection. Don't modify the repository code temporary test scripts or API calls are fine but keep the codebase unchanged.",0.0547945205479452,0.019376060272528795,0.041237113402061855
20260913T035631.013586628Z-openclaw-sweatlasqa-pilot30-ctxlimit-amem-repo-sglang,pilot30-ctxlimit,repo-scope,task-6905333b74f22949d97ba9a5,2,simple-login/app,a52bd429-9ef4-4e53-94fa-697240c286a2,2,custom alias signed suffix validation rate limit quota,0,0,0,,,,,custom alias signed suffix validation rate limit quota,9.0,1143.0,0.6153846153846154,0.0,0.6923076923076923,-0.0769230769230768,degraded,"I am debugging intermittent validation failures during custom alias creation that don't match the expected behavior, which seems related to how signed suffixes are verified. When attempting to create custom aliases with invalid or expired signed suffixes, what exact HTTP status codes and error messages appear in the API responses, and what corresponding validation log entries show up in the server console? Check whether any rate-limiting headers appear in the responses and what their actual values are. For successful alias creation attempts, what quota-related checks occur, what specific values get logged when the system verifies whether the user can create more aliases? Trace through the execution path to identify which component validates signed suffixes and enforces creation limits, and what conditions trigger rejection. Don't modify the repository code temporary test scripts or API calls are fine but keep the codebase unchanged.",0.08108108108108109,,
20260913T035631.013586628Z-openclaw-sweatlasqa-pilot30-ctxlimit-amem-repo-sglang,pilot30-ctxlimit,repo-scope,task-6905333b74f22949d97ba9a6,3,simple-login/app,c27c7d06-9e23-465e-a34a-a23f3853f79a,1,email privacy anonymous aliases system,0,0,0,,,,,email privacy anonymous aliases system,9.0,1227.0,,,0.8181818181818182,,,"I'm trying to get this email privacy system with anonymous aliases running for the first time and I want to understand how all the pieces fit together during initialization.

The system has a web server, an email handler, background jobs, and some cron tasks. I need to set everything up from scratch and see what actually happens when it starts.

Here's what I'm trying to figure out:

When I run the database migrations on an empty PostgreSQL database, how many tables get created in total? And what's the exact name of the last table that gets created based on the migration output order?

For the web server startup, what's the log message that tells me it's actually ready to accept connections? I'm also curious how many milliseconds pass between the first log entry and that ready message.

The email handler can take a custom port. If I start it with port 25025, does the startup log confirm it's listening on that port? What message shows up exactly?

I want to test the registration flow. If I create a user account with email ""[testuser@example.com](mailto:testuser@example.com)"" and password ""testpass123"", then immediately try to login before activating it, what's the exact JSON error message the API returns and what HTTP status code comes with it? I'd also like to see the full curl command output. And when I query the database directly for that user, what boolean values do the activated and notification columns actually show?

Also, there are different alias limits for different account types. I want to verify how the system handles this dynamically. First, create a fresh user and call /api/user_info to see what max_alias_free_plan value the API actually returns in the JSON response. Then, experiment with changing the configuration - try setting a different limit value like 10, restart the server, create a second new user, and call /api/user_info again for that user. What are the exact API responses before and after the change? Do both users reflect the new limit or only the one created after the change?

I'm trying to understand the actual runtime behavior here, not just what the code suggests should happen. Don't modify any of the source files, but feel free to create test config files or .env files to experiment with different settings.",0.03759398496240601,,
20260913T035631.013586628Z-openclaw-sweatlasqa-pilot30-ctxlimit-amem-repo-sglang,pilot30-ctxlimit,repo-scope,task-6905333b74f22949d97ba9a6,3,simple-login/app,c27c7d06-9e23-465e-a34a-a23f3853f79a,2,email privacy system anonymous aliases database migration tables web server email handler,0,0,0,,,,,email privacy system anonymous aliases database migration tables web server email handler,9.0,1818.0,,,0.8181818181818182,,,"I'm trying to get this email privacy system with anonymous aliases running for the first time and I want to understand how all the pieces fit together during initialization.

The system has a web server, an email handler, background jobs, and some cron tasks. I need to set everything up from scratch and see what actually happens when it starts.

Here's what I'm trying to figure out:

When I run the database migrations on an empty PostgreSQL database, how many tables get created in total? And what's the exact name of the last table that gets created based on the migration output order?

For the web server startup, what's the log message that tells me it's actually ready to accept connections? I'm also curious how many milliseconds pass between the first log entry and that ready message.

The email handler can take a custom port. If I start it with port 25025, does the startup log confirm it's listening on that port? What message shows up exactly?

I want to test the registration flow. If I create a user account with email ""[testuser@example.com](mailto:testuser@example.com)"" and password ""testpass123"", then immediately try to login before activating it, what's the exact JSON error message the API returns and what HTTP status code comes with it? I'd also like to see the full curl command output. And when I query the database directly for that user, what boolean values do the activated and notification columns actually show?

Also, there are different alias limits for different account types. I want to verify how the system handles this dynamically. First, create a fresh user and call /api/user_info to see what max_alias_free_plan value the API actually returns in the JSON response. Then, experiment with changing the configuration - try setting a different limit value like 10, restart the server, create a second new user, and call /api/user_info again for that user. What are the exact API responses before and after the change? Do both users reflect the new limit or only the one created after the change?

I'm trying to understand the actual runtime behavior here, not just what the code suggests should happen. Don't modify any of the source files, but feel free to create test config files or .env files to experiment with different settings.",0.07518796992481203,,
20260913T035631.013586628Z-openclaw-sweatlasqa-pilot30-ctxlimit-amem-repo-sglang,pilot30-ctxlimit,repo-scope,task-6905333b74f22949d97ba9a6,3,simple-login/app,c27c7d06-9e23-465e-a34a-a23f3853f79a,3,SimpleLogin email alias database migrations table count startup,0,0,0,,,,,SimpleLogin email alias database migrations table count startup,9.0,1311.0,,,0.8181818181818182,,,"I'm trying to get this email privacy system with anonymous aliases running for the first time and I want to understand how all the pieces fit together during initialization.

The system has a web server, an email handler, background jobs, and some cron tasks. I need to set everything up from scratch and see what actually happens when it starts.

Here's what I'm trying to figure out:

When I run the database migrations on an empty PostgreSQL database, how many tables get created in total? And what's the exact name of the last table that gets created based on the migration output order?

For the web server startup, what's the log message that tells me it's actually ready to accept connections? I'm also curious how many milliseconds pass between the first log entry and that ready message.

The email handler can take a custom port. If I start it with port 25025, does the startup log confirm it's listening on that port? What message shows up exactly?

I want to test the registration flow. If I create a user account with email ""[testuser@example.com](mailto:testuser@example.com)"" and password ""testpass123"", then immediately try to login before activating it, what's the exact JSON error message the API returns and what HTTP status code comes with it? I'd also like to see the full curl command output. And when I query the database directly for that user, what boolean values do the activated and notification columns actually show?

Also, there are different alias limits for different account types. I want to verify how the system handles this dynamically. First, create a fresh user and call /api/user_info to see what max_alias_free_plan value the API actually returns in the JSON response. Then, experiment with changing the configuration - try setting a different limit value like 10, restart the server, create a second new user, and call /api/user_info again for that user. What are the exact API responses before and after the change? Do both users reflect the new limit or only the one created after the change?

I'm trying to understand the actual runtime behavior here, not just what the code suggests should happen. Don't modify any of the source files, but feel free to create test config files or .env files to experiment with different settings.",0.044444444444444446,,
20260913T035631.013586628Z-openclaw-sweatlasqa-pilot30-ctxlimit-amem-repo-sglang,pilot30-ctxlimit,repo-scope,task-6905333b74f22949d97ba9a6,3,simple-login/app,c27c7d06-9e23-465e-a34a-a23f3853f79a,4,registration login pre-activation error API response status code,0,0,0,,,,,registration login pre-activation error API response status code,9.0,1139.0,,,0.8181818181818182,,,"I'm trying to get this email privacy system with anonymous aliases running for the first time and I want to understand how all the pieces fit together during initialization.

The system has a web server, an email handler, background jobs, and some cron tasks. I need to set everything up from scratch and see what actually happens when it starts.

Here's what I'm trying to figure out:

When I run the database migrations on an empty PostgreSQL database, how many tables get created in total? And what's the exact name of the last table that gets created based on the migration output order?

For the web server startup, what's the log message that tells me it's actually ready to accept connections? I'm also curious how many milliseconds pass between the first log entry and that ready message.

The email handler can take a custom port. If I start it with port 25025, does the startup log confirm it's listening on that port? What message shows up exactly?

I want to test the registration flow. If I create a user account with email ""[testuser@example.com](mailto:testuser@example.com)"" and password ""testpass123"", then immediately try to login before activating it, what's the exact JSON error message the API returns and what HTTP status code comes with it? I'd also like to see the full curl command output. And when I query the database directly for that user, what boolean values do the activated and notification columns actually show?

Also, there are different alias limits for different account types. I want to verify how the system handles this dynamically. First, create a fresh user and call /api/user_info to see what max_alias_free_plan value the API actually returns in the JSON response. Then, experiment with changing the configuration - try setting a different limit value like 10, restart the server, create a second new user, and call /api/user_info again for that user. What are the exact API responses before and after the change? Do both users reflect the new limit or only the one created after the change?

I'm trying to understand the actual runtime behavior here, not just what the code suggests should happen. Don't modify any of the source files, but feel free to create test config files or .env files to experiment with different settings.",0.03731343283582089,,
20260913T035631.013586628Z-openclaw-sweatlasqa-pilot30-ctxlimit-amem-repo-sglang,pilot30-ctxlimit,repo-scope,task-6905333b74f22949d97ba9a6,3,simple-login/app,c27c7d06-9e23-465e-a34a-a23f3853f79a,5,email privacy system anonymous aliases database migration tables web server email handler,0,0,0,,,,,,,,,,0.8181818181818182,,,"I'm trying to get this email privacy system with anonymous aliases running for the first time and I want to understand how all the pieces fit together during initialization.

The system has a web server, an email handler, background jobs, and some cron tasks. I need to set everything up from scratch and see what actually happens when it starts.

Here's what I'm trying to figure out:

When I run the database migrations on an empty PostgreSQL database, how many tables get created in total? And what's the exact name of the last table that gets created based on the migration output order?

For the web server startup, what's the log message that tells me it's actually ready to accept connections? I'm also curious how many milliseconds pass between the first log entry and that ready message.

The email handler can take a custom port. If I start it with port 25025, does the startup log confirm it's listening on that port? What message shows up exactly?

I want to test the registration flow. If I create a user account with email ""[testuser@example.com](mailto:testuser@example.com)"" and password ""testpass123"", then immediately try to login before activating it, what's the exact JSON error message the API returns and what HTTP status code comes with it? I'd also like to see the full curl command output. And when I query the database directly for that user, what boolean values do the activated and notification columns actually show?

Also, there are different alias limits for different account types. I want to verify how the system handles this dynamically. First, create a fresh user and call /api/user_info to see what max_alias_free_plan value the API actually returns in the JSON response. Then, experiment with changing the configuration - try setting a different limit value like 10, restart the server, create a second new user, and call /api/user_info again for that user. What are the exact API responses before and after the change? Do both users reflect the new limit or only the one created after the change?

I'm trying to understand the actual runtime behavior here, not just what the code suggests should happen. Don't modify any of the source files, but feel free to create test config files or .env files to experiment with different settings.",0.07518796992481203,,
20260913T035631.013586628Z-openclaw-sweatlasqa-pilot30-ctxlimit-amem-repo-sglang,pilot30-ctxlimit,repo-scope,task-6905333b74f22949d97ba9a6,3,simple-login/app,c27c7d06-9e23-465e-a34a-a23f3853f79a,6,SimpleLogin email alias database migrations table count startup,0,0,0,,,,,,,,,,0.8181818181818182,,,"I'm trying to get this email privacy system with anonymous aliases running for the first time and I want to understand how all the pieces fit together during initialization.

The system has a web server, an email handler, background jobs, and some cron tasks. I need to set everything up from scratch and see what actually happens when it starts.

Here's what I'm trying to figure out:

When I run the database migrations on an empty PostgreSQL database, how many tables get created in total? And what's the exact name of the last table that gets created based on the migration output order?

For the web server startup, what's the log message that tells me it's actually ready to accept connections? I'm also curious how many milliseconds pass between the first log entry and that ready message.

The email handler can take a custom port. If I start it with port 25025, does the startup log confirm it's listening on that port? What message shows up exactly?

I want to test the registration flow. If I create a user account with email ""[testuser@example.com](mailto:testuser@example.com)"" and password ""testpass123"", then immediately try to login before activating it, what's the exact JSON error message the API returns and what HTTP status code comes with it? I'd also like to see the full curl command output. And when I query the database directly for that user, what boolean values do the activated and notification columns actually show?

Also, there are different alias limits for different account types. I want to verify how the system handles this dynamically. First, create a fresh user and call /api/user_info to see what max_alias_free_plan value the API actually returns in the JSON response. Then, experiment with changing the configuration - try setting a different limit value like 10, restart the server, create a second new user, and call /api/user_info again for that user. What are the exact API responses before and after the change? Do both users reflect the new limit or only the one created after the change?

I'm trying to understand the actual runtime behavior here, not just what the code suggests should happen. Don't modify any of the source files, but feel free to create test config files or .env files to experiment with different settings.",0.044444444444444446,,
20260913T035631.013586628Z-openclaw-sweatlasqa-pilot30-ctxlimit-amem-repo-sglang,pilot30-ctxlimit,repo-scope,task-6905333b74f22949d97ba9a6,3,simple-login/app,c27c7d06-9e23-465e-a34a-a23f3853f79a,7,registration login pre-activation error API response status code,0,0,0,,,,,,,,,,0.8181818181818182,,,"I'm trying to get this email privacy system with anonymous aliases running for the first time and I want to understand how all the pieces fit together during initialization.

The system has a web server, an email handler, background jobs, and some cron tasks. I need to set everything up from scratch and see what actually happens when it starts.

Here's what I'm trying to figure out:

When I run the database migrations on an empty PostgreSQL database, how many tables get created in total? And what's the exact name of the last table that gets created based on the migration output order?

For the web server startup, what's the log message that tells me it's actually ready to accept connections? I'm also curious how many milliseconds pass between the first log entry and that ready message.

The email handler can take a custom port. If I start it with port 25025, does the startup log confirm it's listening on that port? What message shows up exactly?

I want to test the registration flow. If I create a user account with email ""[testuser@example.com](mailto:testuser@example.com)"" and password ""testpass123"", then immediately try to login before activating it, what's the exact JSON error message the API returns and what HTTP status code comes with it? I'd also like to see the full curl command output. And when I query the database directly for that user, what boolean values do the activated and notification columns actually show?

Also, there are different alias limits for different account types. I want to verify how the system handles this dynamically. First, create a fresh user and call /api/user_info to see what max_alias_free_plan value the API actually returns in the JSON response. Then, experiment with changing the configuration - try setting a different limit value like 10, restart the server, create a second new user, and call /api/user_info again for that user. What are the exact API responses before and after the change? Do both users reflect the new limit or only the one created after the change?

I'm trying to understand the actual runtime behavior here, not just what the code suggests should happen. Don't modify any of the source files, but feel free to create test config files or .env files to experiment with different settings.",0.03731343283582089,,
20260913T035631.013586628Z-openclaw-sweatlasqa-pilot30-ctxlimit-amem-repo-sglang,pilot30-ctxlimit,repo-scope,task-6905333b74f22949d97ba9a7,4,simple-login/app,f23bfea4-3cb4-4dc8-92b8-ee573b3c7888,1,SimpleLogin mailbox verification code task email forwarding,0,0,0,,,,,SimpleLogin mailbox verification code task email forwarding,12.0,1291.0,1.0,1.0,1.0,0.0,tied,"I want to understand how SimpleLogin processes multi step workflows at runtime.

In scenarios where a mailbox verification code is submitted incorrectly multiple times in succession, what observable state changes and enforcement mechanisms does the running system apply? Trace the actual runtime behavior to determine what limits exist, how failed attempts are tracked, and what ultimately prevents further submissions.

For background tasks that are scheduled and later picked up for execution, trace the complete lifecycle from initial creation through final completion. If a task encounters an error during execution, what recovery or retry behavior is applied, and what observable state reflects that failure?

During email forwarding through an alias, what exact format is used for the special address generated to handle delivery failures? If a failure notification arrives at this address, trace how the system identifies the original email, what state changes are recorded, and how the handling behavior differs depending on the direction of the original message.

Temporary inspection or debugging tools may be used to observe runtime behavior, but source files should not be modified and any temporary artifacts should be cleaned up afterward.",0.06741573033707865,,
20260913T035631.013586628Z-openclaw-sweatlasqa-pilot30-ctxlimit-amem-repo-sglang,pilot30-ctxlimit,repo-scope,task-6905333b74f22949d97ba9a7,4,simple-login/app,f23bfea4-3cb4-4dc8-92b8-ee573b3c7888,2,SimpleLogin mailbox verification email forwarding VERP,0,0,0,,,,,SimpleLogin mailbox verification email forwarding VERP,12.0,82.0,1.0,1.0,1.0,0.0,tied,"I want to understand how SimpleLogin processes multi step workflows at runtime.

In scenarios where a mailbox verification code is submitted incorrectly multiple times in succession, what observable state changes and enforcement mechanisms does the running system apply? Trace the actual runtime behavior to determine what limits exist, how failed attempts are tracked, and what ultimately prevents further submissions.

For background tasks that are scheduled and later picked up for execution, trace the complete lifecycle from initial creation through final completion. If a task encounters an error during execution, what recovery or retry behavior is applied, and what observable state reflects that failure?

During email forwarding through an alias, what exact format is used for the special address generated to handle delivery failures? If a failure notification arrives at this address, trace how the system identifies the original email, what state changes are recorded, and how the handling behavior differs depending on the direction of the original message.

Temporary inspection or debugging tools may be used to observe runtime behavior, but source files should not be modified and any temporary artifacts should be cleaned up afterward.",0.05555555555555555,,
20260913T035631.013586628Z-openclaw-sweatlasqa-pilot30-ctxlimit-amem-repo-sglang,pilot30-ctxlimit,repo-scope,task-6905333b74f22949d97ba9a7,4,simple-login/app,f23bfea4-3cb4-4dc8-92b8-ee573b3c7888,3,mailbox verification tries limits error VERP bounce email forwarding lifecycle Job state,0,0,0,,,,,mailbox verification tries limits error VERP bounce email forwarding lifecycle Job state,12.0,1193.0,1.0,1.0,1.0,0.0,tied,"I want to understand how SimpleLogin processes multi step workflows at runtime.

In scenarios where a mailbox verification code is submitted incorrectly multiple times in succession, what observable state changes and enforcement mechanisms does the running system apply? Trace the actual runtime behavior to determine what limits exist, how failed attempts are tracked, and what ultimately prevents further submissions.

For background tasks that are scheduled and later picked up for execution, trace the complete lifecycle from initial creation through final completion. If a task encounters an error during execution, what recovery or retry behavior is applied, and what observable state reflects that failure?

During email forwarding through an alias, what exact format is used for the special address generated to handle delivery failures? If a failure notification arrives at this address, trace how the system identifies the original email, what state changes are recorded, and how the handling behavior differs depending on the direction of the original message.

Temporary inspection or debugging tools may be used to observe runtime behavior, but source files should not be modified and any temporary artifacts should be cleaned up afterward.",0.08695652173913043,,
20260913T035631.013586628Z-openclaw-sweatlasqa-pilot30-ctxlimit-amem-repo-sglang,pilot30-ctxlimit,repo-scope,task-6905333b74f22949d97ba9a8,5,simple-login/app,573356d7-e35a-4c93-9300-bf936f2face4,1,SimpleLogin codebase Flask startup port,0,0,0,,,,,SimpleLogin codebase Flask startup port,12.0,1205.0,1.0,1.0,1.0,0.0,tied,"I'm onboarding into the SimpleLogin codebase and need to understand how it actually behaves when running. I want to know what port the Flask app binds to and what the startup logs look like when it initializes. For the health check, what response body and status code does it return? When a user creates an alias through the API, what does the actual JSON response look like, and what ends up in the database, which table, and what values? I'm also curious about failure behavior. If PostgreSQL isn't available when the app starts, what error appears, and where does it break? I need to see actual runtime output, not just what the code says should happen. You can create temporary test scripts, but don't modify the repository and clean up afterward.",0.08163265306122448,,
20260913T035631.013586628Z-openclaw-sweatlasqa-pilot30-ctxlimit-amem-repo-sglang,pilot30-ctxlimit,repo-scope,task-6905333b74f22949d97ba9a8,5,simple-login/app,573356d7-e35a-4c93-9300-bf936f2face4,2,SimpleLogin Flask app startup port health check alias API database,0,0,0,,,,,SimpleLogin Flask app startup port health check alias API database,12.0,1113.0,1.0,1.0,1.0,0.0,tied,"I'm onboarding into the SimpleLogin codebase and need to understand how it actually behaves when running. I want to know what port the Flask app binds to and what the startup logs look like when it initializes. For the health check, what response body and status code does it return? When a user creates an alias through the API, what does the actual JSON response look like, and what ends up in the database, which table, and what values? I'm also curious about failure behavior. If PostgreSQL isn't available when the app starts, what error appears, and where does it break? I need to see actual runtime output, not just what the code says should happen. You can create temporary test scripts, but don't modify the repository and clean up afterward.",0.16326530612244897,,
20260913T035631.013586628Z-openclaw-sweatlasqa-pilot30-ctxlimit-amem-repo-sglang,pilot30-ctxlimit,repo-scope,task-6905333b74f22949d97ba9a8,5,simple-login/app,573356d7-e35a-4c93-9300-bf936f2face4,3,health endpoint response body JSON status code,0,0,0,,,,,health endpoint response body JSON status code,12.0,1162.0,1.0,1.0,1.0,0.0,tied,"I'm onboarding into the SimpleLogin codebase and need to understand how it actually behaves when running. I want to know what port the Flask app binds to and what the startup logs look like when it initializes. For the health check, what response body and status code does it return? When a user creates an alias through the API, what does the actual JSON response look like, and what ends up in the database, which table, and what values? I'm also curious about failure behavior. If PostgreSQL isn't available when the app starts, what error appears, and where does it break? I need to see actual runtime output, not just what the code says should happen. You can create temporary test scripts, but don't modify the repository and clean up afterward.",0.1,,
20260913T035631.013586628Z-openclaw-sweatlasqa-pilot30-ctxlimit-amem-repo-sglang,pilot30-ctxlimit,repo-scope,task-6905333b74f22949d97ba9a8,5,simple-login/app,573356d7-e35a-4c93-9300-bf936f2face4,4,SimpleLogin runtime behavior Flask startup health check alias API,0,0,0,,,,,SimpleLogin runtime behavior Flask startup health check alias API,12.0,1104.0,1.0,1.0,1.0,0.0,tied,"I'm onboarding into the SimpleLogin codebase and need to understand how it actually behaves when running. I want to know what port the Flask app binds to and what the startup logs look like when it initializes. For the health check, what response body and status code does it return? When a user creates an alias through the API, what does the actual JSON response look like, and what ends up in the database, which table, and what values? I'm also curious about failure behavior. If PostgreSQL isn't available when the app starts, what error appears, and where does it break? I need to see actual runtime output, not just what the code says should happen. You can create temporary test scripts, but don't modify the repository and clean up afterward.",0.16326530612244897,,
20260913T035631.013586628Z-openclaw-sweatlasqa-pilot30-ctxlimit-amem-repo-sglang,pilot30-ctxlimit,repo-scope,task-6905333b74f22949d97ba9a8,5,simple-login/app,573356d7-e35a-4c93-9300-bf936f2face4,5,PostgreSQL connection failure error DB_URI db.py startup failure,0,0,0,,,,,PostgreSQL connection failure error DB_URI db.py startup failure,12.0,1139.0,1.0,1.0,1.0,0.0,tied,"I'm onboarding into the SimpleLogin codebase and need to understand how it actually behaves when running. I want to know what port the Flask app binds to and what the startup logs look like when it initializes. For the health check, what response body and status code does it return? When a user creates an alias through the API, what does the actual JSON response look like, and what ends up in the database, which table, and what values? I'm also curious about failure behavior. If PostgreSQL isn't available when the app starts, what error appears, and where does it break? I need to see actual runtime output, not just what the code says should happen. You can create temporary test scripts, but don't modify the repository and clean up afterward.",0.0784313725490196,,
20260913T035631.013586628Z-openclaw-sweatlasqa-pilot30-ctxlimit-amem-repo-sglang,pilot30-ctxlimit,repo-scope,task-6905333b74f22949d97ba9a9,6,simple-login/app,f7c5eb17-3667-483b-823b-ad9ef6c78c88,1,SimpleLogin alias reply handling email routing,0,0,0,,,,,SimpleLogin alias reply handling email routing,13.0,1657.0,0.8,0.0,0.6,0.2,improved,"I'm running into unexpected behavior in the alias reply-handling flow of SimpleLogin and I want to determine whether it's a real issue or just a misunderstanding of how the pipeline works. When a user replies to an email that was forwarded through an alias, the backend is supposed to receive the inbound message, identify which alias it belongs to, and relay it back to the correct recipient, but in my local tests some replies appear to be routed to the wrong user even though the logs show the alias being recognized. Using the development environment, simulate an inbound email reply and trace the runtime flow end-to-end: observe which part of the system handles the incoming message, how the alias is resolved to a user, and what user ID the system ultimately decides to forward the reply to. Based on this live execution trace, explain the actual data flow and identify the most likely point in the pipeline where an incorrect routing decision could originate. You can create temporary scripts or logs that's fine but clean them up and leave the codebase as you found it.",0.07692307692307693,,
20260913T035631.013586628Z-openclaw-sweatlasqa-pilot30-ctxlimit-amem-repo-sglang,pilot30-ctxlimit,repo-scope,task-6905333b74f22949d97ba9a9,6,simple-login/app,f7c5eb17-3667-483b-823b-ad9ef6c78c88,2,SimpleLogin alias reply handling routing,0,0,0,,,,,SimpleLogin alias reply handling routing,13.0,1142.0,0.8,0.0,0.6,0.2,improved,"I'm running into unexpected behavior in the alias reply-handling flow of SimpleLogin and I want to determine whether it's a real issue or just a misunderstanding of how the pipeline works. When a user replies to an email that was forwarded through an alias, the backend is supposed to receive the inbound message, identify which alias it belongs to, and relay it back to the correct recipient, but in my local tests some replies appear to be routed to the wrong user even though the logs show the alias being recognized. Using the development environment, simulate an inbound email reply and trace the runtime flow end-to-end: observe which part of the system handles the incoming message, how the alias is resolved to a user, and what user ID the system ultimately decides to forward the reply to. Based on this live execution trace, explain the actual data flow and identify the most likely point in the pipeline where an incorrect routing decision could originate. You can create temporary scripts or logs that's fine but clean them up and leave the codebase as you found it.",0.0641025641025641,,
20260913T035631.013586628Z-openclaw-sweatlasqa-pilot30-ctxlimit-amem-repo-sglang,pilot30-ctxlimit,repo-scope,task-6905333b74f22949d97ba9aa,7,simple-login/app,0c7fc6ee-7770-48ad-a4b1-5410d676c36c,1,SimpleLogin repository structure setup,0,0,0,,,,,SimpleLogin repository structure setup,13.0,362.0,0.6666666666666666,0.0,0.6666666666666666,0.0,tied,"I'm new to SimpleLogin and trying to get everything running locally. Once the application starts, how can I tell that the web server, email handler, and job runner are actually up and responding? What should I see in the logs or dashboard UI that confirms users can sign in and manage their aliases?

After it's running, try performing some basic user actions like creating a new account, creating an alias, and having that alias receive an email. What happens when a new account interacts with aliases or tries to receive mail, and how does the system show that these actions were handled correctly? What should I see at runtime that confirms the behavior you would expect?

While the application is active, do the email handler and job runner automatically come online in the background to support email activity or data handling? What behavior suggests that these internal components are functioning as intended across different situations?

Do not modify the source code. You can create temporary testing data such as accounts or aliases but clean them up when you are done.",0.014492753623188406,,
20260913T035631.013586628Z-openclaw-sweatlasqa-pilot30-ctxlimit-amem-repo-sglang,pilot30-ctxlimit,repo-scope,task-6905333b74f22949d97ba9aa,7,simple-login/app,0c7fc6ee-7770-48ad-a4b1-5410d676c36c,2,SimpleLogin health endpoint startup logs web server email handler job runner,0,0,0,,,,,SimpleLogin health endpoint startup logs web server email handler job runner,13.0,1166.0,0.6666666666666666,0.0,0.6666666666666666,0.0,tied,"I'm new to SimpleLogin and trying to get everything running locally. Once the application starts, how can I tell that the web server, email handler, and job runner are actually up and responding? What should I see in the logs or dashboard UI that confirms users can sign in and manage their aliases?

After it's running, try performing some basic user actions like creating a new account, creating an alias, and having that alias receive an email. What happens when a new account interacts with aliases or tries to receive mail, and how does the system show that these actions were handled correctly? What should I see at runtime that confirms the behavior you would expect?

While the application is active, do the email handler and job runner automatically come online in the background to support email activity or data handling? What behavior suggests that these internal components are functioning as intended across different situations?

Do not modify the source code. You can create temporary testing data such as accounts or aliases but clean them up when you are done.",0.08571428571428572,,
20260913T035631.013586628Z-openclaw-sweatlasqa-pilot30-ctxlimit-amem-repo-sglang,pilot30-ctxlimit,repo-scope,task-6905333b74f22949d97ba9aa,7,simple-login/app,0c7fc6ee-7770-48ad-a4b1-5410d676c36c,3,SimpleLogin email handler job runner monitoring startup behavior logs,0,0,0,,,,,SimpleLogin email handler job runner monitoring startup behavior logs,13.0,1516.0,0.6666666666666666,0.0,0.6666666666666666,0.0,tied,"I'm new to SimpleLogin and trying to get everything running locally. Once the application starts, how can I tell that the web server, email handler, and job runner are actually up and responding? What should I see in the logs or dashboard UI that confirms users can sign in and manage their aliases?

After it's running, try performing some basic user actions like creating a new account, creating an alias, and having that alias receive an email. What happens when a new account interacts with aliases or tries to receive mail, and how does the system show that these actions were handled correctly? What should I see at runtime that confirms the behavior you would expect?

While the application is active, do the email handler and job runner automatically come online in the background to support email activity or data handling? What behavior suggests that these internal components are functioning as intended across different situations?

Do not modify the source code. You can create temporary testing data such as accounts or aliases but clean them up when you are done.",0.08695652173913043,,
20260913T035631.013586628Z-openclaw-sweatlasqa-pilot30-ctxlimit-amem-repo-sglang,pilot30-ctxlimit,repo-scope,task-6905333b74f22949d97ba9ab,8,simple-login/app,675036b7-224a-4141-ae68-58c4b5d01040,1,SimpleLogin alias creation frontend backend,0,0,0,,,,,SimpleLogin alias creation frontend backend,13.0,1265.0,,,0.7142857142857143,,,"I want to understand how SimpleLogin behaves during a normal alias-creation flow. To do that, run the full application locally using the standard development setup, login with any test user, and create a new alias while observing the system in real time.

As you go through this flow, watch the frontend and note exactly what request it sends to the backend when an alias is created. Then observe what the backend returns, including any status codes, payloads, or metadata that appear in the response. While the request is being processed, check what changes occur in the database. Identify which records are inserted or updated, how many tables are touched, and whether any related entities are created as part of the same operation.

Pay close attention to the logs to see whether the system triggers any background tasks, emits follow-up events, or performs additional work beyond the initial write. If anything fails, such as validation problems, DB errors, or network issues. Note how the error surfaces in the API response, logs, and resulting database state. Don't modify any of the repository source files while investigating. Feel free to create temporary scripts that's fine, but leave the actual codebase as you found it and ensure to clean up any temporary files or scripts you create when you're done.",0.04950495049504951,,
20260913T035631.013586628Z-openclaw-sweatlasqa-pilot30-ctxlimit-amem-repo-sglang,pilot30-ctxlimit,repo-scope,task-6905333b74f22949d97ba9ab,8,simple-login/app,675036b7-224a-4141-ae68-58c4b5d01040,2,alias creation database tables events background tasks error handling,0,0,0,,,,,alias creation database tables events background tasks error handling,13.0,1220.0,,,0.7142857142857143,,,"I want to understand how SimpleLogin behaves during a normal alias-creation flow. To do that, run the full application locally using the standard development setup, login with any test user, and create a new alias while observing the system in real time.

As you go through this flow, watch the frontend and note exactly what request it sends to the backend when an alias is created. Then observe what the backend returns, including any status codes, payloads, or metadata that appear in the response. While the request is being processed, check what changes occur in the database. Identify which records are inserted or updated, how many tables are touched, and whether any related entities are created as part of the same operation.

Pay close attention to the logs to see whether the system triggers any background tasks, emits follow-up events, or performs additional work beyond the initial write. If anything fails, such as validation problems, DB errors, or network issues. Note how the error surfaces in the API response, logs, and resulting database state. Don't modify any of the repository source files while investigating. Feel free to create temporary scripts that's fine, but leave the actual codebase as you found it and ensure to clean up any temporary files or scripts you create when you're done.",0.0784313725490196,,
20260913T035631.013586628Z-openclaw-sweatlasqa-pilot30-ctxlimit-amem-repo-sglang,pilot30-ctxlimit,repo-scope,task-6905333b74f22949d97ba9ab,8,simple-login/app,675036b7-224a-4141-ae68-58c4b5d01040,3,SimpleLogin alias creation database tables events background tasks error handling,0,0,0,,,,,SimpleLogin alias creation database tables events background tasks error handling,13.0,1199.0,,,0.7142857142857143,,,"I want to understand how SimpleLogin behaves during a normal alias-creation flow. To do that, run the full application locally using the standard development setup, login with any test user, and create a new alias while observing the system in real time.

As you go through this flow, watch the frontend and note exactly what request it sends to the backend when an alias is created. Then observe what the backend returns, including any status codes, payloads, or metadata that appear in the response. While the request is being processed, check what changes occur in the database. Identify which records are inserted or updated, how many tables are touched, and whether any related entities are created as part of the same operation.

Pay close attention to the logs to see whether the system triggers any background tasks, emits follow-up events, or performs additional work beyond the initial write. If anything fails, such as validation problems, DB errors, or network issues. Note how the error surfaces in the API response, logs, and resulting database state. Don't modify any of the repository source files while investigating. Feel free to create temporary scripts that's fine, but leave the actual codebase as you found it and ensure to clean up any temporary files or scripts you create when you're done.",0.08823529411764706,,
20260913T035631.013586628Z-openclaw-sweatlasqa-pilot30-ctxlimit-amem-repo-sglang,pilot30-ctxlimit,repo-scope,task-6905333b74f22949d97ba9ab,8,simple-login/app,675036b7-224a-4141-ae68-58c4b5d01040,4,SimpleLogin alias creation frontend request backend response database,0,0,0,,,,,SimpleLogin alias creation frontend request backend response database,13.0,1189.0,,,0.7142857142857143,,,"I want to understand how SimpleLogin behaves during a normal alias-creation flow. To do that, run the full application locally using the standard development setup, login with any test user, and create a new alias while observing the system in real time.

As you go through this flow, watch the frontend and note exactly what request it sends to the backend when an alias is created. Then observe what the backend returns, including any status codes, payloads, or metadata that appear in the response. While the request is being processed, check what changes occur in the database. Identify which records are inserted or updated, how many tables are touched, and whether any related entities are created as part of the same operation.

Pay close attention to the logs to see whether the system triggers any background tasks, emits follow-up events, or performs additional work beyond the initial write. If anything fails, such as validation problems, DB errors, or network issues. Note how the error surfaces in the API response, logs, and resulting database state. Don't modify any of the repository source files while investigating. Feel free to create temporary scripts that's fine, but leave the actual codebase as you found it and ensure to clean up any temporary files or scripts you create when you're done.",0.07920792079207921,,
20260913T035631.013586628Z-openclaw-sweatlasqa-pilot30-ctxlimit-amem-repo-sglang,pilot30-ctxlimit,repo-scope,task-6905333b74f22949d97ba9ab,8,simple-login/app,675036b7-224a-4141-ae68-58c4b5d01040,5,SimpleLogin alias creation flow frontend request backend,0,0,0,,,,,SimpleLogin alias creation flow frontend request backend,13.0,1208.0,,,0.7142857142857143,,,"I want to understand how SimpleLogin behaves during a normal alias-creation flow. To do that, run the full application locally using the standard development setup, login with any test user, and create a new alias while observing the system in real time.

As you go through this flow, watch the frontend and note exactly what request it sends to the backend when an alias is created. Then observe what the backend returns, including any status codes, payloads, or metadata that appear in the response. While the request is being processed, check what changes occur in the database. Identify which records are inserted or updated, how many tables are touched, and whether any related entities are created as part of the same operation.

Pay close attention to the logs to see whether the system triggers any background tasks, emits follow-up events, or performs additional work beyond the initial write. If anything fails, such as validation problems, DB errors, or network issues. Note how the error surfaces in the API response, logs, and resulting database state. Don't modify any of the repository source files while investigating. Feel free to create temporary scripts that's fine, but leave the actual codebase as you found it and ensure to clean up any temporary files or scripts you create when you're done.",0.06930693069306931,,
20260913T035631.013586628Z-openclaw-sweatlasqa-pilot30-ctxlimit-amem-repo-sglang,pilot30-ctxlimit,repo-scope,task-6905333b74f22949d97ba9ab,8,simple-login/app,675036b7-224a-4141-ae68-58c4b5d01040,6,alias creation database tables events background tasks error handling,0,0,0,,,,,,,,,,0.7142857142857143,,,"I want to understand how SimpleLogin behaves during a normal alias-creation flow. To do that, run the full application locally using the standard development setup, login with any test user, and create a new alias while observing the system in real time.

As you go through this flow, watch the frontend and note exactly what request it sends to the backend when an alias is created. Then observe what the backend returns, including any status codes, payloads, or metadata that appear in the response. While the request is being processed, check what changes occur in the database. Identify which records are inserted or updated, how many tables are touched, and whether any related entities are created as part of the same operation.

Pay close attention to the logs to see whether the system triggers any background tasks, emits follow-up events, or performs additional work beyond the initial write. If anything fails, such as validation problems, DB errors, or network issues. Note how the error surfaces in the API response, logs, and resulting database state. Don't modify any of the repository source files while investigating. Feel free to create temporary scripts that's fine, but leave the actual codebase as you found it and ensure to clean up any temporary files or scripts you create when you're done.",0.0784313725490196,,
20260913T035631.013586628Z-openclaw-sweatlasqa-pilot30-ctxlimit-amem-repo-sglang,pilot30-ctxlimit,repo-scope,task-6905333b74f22949d97ba9ab,8,simple-login/app,675036b7-224a-4141-ae68-58c4b5d01040,7,SimpleLogin alias creation database tables events background tasks error handling,0,0,0,,,,,,,,,,0.7142857142857143,,,"I want to understand how SimpleLogin behaves during a normal alias-creation flow. To do that, run the full application locally using the standard development setup, login with any test user, and create a new alias while observing the system in real time.

As you go through this flow, watch the frontend and note exactly what request it sends to the backend when an alias is created. Then observe what the backend returns, including any status codes, payloads, or metadata that appear in the response. While the request is being processed, check what changes occur in the database. Identify which records are inserted or updated, how many tables are touched, and whether any related entities are created as part of the same operation.

Pay close attention to the logs to see whether the system triggers any background tasks, emits follow-up events, or performs additional work beyond the initial write. If anything fails, such as validation problems, DB errors, or network issues. Note how the error surfaces in the API response, logs, and resulting database state. Don't modify any of the repository source files while investigating. Feel free to create temporary scripts that's fine, but leave the actual codebase as you found it and ensure to clean up any temporary files or scripts you create when you're done.",0.08823529411764706,,
20260913T035631.013586628Z-openclaw-sweatlasqa-pilot30-ctxlimit-amem-repo-sglang,pilot30-ctxlimit,repo-scope,task-6905333b74f22949d97ba9ab,8,simple-login/app,675036b7-224a-4141-ae68-58c4b5d01040,8,SimpleLogin alias creation frontend request backend response database,0,0,0,,,,,,,,,,0.7142857142857143,,,"I want to understand how SimpleLogin behaves during a normal alias-creation flow. To do that, run the full application locally using the standard development setup, login with any test user, and create a new alias while observing the system in real time.

As you go through this flow, watch the frontend and note exactly what request it sends to the backend when an alias is created. Then observe what the backend returns, including any status codes, payloads, or metadata that appear in the response. While the request is being processed, check what changes occur in the database. Identify which records are inserted or updated, how many tables are touched, and whether any related entities are created as part of the same operation.

Pay close attention to the logs to see whether the system triggers any background tasks, emits follow-up events, or performs additional work beyond the initial write. If anything fails, such as validation problems, DB errors, or network issues. Note how the error surfaces in the API response, logs, and resulting database state. Don't modify any of the repository source files while investigating. Feel free to create temporary scripts that's fine, but leave the actual codebase as you found it and ensure to clean up any temporary files or scripts you create when you're done.",0.07920792079207921,,
20260913T035631.013586628Z-openclaw-sweatlasqa-pilot30-ctxlimit-amem-repo-sglang,pilot30-ctxlimit,repo-scope,task-6905333b74f22949d97ba9ab,8,simple-login/app,675036b7-224a-4141-ae68-58c4b5d01040,9,SimpleLogin alias creation flow frontend request backend,0,0,0,,,,,,,,,,0.7142857142857143,,,"I want to understand how SimpleLogin behaves during a normal alias-creation flow. To do that, run the full application locally using the standard development setup, login with any test user, and create a new alias while observing the system in real time.

As you go through this flow, watch the frontend and note exactly what request it sends to the backend when an alias is created. Then observe what the backend returns, including any status codes, payloads, or metadata that appear in the response. While the request is being processed, check what changes occur in the database. Identify which records are inserted or updated, how many tables are touched, and whether any related entities are created as part of the same operation.

Pay close attention to the logs to see whether the system triggers any background tasks, emits follow-up events, or performs additional work beyond the initial write. If anything fails, such as validation problems, DB errors, or network issues. Note how the error surfaces in the API response, logs, and resulting database state. Don't modify any of the repository source files while investigating. Feel free to create temporary scripts that's fine, but leave the actual codebase as you found it and ensure to clean up any temporary files or scripts you create when you're done.",0.06930693069306931,,
20260913T035631.013586628Z-openclaw-sweatlasqa-pilot30-ctxlimit-amem-repo-sglang,pilot30-ctxlimit,repo-scope,task-6905333b74f22949d97ba9ac,9,simple-login/app,bfbffaa3-75b5-44b3-a108-3e444695a953,1,SimpleLogin email forwarding alias processing,0,0,0,,,,,SimpleLogin email forwarding alias processing,13.0,1382.0,1.0,1.0,0.6,0.4,improved,"I'm investigating a production issue where users report inconsistent behavior when emails are forwarded through SimpleLogin aliases. I need to trace the actual email processing flow to understand what's happening. When the email handler processes an incoming email to an alias, I want to observe, what is the exact log message text that appears when an email is successfully forwarded versus when it fails due to a non-existent alias, what specific SL Message-ID gets generated during forwarding and how does it differ from the original Message-ID, what is the exact From header value in the forwarded email after transformation including the reply-email address format, and what database records are created during a single forward operation show me the actual record IDs and timestamps. Trace through an actual email forward operation and capture these specific runtime values. I need to see actual generated values, not what the code logic suggests should happen. Just don't modify any source files while investigating, and clean up any test containers or DB instances you spin up.",0.07142857142857142,,
20260913T035631.013586628Z-openclaw-sweatlasqa-pilot30-ctxlimit-amem-repo-sglang,pilot30-ctxlimit,repo-scope,task-6905333b74f22949d97ba9ac,9,simple-login/app,bfbffaa3-75b5-44b3-a108-3e444695a953,2,SimpleLogin email forwarding alias handler SMTP,0,0,0,,,,,SimpleLogin email forwarding alias handler SMTP,13.0,1156.0,1.0,1.0,0.6,0.4,improved,"I'm investigating a production issue where users report inconsistent behavior when emails are forwarded through SimpleLogin aliases. I need to trace the actual email processing flow to understand what's happening. When the email handler processes an incoming email to an alias, I want to observe, what is the exact log message text that appears when an email is successfully forwarded versus when it fails due to a non-existent alias, what specific SL Message-ID gets generated during forwarding and how does it differ from the original Message-ID, what is the exact From header value in the forwarded email after transformation including the reply-email address format, and what database records are created during a single forward operation show me the actual record IDs and timestamps. Trace through an actual email forward operation and capture these specific runtime values. I need to see actual generated values, not what the code logic suggests should happen. Just don't modify any source files while investigating, and clean up any test containers or DB instances you spin up.",0.07042253521126761,,
20260913T035631.013586628Z-openclaw-sweatlasqa-pilot30-ctxlimit-amem-repo-sglang,pilot30-ctxlimit,repo-scope,task-6905333b74f22949d97ba9ad,10,simple-login/app,08c5614e-1ee2-4983-a580-f9ac4e25d17a,1,SimpleLogin repository structure setup,0,0,0,,,,,SimpleLogin repository structure setup,13.0,1876.0,,,0.8181818181818182,,,"I am setting up SimpleLogin for the first time and I want to confirm that the platform is actually working the way it should when everything is running locally. After starting the system what should I notice in the logs or UI that shows the app is ready to handle user authentication and alias based email activity?

Once it is running can you try walking through the typical product experience as if you were a new user signing up for the first time. What happens when a user registers verifies their address and tries to log in. What visible behavior confirms that the system is handling every step correctly and forwarding the user into the dashboard as expected?

I am also curious about what the application does behind the scenes during that flow. Are there any indicators that background jobs or internal services are doing their part to support email forwarding or identity verification. What should I expect to observe at runtime that tells me these moving pieces are active and talking to each other properly?

You can create anything temporary that you need for testing like new users or aliases but remove them when you are done and please do not make any changes to the source code.",0.011904761904761904,,
20260913T035631.013586628Z-openclaw-sweatlasqa-pilot30-ctxlimit-amem-repo-sglang,pilot30-ctxlimit,repo-scope,task-6905333b74f22949d97ba9ad,10,simple-login/app,08c5614e-1ee2-4983-a580-f9ac4e25d17a,2,SimpleLogin architecture setup verification,0,0,0,,,,,SimpleLogin architecture setup verification,13.0,1182.0,,,0.8181818181818182,,,"I am setting up SimpleLogin for the first time and I want to confirm that the platform is actually working the way it should when everything is running locally. After starting the system what should I notice in the logs or UI that shows the app is ready to handle user authentication and alias based email activity?

Once it is running can you try walking through the typical product experience as if you were a new user signing up for the first time. What happens when a user registers verifies their address and tries to log in. What visible behavior confirms that the system is handling every step correctly and forwarding the user into the dashboard as expected?

I am also curious about what the application does behind the scenes during that flow. Are there any indicators that background jobs or internal services are doing their part to support email forwarding or identity verification. What should I expect to observe at runtime that tells me these moving pieces are active and talking to each other properly?

You can create anything temporary that you need for testing like new users or aliases but remove them when you are done and please do not make any changes to the source code.",0.023809523809523808,,
20260913T035631.013586628Z-openclaw-sweatlasqa-pilot30-ctxlimit-amem-repo-sglang,pilot30-ctxlimit,repo-scope,task-6905333b74f22949d97ba9ad,10,simple-login/app,08c5614e-1ee2-4983-a580-f9ac4e25d17a,3,SimpleLogin setup authentication email forwarding background jobs,0,0,0,,,,,SimpleLogin setup authentication email forwarding background jobs,13.0,1157.0,,,0.8181818181818182,,,"I am setting up SimpleLogin for the first time and I want to confirm that the platform is actually working the way it should when everything is running locally. After starting the system what should I notice in the logs or UI that shows the app is ready to handle user authentication and alias based email activity?

Once it is running can you try walking through the typical product experience as if you were a new user signing up for the first time. What happens when a user registers verifies their address and tries to log in. What visible behavior confirms that the system is handling every step correctly and forwarding the user into the dashboard as expected?

I am also curious about what the application does behind the scenes during that flow. Are there any indicators that background jobs or internal services are doing their part to support email forwarding or identity verification. What should I expect to observe at runtime that tells me these moving pieces are active and talking to each other properly?

You can create anything temporary that you need for testing like new users or aliases but remove them when you are done and please do not make any changes to the source code.",0.07228915662650602,,
20260913T035631.013586628Z-openclaw-sweatlasqa-pilot30-ctxlimit-amem-repo-sglang,pilot30-ctxlimit,repo-scope,task-6905333b74f22949d97ba9ad,10,simple-login/app,08c5614e-1ee2-4983-a580-f9ac4e25d17a,4,SimpleLogin setup local email forwarding authentication,0,0,0,,,,,SimpleLogin setup local email forwarding authentication,13.0,1198.0,,,0.8181818181818182,,,"I am setting up SimpleLogin for the first time and I want to confirm that the platform is actually working the way it should when everything is running locally. After starting the system what should I notice in the logs or UI that shows the app is ready to handle user authentication and alias based email activity?

Once it is running can you try walking through the typical product experience as if you were a new user signing up for the first time. What happens when a user registers verifies their address and tries to log in. What visible behavior confirms that the system is handling every step correctly and forwarding the user into the dashboard as expected?

I am also curious about what the application does behind the scenes during that flow. Are there any indicators that background jobs or internal services are doing their part to support email forwarding or identity verification. What should I expect to observe at runtime that tells me these moving pieces are active and talking to each other properly?

You can create anything temporary that you need for testing like new users or aliases but remove them when you are done and please do not make any changes to the source code.",0.047619047619047616,,
20260913T035631.013586628Z-openclaw-sweatlasqa-pilot30-ctxlimit-amem-repo-sglang,pilot30-ctxlimit,repo-scope,task-6905333b74f22949d97ba9ae,11,simple-login/app,25a8322c-e40e-4795-bd5c-c0e7a5af3811,1,SimpleLogin reply email resolution contact alias forwarding,0,0,0,,,,,SimpleLogin reply email resolution contact alias forwarding,13.0,1355.0,0.5833333333333334,0.0,0.5833333333333334,0.0,tied,"I’d like to understand how SimpleLogin resolves inbound email replies to a contact and forwarding destination during normal alias usage, specifically in cases where a reply ends up being delivered to a different user than the alias owner. As inbound reply messages are processed, focus on how the system derives the reply email address and uses it to identify the associated contact. Observe the actual runtime values involved in this resolution, the extracted reply email, the contact (if any) that it resolves to, and the user or alias ultimately selected as the forwarding destination. Track how these values behave across multiple reply events. Note whether the same reply email ever resolves to different contacts over time, fails to resolve temporarily, or resolves correctly but later results in forwarding to a different user than expected. Use these observations to determine whether the reply-handling logic specifically the lookup of contacts by reply email exhibits any race conditions, uniqueness assumptions, or timing-related inconsistencies that could explain why a reply is routed to the wrong user. Describe the runtime values you observed during reply resolution and explain how those values lead to the observed behavior. Don’t modify any repository source files. If temporary scripts or tooling are needed to observe behavior, that’s fine, but clean them up afterward and leave the repository unchanged.",0.07865168539325842,,
20260913T035631.013586628Z-openclaw-sweatlasqa-pilot30-ctxlimit-amem-repo-sglang,pilot30-ctxlimit,repo-scope,task-6905333b74f22949d97ba9ae,11,simple-login/app,25a8322c-e40e-4795-bd5c-c0e7a5af3811,2,SimpleLogin reply email resolution contact lookup race condition non-unique index,0,0,0,,,,,SimpleLogin reply email resolution contact lookup race condition non-unique index,13.0,1241.0,0.5833333333333334,0.0,0.5833333333333334,0.0,tied,"I’d like to understand how SimpleLogin resolves inbound email replies to a contact and forwarding destination during normal alias usage, specifically in cases where a reply ends up being delivered to a different user than the alias owner. As inbound reply messages are processed, focus on how the system derives the reply email address and uses it to identify the associated contact. Observe the actual runtime values involved in this resolution, the extracted reply email, the contact (if any) that it resolves to, and the user or alias ultimately selected as the forwarding destination. Track how these values behave across multiple reply events. Note whether the same reply email ever resolves to different contacts over time, fails to resolve temporarily, or resolves correctly but later results in forwarding to a different user than expected. Use these observations to determine whether the reply-handling logic specifically the lookup of contacts by reply email exhibits any race conditions, uniqueness assumptions, or timing-related inconsistencies that could explain why a reply is routed to the wrong user. Describe the runtime values you observed during reply resolution and explain how those values lead to the observed behavior. Don’t modify any repository source files. If temporary scripts or tooling are needed to observe behavior, that’s fine, but clean them up afterward and leave the repository unchanged.",0.07608695652173914,,
20260913T035631.013586628Z-openclaw-sweatlasqa-pilot30-ctxlimit-amem-repo-sglang,pilot30-ctxlimit,repo-scope,task-6905333b74f22949d97ba9af,12,simple-login/app,1f30533e-2e6f-4ed6-9517-791de169dc91,1,database PostgreSQL initialization email domain,0,0,0,,,,,database PostgreSQL initialization email domain,13.0,1707.0,0.7692307692307693,0.0,0.8461538461538461,-0.0769230769230768,degraded,"I'm trying to get the development environment running locally for the first time, and the documentation isn't very clear about the startup order or what breaks if certain setup steps are skipped. I want to bring the whole stack up from scratch and note what actually happens along the way.

To start with, I want to see what happens if the database isn't fully set up yet. With PostgreSQL running and an empty database created (no tables, migrations not run), what error do I actually hit when I start the server with python [server.py](http://server.py) and then try to open the login page in the browser? I'm looking for the full Python exception that gets raised.

Once the database migrations and the initialization script (init\_[app.py](http://app.py)) have been run and everything is set up correctly, I need to understand which Python services must be running for the system to work. Start each required service and show me the exact log output that confirms it's running and ready to accept connections. I want to see the actual startup messages from stdout/stderr, not just what the code says I need to verify the services are actually binding to their ports and working.

I'm also curious about what happens if the initialization step is skipped. If I run the migrations but don't run init\_[app.py](http://app.py), the SLDomain table should be empty (no email domains configured). If I then start the email handler and simulate an incoming email addressed to any @sl.local address, what happens? What SMTP status code does the email handler return to the sender, and what does it log to explain the rejection?

I'm not changing or deleting any source files here I just want to observe the system's behavior. Temporary config files or small test scripts are fine if needed.",0.037383177570093455,,
20260913T035631.013586628Z-openclaw-sweatlasqa-pilot30-ctxlimit-amem-repo-sglang,pilot30-ctxlimit,repo-scope,task-6905333b74f22949d97ba9af,12,simple-login/app,1f30533e-2e6f-4ed6-9517-791de169dc91,2,database initialization email handler startup SimpleLogin,0,0,0,,,,,database initialization email handler startup SimpleLogin,13.0,1182.0,0.7692307692307693,0.0,0.8461538461538461,-0.0769230769230768,degraded,"I'm trying to get the development environment running locally for the first time, and the documentation isn't very clear about the startup order or what breaks if certain setup steps are skipped. I want to bring the whole stack up from scratch and note what actually happens along the way.

To start with, I want to see what happens if the database isn't fully set up yet. With PostgreSQL running and an empty database created (no tables, migrations not run), what error do I actually hit when I start the server with python [server.py](http://server.py) and then try to open the login page in the browser? I'm looking for the full Python exception that gets raised.

Once the database migrations and the initialization script (init\_[app.py](http://app.py)) have been run and everything is set up correctly, I need to understand which Python services must be running for the system to work. Start each required service and show me the exact log output that confirms it's running and ready to accept connections. I want to see the actual startup messages from stdout/stderr, not just what the code says I need to verify the services are actually binding to their ports and working.

I'm also curious about what happens if the initialization step is skipped. If I run the migrations but don't run init\_[app.py](http://app.py), the SLDomain table should be empty (no email domains configured). If I then start the email handler and simulate an incoming email addressed to any @sl.local address, what happens? What SMTP status code does the email handler return to the sender, and what does it log to explain the rejection?

I'm not changing or deleting any source files here I just want to observe the system's behavior. Temporary config files or small test scripts are fine if needed.",0.04672897196261682,,
20260913T035631.013586628Z-openclaw-sweatlasqa-pilot30-ctxlimit-amem-repo-sglang,pilot30-ctxlimit,repo-scope,task-6905333b74f22949d97ba9b2,13,simple-login/app,720b657b-9bc5-44c4-8ebe-ca5cab5dbe9f,1,bounce email handling SimpleLogin,0,0,0,,,,,bounce email handling SimpleLogin,13.0,1473.0,0.8888888888888888,0.0,1.0,-0.1111111111111111,degraded,"I'm investigating a potential information leakage issue in SimpleLogin's bounce email handling system. I've noticed that the codebase appears to support two different address formats for processing email bounces, what looks like an older format with the email log ID visible in plain text and a newer format that seems to use some kind of signature verification.

I wonder how bounces are routed, I'm seeing that emails sent to addresses like bounce+12345+@domain seem to be processed differently than those using the newer signed format. What concerns me is whether an external attacker could craft bounce emails to these older-style addresses and learn something by observing the SMTP responses.

I'm curious what's actually happening under the hood here, where the security boundaries really are, and what slips through without cryptographic validation. I wonder what exact SMTP responses come back when probing different scenarios, such as hitting a valid ID versus an invalid one, and what happens when something doesn't quite meet the bounce validation requirements. I don't want theoretical explanations of what the code should do, I want to see actual evidence of how the system behaves in practice.

What also puzzles me is the bounce detection itself. What makes the system accept something as a bounce in the first place? What criteria does it check? Could an attacker who controls the SMTP envelope and headers spoof those criteria? I'm curious what happens when those checks pass versus when they don't. And beyond just valid versus invalid, I wonder if the response codes reveal more than just whether an ID exists.

Don't modify any source files in the repository. You can create test scripts to observe the actual behavior, but clean them up when finished.",0.025,,
20260913T035631.013586628Z-openclaw-sweatlasqa-pilot30-ctxlimit-amem-repo-sglang,pilot30-ctxlimit,repo-scope,task-6905333b74f22949d97ba9b2,13,simple-login/app,720b657b-9bc5-44c4-8ebe-ca5cab5dbe9f,2,bounce SMTP response status E211 E212 E512 routing verification,0,0,0,,,,,bounce SMTP response status E211 E212 E512 routing verification,13.0,1495.0,0.8888888888888888,0.0,1.0,-0.1111111111111111,degraded,"I'm investigating a potential information leakage issue in SimpleLogin's bounce email handling system. I've noticed that the codebase appears to support two different address formats for processing email bounces, what looks like an older format with the email log ID visible in plain text and a newer format that seems to use some kind of signature verification.

I wonder how bounces are routed, I'm seeing that emails sent to addresses like bounce+12345+@domain seem to be processed differently than those using the newer signed format. What concerns me is whether an external attacker could craft bounce emails to these older-style addresses and learn something by observing the SMTP responses.

I'm curious what's actually happening under the hood here, where the security boundaries really are, and what slips through without cryptographic validation. I wonder what exact SMTP responses come back when probing different scenarios, such as hitting a valid ID versus an invalid one, and what happens when something doesn't quite meet the bounce validation requirements. I don't want theoretical explanations of what the code should do, I want to see actual evidence of how the system behaves in practice.

What also puzzles me is the bounce detection itself. What makes the system accept something as a bounce in the first place? What criteria does it check? Could an attacker who controls the SMTP envelope and headers spoof those criteria? I'm curious what happens when those checks pass versus when they don't. And beyond just valid versus invalid, I wonder if the response codes reveal more than just whether an ID exists.

Don't modify any source files in the repository. You can create test scripts to observe the actual behavior, but clean them up when finished.",0.03305785123966942,,
20260913T035631.013586628Z-openclaw-sweatlasqa-pilot30-ctxlimit-amem-repo-sglang,pilot30-ctxlimit,repo-scope,task-6905333b74f22949d97ba9d0,16,paperless-ngx/paperless-ngx,ca06c333-35d1-4e58-b9c4-b44c70c7d41a,1,paperless-ngx task scheduler periodic celery,0,0,0,,,,,paperless-ngx task scheduler periodic celery,0.0,3154.0,1.0,1.0,1.0,0.0,tied,"I'm evaluating paperless-ngx architecture and need to understand what background maintenance happens automatically. Set up the development environment, what periodic tasks are registered with the task scheduler, and where is the schedule configuration defined? Find the sanity checker; what does it validate, what log output does it produce, and how often does it run? Is there automatic index optimization or database cleanup? Check if there's a task that handles failed document retries or stuck processing jobs. Look at the Celery beat schedule configuration and list all recurring tasks with their intervals. Trace through the code to find where periodic tasks are defined and registered. What happens if a scheduled task fails; is there retry logic or alerting? Are there any tasks that run on startup versus strictly on schedule? Query the database to see if there's a table tracking task execution history or scheduled job state. What controls whether these maintenance features are enabled or disabled? Don't modify source code; observing system behavior is fine, clean up any test artifacts when done.",0.06666666666666667,,
20260913T035631.013586628Z-openclaw-sweatlasqa-pilot30-ctxlimit-amem-repo-sglang,pilot30-ctxlimit,repo-scope,task-6905333b74f22949d97ba9d0,16,paperless-ngx/paperless-ngx,ca06c333-35d1-4e58-b9c4-b44c70c7d41a,2,paperless-ngx periodic tasks schedule celery django-q sanity checker index,5,5,0,68.2608834,60.779,79.32050000000001,37f53f26-9c1c-4df5-a403-aee9426df5e3;9e0e5f55-a009-425d-bc7f-581a4219bd62;e15b9611-997d-484c-9459-9028b51753ab;029f77f4-9f6f-4b89-87c9-dcd60455f221;ae0b9e30-d4fb-4193-a886-3a36cb367495,paperless-ngx periodic tasks schedule celery django-q sanity checker index,5.0,226.0,1.0,1.0,1.0,0.0,tied,"I'm evaluating paperless-ngx architecture and need to understand what background maintenance happens automatically. Set up the development environment, what periodic tasks are registered with the task scheduler, and where is the schedule configuration defined? Find the sanity checker; what does it validate, what log output does it produce, and how often does it run? Is there automatic index optimization or database cleanup? Check if there's a task that handles failed document retries or stuck processing jobs. Look at the Celery beat schedule configuration and list all recurring tasks with their intervals. Trace through the code to find where periodic tasks are defined and registered. What happens if a scheduled task fails; is there retry logic or alerting? Are there any tasks that run on startup versus strictly on schedule? Query the database to see if there's a table tracking task execution history or scheduled job state. What controls whether these maintenance features are enabled or disabled? Don't modify source code; observing system behavior is fine, clean up any test artifacts when done.",0.10526315789473684,0.05636117706494846,0.08602150537634409
20260913T035631.013586628Z-openclaw-sweatlasqa-pilot30-ctxlimit-amem-repo-sglang,pilot30-ctxlimit,repo-scope,task-6905333b74f22949d97ba9d1,17,paperless-ngx/paperless-ngx,63912f10-1662-4240-935f-4a4184713639,1,Paperless-NGX search index synchronization,5,5,0,57.9972542,54.63149000000001,61.586106,e15b9611-997d-484c-9459-9028b51753ab;ae0b9e30-d4fb-4193-a886-3a36cb367495;9e0e5f55-a009-425d-bc7f-581a4219bd62;029f77f4-9f6f-4b89-87c9-dcd60455f221;37f53f26-9c1c-4df5-a403-aee9426df5e3,Paperless-NGX search index synchronization,5.0,143.0,0.75,0.0,0.875,-0.125,degraded,"I want to understand how Paperless-NGX keeps its search index synchronized with document changes before I start working with this codebase. With the full environment running, I'm curious what actually happens at runtime when a document gets modified after it's already been ingested. If I change an existing document's title through the API to something unique and then search for that exact new title within a few seconds, does the document appear in results immediately, or do I need to wait for background processing to complete? While making this change, I want to watch what happens in the background task worker process specifically to see whether any job gets picked up in response to the edit, or whether the update completes entirely within the API request before returning. Something I particularly want to explore is what happens if a document's title gets updates directly in the database using a raw SQL statement rather than through the API. After making that direct change and searching for the new title, does the document appear in search results, or does the index remain stale? If it stays stale, I want to know whether there is a way to force the system to reconcile the index with the current database state, and what observable effect that reconciliation process has on the worker logs and task queue. I'm also wondering how the system would behave if the search index became corrupted or deleted entirely while documents still exist in the database. After removing the index files and triggering whatever recovery mechanism exists, how long does reconstruction take for a small set of documents, and what processing activity is visible during that rebuild? The goal is to understand whether the system can self-heal from index inconsistencies or whether manual intervention is always required. You may create temporary test documents for observation, but don't modify any source files and clean up test artifacts when finished.",0.025423728813559324,0.028839014804226792,0.0364963503649635
20260913T035631.013586628Z-openclaw-sweatlasqa-pilot30-ctxlimit-amem-repo-sglang,pilot30-ctxlimit,repo-scope,task-6905333b74f22949d97ba9d1,17,paperless-ngx/paperless-ngx,63912f10-1662-4240-935f-4a4184713639,2,Paperless-NGX index synchronization API update reindex raw SQL,0,0,0,,,,,Paperless-NGX index synchronization API update reindex raw SQL,6.0,1458.0,0.75,0.0,0.875,-0.125,degraded,"I want to understand how Paperless-NGX keeps its search index synchronized with document changes before I start working with this codebase. With the full environment running, I'm curious what actually happens at runtime when a document gets modified after it's already been ingested. If I change an existing document's title through the API to something unique and then search for that exact new title within a few seconds, does the document appear in results immediately, or do I need to wait for background processing to complete? While making this change, I want to watch what happens in the background task worker process specifically to see whether any job gets picked up in response to the edit, or whether the update completes entirely within the API request before returning. Something I particularly want to explore is what happens if a document's title gets updates directly in the database using a raw SQL statement rather than through the API. After making that direct change and searching for the new title, does the document appear in search results, or does the index remain stale? If it stays stale, I want to know whether there is a way to force the system to reconcile the index with the current database state, and what observable effect that reconciliation process has on the worker logs and task queue. I'm also wondering how the system would behave if the search index became corrupted or deleted entirely while documents still exist in the database. After removing the index files and triggering whatever recovery mechanism exists, how long does reconstruction take for a small set of documents, and what processing activity is visible during that rebuild? The goal is to understand whether the system can self-heal from index inconsistencies or whether manual intervention is always required. You may create temporary test documents for observation, but don't modify any source files and clean up test artifacts when finished.",0.025210084033613446,,
20260913T035631.013586628Z-openclaw-sweatlasqa-pilot30-ctxlimit-amem-repo-sglang,pilot30-ctxlimit,repo-scope,task-6905333b74f22949d97ba9d2,18,paperless-ngx/paperless-ngx,fe2d9562-fc1f-4031-a056-11128db53482,1,paperless-ngx document processing workflow metadata,0,0,0,,,,,paperless-ngx document processing workflow metadata,6.0,357.0,1.0,1.0,0.9090909090909092,0.0909090909090909,improved,"I’m trying to get a big-picture understanding of how documents flow through the system. How does a new document usually enter paperless-ngx. Once a document is received, what are the main stages it goes through before it’s fully processed and available, are there any background jobs and what is used for background execution.

I’m also curious about the kind of information paperless stores for each document. What metadata fields are saved, and which ones are absolutely required versus optional or derived later during runtime-processing. Can you show with a runtime example?

Also I wonder how things like tags, correspondents, and document types are used together to organize documents in a practical way.

Please don’t make any changes to the repository itself. You can create temporary scripts for testing if needed but do clean them up once you're done.",0.06557377049180328,,
20260913T035631.013586628Z-openclaw-sweatlasqa-pilot30-ctxlimit-amem-repo-sglang,pilot30-ctxlimit,repo-scope,task-6905333b74f22949d97ba9d3,19,paperless-ngx/paperless-ngx,e14ec69b-014b-488b-ade0-7a778dadd9b1,1,paperless-ngx document ingestion pipeline,0,0,0,,,,,paperless-ngx document ingestion pipeline,9.0,1308.0,1.0,1.0,0.0,1.0,improved,"I am trying to understand how paperless-ngx processes documents at runtime before making any changes. Once the application is up and all of its services are running, I want to submit a test PDF and observe how the ingestion pipeline actually behaves. As the document moves through the system, which services are involved, and what sequence of events shows up in the logs? I also want to upload a few more documents and watch how the system reacts after each one. Does the machine learning classifier retrain automatically on every upload, or only under certain conditions, and what log messages make it clear when training is happening versus when the classifier stays idle? After a document finishes processing, I want to see where it ends up on disk, what directory structure and filename pattern paperless-ngx uses by default, and which database tables receive new rows as part of ingestion. You should not modify or edit any existing files in the repository, but you can create temporary scripts or test documents if they help with the investigation, as long as everything you create is cleaned up when you are done.",0.05263157894736842,,
20260913T035631.013586628Z-openclaw-sweatlasqa-pilot30-ctxlimit-amem-repo-sglang,pilot30-ctxlimit,repo-scope,task-6905333b74f22949d97ba9d3,19,paperless-ngx/paperless-ngx,e14ec69b-014b-488b-ade0-7a778dadd9b1,2,paperless-ngx document ingestion pipeline services log messages database tables file storage,0,0,0,,,,,paperless-ngx document ingestion pipeline services log messages database tables file storage,12.0,128.0,1.0,1.0,0.0,1.0,improved,"I am trying to understand how paperless-ngx processes documents at runtime before making any changes. Once the application is up and all of its services are running, I want to submit a test PDF and observe how the ingestion pipeline actually behaves. As the document moves through the system, which services are involved, and what sequence of events shows up in the logs? I also want to upload a few more documents and watch how the system reacts after each one. Does the machine learning classifier retrain automatically on every upload, or only under certain conditions, and what log messages make it clear when training is happening versus when the classifier stays idle? After a document finishes processing, I want to see where it ends up on disk, what directory structure and filename pattern paperless-ngx uses by default, and which database tables receive new rows as part of ingestion. You should not modify or edit any existing files in the repository, but you can create temporary scripts or test documents if they help with the investigation, as long as everything you create is cleaned up when you are done.",0.10256410256410256,,
20260913T035631.013586628Z-openclaw-sweatlasqa-pilot30-ctxlimit-amem-repo-sglang,pilot30-ctxlimit,repo-scope,task-6905333b74f22949d97ba9d3,19,paperless-ngx/paperless-ngx,e14ec69b-014b-488b-ade0-7a778dadd9b1,3,paperless-ngx ingestion pipeline services log messages database tables file storage,0,0,0,,,,,paperless-ngx ingestion pipeline services log messages database tables file storage,12.0,1239.0,1.0,1.0,0.0,1.0,improved,"I am trying to understand how paperless-ngx processes documents at runtime before making any changes. Once the application is up and all of its services are running, I want to submit a test PDF and observe how the ingestion pipeline actually behaves. As the document moves through the system, which services are involved, and what sequence of events shows up in the logs? I also want to upload a few more documents and watch how the system reacts after each one. Does the machine learning classifier retrain automatically on every upload, or only under certain conditions, and what log messages make it clear when training is happening versus when the classifier stays idle? After a document finishes processing, I want to see where it ends up on disk, what directory structure and filename pattern paperless-ngx uses by default, and which database tables receive new rows as part of ingestion. You should not modify or edit any existing files in the repository, but you can create temporary scripts or test documents if they help with the investigation, as long as everything you create is cleaned up when you are done.",0.08974358974358974,,
20260913T035631.013586628Z-openclaw-sweatlasqa-pilot30-ctxlimit-amem-repo-sglang,pilot30-ctxlimit,repo-scope,task-6905333b74f22949d97ba9d3,19,paperless-ngx/paperless-ngx,e14ec69b-014b-488b-ade0-7a778dadd9b1,4,paperless-ngx document ingestion pipeline,0,0,0,,,,,paperless-ngx document ingestion pipeline,12.0,1153.0,1.0,1.0,0.0,1.0,improved,"I am trying to understand how paperless-ngx processes documents at runtime before making any changes. Once the application is up and all of its services are running, I want to submit a test PDF and observe how the ingestion pipeline actually behaves. As the document moves through the system, which services are involved, and what sequence of events shows up in the logs? I also want to upload a few more documents and watch how the system reacts after each one. Does the machine learning classifier retrain automatically on every upload, or only under certain conditions, and what log messages make it clear when training is happening versus when the classifier stays idle? After a document finishes processing, I want to see where it ends up on disk, what directory structure and filename pattern paperless-ngx uses by default, and which database tables receive new rows as part of ingestion. You should not modify or edit any existing files in the repository, but you can create temporary scripts or test documents if they help with the investigation, as long as everything you create is cleaned up when you are done.",0.05263157894736842,,
20260913T035631.013586628Z-openclaw-sweatlasqa-pilot30-ctxlimit-amem-repo-sglang,pilot30-ctxlimit,repo-scope,task-6905333b74f22949d97ba9d4,20,paperless-ngx/paperless-ngx,4c29d039-2ad5-46f0-9404-b72626165d5b,1,Paperless-NGX runtime background processes,0,0,0,,,,,Paperless-NGX runtime background processes,13.0,341.0,0.9090909090909092,0.0,,,,"I want to understand how Paperless-NGX behaves at runtime once the system is up and idle, before I start making changes to the codebase. Get Paperless-NGX running at the specified commit. Once it's idle and stable, what background processes or tasks continue executing automatically? What are the actual log entries that appear periodically showing the system is healthy and ready? I need the specific log messages, their frequency, and what they indicate. 
Also, if you briefly interrupt and restart part of the system, what specific log messages confirm everything has reconnected and is operational again? What components or processes keep running continuously to maintain Paperless-NGX in a ready state, even when no documents are being processed? You may use temporary helper commands or inspection tools if needed, but don’t modify any source files and clean up any temporary artifacts when you’re done.",0.06557377049180328,,
20260913T035631.013586628Z-openclaw-sweatlasqa-pilot30-ctxlimit-amem-repo-sglang,pilot30-ctxlimit,repo-scope,task-6905333b74f22949d97ba9d4,20,paperless-ngx/paperless-ngx,4c29d039-2ad5-46f0-9404-b72626165d5b,2,Paperless-ngx runtime log messages startup periodic tasks,0,0,0,,,,,Paperless-ngx runtime log messages startup periodic tasks,13.0,1150.0,0.9090909090909092,0.0,,,,"I want to understand how Paperless-NGX behaves at runtime once the system is up and idle, before I start making changes to the codebase. Get Paperless-NGX running at the specified commit. Once it's idle and stable, what background processes or tasks continue executing automatically? What are the actual log entries that appear periodically showing the system is healthy and ready? I need the specific log messages, their frequency, and what they indicate. 
Also, if you briefly interrupt and restart part of the system, what specific log messages confirm everything has reconnected and is operational again? What components or processes keep running continuously to maintain Paperless-NGX in a ready state, even when no documents are being processed? You may use temporary helper commands or inspection tools if needed, but don’t modify any source files and clean up any temporary artifacts when you’re done.",0.06349206349206349,,
20260913T035631.013586628Z-openclaw-sweatlasqa-pilot30-ctxlimit-amem-repo-sglang,pilot30-ctxlimit,repo-scope,task-6905333b74f22949d97ba9d5,21,paperless-ngx/paperless-ngx,14a038ac-fd62-44f8-95a2-a16f53038292,1,Paperless-NGX document ingestion processing pipeline,0,0,0,,,,,Paperless-NGX document ingestion processing pipeline,13.0,258.0,0.9285714285714286,0.0,0.7142857142857143,0.2142857142857143,improved,"I’m trying to understand how data moves through Paperless-NGX during normal document ingestion so I can get oriented before working on the codebase. When Paperless-NGX is running from this repository at the specified commit and a new document appears in the system, what observable runtime behavior shows how the document is detected and handed off for processing? What log messages, task names, or state changes indicate the transition from initial detection into parsing, classification, and indexing, and how does the system reflect progress or completion of each stage while the document is being processed? After processing finishes, what observable evidence shows where the document’s data ends up and how its final state is recorded? Based on what you can directly observe at runtime, how does Paperless-NGX track whether a document has already been processed or needs further work, and what behavior or logs indicate how the system avoids duplicate processing? Keep the explanation grounded in runtime observations rather than assumptions from reading the code alone. You may use temporary test files if helpful, but don’t modify any source files and clean up any temporary artifacts when you’re done.",0.05194805194805195,,
20260913T035631.013586628Z-openclaw-sweatlasqa-pilot30-ctxlimit-amem-repo-sglang,pilot30-ctxlimit,repo-scope,task-6905333b74f22949d97ba9d5,21,paperless-ngx/paperless-ngx,14a038ac-fd62-44f8-95a2-a16f53038292,2,Paperless-NGX repository structure,0,0,0,,,,,Paperless-NGX repository structure,13.0,1252.0,0.9285714285714286,0.0,0.7142857142857143,0.2142857142857143,improved,"I’m trying to understand how data moves through Paperless-NGX during normal document ingestion so I can get oriented before working on the codebase. When Paperless-NGX is running from this repository at the specified commit and a new document appears in the system, what observable runtime behavior shows how the document is detected and handed off for processing? What log messages, task names, or state changes indicate the transition from initial detection into parsing, classification, and indexing, and how does the system reflect progress or completion of each stage while the document is being processed? After processing finishes, what observable evidence shows where the document’s data ends up and how its final state is recorded? Based on what you can directly observe at runtime, how does Paperless-NGX track whether a document has already been processed or needs further work, and what behavior or logs indicate how the system avoids duplicate processing? Keep the explanation grounded in runtime observations rather than assumptions from reading the code alone. You may use temporary test files if helpful, but don’t modify any source files and clean up any temporary artifacts when you’re done.",0.012987012987012988,,
20260913T035631.013586628Z-openclaw-sweatlasqa-pilot30-ctxlimit-amem-repo-sglang,pilot30-ctxlimit,repo-scope,task-6905333b74f22949d97ba9d6,22,paperless-ngx/paperless-ngx,cd08c4d2-ede1-427e-8006-1471754d30a3,1,paperless-ngx OCR processing document state,0,0,0,,,,,paperless-ngx OCR processing document state,13.0,1494.0,0.9,0.0,0.8,0.0999999999999999,improved,"I’m trying to get a practical understanding of how OCR behaves in paperless-ngx at runtime, especially in cases where it’s hard to tell what the system is actually doing. When I upload an image that has no embedded text, how can I see that OCR has started, and what does the document’s processing state look like while it’s running? I want to watch how background workers behave during this phase and understand what signals really indicate active OCR work. If I upload a similar image that already contains text, does the system skip OCR entirely, or does it still touch the OCR pipeline in some way, and how can I tell the difference after processing finishes? I also want to compare the final API responses for both cases to understand which fields show OCR-generated text versus existing text. Finally, when OCR produces weak or incomplete results, what actually happens to the document’s final state? Does it still count as fully processed, and how is that reflected in the saved metadata? Temporary scripts may be used for observation, but the repository itself should remain unchanged, and anything temporary should be cleaned up afterward.",0.05405405405405406,,
20260913T035631.013586628Z-openclaw-sweatlasqa-pilot30-ctxlimit-amem-repo-sglang,pilot30-ctxlimit,repo-scope,task-6905333b74f22949d97ba9d6,22,paperless-ngx/paperless-ngx,cd08c4d2-ede1-427e-8006-1471754d30a3,2,OCR processing document state progress signals,0,0,0,,,,,OCR processing document state progress signals,13.0,1143.0,0.9,0.0,0.8,0.0999999999999999,improved,"I’m trying to get a practical understanding of how OCR behaves in paperless-ngx at runtime, especially in cases where it’s hard to tell what the system is actually doing. When I upload an image that has no embedded text, how can I see that OCR has started, and what does the document’s processing state look like while it’s running? I want to watch how background workers behave during this phase and understand what signals really indicate active OCR work. If I upload a similar image that already contains text, does the system skip OCR entirely, or does it still touch the OCR pipeline in some way, and how can I tell the difference after processing finishes? I also want to compare the final API responses for both cases to understand which fields show OCR-generated text versus existing text. Finally, when OCR produces weak or incomplete results, what actually happens to the document’s final state? Does it still count as fully processed, and how is that reflected in the saved metadata? Temporary scripts may be used for observation, but the repository itself should remain unchanged, and anything temporary should be cleaned up afterward.",0.05333333333333334,,
20260913T035631.013586628Z-openclaw-sweatlasqa-pilot30-ctxlimit-amem-repo-sglang,pilot30-ctxlimit,repo-scope,task-6905333b74f22949d97ba9d6,22,paperless-ngx/paperless-ngx,cd08c4d2-ede1-427e-8006-1471754d30a3,3,paperless-ngx OCR document processing,0,0,0,,,,,paperless-ngx OCR document processing,13.0,1187.0,0.9,0.0,0.8,0.0999999999999999,improved,"I’m trying to get a practical understanding of how OCR behaves in paperless-ngx at runtime, especially in cases where it’s hard to tell what the system is actually doing. When I upload an image that has no embedded text, how can I see that OCR has started, and what does the document’s processing state look like while it’s running? I want to watch how background workers behave during this phase and understand what signals really indicate active OCR work. If I upload a similar image that already contains text, does the system skip OCR entirely, or does it still touch the OCR pipeline in some way, and how can I tell the difference after processing finishes? I also want to compare the final API responses for both cases to understand which fields show OCR-generated text versus existing text. Finally, when OCR produces weak or incomplete results, what actually happens to the document’s final state? Does it still count as fully processed, and how is that reflected in the saved metadata? Temporary scripts may be used for observation, but the repository itself should remain unchanged, and anything temporary should be cleaned up afterward.",0.04054054054054054,,
20260913T035631.013586628Z-openclaw-sweatlasqa-pilot30-ctxlimit-amem-repo-sglang,pilot30-ctxlimit,repo-scope,task-6905333b74f22949d97ba9d6,22,paperless-ngx/paperless-ngx,cd08c4d2-ede1-427e-8006-1471754d30a3,4,paperless-ngx OCR behavior document processing,0,0,0,,,,,paperless-ngx OCR behavior document processing,13.0,183.0,0.9,0.0,0.8,0.0999999999999999,improved,"I’m trying to get a practical understanding of how OCR behaves in paperless-ngx at runtime, especially in cases where it’s hard to tell what the system is actually doing. When I upload an image that has no embedded text, how can I see that OCR has started, and what does the document’s processing state look like while it’s running? I want to watch how background workers behave during this phase and understand what signals really indicate active OCR work. If I upload a similar image that already contains text, does the system skip OCR entirely, or does it still touch the OCR pipeline in some way, and how can I tell the difference after processing finishes? I also want to compare the final API responses for both cases to understand which fields show OCR-generated text versus existing text. Finally, when OCR produces weak or incomplete results, what actually happens to the document’s final state? Does it still count as fully processed, and how is that reflected in the saved metadata? Temporary scripts may be used for observation, but the repository itself should remain unchanged, and anything temporary should be cleaned up afterward.",0.04,,
20260913T035631.013586628Z-openclaw-sweatlasqa-pilot30-ctxlimit-amem-repo-sglang,pilot30-ctxlimit,repo-scope,task-6905333b74f22949d97ba9d6,22,paperless-ngx/paperless-ngx,cd08c4d2-ede1-427e-8006-1471754d30a3,5,paperless-ngx OCR pipeline consumer processing background workers,0,0,0,,,,,paperless-ngx OCR pipeline consumer processing background workers,13.0,1221.0,0.9,0.0,0.8,0.0999999999999999,improved,"I’m trying to get a practical understanding of how OCR behaves in paperless-ngx at runtime, especially in cases where it’s hard to tell what the system is actually doing. When I upload an image that has no embedded text, how can I see that OCR has started, and what does the document’s processing state look like while it’s running? I want to watch how background workers behave during this phase and understand what signals really indicate active OCR work. If I upload a similar image that already contains text, does the system skip OCR entirely, or does it still touch the OCR pipeline in some way, and how can I tell the difference after processing finishes? I also want to compare the final API responses for both cases to understand which fields show OCR-generated text versus existing text. Finally, when OCR produces weak or incomplete results, what actually happens to the document’s final state? Does it still count as fully processed, and how is that reflected in the saved metadata? Temporary scripts may be used for observation, but the repository itself should remain unchanged, and anything temporary should be cleaned up afterward.",0.06666666666666667,,
20260913T035631.013586628Z-openclaw-sweatlasqa-pilot30-ctxlimit-amem-repo-sglang,pilot30-ctxlimit,repo-scope,task-6905333b74f22949d97ba9d7,23,paperless-ngx/paperless-ngx,cd87675b-18d2-4d56-935d-b6d2d5d3f27b,1,paperless API authentication token,0,0,0,,,,,paperless API authentication token,13.0,1186.0,0.9230769230769232,0.0,0.7692307692307693,0.1538461538461538,improved,"I'm planning to integrate some external tools with the paperless API and need to understand how authentication works first. Get paperless running locally, create a test user, and generate an API token for them. Make an authenticated request to list documents. What's the exact HTTP header name and format paperless expects for the token, and what's the complete endpoint path? What does the JSON response look like, specifically what are the top level fields, and is pagination involved or does it dump everything at once? Try that same request without auth and tell me what status code and error message you get. Then trace through the Django code to find which authentication class handles token authentication and what model stores the tokens. Don't modify the codebase, creating test users, tokens, and any temporary files you need is fine, but leave the source code untouched and clean up any additional files or changes when you're done.",0.041666666666666664,,
20260913T035631.013586628Z-openclaw-sweatlasqa-pilot30-ctxlimit-amem-repo-sglang,pilot30-ctxlimit,repo-scope,task-6905333b74f22949d97ba9d7,23,paperless-ngx/paperless-ngx,cd87675b-18d2-4d56-935d-b6d2d5d3f27b,2,paperless authentication header format token pagination,0,0,0,,,,,paperless authentication header format token pagination,13.0,1184.0,0.9230769230769232,0.0,0.7692307692307693,0.1538461538461538,improved,"I'm planning to integrate some external tools with the paperless API and need to understand how authentication works first. Get paperless running locally, create a test user, and generate an API token for them. Make an authenticated request to list documents. What's the exact HTTP header name and format paperless expects for the token, and what's the complete endpoint path? What does the JSON response look like, specifically what are the top level fields, and is pagination involved or does it dump everything at once? Try that same request without auth and tell me what status code and error message you get. Then trace through the Django code to find which authentication class handles token authentication and what model stores the tokens. Don't modify the codebase, creating test users, tokens, and any temporary files you need is fine, but leave the source code untouched and clean up any additional files or changes when you're done.",0.08333333333333333,,
20260913T035631.013586628Z-openclaw-sweatlasqa-pilot30-ctxlimit-amem-repo-sglang,pilot30-ctxlimit,repo-scope,task-6905333b74f22949d97ba9d8,24,paperless-ngx/paperless-ngx,fa94f318-9c1d-4186-8d74-bee565d78fef,1,document classification machine learning pipeline test training OCR,0,0,0,,,,,document classification machine learning pipeline test training OCR,13.0,459.0,0.3333333333333333,0.0,,,,"I am debugging non-deterministic failures in the document classification tests and want to understand how the machine learning pipeline behaves during test execution when training and OCR. I want to observe whether the classifier reuses an existing model or retrains during the same test run, and how that affects later tests. When a test exercises automatic correspondent matching, how many training documents are created, when does training occur relative to those inserts, and what confidence threshold is used to accept or reject predictions? I also want to see how edge cases are handled, such as when a document has no extractable text, including which OCR subprocess is invoked and what mime type is assigned to the output. Finally, when barcode splitting is involved, how many document records are created from a single input, which barcode values trigger a split, and where in the code that decision is made, especially if this changes the effective training data during the test run. Please do not modify the source code; you may create temporary helpers while investigating, but clean up anything temporary before finishing.",0.08974358974358974,,
20260913T035631.013586628Z-openclaw-sweatlasqa-pilot30-ctxlimit-amem-repo-sglang,pilot30-ctxlimit,repo-scope,task-6905333b74f22949d97ba9d8,24,paperless-ngx/paperless-ngx,fa94f318-9c1d-4186-8d74-bee565d78fef,2,machine learning pipeline document classification training OCR barcode splitting,0,0,0,,,,,machine learning pipeline document classification training OCR barcode splitting,18.0,1127.0,0.3333333333333333,0.0,,,,"I am debugging non-deterministic failures in the document classification tests and want to understand how the machine learning pipeline behaves during test execution when training and OCR. I want to observe whether the classifier reuses an existing model or retrains during the same test run, and how that affects later tests. When a test exercises automatic correspondent matching, how many training documents are created, when does training occur relative to those inserts, and what confidence threshold is used to accept or reject predictions? I also want to see how edge cases are handled, such as when a document has no extractable text, including which OCR subprocess is invoked and what mime type is assigned to the output. Finally, when barcode splitting is involved, how many document records are created from a single input, which barcode values trigger a split, and where in the code that decision is made, especially if this changes the effective training data during the test run. Please do not modify the source code; you may create temporary helpers while investigating, but clean up anything temporary before finishing.",0.10256410256410256,,
20260913T035631.013586628Z-openclaw-sweatlasqa-pilot30-ctxlimit-amem-repo-sglang,pilot30-ctxlimit,repo-scope,task-6905333b74f22949d97ba9d9,25,paperless-ngx/paperless-ngx,85bdace3-2dce-44ef-8db8-e397bf8694de,1,paperless-ngx background processing queue async,0,0,0,,,,,paperless-ngx background processing queue async,13.0,1609.0,0.8,0.0,0.9,-0.0999999999999999,degraded,"I'm trying to understand how paperless-ngx actually handles background processing when it ingests documents. I want to see what happens at runtime, not just read the config files.

Can you help me make sense of how async work behaves in a live setup? I’m interested in what services are involved behind the scenes, how background jobs appear once they are created, and how the system tells the difference between work that is waiting and work that is actively being processed. I also want to understand where the task state ends up being stored and how you can tell, after the fact, what happened to a given job.

From the code perspective, I want to connect that runtime behavior back to its origin. Where are these background jobs actually triggered, and what part of the code is responsible for sending them into the queue? Don’t modify any repository source files. If you need to create temporary scripts or artifacts to observe behavior, that’s fine, but clean them up afterward and leave the codebase unchanged.",0.07692307692307693,,
20260913T035631.013586628Z-openclaw-sweatlasqa-pilot30-ctxlimit-amem-repo-sglang,pilot30-ctxlimit,repo-scope,task-6905333b74f22949d97ba9db,26,paperless-ngx/paperless-ngx,f0a0c7ca-8521-4d50-a4f4-8814bc1ea121,1,Paperless-NGX document tags filename format file move duplicate classifier,0,0,0,,,,,Paperless-NGX document tags filename format file move duplicate classifier,13.0,1175.0,,,1.0,,,"I'm onboarding into the Paperless-NGX repository and I'm curious about the hidden choreography that happens when the system is actually running. When a document's tags change and the filename format includes tags in the directory structure, files apparently relocate themselves. I wonder what log messages actually appear during that dance, and what the before and after paths look like in practice. There's supposedly a rollback safety net if something goes wrong during a file move, but I can't tell from reading the code whether it truly recovers or just promises to, what actually happens to files when a move fails partway through? Beyond file handling, there are other runtime mysteries I want to explore. The classifier's behavior puzzles me, sometimes training finishes instantly, other times it takes much longer. I want to trigger both scenarios and see the actual log messages that explain why training was skipped versus why it proceeded with full retraining, including whatever hash or checksum the system uses to detect changes. Duplicate detection feels like magic, two files that look completely different can still be rejected as duplicates, and I want to see the actual checksums being compared at that moment of judgment. The sanity checker intrigues me as well, what does its output actually look like when an archive is healthy versus when something has gone wrong, and can I see the specific hash values it compares when it discovers a mismatch? I also wonder about ghost files, whether orphaned files really linger in the media folder and what the system actually reports when it finds them. I need to see real runtime evidence for all of this; actual paths, actual checksums, actual log messages. Temporary scripts may be used for observation, but the repository itself should remain unchanged and anything temporary cleaned up afterward.",0.05343511450381679,,
20260913T035631.013586628Z-openclaw-sweatlasqa-pilot30-ctxlimit-amem-repo-sglang,pilot30-ctxlimit,repo-scope,task-6905333b74f22949d97ba9dc,27,paperless-ngx/paperless-ngx,8c6544e4-d97a-4b4f-b24b-527e8edc0aed,1,paperless-ngx codebase structure OCR processing,0,0,0,,,,,paperless-ngx codebase structure OCR processing,13.0,1264.0,,,0.875,,,"I'm getting inconsistent OCR results when testing paperless-ngx locally with multi-page PDFs and need to understand the processing behavior better. Get the development environment running normally (create admin user if needed during setup), then upload a multi-page PDF through the standard interface that requires OCR processing. What HTTP response status and message do you receive immediately after upload submission? As processing happens, what key log patterns appear that show the document moving through different stages, including the OCRmyPDF invocation parameters? After processing finishes, what do the generated archive PDF and thumbnail filenames look like in the media storage area? Check the document record in the database - what fields are actually stored (not filesystem-only metadata) and what values appear for the processed document? No file modifications or permanent changes allowed, clean up any test files completely when done.",0.02631578947368421,,
20260913T035631.013586628Z-openclaw-sweatlasqa-pilot30-ctxlimit-amem-repo-sglang,pilot30-ctxlimit,repo-scope,task-6905333b74f22949d97ba9dc,27,paperless-ngx/paperless-ngx,8c6544e4-d97a-4b4f-b24b-527e8edc0aed,2,paperless-ngx OCR processing multi-page PDF upload response log patterns archive,0,0,0,,,,,paperless-ngx OCR processing multi-page PDF upload response log patterns archive,13.0,1207.0,,,0.875,,,"I'm getting inconsistent OCR results when testing paperless-ngx locally with multi-page PDFs and need to understand the processing behavior better. Get the development environment running normally (create admin user if needed during setup), then upload a multi-page PDF through the standard interface that requires OCR processing. What HTTP response status and message do you receive immediately after upload submission? As processing happens, what key log patterns appear that show the document moving through different stages, including the OCRmyPDF invocation parameters? After processing finishes, what do the generated archive PDF and thumbnail filenames look like in the media storage area? Check the document record in the database - what fields are actually stored (not filesystem-only metadata) and what values appear for the processed document? No file modifications or permanent changes allowed, clean up any test files completely when done.",0.10666666666666667,,
20260913T035631.013586628Z-openclaw-sweatlasqa-pilot30-ctxlimit-amem-repo-sglang,pilot30-ctxlimit,repo-scope,task-6905333b74f22949d97ba9dc,27,paperless-ngx/paperless-ngx,8c6544e4-d97a-4b4f-b24b-527e8edc0aed,3,paperless-ngx OCR processing multi-page PDF,0,0,0,,,,,paperless-ngx OCR processing multi-page PDF,18.0,192.0,,,0.875,,,"I'm getting inconsistent OCR results when testing paperless-ngx locally with multi-page PDFs and need to understand the processing behavior better. Get the development environment running normally (create admin user if needed during setup), then upload a multi-page PDF through the standard interface that requires OCR processing. What HTTP response status and message do you receive immediately after upload submission? As processing happens, what key log patterns appear that show the document moving through different stages, including the OCRmyPDF invocation parameters? After processing finishes, what do the generated archive PDF and thumbnail filenames look like in the media storage area? Check the document record in the database - what fields are actually stored (not filesystem-only metadata) and what values appear for the processed document? No file modifications or permanent changes allowed, clean up any test files completely when done.",0.05333333333333334,,
20260913T035631.013586628Z-openclaw-sweatlasqa-pilot30-ctxlimit-amem-repo-sglang,pilot30-ctxlimit,repo-scope,task-6905333b74f22949d97ba9dc,27,paperless-ngx/paperless-ngx,8c6544e4-d97a-4b4f-b24b-527e8edc0aed,4,paperless-ngx OCR multi-page PDF processing HTTP response log filename database,0,0,0,,,,,paperless-ngx OCR multi-page PDF processing HTTP response log filename database,13.0,1790.0,,,0.875,,,"I'm getting inconsistent OCR results when testing paperless-ngx locally with multi-page PDFs and need to understand the processing behavior better. Get the development environment running normally (create admin user if needed during setup), then upload a multi-page PDF through the standard interface that requires OCR processing. What HTTP response status and message do you receive immediately after upload submission? As processing happens, what key log patterns appear that show the document moving through different stages, including the OCRmyPDF invocation parameters? After processing finishes, what do the generated archive PDF and thumbnail filenames look like in the media storage area? Check the document record in the database - what fields are actually stored (not filesystem-only metadata) and what values appear for the processed document? No file modifications or permanent changes allowed, clean up any test files completely when done.",0.09210526315789473,,
20260913T035631.013586628Z-openclaw-sweatlasqa-pilot30-ctxlimit-amem-repo-sglang,pilot30-ctxlimit,repo-scope,task-6905333b74f22949d97ba9dc,27,paperless-ngx/paperless-ngx,8c6544e4-d97a-4b4f-b24b-527e8edc0aed,5,paperless-ngx consumer OCRmyPDF archive filename,0,0,0,,,,,paperless-ngx consumer OCRmyPDF archive filename,13.0,1833.0,,,0.875,,,"I'm getting inconsistent OCR results when testing paperless-ngx locally with multi-page PDFs and need to understand the processing behavior better. Get the development environment running normally (create admin user if needed during setup), then upload a multi-page PDF through the standard interface that requires OCR processing. What HTTP response status and message do you receive immediately after upload submission? As processing happens, what key log patterns appear that show the document moving through different stages, including the OCRmyPDF invocation parameters? After processing finishes, what do the generated archive PDF and thumbnail filenames look like in the media storage area? Check the document record in the database - what fields are actually stored (not filesystem-only metadata) and what values appear for the processed document? No file modifications or permanent changes allowed, clean up any test files completely when done.",0.03896103896103896,,
20260913T035631.013586628Z-openclaw-sweatlasqa-pilot30-ctxlimit-amem-repo-sglang,pilot30-ctxlimit,repo-scope,task-6905333b74f22949d97ba9dc,27,paperless-ngx/paperless-ngx,8c6544e4-d97a-4b4f-b24b-527e8edc0aed,6,paperless-ngx OCR processing multi-page PDF upload response log patterns archive,0,0,0,,,,,,,,,,0.875,,,"I'm getting inconsistent OCR results when testing paperless-ngx locally with multi-page PDFs and need to understand the processing behavior better. Get the development environment running normally (create admin user if needed during setup), then upload a multi-page PDF through the standard interface that requires OCR processing. What HTTP response status and message do you receive immediately after upload submission? As processing happens, what key log patterns appear that show the document moving through different stages, including the OCRmyPDF invocation parameters? After processing finishes, what do the generated archive PDF and thumbnail filenames look like in the media storage area? Check the document record in the database - what fields are actually stored (not filesystem-only metadata) and what values appear for the processed document? No file modifications or permanent changes allowed, clean up any test files completely when done.",0.10666666666666667,,
20260913T035631.013586628Z-openclaw-sweatlasqa-pilot30-ctxlimit-amem-repo-sglang,pilot30-ctxlimit,repo-scope,task-6905333b74f22949d97ba9dc,27,paperless-ngx/paperless-ngx,8c6544e4-d97a-4b4f-b24b-527e8edc0aed,7,paperless-ngx OCR processing multi-page PDF,0,0,0,,,,,,,,,,0.875,,,"I'm getting inconsistent OCR results when testing paperless-ngx locally with multi-page PDFs and need to understand the processing behavior better. Get the development environment running normally (create admin user if needed during setup), then upload a multi-page PDF through the standard interface that requires OCR processing. What HTTP response status and message do you receive immediately after upload submission? As processing happens, what key log patterns appear that show the document moving through different stages, including the OCRmyPDF invocation parameters? After processing finishes, what do the generated archive PDF and thumbnail filenames look like in the media storage area? Check the document record in the database - what fields are actually stored (not filesystem-only metadata) and what values appear for the processed document? No file modifications or permanent changes allowed, clean up any test files completely when done.",0.05333333333333334,,
20260913T035631.013586628Z-openclaw-sweatlasqa-pilot30-ctxlimit-amem-repo-sglang,pilot30-ctxlimit,repo-scope,task-6905333b74f22949d97ba9dc,27,paperless-ngx/paperless-ngx,8c6544e4-d97a-4b4f-b24b-527e8edc0aed,8,paperless-ngx OCR multi-page PDF processing HTTP response log filename database,0,0,0,,,,,,,,,,0.875,,,"I'm getting inconsistent OCR results when testing paperless-ngx locally with multi-page PDFs and need to understand the processing behavior better. Get the development environment running normally (create admin user if needed during setup), then upload a multi-page PDF through the standard interface that requires OCR processing. What HTTP response status and message do you receive immediately after upload submission? As processing happens, what key log patterns appear that show the document moving through different stages, including the OCRmyPDF invocation parameters? After processing finishes, what do the generated archive PDF and thumbnail filenames look like in the media storage area? Check the document record in the database - what fields are actually stored (not filesystem-only metadata) and what values appear for the processed document? No file modifications or permanent changes allowed, clean up any test files completely when done.",0.09210526315789473,,
20260913T035631.013586628Z-openclaw-sweatlasqa-pilot30-ctxlimit-amem-repo-sglang,pilot30-ctxlimit,repo-scope,task-6905333b74f22949d97ba9dc,27,paperless-ngx/paperless-ngx,8c6544e4-d97a-4b4f-b24b-527e8edc0aed,9,paperless-ngx consumer OCRmyPDF archive filename,0,0,0,,,,,,,,,,0.875,,,"I'm getting inconsistent OCR results when testing paperless-ngx locally with multi-page PDFs and need to understand the processing behavior better. Get the development environment running normally (create admin user if needed during setup), then upload a multi-page PDF through the standard interface that requires OCR processing. What HTTP response status and message do you receive immediately after upload submission? As processing happens, what key log patterns appear that show the document moving through different stages, including the OCRmyPDF invocation parameters? After processing finishes, what do the generated archive PDF and thumbnail filenames look like in the media storage area? Check the document record in the database - what fields are actually stored (not filesystem-only metadata) and what values appear for the processed document? No file modifications or permanent changes allowed, clean up any test files completely when done.",0.03896103896103896,,
20260913T035631.013586628Z-openclaw-sweatlasqa-pilot30-ctxlimit-amem-repo-sglang,pilot30-ctxlimit,repo-scope,task-6905333b74f22949d97ba9dd,28,paperless-ngx/paperless-ngx,5388f3a8-2469-4ba6-82dd-7d3212592537,1,Paperless-NGX codebase document ingestion workflow,0,0,0,,,,,Paperless-NGX codebase document ingestion workflow,13.0,1200.0,0.4,0.0,,,,"I need to understand how Paperless-NGX processes a document from ingestion through indexing before I start working with the codebase. Set up the full environment and get all services running normally. Drop a small test file into the consumption directory and follow what happens. What log messages appear when the system first detects the file, what ingestion task gets triggered, and what additional tasks show up as the document moves through parsing, classification, and indexing? While the task is queued, check what the message broker is storing. What payload format or data structure represents the queued task? After processing completes, query the database to see where the document record is stored, which fields capture the parsed metadata, and where the system keeps a record of task execution or processing history.
Then trace the high-level codepath behind this workflow based on the behavior you observe. Starting from the part of the system that detects the new file, follow the chain of components involved in creating and submitting the ingestion task. Which part of the application is responsible for creating that task object, and what queuing framework does Paperless-NGX rely on to dispatch it? You may use temporary helper scripts or test files if needed, but don’t modify the actual source code, and clean up any temporary artifacts when you’re done.",0.043478260869565216,,
20260913T035631.013586628Z-openclaw-sweatlasqa-pilot30-ctxlimit-amem-repo-sglang,pilot30-ctxlimit,repo-scope,task-6905333b74f22949d97ba9dd,28,paperless-ngx/paperless-ngx,5388f3a8-2469-4ba6-82dd-7d3212592537,2,Paperless-NGX document consumption pipeline consumer tasks signal handlers,0,0,0,,,,,Paperless-NGX document consumption pipeline consumer tasks signal handlers,13.0,1448.0,0.4,0.0,,,,"I need to understand how Paperless-NGX processes a document from ingestion through indexing before I start working with the codebase. Set up the full environment and get all services running normally. Drop a small test file into the consumption directory and follow what happens. What log messages appear when the system first detects the file, what ingestion task gets triggered, and what additional tasks show up as the document moves through parsing, classification, and indexing? While the task is queued, check what the message broker is storing. What payload format or data structure represents the queued task? After processing completes, query the database to see where the document record is stored, which fields capture the parsed metadata, and where the system keeps a record of task execution or processing history.
Then trace the high-level codepath behind this workflow based on the behavior you observe. Starting from the part of the system that detects the new file, follow the chain of components involved in creating and submitting the ingestion task. Which part of the application is responsible for creating that task object, and what queuing framework does Paperless-NGX rely on to dispatch it? You may use temporary helper scripts or test files if needed, but don’t modify the actual source code, and clean up any temporary artifacts when you’re done.",0.041666666666666664,,
20260913T035631.013586628Z-openclaw-sweatlasqa-pilot30-ctxlimit-amem-repo-sglang,pilot30-ctxlimit,repo-scope,task-6905333b74f22949d97ba9dd,28,paperless-ngx/paperless-ngx,5388f3a8-2469-4ba6-82dd-7d3212592537,3,Paperless-NGX document consumption pipeline consumer tasks signal handlers ingestion,0,0,0,,,,,Paperless-NGX document consumption pipeline consumer tasks signal handlers ingestion,13.0,1189.0,0.4,0.0,,,,"I need to understand how Paperless-NGX processes a document from ingestion through indexing before I start working with the codebase. Set up the full environment and get all services running normally. Drop a small test file into the consumption directory and follow what happens. What log messages appear when the system first detects the file, what ingestion task gets triggered, and what additional tasks show up as the document moves through parsing, classification, and indexing? While the task is queued, check what the message broker is storing. What payload format or data structure represents the queued task? After processing completes, query the database to see where the document record is stored, which fields capture the parsed metadata, and where the system keeps a record of task execution or processing history.
Then trace the high-level codepath behind this workflow based on the behavior you observe. Starting from the part of the system that detects the new file, follow the chain of components involved in creating and submitting the ingestion task. Which part of the application is responsible for creating that task object, and what queuing framework does Paperless-NGX rely on to dispatch it? You may use temporary helper scripts or test files if needed, but don’t modify the actual source code, and clean up any temporary artifacts when you’re done.",0.052083333333333336,,
20260913T035631.013586628Z-openclaw-sweatlasqa-pilot30-ctxlimit-amem-repo-sglang,pilot30-ctxlimit,repo-scope,task-6905333b74f22949d97ba9dd,28,paperless-ngx/paperless-ngx,5388f3a8-2469-4ba6-82dd-7d3212592537,4,Paperless-NGX document ingestion pipeline consumer task,0,0,0,,,,,Paperless-NGX document ingestion pipeline consumer task,13.0,1191.0,0.4,0.0,,,,"I need to understand how Paperless-NGX processes a document from ingestion through indexing before I start working with the codebase. Set up the full environment and get all services running normally. Drop a small test file into the consumption directory and follow what happens. What log messages appear when the system first detects the file, what ingestion task gets triggered, and what additional tasks show up as the document moves through parsing, classification, and indexing? While the task is queued, check what the message broker is storing. What payload format or data structure represents the queued task? After processing completes, query the database to see where the document record is stored, which fields capture the parsed metadata, and where the system keeps a record of task execution or processing history.
Then trace the high-level codepath behind this workflow based on the behavior you observe. Starting from the part of the system that detects the new file, follow the chain of components involved in creating and submitting the ingestion task. Which part of the application is responsible for creating that task object, and what queuing framework does Paperless-NGX rely on to dispatch it? You may use temporary helper scripts or test files if needed, but don’t modify the actual source code, and clean up any temporary artifacts when you’re done.",0.0425531914893617,,
20260913T035631.013586628Z-openclaw-sweatlasqa-pilot30-ctxlimit-amem-repo-sglang,pilot30-ctxlimit,repo-scope,task-6905333b74f22949d97ba9dd,28,paperless-ngx/paperless-ngx,5388f3a8-2469-4ba6-82dd-7d3212592537,5,Django-Q message broker redis task payload format queued task data structure,0,0,0,,,,,Django-Q message broker redis task payload format queued task data structure,13.0,1200.0,0.4,0.0,,,,"I need to understand how Paperless-NGX processes a document from ingestion through indexing before I start working with the codebase. Set up the full environment and get all services running normally. Drop a small test file into the consumption directory and follow what happens. What log messages appear when the system first detects the file, what ingestion task gets triggered, and what additional tasks show up as the document moves through parsing, classification, and indexing? While the task is queued, check what the message broker is storing. What payload format or data structure represents the queued task? After processing completes, query the database to see where the document record is stored, which fields capture the parsed metadata, and where the system keeps a record of task execution or processing history.
Then trace the high-level codepath behind this workflow based on the behavior you observe. Starting from the part of the system that detects the new file, follow the chain of components involved in creating and submitting the ingestion task. Which part of the application is responsible for creating that task object, and what queuing framework does Paperless-NGX rely on to dispatch it? You may use temporary helper scripts or test files if needed, but don’t modify the actual source code, and clean up any temporary artifacts when you’re done.",0.0851063829787234,,
20260913T035631.013586628Z-openclaw-sweatlasqa-pilot30-ctxlimit-amem-repo-sglang,pilot30-ctxlimit,repo-scope,task-6905333b74f22949d97ba9dd,28,paperless-ngx/paperless-ngx,5388f3a8-2469-4ba6-82dd-7d3212592537,6,Paperless-NGX document ingestion pipeline workflow,0,0,0,,,,,Paperless-NGX document ingestion pipeline workflow,13.0,1217.0,0.4,0.0,,,,"I need to understand how Paperless-NGX processes a document from ingestion through indexing before I start working with the codebase. Set up the full environment and get all services running normally. Drop a small test file into the consumption directory and follow what happens. What log messages appear when the system first detects the file, what ingestion task gets triggered, and what additional tasks show up as the document moves through parsing, classification, and indexing? While the task is queued, check what the message broker is storing. What payload format or data structure represents the queued task? After processing completes, query the database to see where the document record is stored, which fields capture the parsed metadata, and where the system keeps a record of task execution or processing history.
Then trace the high-level codepath behind this workflow based on the behavior you observe. Starting from the part of the system that detects the new file, follow the chain of components involved in creating and submitting the ingestion task. Which part of the application is responsible for creating that task object, and what queuing framework does Paperless-NGX rely on to dispatch it? You may use temporary helper scripts or test files if needed, but don’t modify the actual source code, and clean up any temporary artifacts when you’re done.",0.043010752688172046,,
20260913T035631.013586628Z-openclaw-sweatlasqa-pilot30-ctxlimit-amem-repo-sglang,pilot30-ctxlimit,repo-scope,task-6905333b74f22949d97ba9dd,28,paperless-ngx/paperless-ngx,5388f3a8-2469-4ba6-82dd-7d3212592537,7,Django-Q task payload Redis queue format document_consumer,0,0,0,,,,,Django-Q task payload Redis queue format document_consumer,13.0,1162.0,0.4,0.0,,,,"I need to understand how Paperless-NGX processes a document from ingestion through indexing before I start working with the codebase. Set up the full environment and get all services running normally. Drop a small test file into the consumption directory and follow what happens. What log messages appear when the system first detects the file, what ingestion task gets triggered, and what additional tasks show up as the document moves through parsing, classification, and indexing? While the task is queued, check what the message broker is storing. What payload format or data structure represents the queued task? After processing completes, query the database to see where the document record is stored, which fields capture the parsed metadata, and where the system keeps a record of task execution or processing history.
Then trace the high-level codepath behind this workflow based on the behavior you observe. Starting from the part of the system that detects the new file, follow the chain of components involved in creating and submitting the ingestion task. Which part of the application is responsible for creating that task object, and what queuing framework does Paperless-NGX rely on to dispatch it? You may use temporary helper scripts or test files if needed, but don’t modify the actual source code, and clean up any temporary artifacts when you’re done.",0.03125,,
20260913T035631.013586628Z-openclaw-sweatlasqa-pilot30-ctxlimit-amem-repo-sglang,pilot30-ctxlimit,repo-scope,task-6905333b74f22949d97ba9de,29,paperless-ngx/paperless-ngx,fe25b6ef-984d-4704-8cc8-78ea465e8b3c,1,Paperless memory metadata document processing,0,0,0,,,,,Paperless memory metadata document processing,13.0,1244.0,,,,,,"I'm investigating a strange memory usage pattern in the Paperless document processing system. When the system imports documents, it sometimes consumes far more memory than expected for the metadata handling, but this doesn't happen consistently and seems to vary based on the document source or processing stage.

What I'm seeing is that memory usage spikes significantly during document import operations, particularly when metadata is being processed, but the spike seems disproportionate to the actual document size. The odd part is that this memory doesn't always get released back to the system in a timely manner, even after processing is complete. This seems unusual because these are mostly text documents with relatively small metadata - we're not dealing with massive image processing here.

Can you figure out what's causing these memory spikes? I'm curious whether there's something in the metadata handling that's creating unnecessary copies or holding references longer than needed, or if there's caching behavior that's accumulating data unexpectedly. What's different between the cases where memory spikes and cases where it doesn't? How does the behavior change with different document types or batch sizes?

I need to see actual runtime memory measurements during processing, understand which components or methods are responsible for holding onto memory, and get evidence showing whether this is normal Python garbage collection behavior or something problematic. Show me what patterns you can find and where the memory is actually going.

Don't modify any repository source files. You can create temporary test scripts or helper tools to reproduce and analyze the behavior, but clean them up and leave the codebase unchanged when done.",0.043859649122807015,,
20260913T035631.013586628Z-openclaw-sweatlasqa-pilot30-ctxlimit-amem-repo-sglang,pilot30-ctxlimit,repo-scope,task-6905333b74f22949d97ba9de,29,paperless-ngx/paperless-ngx,fe25b6ef-984d-4704-8cc8-78ea465e8b3c,2,Paperless memory spikes document import metadata handling,0,0,0,,,,,Paperless memory spikes document import metadata handling,13.0,377.0,,,,,,"I'm investigating a strange memory usage pattern in the Paperless document processing system. When the system imports documents, it sometimes consumes far more memory than expected for the metadata handling, but this doesn't happen consistently and seems to vary based on the document source or processing stage.

What I'm seeing is that memory usage spikes significantly during document import operations, particularly when metadata is being processed, but the spike seems disproportionate to the actual document size. The odd part is that this memory doesn't always get released back to the system in a timely manner, even after processing is complete. This seems unusual because these are mostly text documents with relatively small metadata - we're not dealing with massive image processing here.

Can you figure out what's causing these memory spikes? I'm curious whether there's something in the metadata handling that's creating unnecessary copies or holding references longer than needed, or if there's caching behavior that's accumulating data unexpectedly. What's different between the cases where memory spikes and cases where it doesn't? How does the behavior change with different document types or batch sizes?

I need to see actual runtime memory measurements during processing, understand which components or methods are responsible for holding onto memory, and get evidence showing whether this is normal Python garbage collection behavior or something problematic. Show me what patterns you can find and where the memory is actually going.

Don't modify any repository source files. You can create temporary test scripts or helper tools to reproduce and analyze the behavior, but clean them up and leave the codebase unchanged when done.",0.06140350877192982,,
20260913T035631.013586628Z-openclaw-sweatlasqa-pilot30-ctxlimit-amem-repo-sglang,pilot30-ctxlimit,repo-scope,task-6905333b74f22949d97ba9de,29,paperless-ngx/paperless-ngx,fe25b6ef-984d-4704-8cc8-78ea465e8b3c,3,memory consumption document processing pipeline,0,0,0,,,,,memory consumption document processing pipeline,13.0,1393.0,,,,,,"I'm investigating a strange memory usage pattern in the Paperless document processing system. When the system imports documents, it sometimes consumes far more memory than expected for the metadata handling, but this doesn't happen consistently and seems to vary based on the document source or processing stage.

What I'm seeing is that memory usage spikes significantly during document import operations, particularly when metadata is being processed, but the spike seems disproportionate to the actual document size. The odd part is that this memory doesn't always get released back to the system in a timely manner, even after processing is complete. This seems unusual because these are mostly text documents with relatively small metadata - we're not dealing with massive image processing here.

Can you figure out what's causing these memory spikes? I'm curious whether there's something in the metadata handling that's creating unnecessary copies or holding references longer than needed, or if there's caching behavior that's accumulating data unexpectedly. What's different between the cases where memory spikes and cases where it doesn't? How does the behavior change with different document types or batch sizes?

I need to see actual runtime memory measurements during processing, understand which components or methods are responsible for holding onto memory, and get evidence showing whether this is normal Python garbage collection behavior or something problematic. Show me what patterns you can find and where the memory is actually going.

Don't modify any repository source files. You can create temporary test scripts or helper tools to reproduce and analyze the behavior, but clean them up and leave the codebase unchanged when done.",0.02586206896551724,,
20260913T035631.013586628Z-openclaw-sweatlasqa-pilot30-ctxlimit-amem-repo-sglang,pilot30-ctxlimit,repo-scope,task-6905333b74f22949d97ba9de,29,paperless-ngx/paperless-ngx,fe25b6ef-984d-4704-8cc8-78ea465e8b3c,4,Paperless memory spikes document processing metadata,0,0,0,,,,,Paperless memory spikes document processing metadata,18.0,1288.0,,,,,,"I'm investigating a strange memory usage pattern in the Paperless document processing system. When the system imports documents, it sometimes consumes far more memory than expected for the metadata handling, but this doesn't happen consistently and seems to vary based on the document source or processing stage.

What I'm seeing is that memory usage spikes significantly during document import operations, particularly when metadata is being processed, but the spike seems disproportionate to the actual document size. The odd part is that this memory doesn't always get released back to the system in a timely manner, even after processing is complete. This seems unusual because these are mostly text documents with relatively small metadata - we're not dealing with massive image processing here.

Can you figure out what's causing these memory spikes? I'm curious whether there's something in the metadata handling that's creating unnecessary copies or holding references longer than needed, or if there's caching behavior that's accumulating data unexpectedly. What's different between the cases where memory spikes and cases where it doesn't? How does the behavior change with different document types or batch sizes?

I need to see actual runtime memory measurements during processing, understand which components or methods are responsible for holding onto memory, and get evidence showing whether this is normal Python garbage collection behavior or something problematic. Show me what patterns you can find and where the memory is actually going.

Don't modify any repository source files. You can create temporary test scripts or helper tools to reproduce and analyze the behavior, but clean them up and leave the codebase unchanged when done.",0.05263157894736842,,
20260913T035631.013586628Z-openclaw-sweatlasqa-pilot30-ctxlimit-amem-repo-sglang,pilot30-ctxlimit,repo-scope,task-6905333b74f22949d97ba9de,29,paperless-ngx/paperless-ngx,fe25b6ef-984d-4704-8cc8-78ea465e8b3c,5,paperless document consumption pipeline memory,0,0,0,,,,,paperless document consumption pipeline memory,18.0,1299.0,,,,,,"I'm investigating a strange memory usage pattern in the Paperless document processing system. When the system imports documents, it sometimes consumes far more memory than expected for the metadata handling, but this doesn't happen consistently and seems to vary based on the document source or processing stage.

What I'm seeing is that memory usage spikes significantly during document import operations, particularly when metadata is being processed, but the spike seems disproportionate to the actual document size. The odd part is that this memory doesn't always get released back to the system in a timely manner, even after processing is complete. This seems unusual because these are mostly text documents with relatively small metadata - we're not dealing with massive image processing here.

Can you figure out what's causing these memory spikes? I'm curious whether there's something in the metadata handling that's creating unnecessary copies or holding references longer than needed, or if there's caching behavior that's accumulating data unexpectedly. What's different between the cases where memory spikes and cases where it doesn't? How does the behavior change with different document types or batch sizes?

I need to see actual runtime memory measurements during processing, understand which components or methods are responsible for holding onto memory, and get evidence showing whether this is normal Python garbage collection behavior or something problematic. Show me what patterns you can find and where the memory is actually going.

Don't modify any repository source files. You can create temporary test scripts or helper tools to reproduce and analyze the behavior, but clean them up and leave the codebase unchanged when done.",0.02586206896551724,,
20260913T035631.013586628Z-openclaw-sweatlasqa-pilot30-ctxlimit-amem-repo-sglang,pilot30-ctxlimit,repo-scope,task-6905333b74f22949d97ba9de,29,paperless-ngx/paperless-ngx,fe25b6ef-984d-4704-8cc8-78ea465e8b3c,6,Paperless memory usage metadata processing document import,0,0,0,,,,,Paperless memory usage metadata processing document import,18.0,1236.0,,,,,,"I'm investigating a strange memory usage pattern in the Paperless document processing system. When the system imports documents, it sometimes consumes far more memory than expected for the metadata handling, but this doesn't happen consistently and seems to vary based on the document source or processing stage.

What I'm seeing is that memory usage spikes significantly during document import operations, particularly when metadata is being processed, but the spike seems disproportionate to the actual document size. The odd part is that this memory doesn't always get released back to the system in a timely manner, even after processing is complete. This seems unusual because these are mostly text documents with relatively small metadata - we're not dealing with massive image processing here.

Can you figure out what's causing these memory spikes? I'm curious whether there's something in the metadata handling that's creating unnecessary copies or holding references longer than needed, or if there's caching behavior that's accumulating data unexpectedly. What's different between the cases where memory spikes and cases where it doesn't? How does the behavior change with different document types or batch sizes?

I need to see actual runtime memory measurements during processing, understand which components or methods are responsible for holding onto memory, and get evidence showing whether this is normal Python garbage collection behavior or something problematic. Show me what patterns you can find and where the memory is actually going.

Don't modify any repository source files. You can create temporary test scripts or helper tools to reproduce and analyze the behavior, but clean them up and leave the codebase unchanged when done.",0.06140350877192982,,
20260913T035631.013586628Z-openclaw-sweatlasqa-pilot30-ctxlimit-amem-repo-sglang,pilot30-ctxlimit,repo-scope,task-6905333b74f22949d97ba9e0,30,paperless-ngx/paperless-ngx,d2c9cc42-b798-4a08-9075-40de9477dd0d,1,documents list pagination duplicates sorting,0,0,0,,,,,documents list pagination duplicates sorting,13.0,1219.0,0.375,0.0,0.5,-0.125,degraded,"I am trying to figure out why the documents list can feel haunted during normal browsing, where paging through the documents view with a couple of common filters enabled can make the same document show up twice across neighboring pages or disappear for a page and then come back even though nobody is editing anything and the sort order looks unchanged. It gets stranger when the viewer is not an all powerful admin and visibility is shaped by sharing rules, because the glitch seems to depend on what the user is allowed to see rather than what exists. Is the backend producing duplicates that get collapsed somewhere later, is pagination happening before any de duplication, or is the ordering quietly unstable when multiple rows tie on the primary sort key? I want to watch what the API actually returns across consecutive page requests, and line that up with what the UI thinks pagination means until the exact condition that destabilizes the list becomes clear. Temporary scripts may be used for observation, but the repository itself should remain unchanged and anything temporary should be cleaned up afterward.",0.04395604395604396,,
20260913T035631.013586628Z-openclaw-sweatlasqa-pilot30-ctxlimit-amem-repo-sglang,pilot30-ctxlimit,repo-scope,task-6905333b74f22949d97ba9e0,30,paperless-ngx/paperless-ngx,d2c9cc42-b798-4a08-9075-40de9477dd0d,2,document pagination ordering instability duplicates,0,0,0,,,,,document pagination ordering instability duplicates,13.0,1187.0,0.375,0.0,0.5,-0.125,degraded,"I am trying to figure out why the documents list can feel haunted during normal browsing, where paging through the documents view with a couple of common filters enabled can make the same document show up twice across neighboring pages or disappear for a page and then come back even though nobody is editing anything and the sort order looks unchanged. It gets stranger when the viewer is not an all powerful admin and visibility is shaped by sharing rules, because the glitch seems to depend on what the user is allowed to see rather than what exists. Is the backend producing duplicates that get collapsed somewhere later, is pagination happening before any de duplication, or is the ordering quietly unstable when multiple rows tie on the primary sort key? I want to watch what the API actually returns across consecutive page requests, and line that up with what the UI thinks pagination means until the exact condition that destabilizes the list becomes clear. Temporary scripts may be used for observation, but the repository itself should remain unchanged and anything temporary should be cleaned up afterward.",0.04395604395604396,,
20260913T035631.013586628Z-openclaw-sweatlasqa-pilot30-ctxlimit-amem-repo-sglang,pilot30-ctxlimit,repo-scope,task-6905333b74f22949d97ba9e8,14,simple-login/app,34655c45-ed23-4c40-9949-0c7cc06fbd09,1,SimpleLogin authentication API session,0,0,0,,,,,SimpleLogin authentication API session,13.0,1392.0,0.8,0.0,0.7333333333333333,0.0666666666666667,improved,"I've been investigating SimpleLogin's authentication and noticed some behaviors I need to verify by actually observing the running system.

When I'm logged into the web interface and make API calls without an API key header, the requests seem to work. I need to confirm what HTTP status code actually comes back and what the response body structure looks like ,not what the code says should happen, but what actually happens when you try it.There's also something odd when trying to access privileged operations with just a browser session. The HTTP status code I get back isn't a standard authorization error, and the error message is unusual. What specific status code and exact error message text does the system actually return in this scenario?

For sessions, I want to understand what the stored session data actually looks like when you examine it directly in storage. Capture the raw bytes from the storage backend and show me what format they're in, what keys are present in the deserialized data for an authenticated session, and how the session key itself is structured.I'm also curious about session identifier behavior during authentication. If you capture the session ID from your cookie before login, then go through the login flow, does that identifier value stay the same or get replaced with a new one? I need to see the actual before and after values to know for sure.

On the email forwarding side, I want to know what happens to specific headers when a message passes through. If an incoming email has a custom X-header, a Received header, and a Reply-To header, which of those three actually make it through to the forwarded message and which get stripped? Send an actual test email and examine the result.

For the alias creation tokens, they clearly expire after some time window. I want to experimentally verify what that window is by testing whether a token works immediately, then waiting and testing if it still works, until you find the boundary where it stops working.

I also noticed that the API tracks usage statistics for API keys. When you make several API calls with the same key, what fields get updated in the database and what are the actual values you observe after making the calls?Finally, when a login attempt fails with wrong credentials, what specific log messages appear and what HTTP response details come back? I want to see the actual logged output and response, not just what the code says should happen.

Show me evidence from actually running the system rather than just reading the code. Don't modify any source files in the repository, but you can create test scripts to observe behavior - just clean them up afterward.",0.013422818791946308,,
20260913T035631.013586628Z-openclaw-sweatlasqa-pilot30-ctxlimit-amem-repo-sglang,pilot30-ctxlimit,repo-scope,task-6905333b74f22949d97ba9e8,14,simple-login/app,34655c45-ed23-4c40-9949-0c7cc06fbd09,2,SimpleLogin authentication API session email forwarding alias,0,0,0,,,,,SimpleLogin authentication API session email forwarding alias,18.0,1153.0,0.8,0.0,0.7333333333333333,0.0666666666666667,improved,"I've been investigating SimpleLogin's authentication and noticed some behaviors I need to verify by actually observing the running system.

When I'm logged into the web interface and make API calls without an API key header, the requests seem to work. I need to confirm what HTTP status code actually comes back and what the response body structure looks like ,not what the code says should happen, but what actually happens when you try it.There's also something odd when trying to access privileged operations with just a browser session. The HTTP status code I get back isn't a standard authorization error, and the error message is unusual. What specific status code and exact error message text does the system actually return in this scenario?

For sessions, I want to understand what the stored session data actually looks like when you examine it directly in storage. Capture the raw bytes from the storage backend and show me what format they're in, what keys are present in the deserialized data for an authenticated session, and how the session key itself is structured.I'm also curious about session identifier behavior during authentication. If you capture the session ID from your cookie before login, then go through the login flow, does that identifier value stay the same or get replaced with a new one? I need to see the actual before and after values to know for sure.

On the email forwarding side, I want to know what happens to specific headers when a message passes through. If an incoming email has a custom X-header, a Received header, and a Reply-To header, which of those three actually make it through to the forwarded message and which get stripped? Send an actual test email and examine the result.

For the alias creation tokens, they clearly expire after some time window. I want to experimentally verify what that window is by testing whether a token works immediately, then waiting and testing if it still works, until you find the boundary where it stops working.

I also noticed that the API tracks usage statistics for API keys. When you make several API calls with the same key, what fields get updated in the database and what are the actual values you observe after making the calls?Finally, when a login attempt fails with wrong credentials, what specific log messages appear and what HTTP response details come back? I want to see the actual logged output and response, not just what the code says should happen.

Show me evidence from actually running the system rather than just reading the code. Don't modify any source files in the repository, but you can create test scripts to observe behavior - just clean them up afterward.",0.03355704697986577,,
20260913T035631.013586628Z-openclaw-sweatlasqa-pilot30-ctxlimit-amem-repo-sglang,pilot30-ctxlimit,repo-scope,task-6905333b74f22949d97ba9e8,14,simple-login/app,34655c45-ed23-4c40-9949-0c7cc06fbd09,3,session storage Redis pickle format raw bytes keys,0,0,0,,,,,session storage Redis pickle format raw bytes keys,13.0,1257.0,0.8,0.0,0.7333333333333333,0.0666666666666667,improved,"I've been investigating SimpleLogin's authentication and noticed some behaviors I need to verify by actually observing the running system.

When I'm logged into the web interface and make API calls without an API key header, the requests seem to work. I need to confirm what HTTP status code actually comes back and what the response body structure looks like ,not what the code says should happen, but what actually happens when you try it.There's also something odd when trying to access privileged operations with just a browser session. The HTTP status code I get back isn't a standard authorization error, and the error message is unusual. What specific status code and exact error message text does the system actually return in this scenario?

For sessions, I want to understand what the stored session data actually looks like when you examine it directly in storage. Capture the raw bytes from the storage backend and show me what format they're in, what keys are present in the deserialized data for an authenticated session, and how the session key itself is structured.I'm also curious about session identifier behavior during authentication. If you capture the session ID from your cookie before login, then go through the login flow, does that identifier value stay the same or get replaced with a new one? I need to see the actual before and after values to know for sure.

On the email forwarding side, I want to know what happens to specific headers when a message passes through. If an incoming email has a custom X-header, a Received header, and a Reply-To header, which of those three actually make it through to the forwarded message and which get stripped? Send an actual test email and examine the result.

For the alias creation tokens, they clearly expire after some time window. I want to experimentally verify what that window is by testing whether a token works immediately, then waiting and testing if it still works, until you find the boundary where it stops working.

I also noticed that the API tracks usage statistics for API keys. When you make several API calls with the same key, what fields get updated in the database and what are the actual values you observe after making the calls?Finally, when a login attempt fails with wrong credentials, what specific log messages appear and what HTTP response details come back? I want to see the actual logged output and response, not just what the code says should happen.

Show me evidence from actually running the system rather than just reading the code. Don't modify any source files in the repository, but you can create test scripts to observe behavior - just clean them up afterward.",0.03333333333333333,,
20260913T035631.013586628Z-openclaw-sweatlasqa-pilot30-ctxlimit-amem-repo-sglang,pilot30-ctxlimit,repo-scope,task-6905333b74f22949d97ba9e8,14,simple-login/app,34655c45-ed23-4c40-9949-0c7cc06fbd09,4,email forwarding headers X-header Received Reply-To stripped kept,0,0,0,,,,,email forwarding headers X-header Received Reply-To stripped kept,13.0,1170.0,0.8,0.0,0.7333333333333333,0.0666666666666667,improved,"I've been investigating SimpleLogin's authentication and noticed some behaviors I need to verify by actually observing the running system.

When I'm logged into the web interface and make API calls without an API key header, the requests seem to work. I need to confirm what HTTP status code actually comes back and what the response body structure looks like ,not what the code says should happen, but what actually happens when you try it.There's also something odd when trying to access privileged operations with just a browser session. The HTTP status code I get back isn't a standard authorization error, and the error message is unusual. What specific status code and exact error message text does the system actually return in this scenario?

For sessions, I want to understand what the stored session data actually looks like when you examine it directly in storage. Capture the raw bytes from the storage backend and show me what format they're in, what keys are present in the deserialized data for an authenticated session, and how the session key itself is structured.I'm also curious about session identifier behavior during authentication. If you capture the session ID from your cookie before login, then go through the login flow, does that identifier value stay the same or get replaced with a new one? I need to see the actual before and after values to know for sure.

On the email forwarding side, I want to know what happens to specific headers when a message passes through. If an incoming email has a custom X-header, a Received header, and a Reply-To header, which of those three actually make it through to the forwarded message and which get stripped? Send an actual test email and examine the result.

For the alias creation tokens, they clearly expire after some time window. I want to experimentally verify what that window is by testing whether a token works immediately, then waiting and testing if it still works, until you find the boundary where it stops working.

I also noticed that the API tracks usage statistics for API keys. When you make several API calls with the same key, what fields get updated in the database and what are the actual values you observe after making the calls?Finally, when a login attempt fails with wrong credentials, what specific log messages appear and what HTTP response details come back? I want to see the actual logged output and response, not just what the code says should happen.

Show me evidence from actually running the system rather than just reading the code. Don't modify any source files in the repository, but you can create test scripts to observe behavior - just clean them up afterward.",0.04697986577181208,,
20260913T035631.013586628Z-openclaw-sweatlasqa-pilot30-ctxlimit-amem-repo-sglang,pilot30-ctxlimit,repo-scope,task-6905333b74f22949d97ba9e8,14,simple-login/app,34655c45-ed23-4c40-9949-0c7cc06fbd09,5,API key usage tracking last_used times fields updated,0,0,0,,,,,API key usage tracking last_used times fields updated,13.0,142.0,0.8,0.0,0.7333333333333333,0.0666666666666667,improved,"I've been investigating SimpleLogin's authentication and noticed some behaviors I need to verify by actually observing the running system.

When I'm logged into the web interface and make API calls without an API key header, the requests seem to work. I need to confirm what HTTP status code actually comes back and what the response body structure looks like ,not what the code says should happen, but what actually happens when you try it.There's also something odd when trying to access privileged operations with just a browser session. The HTTP status code I get back isn't a standard authorization error, and the error message is unusual. What specific status code and exact error message text does the system actually return in this scenario?

For sessions, I want to understand what the stored session data actually looks like when you examine it directly in storage. Capture the raw bytes from the storage backend and show me what format they're in, what keys are present in the deserialized data for an authenticated session, and how the session key itself is structured.I'm also curious about session identifier behavior during authentication. If you capture the session ID from your cookie before login, then go through the login flow, does that identifier value stay the same or get replaced with a new one? I need to see the actual before and after values to know for sure.

On the email forwarding side, I want to know what happens to specific headers when a message passes through. If an incoming email has a custom X-header, a Received header, and a Reply-To header, which of those three actually make it through to the forwarded message and which get stripped? Send an actual test email and examine the result.

For the alias creation tokens, they clearly expire after some time window. I want to experimentally verify what that window is by testing whether a token works immediately, then waiting and testing if it still works, until you find the boundary where it stops working.

I also noticed that the API tracks usage statistics for API keys. When you make several API calls with the same key, what fields get updated in the database and what are the actual values you observe after making the calls?Finally, when a login attempt fails with wrong credentials, what specific log messages appear and what HTTP response details come back? I want to see the actual logged output and response, not just what the code says should happen.

Show me evidence from actually running the system rather than just reading the code. Don't modify any source files in the repository, but you can create test scripts to observe behavior - just clean them up afterward.",0.019867549668874173,,
20260913T035631.013586628Z-openclaw-sweatlasqa-pilot30-ctxlimit-amem-repo-sglang,pilot30-ctxlimit,repo-scope,task-6905333b74f22949d97ba9e8,14,simple-login/app,34655c45-ed23-4c40-9949-0c7cc06fbd09,6,SimpleLogin authentication API key browser session privileged operations HTTP status,0,0,0,,,,,SimpleLogin authentication API key browser session privileged operations HTTP status,13.0,1494.0,0.8,0.0,0.7333333333333333,0.0666666666666667,improved,"I've been investigating SimpleLogin's authentication and noticed some behaviors I need to verify by actually observing the running system.

When I'm logged into the web interface and make API calls without an API key header, the requests seem to work. I need to confirm what HTTP status code actually comes back and what the response body structure looks like ,not what the code says should happen, but what actually happens when you try it.There's also something odd when trying to access privileged operations with just a browser session. The HTTP status code I get back isn't a standard authorization error, and the error message is unusual. What specific status code and exact error message text does the system actually return in this scenario?

For sessions, I want to understand what the stored session data actually looks like when you examine it directly in storage. Capture the raw bytes from the storage backend and show me what format they're in, what keys are present in the deserialized data for an authenticated session, and how the session key itself is structured.I'm also curious about session identifier behavior during authentication. If you capture the session ID from your cookie before login, then go through the login flow, does that identifier value stay the same or get replaced with a new one? I need to see the actual before and after values to know for sure.

On the email forwarding side, I want to know what happens to specific headers when a message passes through. If an incoming email has a custom X-header, a Received header, and a Reply-To header, which of those three actually make it through to the forwarded message and which get stripped? Send an actual test email and examine the result.

For the alias creation tokens, they clearly expire after some time window. I want to experimentally verify what that window is by testing whether a token works immediately, then waiting and testing if it still works, until you find the boundary where it stops working.

I also noticed that the API tracks usage statistics for API keys. When you make several API calls with the same key, what fields get updated in the database and what are the actual values you observe after making the calls?Finally, when a login attempt fails with wrong credentials, what specific log messages appear and what HTTP response details come back? I want to see the actual logged output and response, not just what the code says should happen.

Show me evidence from actually running the system rather than just reading the code. Don't modify any source files in the repository, but you can create test scripts to observe behavior - just clean them up afterward.",0.04697986577181208,,
20260913T035631.013586628Z-openclaw-sweatlasqa-pilot30-ctxlimit-amem-repo-sglang,pilot30-ctxlimit,repo-scope,task-6905333b74f22949d97ba9e8,14,simple-login/app,34655c45-ed23-4c40-9949-0c7cc06fbd09,7,email forwarding headers stripped Reply-To X-header Received,0,0,0,,,,,email forwarding headers stripped Reply-To X-header Received,13.0,1114.0,0.8,0.0,0.7333333333333333,0.0666666666666667,improved,"I've been investigating SimpleLogin's authentication and noticed some behaviors I need to verify by actually observing the running system.

When I'm logged into the web interface and make API calls without an API key header, the requests seem to work. I need to confirm what HTTP status code actually comes back and what the response body structure looks like ,not what the code says should happen, but what actually happens when you try it.There's also something odd when trying to access privileged operations with just a browser session. The HTTP status code I get back isn't a standard authorization error, and the error message is unusual. What specific status code and exact error message text does the system actually return in this scenario?

For sessions, I want to understand what the stored session data actually looks like when you examine it directly in storage. Capture the raw bytes from the storage backend and show me what format they're in, what keys are present in the deserialized data for an authenticated session, and how the session key itself is structured.I'm also curious about session identifier behavior during authentication. If you capture the session ID from your cookie before login, then go through the login flow, does that identifier value stay the same or get replaced with a new one? I need to see the actual before and after values to know for sure.

On the email forwarding side, I want to know what happens to specific headers when a message passes through. If an incoming email has a custom X-header, a Received header, and a Reply-To header, which of those three actually make it through to the forwarded message and which get stripped? Send an actual test email and examine the result.

For the alias creation tokens, they clearly expire after some time window. I want to experimentally verify what that window is by testing whether a token works immediately, then waiting and testing if it still works, until you find the boundary where it stops working.

I also noticed that the API tracks usage statistics for API keys. When you make several API calls with the same key, what fields get updated in the database and what are the actual values you observe after making the calls?Finally, when a login attempt fails with wrong credentials, what specific log messages appear and what HTTP response details come back? I want to see the actual logged output and response, not just what the code says should happen.

Show me evidence from actually running the system rather than just reading the code. Don't modify any source files in the repository, but you can create test scripts to observe behavior - just clean them up afterward.",0.0472972972972973,,
20260913T035631.013586628Z-openclaw-sweatlasqa-pilot30-ctxlimit-amem-repo-sglang,pilot30-ctxlimit,repo-scope,task-6905333b74f22949d97ba9e8,14,simple-login/app,34655c45-ed23-4c40-9949-0c7cc06fbd09,8,session storage Redis pickle raw bytes format deserialized keys authenticated,0,0,0,,,,,session storage Redis pickle raw bytes format deserialized keys authenticated,13.0,1173.0,0.8,0.0,0.7333333333333333,0.0666666666666667,improved,"I've been investigating SimpleLogin's authentication and noticed some behaviors I need to verify by actually observing the running system.

When I'm logged into the web interface and make API calls without an API key header, the requests seem to work. I need to confirm what HTTP status code actually comes back and what the response body structure looks like ,not what the code says should happen, but what actually happens when you try it.There's also something odd when trying to access privileged operations with just a browser session. The HTTP status code I get back isn't a standard authorization error, and the error message is unusual. What specific status code and exact error message text does the system actually return in this scenario?

For sessions, I want to understand what the stored session data actually looks like when you examine it directly in storage. Capture the raw bytes from the storage backend and show me what format they're in, what keys are present in the deserialized data for an authenticated session, and how the session key itself is structured.I'm also curious about session identifier behavior during authentication. If you capture the session ID from your cookie before login, then go through the login flow, does that identifier value stay the same or get replaced with a new one? I need to see the actual before and after values to know for sure.

On the email forwarding side, I want to know what happens to specific headers when a message passes through. If an incoming email has a custom X-header, a Received header, and a Reply-To header, which of those three actually make it through to the forwarded message and which get stripped? Send an actual test email and examine the result.

For the alias creation tokens, they clearly expire after some time window. I want to experimentally verify what that window is by testing whether a token works immediately, then waiting and testing if it still works, until you find the boundary where it stops working.

I also noticed that the API tracks usage statistics for API keys. When you make several API calls with the same key, what fields get updated in the database and what are the actual values you observe after making the calls?Finally, when a login attempt fails with wrong credentials, what specific log messages appear and what HTTP response details come back? I want to see the actual logged output and response, not just what the code says should happen.

Show me evidence from actually running the system rather than just reading the code. Don't modify any source files in the repository, but you can create test scripts to observe behavior - just clean them up afterward.",0.04666666666666667,,
20260913T035631.013586628Z-openclaw-sweatlasqa-pilot30-ctxlimit-amem-repo-sglang,pilot30-ctxlimit,repo-scope,task-6905333b74f22949d97baa1d,15,simple-login/app,7524137a-c774-4ef1-8fa6-752db976d7cc,1,SimpleLogin session handling Redis deserialization,0,0,0,,,,,SimpleLogin session handling Redis deserialization,13.0,1902.0,0.875,0.0,0.875,0.0,tied,"I’m testing the SimpleLogin repository and trying to understand how server-side session handling behaves at runtime, especially when stored session data is turned back into Python objects. I want to see what normal sessions look like as users log in and out and then what actually happens if the session data in Redis is corrupted or malformed. Does the next request fail, silently reset the session, or surface an error, and what shows up in responses or logs when that happens? I’m trying to understand where the boundary lies between a harmless reset and a real deserialization risk, based on what you can observe while the system is running rather than theory alone. If an attacker could tamper with session bytes but not forge the signed session ID, does that meaningfully change the risk, and how does the runtime behavior support that conclusion? Temporary scripts may be used for observation, but the repository itself should remain unchanged, and anything temporary should be cleaned up afterward.",0.07352941176470588,,
20260913T035631.013586628Z-openclaw-sweatlasqa-pilot30-ctxlimit-amem-repo-sglang,pilot30-ctxlimit,repo-scope,task-6905333b74f22949d97baa1d,15,simple-login/app,7524137a-c774-4ef1-8fa6-752db976d7cc,2,session corruption deserialization behavior risk boundary,0,0,0,,,,,session corruption deserialization behavior risk boundary,13.0,1202.0,0.875,0.0,0.875,0.0,tied,"I’m testing the SimpleLogin repository and trying to understand how server-side session handling behaves at runtime, especially when stored session data is turned back into Python objects. I want to see what normal sessions look like as users log in and out and then what actually happens if the session data in Redis is corrupted or malformed. Does the next request fail, silently reset the session, or surface an error, and what shows up in responses or logs when that happens? I’m trying to understand where the boundary lies between a harmless reset and a real deserialization risk, based on what you can observe while the system is running rather than theory alone. If an attacker could tamper with session bytes but not forge the signed session ID, does that meaningfully change the risk, and how does the runtime behavior support that conclusion? Temporary scripts may be used for observation, but the repository itself should remain unchanged, and anything temporary should be cleaned up afterward.",0.07246376811594203,,
20260913T143407.885544474Z-openclaw-sweatlasqa-pilot30-ctxlimit-amem-repo-sglang,pilot30-ctxlimit,repo-scope,task-6905333b74f22949d97ba9a4,1,simple-login/app,cd993512-c211-423b-99da-a3cbef3ce691,1,SimpleLogin backend startup configuration development,0,0,0,,,,,SimpleLogin backend startup configuration development,0.0,49.0,1.0,1.0,1.0,0.0,tied,"I'm trying to understand what actually happens when SimpleLogin is started locally in development environment. I'm wondering how the backend starts up in dev mode, how configuration is loaded, which log messages indicate that it's ready to accept requests, and what ports or endpoints it exposes. 

I’m interested in how a single authenticated request is handled by the app, where the request first enters the application, how the user identity is determined at runtime, and how that authentication context is carried through request handling. The entry point and user identification flow are my main concerns here. I also want to know whether the app automatically starts any background jobs or schedulers, or if there’s anything going on besides handling incoming requests.

I'm not looking for what the code says should happen, I want to know what actually gets printed when you run it. Please don’t modify any repository source files while investigating. Temporary scripts are fine if needed, but leave the codebase unchanged and clean up anything you create when you’re done.",0.06153846153846154,,
20260913T143407.885544474Z-openclaw-sweatlasqa-pilot30-ctxlimit-amem-repo-sglang,pilot30-ctxlimit,repo-scope,task-6905333b74f22949d97ba9a4,1,simple-login/app,cd993512-c211-423b-99da-a3cbef3ce691,2,SimpleLogin startup dev mode configuration background jobs,2,2,0,56.929365,52.30649,61.552240000000005,3dc7b925-ebaa-4d20-b6c5-97fc4c9e75bc;c532804d-ec24-4ac9-89ca-2ee337d90d36,SimpleLogin startup dev mode configuration background jobs,2.0,91.0,1.0,1.0,1.0,0.0,tied,"I'm trying to understand what actually happens when SimpleLogin is started locally in development environment. I'm wondering how the backend starts up in dev mode, how configuration is loaded, which log messages indicate that it's ready to accept requests, and what ports or endpoints it exposes. 

I’m interested in how a single authenticated request is handled by the app, where the request first enters the application, how the user identity is determined at runtime, and how that authentication context is carried through request handling. The entry point and user identification flow are my main concerns here. I also want to know whether the app automatically starts any background jobs or schedulers, or if there’s anything going on besides handling incoming requests.

I'm not looking for what the code says should happen, I want to know what actually gets printed when you run it. Please don’t modify any repository source files while investigating. Temporary scripts are fine if needed, but leave the codebase unchanged and clean up anything you create when you’re done.",0.07692307692307693,0.11708333333333333,0.14666666666666667
20260913T143407.885544474Z-openclaw-sweatlasqa-pilot30-ctxlimit-amem-repo-sglang,pilot30-ctxlimit,repo-scope,task-6905333b74f22949d97ba9a4,1,simple-login/app,cd993512-c211-423b-99da-a3cbef3ce691,3,SimpleLogin startup dev mode configuration background jobs authentication,3,3,0,62.012641333333335,54.909134,65.56958,ba469685-f05c-4bb1-9474-bca815e05476;3dc7b925-ebaa-4d20-b6c5-97fc4c9e75bc;c532804d-ec24-4ac9-89ca-2ee337d90d36,SimpleLogin startup dev mode configuration background jobs authentication,3.0,115.0,1.0,1.0,1.0,0.0,tied,"I'm trying to understand what actually happens when SimpleLogin is started locally in development environment. I'm wondering how the backend starts up in dev mode, how configuration is loaded, which log messages indicate that it's ready to accept requests, and what ports or endpoints it exposes. 

I’m interested in how a single authenticated request is handled by the app, where the request first enters the application, how the user identity is determined at runtime, and how that authentication context is carried through request handling. The entry point and user identification flow are my main concerns here. I also want to know whether the app automatically starts any background jobs or schedulers, or if there’s anything going on besides handling incoming requests.

I'm not looking for what the code says should happen, I want to know what actually gets printed when you run it. Please don’t modify any repository source files while investigating. Temporary scripts are fine if needed, but leave the codebase unchanged and clean up anything you create when you’re done.",0.09230769230769231,0.08589869281045752,0.14666666666666667
20260913T143407.885544474Z-openclaw-sweatlasqa-pilot30-ctxlimit-amem-repo-sglang,pilot30-ctxlimit,repo-scope,task-6905333b74f22949d97ba9a5,2,simple-login/app,3084a9b8-ee6e-4146-a8f5-f8b9080457c2,1,alias creation signed suffix validation,4,4,0,38.118732,34.369296,40.003526,03f10aea-0f77-4485-91c4-5fcbdb564011;ba469685-f05c-4bb1-9474-bca815e05476;3dc7b925-ebaa-4d20-b6c5-97fc4c9e75bc;c532804d-ec24-4ac9-89ca-2ee337d90d36,alias creation signed suffix validation,4.0,281.0,0.9230769230769232,0.0,0.6923076923076923,0.2307692307692308,improved,"I am debugging intermittent validation failures during custom alias creation that don't match the expected behavior, which seems related to how signed suffixes are verified. When attempting to create custom aliases with invalid or expired signed suffixes, what exact HTTP status codes and error messages appear in the API responses, and what corresponding validation log entries show up in the server console? Check whether any rate-limiting headers appear in the responses and what their actual values are. For successful alias creation attempts, what quota-related checks occur, what specific values get logged when the system verifies whether the user can create more aliases? Trace through the execution path to identify which component validates signed suffixes and enforces creation limits, and what conditions trigger rejection. Don't modify the repository code temporary test scripts or API calls are fine but keep the codebase unchanged.",0.0547945205479452,0.013470701162802265,0.021739130434782608
20260913T143407.885544474Z-openclaw-sweatlasqa-pilot30-ctxlimit-amem-repo-sglang,pilot30-ctxlimit,repo-scope,task-6905333b74f22949d97ba9a5,2,simple-login/app,3084a9b8-ee6e-4146-a8f5-f8b9080457c2,2,rate limiting quota validation error,4,4,0,29.168737,25.359482,35.122395,03f10aea-0f77-4485-91c4-5fcbdb564011;3dc7b925-ebaa-4d20-b6c5-97fc4c9e75bc;ba469685-f05c-4bb1-9474-bca815e05476;c532804d-ec24-4ac9-89ca-2ee337d90d36,rate limiting quota validation error,4.0,320.0,0.9230769230769232,0.0,0.6923076923076923,0.2307692307692308,improved,"I am debugging intermittent validation failures during custom alias creation that don't match the expected behavior, which seems related to how signed suffixes are verified. When attempting to create custom aliases with invalid or expired signed suffixes, what exact HTTP status codes and error messages appear in the API responses, and what corresponding validation log entries show up in the server console? Check whether any rate-limiting headers appear in the responses and what their actual values are. For successful alias creation attempts, what quota-related checks occur, what specific values get logged when the system verifies whether the user can create more aliases? Trace through the execution path to identify which component validates signed suffixes and enforces creation limits, and what conditions trigger rejection. Don't modify the repository code temporary test scripts or API calls are fine but keep the codebase unchanged.",0.06944444444444445,0.013470701162802265,0.021739130434782608
20260913T143407.885544474Z-openclaw-sweatlasqa-pilot30-ctxlimit-amem-repo-sglang,pilot30-ctxlimit,repo-scope,task-6905333b74f22949d97ba9a6,3,simple-login/app,0cefbb51-8214-442f-a3eb-0b82bc51775d,1,email privacy system anonymous aliases,0,0,0,,,,,email privacy system anonymous aliases,6.0,374.0,0.8181818181818182,0.0,0.8181818181818182,0.0,tied,"I'm trying to get this email privacy system with anonymous aliases running for the first time and I want to understand how all the pieces fit together during initialization.

The system has a web server, an email handler, background jobs, and some cron tasks. I need to set everything up from scratch and see what actually happens when it starts.

Here's what I'm trying to figure out:

When I run the database migrations on an empty PostgreSQL database, how many tables get created in total? And what's the exact name of the last table that gets created based on the migration output order?

For the web server startup, what's the log message that tells me it's actually ready to accept connections? I'm also curious how many milliseconds pass between the first log entry and that ready message.

The email handler can take a custom port. If I start it with port 25025, does the startup log confirm it's listening on that port? What message shows up exactly?

I want to test the registration flow. If I create a user account with email ""[testuser@example.com](mailto:testuser@example.com)"" and password ""testpass123"", then immediately try to login before activating it, what's the exact JSON error message the API returns and what HTTP status code comes with it? I'd also like to see the full curl command output. And when I query the database directly for that user, what boolean values do the activated and notification columns actually show?

Also, there are different alias limits for different account types. I want to verify how the system handles this dynamically. First, create a fresh user and call /api/user_info to see what max_alias_free_plan value the API actually returns in the JSON response. Then, experiment with changing the configuration - try setting a different limit value like 10, restart the server, create a second new user, and call /api/user_info again for that user. What are the exact API responses before and after the change? Do both users reflect the new limit or only the one created after the change?

I'm trying to understand the actual runtime behavior here, not just what the code suggests should happen. Don't modify any of the source files, but feel free to create test config files or .env files to experiment with different settings.",0.03759398496240601,,
20260913T143407.885544474Z-openclaw-sweatlasqa-pilot30-ctxlimit-amem-repo-sglang,pilot30-ctxlimit,repo-scope,task-6905333b74f22949d97ba9a6,3,simple-login/app,0cefbb51-8214-442f-a3eb-0b82bc51775d,2,SimpleLogin database migration email privacy system tables,0,0,0,,,,,SimpleLogin database migration email privacy system tables,7.0,1199.0,0.8181818181818182,0.0,0.8181818181818182,0.0,tied,"I'm trying to get this email privacy system with anonymous aliases running for the first time and I want to understand how all the pieces fit together during initialization.

The system has a web server, an email handler, background jobs, and some cron tasks. I need to set everything up from scratch and see what actually happens when it starts.

Here's what I'm trying to figure out:

When I run the database migrations on an empty PostgreSQL database, how many tables get created in total? And what's the exact name of the last table that gets created based on the migration output order?

For the web server startup, what's the log message that tells me it's actually ready to accept connections? I'm also curious how many milliseconds pass between the first log entry and that ready message.

The email handler can take a custom port. If I start it with port 25025, does the startup log confirm it's listening on that port? What message shows up exactly?

I want to test the registration flow. If I create a user account with email ""[testuser@example.com](mailto:testuser@example.com)"" and password ""testpass123"", then immediately try to login before activating it, what's the exact JSON error message the API returns and what HTTP status code comes with it? I'd also like to see the full curl command output. And when I query the database directly for that user, what boolean values do the activated and notification columns actually show?

Also, there are different alias limits for different account types. I want to verify how the system handles this dynamically. First, create a fresh user and call /api/user_info to see what max_alias_free_plan value the API actually returns in the JSON response. Then, experiment with changing the configuration - try setting a different limit value like 10, restart the server, create a second new user, and call /api/user_info again for that user. What are the exact API responses before and after the change? Do both users reflect the new limit or only the one created after the change?

I'm trying to understand the actual runtime behavior here, not just what the code suggests should happen. Don't modify any of the source files, but feel free to create test config files or .env files to experiment with different settings.",0.04477611940298507,,
20260913T143407.885544474Z-openclaw-sweatlasqa-pilot30-ctxlimit-amem-repo-sglang,pilot30-ctxlimit,repo-scope,task-6905333b74f22949d97ba9a6,3,simple-login/app,0cefbb51-8214-442f-a3eb-0b82bc51775d,3,SimpleLogin migration tables email handler startup registration,0,0,0,,,,,SimpleLogin migration tables email handler startup registration,9.0,1158.0,0.8181818181818182,0.0,0.8181818181818182,0.0,tied,"I'm trying to get this email privacy system with anonymous aliases running for the first time and I want to understand how all the pieces fit together during initialization.

The system has a web server, an email handler, background jobs, and some cron tasks. I need to set everything up from scratch and see what actually happens when it starts.

Here's what I'm trying to figure out:

When I run the database migrations on an empty PostgreSQL database, how many tables get created in total? And what's the exact name of the last table that gets created based on the migration output order?

For the web server startup, what's the log message that tells me it's actually ready to accept connections? I'm also curious how many milliseconds pass between the first log entry and that ready message.

The email handler can take a custom port. If I start it with port 25025, does the startup log confirm it's listening on that port? What message shows up exactly?

I want to test the registration flow. If I create a user account with email ""[testuser@example.com](mailto:testuser@example.com)"" and password ""testpass123"", then immediately try to login before activating it, what's the exact JSON error message the API returns and what HTTP status code comes with it? I'd also like to see the full curl command output. And when I query the database directly for that user, what boolean values do the activated and notification columns actually show?

Also, there are different alias limits for different account types. I want to verify how the system handles this dynamically. First, create a fresh user and call /api/user_info to see what max_alias_free_plan value the API actually returns in the JSON response. Then, experiment with changing the configuration - try setting a different limit value like 10, restart the server, create a second new user, and call /api/user_info again for that user. What are the exact API responses before and after the change? Do both users reflect the new limit or only the one created after the change?

I'm trying to understand the actual runtime behavior here, not just what the code suggests should happen. Don't modify any of the source files, but feel free to create test config files or .env files to experiment with different settings.",0.04477611940298507,,
20260913T143407.885544474Z-openclaw-sweatlasqa-pilot30-ctxlimit-amem-repo-sglang,pilot30-ctxlimit,repo-scope,task-6905333b74f22949d97ba9a6,3,simple-login/app,0cefbb51-8214-442f-a3eb-0b82bc51775d,4,login registration activation user_info max_alias_free_plan config,0,0,0,,,,,login registration activation user_info max_alias_free_plan config,9.0,1169.0,0.8181818181818182,0.0,0.8181818181818182,0.0,tied,"I'm trying to get this email privacy system with anonymous aliases running for the first time and I want to understand how all the pieces fit together during initialization.

The system has a web server, an email handler, background jobs, and some cron tasks. I need to set everything up from scratch and see what actually happens when it starts.

Here's what I'm trying to figure out:

When I run the database migrations on an empty PostgreSQL database, how many tables get created in total? And what's the exact name of the last table that gets created based on the migration output order?

For the web server startup, what's the log message that tells me it's actually ready to accept connections? I'm also curious how many milliseconds pass between the first log entry and that ready message.

The email handler can take a custom port. If I start it with port 25025, does the startup log confirm it's listening on that port? What message shows up exactly?

I want to test the registration flow. If I create a user account with email ""[testuser@example.com](mailto:testuser@example.com)"" and password ""testpass123"", then immediately try to login before activating it, what's the exact JSON error message the API returns and what HTTP status code comes with it? I'd also like to see the full curl command output. And when I query the database directly for that user, what boolean values do the activated and notification columns actually show?

Also, there are different alias limits for different account types. I want to verify how the system handles this dynamically. First, create a fresh user and call /api/user_info to see what max_alias_free_plan value the API actually returns in the JSON response. Then, experiment with changing the configuration - try setting a different limit value like 10, restart the server, create a second new user, and call /api/user_info again for that user. What are the exact API responses before and after the change? Do both users reflect the new limit or only the one created after the change?

I'm trying to understand the actual runtime behavior here, not just what the code suggests should happen. Don't modify any of the source files, but feel free to create test config files or .env files to experiment with different settings.",0.03731343283582089,,
20260913T143407.885544474Z-openclaw-sweatlasqa-pilot30-ctxlimit-amem-repo-sglang,pilot30-ctxlimit,repo-scope,task-6905333b74f22949d97ba9a7,4,simple-login/app,ca60982e-6c2b-4414-b1cc-df6f912c87c0,1,SimpleLogin multi-step workflows mailbox verification background tasks email forwarding aliases,0,0,0,,,,,SimpleLogin multi-step workflows mailbox verification background tasks email forwarding aliases,6.0,211.0,1.0,1.0,1.0,0.0,tied,"I want to understand how SimpleLogin processes multi step workflows at runtime.

In scenarios where a mailbox verification code is submitted incorrectly multiple times in succession, what observable state changes and enforcement mechanisms does the running system apply? Trace the actual runtime behavior to determine what limits exist, how failed attempts are tracked, and what ultimately prevents further submissions.

For background tasks that are scheduled and later picked up for execution, trace the complete lifecycle from initial creation through final completion. If a task encounters an error during execution, what recovery or retry behavior is applied, and what observable state reflects that failure?

During email forwarding through an alias, what exact format is used for the special address generated to handle delivery failures? If a failure notification arrives at this address, trace how the system identifies the original email, what state changes are recorded, and how the handling behavior differs depending on the direction of the original message.

Temporary inspection or debugging tools may be used to observe runtime behavior, but source files should not be modified and any temporary artifacts should be cleaned up afterward.",0.1111111111111111,,
20260913T143407.885544474Z-openclaw-sweatlasqa-pilot30-ctxlimit-amem-repo-sglang,pilot30-ctxlimit,repo-scope,task-6905333b74f22949d97ba9a7,4,simple-login/app,ca60982e-6c2b-4414-b1cc-df6f912c87c0,2,SimpleLogin mailbox verification background tasks email forwarding bounce,0,0,0,,,,,SimpleLogin mailbox verification background tasks email forwarding bounce,6.0,186.0,1.0,1.0,1.0,0.0,tied,"I want to understand how SimpleLogin processes multi step workflows at runtime.

In scenarios where a mailbox verification code is submitted incorrectly multiple times in succession, what observable state changes and enforcement mechanisms does the running system apply? Trace the actual runtime behavior to determine what limits exist, how failed attempts are tracked, and what ultimately prevents further submissions.

For background tasks that are scheduled and later picked up for execution, trace the complete lifecycle from initial creation through final completion. If a task encounters an error during execution, what recovery or retry behavior is applied, and what observable state reflects that failure?

During email forwarding through an alias, what exact format is used for the special address generated to handle delivery failures? If a failure notification arrives at this address, trace how the system identifies the original email, what state changes are recorded, and how the handling behavior differs depending on the direction of the original message.

Temporary inspection or debugging tools may be used to observe runtime behavior, but source files should not be modified and any temporary artifacts should be cleaned up afterward.",0.07777777777777778,,
20260913T143407.885544474Z-openclaw-sweatlasqa-pilot30-ctxlimit-amem-repo-sglang,pilot30-ctxlimit,repo-scope,task-6905333b74f22949d97ba9a7,4,simple-login/app,ca60982e-6c2b-4414-b1cc-df6f912c87c0,3,SimpleLogin mailbox verification background job email forwarding bounce,0,0,0,,,,,SimpleLogin mailbox verification background job email forwarding bounce,6.0,180.0,1.0,1.0,1.0,0.0,tied,"I want to understand how SimpleLogin processes multi step workflows at runtime.

In scenarios where a mailbox verification code is submitted incorrectly multiple times in succession, what observable state changes and enforcement mechanisms does the running system apply? Trace the actual runtime behavior to determine what limits exist, how failed attempts are tracked, and what ultimately prevents further submissions.

For background tasks that are scheduled and later picked up for execution, trace the complete lifecycle from initial creation through final completion. If a task encounters an error during execution, what recovery or retry behavior is applied, and what observable state reflects that failure?

During email forwarding through an alias, what exact format is used for the special address generated to handle delivery failures? If a failure notification arrives at this address, trace how the system identifies the original email, what state changes are recorded, and how the handling behavior differs depending on the direction of the original message.

Temporary inspection or debugging tools may be used to observe runtime behavior, but source files should not be modified and any temporary artifacts should be cleaned up afterward.",0.06666666666666667,,
20260913T143407.885544474Z-openclaw-sweatlasqa-pilot30-ctxlimit-amem-repo-sglang,pilot30-ctxlimit,repo-scope,task-6905333b74f22949d97ba9a8,5,simple-login/app,fc9f7732-18fc-404f-8fc6-e709310c78c7,1,SimpleLogin codebase Flask startup port health check API alias,0,0,0,,,,,SimpleLogin codebase Flask startup port health check API alias,9.0,1726.0,1.0,1.0,1.0,0.0,tied,"I'm onboarding into the SimpleLogin codebase and need to understand how it actually behaves when running. I want to know what port the Flask app binds to and what the startup logs look like when it initializes. For the health check, what response body and status code does it return? When a user creates an alias through the API, what does the actual JSON response look like, and what ends up in the database, which table, and what values? I'm also curious about failure behavior. If PostgreSQL isn't available when the app starts, what error appears, and where does it break? I need to see actual runtime output, not just what the code says should happen. You can create temporary test scripts, but don't modify the repository and clean up afterward.",0.14285714285714285,,
20260913T143407.885544474Z-openclaw-sweatlasqa-pilot30-ctxlimit-amem-repo-sglang,pilot30-ctxlimit,repo-scope,task-6905333b74f22949d97ba9a8,5,simple-login/app,fc9f7732-18fc-404f-8fc6-e709310c78c7,2,SimpleLogin startup port health check alias API PostgreSQL failure,0,0,0,,,,,SimpleLogin startup port health check alias API PostgreSQL failure,10.0,1194.0,1.0,1.0,1.0,0.0,tied,"I'm onboarding into the SimpleLogin codebase and need to understand how it actually behaves when running. I want to know what port the Flask app binds to and what the startup logs look like when it initializes. For the health check, what response body and status code does it return? When a user creates an alias through the API, what does the actual JSON response look like, and what ends up in the database, which table, and what values? I'm also curious about failure behavior. If PostgreSQL isn't available when the app starts, what error appears, and where does it break? I need to see actual runtime output, not just what the code says should happen. You can create temporary test scripts, but don't modify the repository and clean up afterward.",0.16326530612244897,,
20260913T143407.885544474Z-openclaw-sweatlasqa-pilot30-ctxlimit-amem-repo-sglang,pilot30-ctxlimit,repo-scope,task-6905333b74f22949d97ba9a9,6,simple-login/app,0eabbe36-7b90-44ac-9826-1efb19eb106f,1,SimpleLogin alias reply routing,0,0,0,,,,,SimpleLogin alias reply routing,10.0,1469.0,0.6,0.0,0.6,0.0,tied,"I'm running into unexpected behavior in the alias reply-handling flow of SimpleLogin and I want to determine whether it's a real issue or just a misunderstanding of how the pipeline works. When a user replies to an email that was forwarded through an alias, the backend is supposed to receive the inbound message, identify which alias it belongs to, and relay it back to the correct recipient, but in my local tests some replies appear to be routed to the wrong user even though the logs show the alias being recognized. Using the development environment, simulate an inbound email reply and trace the runtime flow end-to-end: observe which part of the system handles the incoming message, how the alias is resolved to a user, and what user ID the system ultimately decides to forward the reply to. Based on this live execution trace, explain the actual data flow and identify the most likely point in the pipeline where an incorrect routing decision could originate. You can create temporary scripts or logs that's fine but clean them up and leave the codebase as you found it.",0.05128205128205128,,
20260913T143407.885544474Z-openclaw-sweatlasqa-pilot30-ctxlimit-amem-repo-sglang,pilot30-ctxlimit,repo-scope,task-6905333b74f22949d97ba9a9,6,simple-login/app,0eabbe36-7b90-44ac-9826-1efb19eb106f,2,SimpleLogin alias reply routing pipeline data flow,0,0,0,,,,,SimpleLogin alias reply routing pipeline data flow,11.0,143.0,0.6,0.0,0.6,0.0,tied,"I'm running into unexpected behavior in the alias reply-handling flow of SimpleLogin and I want to determine whether it's a real issue or just a misunderstanding of how the pipeline works. When a user replies to an email that was forwarded through an alias, the backend is supposed to receive the inbound message, identify which alias it belongs to, and relay it back to the correct recipient, but in my local tests some replies appear to be routed to the wrong user even though the logs show the alias being recognized. Using the development environment, simulate an inbound email reply and trace the runtime flow end-to-end: observe which part of the system handles the incoming message, how the alias is resolved to a user, and what user ID the system ultimately decides to forward the reply to. Based on this live execution trace, explain the actual data flow and identify the most likely point in the pipeline where an incorrect routing decision could originate. You can create temporary scripts or logs that's fine but clean them up and leave the codebase as you found it.",0.08974358974358974,,
20260913T143407.885544474Z-openclaw-sweatlasqa-pilot30-ctxlimit-amem-repo-sglang,pilot30-ctxlimit,repo-scope,task-6905333b74f22949d97ba9aa,7,simple-login/app,ea1a5e80-e36c-4acb-858c-ef4d2b979d04,1,SimpleLogin application structure,0,0,0,,,,,SimpleLogin application structure,11.0,1194.0,,,0.6666666666666666,,,"I'm new to SimpleLogin and trying to get everything running locally. Once the application starts, how can I tell that the web server, email handler, and job runner are actually up and responding? What should I see in the logs or dashboard UI that confirms users can sign in and manage their aliases?

After it's running, try performing some basic user actions like creating a new account, creating an alias, and having that alias receive an email. What happens when a new account interacts with aliases or tries to receive mail, and how does the system show that these actions were handled correctly? What should I see at runtime that confirms the behavior you would expect?

While the application is active, do the email handler and job runner automatically come online in the background to support email activity or data handling? What behavior suggests that these internal components are functioning as intended across different situations?

Do not modify the source code. You can create temporary testing data such as accounts or aliases but clean them up when you are done.",0.029411764705882353,,
20260913T143407.885544474Z-openclaw-sweatlasqa-pilot30-ctxlimit-amem-repo-sglang,pilot30-ctxlimit,repo-scope,task-6905333b74f22949d97ba9aa,7,simple-login/app,ea1a5e80-e36c-4acb-858c-ef4d2b979d04,2,SimpleLogin startup logs web server email handler job runner,0,0,0,,,,,SimpleLogin startup logs web server email handler job runner,12.0,148.0,,,0.6666666666666666,,,"I'm new to SimpleLogin and trying to get everything running locally. Once the application starts, how can I tell that the web server, email handler, and job runner are actually up and responding? What should I see in the logs or dashboard UI that confirms users can sign in and manage their aliases?

After it's running, try performing some basic user actions like creating a new account, creating an alias, and having that alias receive an email. What happens when a new account interacts with aliases or tries to receive mail, and how does the system show that these actions were handled correctly? What should I see at runtime that confirms the behavior you would expect?

While the application is active, do the email handler and job runner automatically come online in the background to support email activity or data handling? What behavior suggests that these internal components are functioning as intended across different situations?

Do not modify the source code. You can create temporary testing data such as accounts or aliases but clean them up when you are done.",0.08823529411764706,,
20260913T143407.885544474Z-openclaw-sweatlasqa-pilot30-ctxlimit-amem-repo-sglang,pilot30-ctxlimit,repo-scope,task-6905333b74f22949d97ba9aa,7,simple-login/app,ea1a5e80-e36c-4acb-858c-ef4d2b979d04,3,SimpleLogin local startup web server email handler job runner verification,0,0,0,,,,,SimpleLogin local startup web server email handler job runner verification,12.0,1142.0,,,0.6666666666666666,,,"I'm new to SimpleLogin and trying to get everything running locally. Once the application starts, how can I tell that the web server, email handler, and job runner are actually up and responding? What should I see in the logs or dashboard UI that confirms users can sign in and manage their aliases?

After it's running, try performing some basic user actions like creating a new account, creating an alias, and having that alias receive an email. What happens when a new account interacts with aliases or tries to receive mail, and how does the system show that these actions were handled correctly? What should I see at runtime that confirms the behavior you would expect?

While the application is active, do the email handler and job runner automatically come online in the background to support email activity or data handling? What behavior suggests that these internal components are functioning as intended across different situations?

Do not modify the source code. You can create temporary testing data such as accounts or aliases but clean them up when you are done.",0.07142857142857142,,
20260913T143407.885544474Z-openclaw-sweatlasqa-pilot30-ctxlimit-amem-repo-sglang,pilot30-ctxlimit,repo-scope,task-6905333b74f22949d97ba9aa,7,simple-login/app,ea1a5e80-e36c-4acb-858c-ef4d2b979d04,4,SimpleLogin startup verification health check logs,0,0,0,,,,,SimpleLogin startup verification health check logs,13.0,1289.0,,,0.6666666666666666,,,"I'm new to SimpleLogin and trying to get everything running locally. Once the application starts, how can I tell that the web server, email handler, and job runner are actually up and responding? What should I see in the logs or dashboard UI that confirms users can sign in and manage their aliases?

After it's running, try performing some basic user actions like creating a new account, creating an alias, and having that alias receive an email. What happens when a new account interacts with aliases or tries to receive mail, and how does the system show that these actions were handled correctly? What should I see at runtime that confirms the behavior you would expect?

While the application is active, do the email handler and job runner automatically come online in the background to support email activity or data handling? What behavior suggests that these internal components are functioning as intended across different situations?

Do not modify the source code. You can create temporary testing data such as accounts or aliases but clean them up when you are done.",0.028169014084507043,,
20260913T143407.885544474Z-openclaw-sweatlasqa-pilot30-ctxlimit-amem-repo-sglang,pilot30-ctxlimit,repo-scope,task-6905333b74f22949d97ba9aa,7,simple-login/app,ea1a5e80-e36c-4acb-858c-ef4d2b979d04,5,SimpleLogin health check endpoint server create_app,0,0,0,,,,,SimpleLogin health check endpoint server create_app,13.0,1126.0,,,0.6666666666666666,,,"I'm new to SimpleLogin and trying to get everything running locally. Once the application starts, how can I tell that the web server, email handler, and job runner are actually up and responding? What should I see in the logs or dashboard UI that confirms users can sign in and manage their aliases?

After it's running, try performing some basic user actions like creating a new account, creating an alias, and having that alias receive an email. What happens when a new account interacts with aliases or tries to receive mail, and how does the system show that these actions were handled correctly? What should I see at runtime that confirms the behavior you would expect?

While the application is active, do the email handler and job runner automatically come online in the background to support email activity or data handling? What behavior suggests that these internal components are functioning as intended across different situations?

Do not modify the source code. You can create temporary testing data such as accounts or aliases but clean them up when you are done.",0.028169014084507043,,
20260913T143407.885544474Z-openclaw-sweatlasqa-pilot30-ctxlimit-amem-repo-sglang,pilot30-ctxlimit,repo-scope,task-6905333b74f22949d97ba9aa,7,simple-login/app,ea1a5e80-e36c-4acb-858c-ef4d2b979d04,6,SimpleLogin startup logs web server email handler job runner,0,0,0,,,,,,,,,,0.6666666666666666,,,"I'm new to SimpleLogin and trying to get everything running locally. Once the application starts, how can I tell that the web server, email handler, and job runner are actually up and responding? What should I see in the logs or dashboard UI that confirms users can sign in and manage their aliases?

After it's running, try performing some basic user actions like creating a new account, creating an alias, and having that alias receive an email. What happens when a new account interacts with aliases or tries to receive mail, and how does the system show that these actions were handled correctly? What should I see at runtime that confirms the behavior you would expect?

While the application is active, do the email handler and job runner automatically come online in the background to support email activity or data handling? What behavior suggests that these internal components are functioning as intended across different situations?

Do not modify the source code. You can create temporary testing data such as accounts or aliases but clean them up when you are done.",0.08823529411764706,,
20260913T143407.885544474Z-openclaw-sweatlasqa-pilot30-ctxlimit-amem-repo-sglang,pilot30-ctxlimit,repo-scope,task-6905333b74f22949d97ba9aa,7,simple-login/app,ea1a5e80-e36c-4acb-858c-ef4d2b979d04,7,SimpleLogin local startup web server email handler job runner verification,0,0,0,,,,,,,,,,0.6666666666666666,,,"I'm new to SimpleLogin and trying to get everything running locally. Once the application starts, how can I tell that the web server, email handler, and job runner are actually up and responding? What should I see in the logs or dashboard UI that confirms users can sign in and manage their aliases?

After it's running, try performing some basic user actions like creating a new account, creating an alias, and having that alias receive an email. What happens when a new account interacts with aliases or tries to receive mail, and how does the system show that these actions were handled correctly? What should I see at runtime that confirms the behavior you would expect?

While the application is active, do the email handler and job runner automatically come online in the background to support email activity or data handling? What behavior suggests that these internal components are functioning as intended across different situations?

Do not modify the source code. You can create temporary testing data such as accounts or aliases but clean them up when you are done.",0.07142857142857142,,
20260913T143407.885544474Z-openclaw-sweatlasqa-pilot30-ctxlimit-amem-repo-sglang,pilot30-ctxlimit,repo-scope,task-6905333b74f22949d97ba9aa,7,simple-login/app,ea1a5e80-e36c-4acb-858c-ef4d2b979d04,8,SimpleLogin startup verification health check logs,0,0,0,,,,,,,,,,0.6666666666666666,,,"I'm new to SimpleLogin and trying to get everything running locally. Once the application starts, how can I tell that the web server, email handler, and job runner are actually up and responding? What should I see in the logs or dashboard UI that confirms users can sign in and manage their aliases?

After it's running, try performing some basic user actions like creating a new account, creating an alias, and having that alias receive an email. What happens when a new account interacts with aliases or tries to receive mail, and how does the system show that these actions were handled correctly? What should I see at runtime that confirms the behavior you would expect?

While the application is active, do the email handler and job runner automatically come online in the background to support email activity or data handling? What behavior suggests that these internal components are functioning as intended across different situations?

Do not modify the source code. You can create temporary testing data such as accounts or aliases but clean them up when you are done.",0.028169014084507043,,
20260913T143407.885544474Z-openclaw-sweatlasqa-pilot30-ctxlimit-amem-repo-sglang,pilot30-ctxlimit,repo-scope,task-6905333b74f22949d97ba9aa,7,simple-login/app,ea1a5e80-e36c-4acb-858c-ef4d2b979d04,9,SimpleLogin health check endpoint server create_app,0,0,0,,,,,,,,,,0.6666666666666666,,,"I'm new to SimpleLogin and trying to get everything running locally. Once the application starts, how can I tell that the web server, email handler, and job runner are actually up and responding? What should I see in the logs or dashboard UI that confirms users can sign in and manage their aliases?

After it's running, try performing some basic user actions like creating a new account, creating an alias, and having that alias receive an email. What happens when a new account interacts with aliases or tries to receive mail, and how does the system show that these actions were handled correctly? What should I see at runtime that confirms the behavior you would expect?

While the application is active, do the email handler and job runner automatically come online in the background to support email activity or data handling? What behavior suggests that these internal components are functioning as intended across different situations?

Do not modify the source code. You can create temporary testing data such as accounts or aliases but clean them up when you are done.",0.028169014084507043,,
20260913T143407.885544474Z-openclaw-sweatlasqa-pilot30-ctxlimit-amem-repo-sglang,pilot30-ctxlimit,repo-scope,task-6905333b74f22949d97ba9ab,8,simple-login/app,249ae130-32b2-4fe4-a7e4-85d0e0851f0f,1,SimpleLogin alias creation,0,0,0,,,,,SimpleLogin alias creation,13.0,1574.0,,,0.7142857142857143,,,"I want to understand how SimpleLogin behaves during a normal alias-creation flow. To do that, run the full application locally using the standard development setup, login with any test user, and create a new alias while observing the system in real time.

As you go through this flow, watch the frontend and note exactly what request it sends to the backend when an alias is created. Then observe what the backend returns, including any status codes, payloads, or metadata that appear in the response. While the request is being processed, check what changes occur in the database. Identify which records are inserted or updated, how many tables are touched, and whether any related entities are created as part of the same operation.

Pay close attention to the logs to see whether the system triggers any background tasks, emits follow-up events, or performs additional work beyond the initial write. If anything fails, such as validation problems, DB errors, or network issues. Note how the error surfaces in the API response, logs, and resulting database state. Don't modify any of the repository source files while investigating. Feel free to create temporary scripts that's fine, but leave the actual codebase as you found it and ensure to clean up any temporary files or scripts you create when you're done.",0.0297029702970297,,
20260913T143407.885544474Z-openclaw-sweatlasqa-pilot30-ctxlimit-amem-repo-sglang,pilot30-ctxlimit,repo-scope,task-6905333b74f22949d97ba9ab,8,simple-login/app,249ae130-32b2-4fe4-a7e4-85d0e0851f0f,2,SimpleLogin alias creation flow frontend backend database,0,0,0,,,,,SimpleLogin alias creation flow frontend backend database,13.0,1165.0,,,0.7142857142857143,,,"I want to understand how SimpleLogin behaves during a normal alias-creation flow. To do that, run the full application locally using the standard development setup, login with any test user, and create a new alias while observing the system in real time.

As you go through this flow, watch the frontend and note exactly what request it sends to the backend when an alias is created. Then observe what the backend returns, including any status codes, payloads, or metadata that appear in the response. While the request is being processed, check what changes occur in the database. Identify which records are inserted or updated, how many tables are touched, and whether any related entities are created as part of the same operation.

Pay close attention to the logs to see whether the system triggers any background tasks, emits follow-up events, or performs additional work beyond the initial write. If anything fails, such as validation problems, DB errors, or network issues. Note how the error surfaces in the API response, logs, and resulting database state. Don't modify any of the repository source files while investigating. Feel free to create temporary scripts that's fine, but leave the actual codebase as you found it and ensure to clean up any temporary files or scripts you create when you're done.",0.06930693069306931,,
20260913T143407.885544474Z-openclaw-sweatlasqa-pilot30-ctxlimit-amem-repo-sglang,pilot30-ctxlimit,repo-scope,task-6905333b74f22949d97ba9ab,8,simple-login/app,249ae130-32b2-4fe4-a7e4-85d0e0851f0f,3,alias creation frontend request response payload API v2 dashboard custom alias,0,0,0,,,,,alias creation frontend request response payload API v2 dashboard custom alias,12.0,1222.0,,,0.7142857142857143,,,"I want to understand how SimpleLogin behaves during a normal alias-creation flow. To do that, run the full application locally using the standard development setup, login with any test user, and create a new alias while observing the system in real time.

As you go through this flow, watch the frontend and note exactly what request it sends to the backend when an alias is created. Then observe what the backend returns, including any status codes, payloads, or metadata that appear in the response. While the request is being processed, check what changes occur in the database. Identify which records are inserted or updated, how many tables are touched, and whether any related entities are created as part of the same operation.

Pay close attention to the logs to see whether the system triggers any background tasks, emits follow-up events, or performs additional work beyond the initial write. If anything fails, such as validation problems, DB errors, or network issues. Note how the error surfaces in the API response, logs, and resulting database state. Don't modify any of the repository source files while investigating. Feel free to create temporary scripts that's fine, but leave the actual codebase as you found it and ensure to clean up any temporary files or scripts you create when you're done.",0.04807692307692308,,
20260913T143407.885544474Z-openclaw-sweatlasqa-pilot30-ctxlimit-amem-repo-sglang,pilot30-ctxlimit,repo-scope,task-6905333b74f22949d97ba9ab,8,simple-login/app,249ae130-32b2-4fe4-a7e4-85d0e0851f0f,4,alias creation flow SimpleLogin,0,0,0,,,,,alias creation flow SimpleLogin,13.0,1217.0,,,0.7142857142857143,,,"I want to understand how SimpleLogin behaves during a normal alias-creation flow. To do that, run the full application locally using the standard development setup, login with any test user, and create a new alias while observing the system in real time.

As you go through this flow, watch the frontend and note exactly what request it sends to the backend when an alias is created. Then observe what the backend returns, including any status codes, payloads, or metadata that appear in the response. While the request is being processed, check what changes occur in the database. Identify which records are inserted or updated, how many tables are touched, and whether any related entities are created as part of the same operation.

Pay close attention to the logs to see whether the system triggers any background tasks, emits follow-up events, or performs additional work beyond the initial write. If anything fails, such as validation problems, DB errors, or network issues. Note how the error surfaces in the API response, logs, and resulting database state. Don't modify any of the repository source files while investigating. Feel free to create temporary scripts that's fine, but leave the actual codebase as you found it and ensure to clean up any temporary files or scripts you create when you're done.",0.039603960396039604,,
20260913T143407.885544474Z-openclaw-sweatlasqa-pilot30-ctxlimit-amem-repo-sglang,pilot30-ctxlimit,repo-scope,task-6905333b74f22949d97ba9ab,8,simple-login/app,249ae130-32b2-4fe4-a7e4-85d0e0851f0f,5,alias creation code paths functions files,0,0,0,,,,,alias creation code paths functions files,13.0,1118.0,,,0.7142857142857143,,,"I want to understand how SimpleLogin behaves during a normal alias-creation flow. To do that, run the full application locally using the standard development setup, login with any test user, and create a new alias while observing the system in real time.

As you go through this flow, watch the frontend and note exactly what request it sends to the backend when an alias is created. Then observe what the backend returns, including any status codes, payloads, or metadata that appear in the response. While the request is being processed, check what changes occur in the database. Identify which records are inserted or updated, how many tables are touched, and whether any related entities are created as part of the same operation.

Pay close attention to the logs to see whether the system triggers any background tasks, emits follow-up events, or performs additional work beyond the initial write. If anything fails, such as validation problems, DB errors, or network issues. Note how the error surfaces in the API response, logs, and resulting database state. Don't modify any of the repository source files while investigating. Feel free to create temporary scripts that's fine, but leave the actual codebase as you found it and ensure to clean up any temporary files or scripts you create when you're done.",0.02912621359223301,,
20260913T143407.885544474Z-openclaw-sweatlasqa-pilot30-ctxlimit-amem-repo-sglang,pilot30-ctxlimit,repo-scope,task-6905333b74f22949d97ba9ab,8,simple-login/app,249ae130-32b2-4fe4-a7e4-85d0e0851f0f,6,SimpleLogin alias creation flow frontend backend database,0,0,0,,,,,,,,,,0.7142857142857143,,,"I want to understand how SimpleLogin behaves during a normal alias-creation flow. To do that, run the full application locally using the standard development setup, login with any test user, and create a new alias while observing the system in real time.

As you go through this flow, watch the frontend and note exactly what request it sends to the backend when an alias is created. Then observe what the backend returns, including any status codes, payloads, or metadata that appear in the response. While the request is being processed, check what changes occur in the database. Identify which records are inserted or updated, how many tables are touched, and whether any related entities are created as part of the same operation.

Pay close attention to the logs to see whether the system triggers any background tasks, emits follow-up events, or performs additional work beyond the initial write. If anything fails, such as validation problems, DB errors, or network issues. Note how the error surfaces in the API response, logs, and resulting database state. Don't modify any of the repository source files while investigating. Feel free to create temporary scripts that's fine, but leave the actual codebase as you found it and ensure to clean up any temporary files or scripts you create when you're done.",0.06930693069306931,,
20260913T143407.885544474Z-openclaw-sweatlasqa-pilot30-ctxlimit-amem-repo-sglang,pilot30-ctxlimit,repo-scope,task-6905333b74f22949d97ba9ab,8,simple-login/app,249ae130-32b2-4fe4-a7e4-85d0e0851f0f,7,alias creation frontend request response payload API v2 dashboard custom alias,0,0,0,,,,,,,,,,0.7142857142857143,,,"I want to understand how SimpleLogin behaves during a normal alias-creation flow. To do that, run the full application locally using the standard development setup, login with any test user, and create a new alias while observing the system in real time.

As you go through this flow, watch the frontend and note exactly what request it sends to the backend when an alias is created. Then observe what the backend returns, including any status codes, payloads, or metadata that appear in the response. While the request is being processed, check what changes occur in the database. Identify which records are inserted or updated, how many tables are touched, and whether any related entities are created as part of the same operation.

Pay close attention to the logs to see whether the system triggers any background tasks, emits follow-up events, or performs additional work beyond the initial write. If anything fails, such as validation problems, DB errors, or network issues. Note how the error surfaces in the API response, logs, and resulting database state. Don't modify any of the repository source files while investigating. Feel free to create temporary scripts that's fine, but leave the actual codebase as you found it and ensure to clean up any temporary files or scripts you create when you're done.",0.04807692307692308,,
20260913T143407.885544474Z-openclaw-sweatlasqa-pilot30-ctxlimit-amem-repo-sglang,pilot30-ctxlimit,repo-scope,task-6905333b74f22949d97ba9ab,8,simple-login/app,249ae130-32b2-4fe4-a7e4-85d0e0851f0f,8,alias creation flow SimpleLogin,0,0,0,,,,,,,,,,0.7142857142857143,,,"I want to understand how SimpleLogin behaves during a normal alias-creation flow. To do that, run the full application locally using the standard development setup, login with any test user, and create a new alias while observing the system in real time.

As you go through this flow, watch the frontend and note exactly what request it sends to the backend when an alias is created. Then observe what the backend returns, including any status codes, payloads, or metadata that appear in the response. While the request is being processed, check what changes occur in the database. Identify which records are inserted or updated, how many tables are touched, and whether any related entities are created as part of the same operation.

Pay close attention to the logs to see whether the system triggers any background tasks, emits follow-up events, or performs additional work beyond the initial write. If anything fails, such as validation problems, DB errors, or network issues. Note how the error surfaces in the API response, logs, and resulting database state. Don't modify any of the repository source files while investigating. Feel free to create temporary scripts that's fine, but leave the actual codebase as you found it and ensure to clean up any temporary files or scripts you create when you're done.",0.039603960396039604,,
20260913T143407.885544474Z-openclaw-sweatlasqa-pilot30-ctxlimit-amem-repo-sglang,pilot30-ctxlimit,repo-scope,task-6905333b74f22949d97ba9ab,8,simple-login/app,249ae130-32b2-4fe4-a7e4-85d0e0851f0f,9,alias creation code paths functions files,0,0,0,,,,,,,,,,0.7142857142857143,,,"I want to understand how SimpleLogin behaves during a normal alias-creation flow. To do that, run the full application locally using the standard development setup, login with any test user, and create a new alias while observing the system in real time.

As you go through this flow, watch the frontend and note exactly what request it sends to the backend when an alias is created. Then observe what the backend returns, including any status codes, payloads, or metadata that appear in the response. While the request is being processed, check what changes occur in the database. Identify which records are inserted or updated, how many tables are touched, and whether any related entities are created as part of the same operation.

Pay close attention to the logs to see whether the system triggers any background tasks, emits follow-up events, or performs additional work beyond the initial write. If anything fails, such as validation problems, DB errors, or network issues. Note how the error surfaces in the API response, logs, and resulting database state. Don't modify any of the repository source files while investigating. Feel free to create temporary scripts that's fine, but leave the actual codebase as you found it and ensure to clean up any temporary files or scripts you create when you're done.",0.02912621359223301,,
20260913T143407.885544474Z-openclaw-sweatlasqa-pilot30-ctxlimit-amem-repo-sglang,pilot30-ctxlimit,repo-scope,task-6905333b74f22949d97ba9ac,9,simple-login/app,bf35deaa-dc7b-4a56-945f-8c37a6ee66aa,1,SimpleLogin email forwarding alias log message,0,0,0,,,,,SimpleLogin email forwarding alias log message,11.0,343.0,0.6,0.0,0.6,0.0,tied,"I'm investigating a production issue where users report inconsistent behavior when emails are forwarded through SimpleLogin aliases. I need to trace the actual email processing flow to understand what's happening. When the email handler processes an incoming email to an alias, I want to observe, what is the exact log message text that appears when an email is successfully forwarded versus when it fails due to a non-existent alias, what specific SL Message-ID gets generated during forwarding and how does it differ from the original Message-ID, what is the exact From header value in the forwarded email after transformation including the reply-email address format, and what database records are created during a single forward operation show me the actual record IDs and timestamps. Trace through an actual email forward operation and capture these specific runtime values. I need to see actual generated values, not what the code logic suggests should happen. Just don't modify any source files while investigating, and clean up any test containers or DB instances you spin up.",0.07142857142857142,,
20260913T143407.885544474Z-openclaw-sweatlasqa-pilot30-ctxlimit-amem-repo-sglang,pilot30-ctxlimit,repo-scope,task-6905333b74f22949d97ba9ad,10,simple-login/app,7ad48af1-e09d-49e5-9b52-48c7a59f81f3,1,SimpleLogin codebase structure,0,0,0,,,,,SimpleLogin codebase structure,13.0,1687.0,,,0.8181818181818182,,,"I am setting up SimpleLogin for the first time and I want to confirm that the platform is actually working the way it should when everything is running locally. After starting the system what should I notice in the logs or UI that shows the app is ready to handle user authentication and alias based email activity?

Once it is running can you try walking through the typical product experience as if you were a new user signing up for the first time. What happens when a user registers verifies their address and tries to log in. What visible behavior confirms that the system is handling every step correctly and forwarding the user into the dashboard as expected?

I am also curious about what the application does behind the scenes during that flow. Are there any indicators that background jobs or internal services are doing their part to support email forwarding or identity verification. What should I expect to observe at runtime that tells me these moving pieces are active and talking to each other properly?

You can create anything temporary that you need for testing like new users or aliases but remove them when you are done and please do not make any changes to the source code.",0.012048192771084338,,
20260913T143407.885544474Z-openclaw-sweatlasqa-pilot30-ctxlimit-amem-repo-sglang,pilot30-ctxlimit,repo-scope,task-6905333b74f22949d97ba9ad,10,simple-login/app,7ad48af1-e09d-49e5-9b52-48c7a59f81f3,2,SimpleLogin architecture startup server auth email forwarding,0,0,0,,,,,SimpleLogin architecture startup server auth email forwarding,13.0,1178.0,,,0.8181818181818182,,,"I am setting up SimpleLogin for the first time and I want to confirm that the platform is actually working the way it should when everything is running locally. After starting the system what should I notice in the logs or UI that shows the app is ready to handle user authentication and alias based email activity?

Once it is running can you try walking through the typical product experience as if you were a new user signing up for the first time. What happens when a user registers verifies their address and tries to log in. What visible behavior confirms that the system is handling every step correctly and forwarding the user into the dashboard as expected?

I am also curious about what the application does behind the scenes during that flow. Are there any indicators that background jobs or internal services are doing their part to support email forwarding or identity verification. What should I expect to observe at runtime that tells me these moving pieces are active and talking to each other properly?

You can create anything temporary that you need for testing like new users or aliases but remove them when you are done and please do not make any changes to the source code.",0.03488372093023256,,
20260913T143407.885544474Z-openclaw-sweatlasqa-pilot30-ctxlimit-amem-repo-sglang,pilot30-ctxlimit,repo-scope,task-6905333b74f22949d97ba9ad,10,simple-login/app,7ad48af1-e09d-49e5-9b52-48c7a59f81f3,3,SimpleLogin startup logs indicators email forwarding authentication,0,0,0,,,,,SimpleLogin startup logs indicators email forwarding authentication,13.0,1118.0,,,0.8181818181818182,,,"I am setting up SimpleLogin for the first time and I want to confirm that the platform is actually working the way it should when everything is running locally. After starting the system what should I notice in the logs or UI that shows the app is ready to handle user authentication and alias based email activity?

Once it is running can you try walking through the typical product experience as if you were a new user signing up for the first time. What happens when a user registers verifies their address and tries to log in. What visible behavior confirms that the system is handling every step correctly and forwarding the user into the dashboard as expected?

I am also curious about what the application does behind the scenes during that flow. Are there any indicators that background jobs or internal services are doing their part to support email forwarding or identity verification. What should I expect to observe at runtime that tells me these moving pieces are active and talking to each other properly?

You can create anything temporary that you need for testing like new users or aliases but remove them when you are done and please do not make any changes to the source code.",0.07228915662650602,,
20260913T143407.885544474Z-openclaw-sweatlasqa-pilot30-ctxlimit-amem-repo-sglang,pilot30-ctxlimit,repo-scope,task-6905333b74f22949d97ba9ad,10,simple-login/app,7ad48af1-e09d-49e5-9b52-48c7a59f81f3,4,SimpleLogin startup verification indicators logs email forwarding authentication,0,0,0,,,,,SimpleLogin startup verification indicators logs email forwarding authentication,14.0,1125.0,,,0.8181818181818182,,,"I am setting up SimpleLogin for the first time and I want to confirm that the platform is actually working the way it should when everything is running locally. After starting the system what should I notice in the logs or UI that shows the app is ready to handle user authentication and alias based email activity?

Once it is running can you try walking through the typical product experience as if you were a new user signing up for the first time. What happens when a user registers verifies their address and tries to log in. What visible behavior confirms that the system is handling every step correctly and forwarding the user into the dashboard as expected?

I am also curious about what the application does behind the scenes during that flow. Are there any indicators that background jobs or internal services are doing their part to support email forwarding or identity verification. What should I expect to observe at runtime that tells me these moving pieces are active and talking to each other properly?

You can create anything temporary that you need for testing like new users or aliases but remove them when you are done and please do not make any changes to the source code.",0.08433734939759036,,
20260913T143407.885544474Z-openclaw-sweatlasqa-pilot30-ctxlimit-amem-repo-sglang,pilot30-ctxlimit,repo-scope,task-6905333b74f22949d97ba9ad,10,simple-login/app,7ad48af1-e09d-49e5-9b52-48c7a59f81f3,5,SimpleLogin user registration flow auth activation login dashboard entry points,0,0,0,,,,,SimpleLogin user registration flow auth activation login dashboard entry points,13.0,1167.0,,,0.8181818181818182,,,"I am setting up SimpleLogin for the first time and I want to confirm that the platform is actually working the way it should when everything is running locally. After starting the system what should I notice in the logs or UI that shows the app is ready to handle user authentication and alias based email activity?

Once it is running can you try walking through the typical product experience as if you were a new user signing up for the first time. What happens when a user registers verifies their address and tries to log in. What visible behavior confirms that the system is handling every step correctly and forwarding the user into the dashboard as expected?

I am also curious about what the application does behind the scenes during that flow. Are there any indicators that background jobs or internal services are doing their part to support email forwarding or identity verification. What should I expect to observe at runtime that tells me these moving pieces are active and talking to each other properly?

You can create anything temporary that you need for testing like new users or aliases but remove them when you are done and please do not make any changes to the source code.",0.045454545454545456,,
20260913T143407.885544474Z-openclaw-sweatlasqa-pilot30-ctxlimit-amem-repo-sglang,pilot30-ctxlimit,repo-scope,task-6905333b74f22949d97ba9ad,10,simple-login/app,7ad48af1-e09d-49e5-9b52-48c7a59f81f3,6,SimpleLogin architecture startup server auth email forwarding,0,0,0,,,,,,,,,,0.8181818181818182,,,"I am setting up SimpleLogin for the first time and I want to confirm that the platform is actually working the way it should when everything is running locally. After starting the system what should I notice in the logs or UI that shows the app is ready to handle user authentication and alias based email activity?

Once it is running can you try walking through the typical product experience as if you were a new user signing up for the first time. What happens when a user registers verifies their address and tries to log in. What visible behavior confirms that the system is handling every step correctly and forwarding the user into the dashboard as expected?

I am also curious about what the application does behind the scenes during that flow. Are there any indicators that background jobs or internal services are doing their part to support email forwarding or identity verification. What should I expect to observe at runtime that tells me these moving pieces are active and talking to each other properly?

You can create anything temporary that you need for testing like new users or aliases but remove them when you are done and please do not make any changes to the source code.",0.03488372093023256,,
20260913T143407.885544474Z-openclaw-sweatlasqa-pilot30-ctxlimit-amem-repo-sglang,pilot30-ctxlimit,repo-scope,task-6905333b74f22949d97ba9ad,10,simple-login/app,7ad48af1-e09d-49e5-9b52-48c7a59f81f3,7,SimpleLogin startup logs indicators email forwarding authentication,0,0,0,,,,,,,,,,0.8181818181818182,,,"I am setting up SimpleLogin for the first time and I want to confirm that the platform is actually working the way it should when everything is running locally. After starting the system what should I notice in the logs or UI that shows the app is ready to handle user authentication and alias based email activity?

Once it is running can you try walking through the typical product experience as if you were a new user signing up for the first time. What happens when a user registers verifies their address and tries to log in. What visible behavior confirms that the system is handling every step correctly and forwarding the user into the dashboard as expected?

I am also curious about what the application does behind the scenes during that flow. Are there any indicators that background jobs or internal services are doing their part to support email forwarding or identity verification. What should I expect to observe at runtime that tells me these moving pieces are active and talking to each other properly?

You can create anything temporary that you need for testing like new users or aliases but remove them when you are done and please do not make any changes to the source code.",0.07228915662650602,,
20260913T143407.885544474Z-openclaw-sweatlasqa-pilot30-ctxlimit-amem-repo-sglang,pilot30-ctxlimit,repo-scope,task-6905333b74f22949d97ba9ad,10,simple-login/app,7ad48af1-e09d-49e5-9b52-48c7a59f81f3,8,SimpleLogin startup verification indicators logs email forwarding authentication,0,0,0,,,,,,,,,,0.8181818181818182,,,"I am setting up SimpleLogin for the first time and I want to confirm that the platform is actually working the way it should when everything is running locally. After starting the system what should I notice in the logs or UI that shows the app is ready to handle user authentication and alias based email activity?

Once it is running can you try walking through the typical product experience as if you were a new user signing up for the first time. What happens when a user registers verifies their address and tries to log in. What visible behavior confirms that the system is handling every step correctly and forwarding the user into the dashboard as expected?

I am also curious about what the application does behind the scenes during that flow. Are there any indicators that background jobs or internal services are doing their part to support email forwarding or identity verification. What should I expect to observe at runtime that tells me these moving pieces are active and talking to each other properly?

You can create anything temporary that you need for testing like new users or aliases but remove them when you are done and please do not make any changes to the source code.",0.08433734939759036,,
20260913T143407.885544474Z-openclaw-sweatlasqa-pilot30-ctxlimit-amem-repo-sglang,pilot30-ctxlimit,repo-scope,task-6905333b74f22949d97ba9ad,10,simple-login/app,7ad48af1-e09d-49e5-9b52-48c7a59f81f3,9,SimpleLogin user registration flow auth activation login dashboard entry points,0,0,0,,,,,,,,,,0.8181818181818182,,,"I am setting up SimpleLogin for the first time and I want to confirm that the platform is actually working the way it should when everything is running locally. After starting the system what should I notice in the logs or UI that shows the app is ready to handle user authentication and alias based email activity?

Once it is running can you try walking through the typical product experience as if you were a new user signing up for the first time. What happens when a user registers verifies their address and tries to log in. What visible behavior confirms that the system is handling every step correctly and forwarding the user into the dashboard as expected?

I am also curious about what the application does behind the scenes during that flow. Are there any indicators that background jobs or internal services are doing their part to support email forwarding or identity verification. What should I expect to observe at runtime that tells me these moving pieces are active and talking to each other properly?

You can create anything temporary that you need for testing like new users or aliases but remove them when you are done and please do not make any changes to the source code.",0.045454545454545456,,
20260913T143407.885544474Z-openclaw-sweatlasqa-pilot30-ctxlimit-amem-repo-sglang,pilot30-ctxlimit,repo-scope,task-6905333b74f22949d97ba9ae,11,simple-login/app,029681f1-9528-40d0-8834-5f6269fa5863,1,SimpleLogin reply inbound email contact resolution,0,0,0,,,,,SimpleLogin reply inbound email contact resolution,13.0,1250.0,0.5,0.0,0.5833333333333334,-0.0833333333333333,degraded,"I’d like to understand how SimpleLogin resolves inbound email replies to a contact and forwarding destination during normal alias usage, specifically in cases where a reply ends up being delivered to a different user than the alias owner. As inbound reply messages are processed, focus on how the system derives the reply email address and uses it to identify the associated contact. Observe the actual runtime values involved in this resolution, the extracted reply email, the contact (if any) that it resolves to, and the user or alias ultimately selected as the forwarding destination. Track how these values behave across multiple reply events. Note whether the same reply email ever resolves to different contacts over time, fails to resolve temporarily, or resolves correctly but later results in forwarding to a different user than expected. Use these observations to determine whether the reply-handling logic specifically the lookup of contacts by reply email exhibits any race conditions, uniqueness assumptions, or timing-related inconsistencies that could explain why a reply is routed to the wrong user. Describe the runtime values you observed during reply resolution and explain how those values lead to the observed behavior. Don’t modify any repository source files. If temporary scripts or tooling are needed to observe behavior, that’s fine, but clean them up afterward and leave the repository unchanged.",0.06741573033707865,,
20260913T143407.885544474Z-openclaw-sweatlasqa-pilot30-ctxlimit-amem-repo-sglang,pilot30-ctxlimit,repo-scope,task-6905333b74f22949d97ba9ae,11,simple-login/app,029681f1-9528-40d0-8834-5f6269fa5863,2,SimpleLogin reply email resolution contact lookup forward,0,0,0,,,,,SimpleLogin reply email resolution contact lookup forward,14.0,1117.0,0.5,0.0,0.5833333333333334,-0.0833333333333333,degraded,"I’d like to understand how SimpleLogin resolves inbound email replies to a contact and forwarding destination during normal alias usage, specifically in cases where a reply ends up being delivered to a different user than the alias owner. As inbound reply messages are processed, focus on how the system derives the reply email address and uses it to identify the associated contact. Observe the actual runtime values involved in this resolution, the extracted reply email, the contact (if any) that it resolves to, and the user or alias ultimately selected as the forwarding destination. Track how these values behave across multiple reply events. Note whether the same reply email ever resolves to different contacts over time, fails to resolve temporarily, or resolves correctly but later results in forwarding to a different user than expected. Use these observations to determine whether the reply-handling logic specifically the lookup of contacts by reply email exhibits any race conditions, uniqueness assumptions, or timing-related inconsistencies that could explain why a reply is routed to the wrong user. Describe the runtime values you observed during reply resolution and explain how those values lead to the observed behavior. Don’t modify any repository source files. If temporary scripts or tooling are needed to observe behavior, that’s fine, but clean them up afterward and leave the repository unchanged.",0.06666666666666667,,
20260913T143407.885544474Z-openclaw-sweatlasqa-pilot30-ctxlimit-amem-repo-sglang,pilot30-ctxlimit,repo-scope,task-6905333b74f22949d97ba9ae,11,simple-login/app,029681f1-9528-40d0-8834-5f6269fa5863,3,SimpleLogin reply resolution contact lookup reverse alias,0,0,0,,,,,SimpleLogin reply resolution contact lookup reverse alias,13.0,1180.0,0.5,0.0,0.5833333333333334,-0.0833333333333333,degraded,"I’d like to understand how SimpleLogin resolves inbound email replies to a contact and forwarding destination during normal alias usage, specifically in cases where a reply ends up being delivered to a different user than the alias owner. As inbound reply messages are processed, focus on how the system derives the reply email address and uses it to identify the associated contact. Observe the actual runtime values involved in this resolution, the extracted reply email, the contact (if any) that it resolves to, and the user or alias ultimately selected as the forwarding destination. Track how these values behave across multiple reply events. Note whether the same reply email ever resolves to different contacts over time, fails to resolve temporarily, or resolves correctly but later results in forwarding to a different user than expected. Use these observations to determine whether the reply-handling logic specifically the lookup of contacts by reply email exhibits any race conditions, uniqueness assumptions, or timing-related inconsistencies that could explain why a reply is routed to the wrong user. Describe the runtime values you observed during reply resolution and explain how those values lead to the observed behavior. Don’t modify any repository source files. If temporary scripts or tooling are needed to observe behavior, that’s fine, but clean them up afterward and leave the repository unchanged.",0.06666666666666667,,
20260913T143407.885544474Z-openclaw-sweatlasqa-pilot30-ctxlimit-amem-repo-sglang,pilot30-ctxlimit,repo-scope,task-6905333b74f22949d97ba9ae,11,simple-login/app,029681f1-9528-40d0-8834-5f6269fa5863,4,reply_email resolution collision race condition contact lookup uniqueness constraint transfer_alias,0,0,0,,,,,reply_email resolution collision race condition contact lookup uniqueness constraint transfer_alias,13.0,1136.0,0.5,0.0,0.5833333333333334,-0.0833333333333333,degraded,"I’d like to understand how SimpleLogin resolves inbound email replies to a contact and forwarding destination during normal alias usage, specifically in cases where a reply ends up being delivered to a different user than the alias owner. As inbound reply messages are processed, focus on how the system derives the reply email address and uses it to identify the associated contact. Observe the actual runtime values involved in this resolution, the extracted reply email, the contact (if any) that it resolves to, and the user or alias ultimately selected as the forwarding destination. Track how these values behave across multiple reply events. Note whether the same reply email ever resolves to different contacts over time, fails to resolve temporarily, or resolves correctly but later results in forwarding to a different user than expected. Use these observations to determine whether the reply-handling logic specifically the lookup of contacts by reply email exhibits any race conditions, uniqueness assumptions, or timing-related inconsistencies that could explain why a reply is routed to the wrong user. Describe the runtime values you observed during reply resolution and explain how those values lead to the observed behavior. Don’t modify any repository source files. If temporary scripts or tooling are needed to observe behavior, that’s fine, but clean them up afterward and leave the repository unchanged.",0.05319148936170213,,
20260913T143407.885544474Z-openclaw-sweatlasqa-pilot30-ctxlimit-amem-repo-sglang,pilot30-ctxlimit,repo-scope,task-6905333b74f22949d97ba9ae,11,simple-login/app,029681f1-9528-40d0-8834-5f6269fa5863,5,transfer_alias update Contact user_id alias user mailbox_id consistency,0,0,0,,,,,transfer_alias update Contact user_id alias user mailbox_id consistency,13.0,1129.0,0.5,0.0,0.5833333333333334,-0.0833333333333333,degraded,"I’d like to understand how SimpleLogin resolves inbound email replies to a contact and forwarding destination during normal alias usage, specifically in cases where a reply ends up being delivered to a different user than the alias owner. As inbound reply messages are processed, focus on how the system derives the reply email address and uses it to identify the associated contact. Observe the actual runtime values involved in this resolution, the extracted reply email, the contact (if any) that it resolves to, and the user or alias ultimately selected as the forwarding destination. Track how these values behave across multiple reply events. Note whether the same reply email ever resolves to different contacts over time, fails to resolve temporarily, or resolves correctly but later results in forwarding to a different user than expected. Use these observations to determine whether the reply-handling logic specifically the lookup of contacts by reply email exhibits any race conditions, uniqueness assumptions, or timing-related inconsistencies that could explain why a reply is routed to the wrong user. Describe the runtime values you observed during reply resolution and explain how those values lead to the observed behavior. Don’t modify any repository source files. If temporary scripts or tooling are needed to observe behavior, that’s fine, but clean them up afterward and leave the repository unchanged.",0.031914893617021274,,
20260913T143407.885544474Z-openclaw-sweatlasqa-pilot30-ctxlimit-amem-repo-sglang,pilot30-ctxlimit,repo-scope,task-6905333b74f22949d97ba9af,12,simple-login/app,86d1c15c-1fb4-4b85-8554-c51ce2a6ad0c,1,application server database migration email handler,0,0,0,,,,,application server database migration email handler,13.0,1178.0,0.9230769230769232,0.0,0.8461538461538461,0.0769230769230769,improved,"I'm trying to get the development environment running locally for the first time, and the documentation isn't very clear about the startup order or what breaks if certain setup steps are skipped. I want to bring the whole stack up from scratch and note what actually happens along the way.

To start with, I want to see what happens if the database isn't fully set up yet. With PostgreSQL running and an empty database created (no tables, migrations not run), what error do I actually hit when I start the server with python [server.py](http://server.py) and then try to open the login page in the browser? I'm looking for the full Python exception that gets raised.

Once the database migrations and the initialization script (init\_[app.py](http://app.py)) have been run and everything is set up correctly, I need to understand which Python services must be running for the system to work. Start each required service and show me the exact log output that confirms it's running and ready to accept connections. I want to see the actual startup messages from stdout/stderr, not just what the code says I need to verify the services are actually binding to their ports and working.

I'm also curious about what happens if the initialization step is skipped. If I run the migrations but don't run init\_[app.py](http://app.py), the SLDomain table should be empty (no email domains configured). If I then start the email handler and simulate an incoming email addressed to any @sl.local address, what happens? What SMTP status code does the email handler return to the sender, and what does it log to explain the rejection?

I'm not changing or deleting any source files here I just want to observe the system's behavior. Temporary config files or small test scripts are fine if needed.",0.037037037037037035,,
20260913T143407.885544474Z-openclaw-sweatlasqa-pilot30-ctxlimit-amem-repo-sglang,pilot30-ctxlimit,repo-scope,task-6905333b74f22949d97ba9af,12,simple-login/app,86d1c15c-1fb4-4b85-8554-c51ce2a6ad0c,2,SimpleLogin startup database server.py email handler,0,0,0,,,,,SimpleLogin startup database server.py email handler,13.0,1186.0,0.9230769230769232,0.0,0.8461538461538461,0.0769230769230769,improved,"I'm trying to get the development environment running locally for the first time, and the documentation isn't very clear about the startup order or what breaks if certain setup steps are skipped. I want to bring the whole stack up from scratch and note what actually happens along the way.

To start with, I want to see what happens if the database isn't fully set up yet. With PostgreSQL running and an empty database created (no tables, migrations not run), what error do I actually hit when I start the server with python [server.py](http://server.py) and then try to open the login page in the browser? I'm looking for the full Python exception that gets raised.

Once the database migrations and the initialization script (init\_[app.py](http://app.py)) have been run and everything is set up correctly, I need to understand which Python services must be running for the system to work. Start each required service and show me the exact log output that confirms it's running and ready to accept connections. I want to see the actual startup messages from stdout/stderr, not just what the code says I need to verify the services are actually binding to their ports and working.

I'm also curious about what happens if the initialization step is skipped. If I run the migrations but don't run init\_[app.py](http://app.py), the SLDomain table should be empty (no email domains configured). If I then start the email handler and simulate an incoming email addressed to any @sl.local address, what happens? What SMTP status code does the email handler return to the sender, and what does it log to explain the rejection?

I'm not changing or deleting any source files here I just want to observe the system's behavior. Temporary config files or small test scripts are fine if needed.",0.04672897196261682,,
20260913T143407.885544474Z-openclaw-sweatlasqa-pilot30-ctxlimit-amem-repo-sglang,pilot30-ctxlimit,repo-scope,task-6905333b74f22949d97ba9af,12,simple-login/app,86d1c15c-1fb4-4b85-8554-c51ce2a6ad0c,3,SimpleLogin database email handler startup services required,0,0,0,,,,,SimpleLogin database email handler startup services required,16.0,1115.0,0.9230769230769232,0.0,0.8461538461538461,0.0769230769230769,improved,"I'm trying to get the development environment running locally for the first time, and the documentation isn't very clear about the startup order or what breaks if certain setup steps are skipped. I want to bring the whole stack up from scratch and note what actually happens along the way.

To start with, I want to see what happens if the database isn't fully set up yet. With PostgreSQL running and an empty database created (no tables, migrations not run), what error do I actually hit when I start the server with python [server.py](http://server.py) and then try to open the login page in the browser? I'm looking for the full Python exception that gets raised.

Once the database migrations and the initialization script (init\_[app.py](http://app.py)) have been run and everything is set up correctly, I need to understand which Python services must be running for the system to work. Start each required service and show me the exact log output that confirms it's running and ready to accept connections. I want to see the actual startup messages from stdout/stderr, not just what the code says I need to verify the services are actually binding to their ports and working.

I'm also curious about what happens if the initialization step is skipped. If I run the migrations but don't run init\_[app.py](http://app.py), the SLDomain table should be empty (no email domains configured). If I then start the email handler and simulate an incoming email addressed to any @sl.local address, what happens? What SMTP status code does the email handler return to the sender, and what does it log to explain the rejection?

I'm not changing or deleting any source files here I just want to observe the system's behavior. Temporary config files or small test scripts are fine if needed.",0.056074766355140186,,
20260913T143407.885544474Z-openclaw-sweatlasqa-pilot30-ctxlimit-amem-repo-sglang,pilot30-ctxlimit,repo-scope,task-6905333b74f22949d97ba9af,12,simple-login/app,86d1c15c-1fb4-4b85-8554-c51ce2a6ad0c,4,SimpleLogin server startup database empty tables error,0,0,0,,,,,SimpleLogin server startup database empty tables error,15.0,1168.0,0.9230769230769232,0.0,0.8461538461538461,0.0769230769230769,improved,"I'm trying to get the development environment running locally for the first time, and the documentation isn't very clear about the startup order or what breaks if certain setup steps are skipped. I want to bring the whole stack up from scratch and note what actually happens along the way.

To start with, I want to see what happens if the database isn't fully set up yet. With PostgreSQL running and an empty database created (no tables, migrations not run), what error do I actually hit when I start the server with python [server.py](http://server.py) and then try to open the login page in the browser? I'm looking for the full Python exception that gets raised.

Once the database migrations and the initialization script (init\_[app.py](http://app.py)) have been run and everything is set up correctly, I need to understand which Python services must be running for the system to work. Start each required service and show me the exact log output that confirms it's running and ready to accept connections. I want to see the actual startup messages from stdout/stderr, not just what the code says I need to verify the services are actually binding to their ports and working.

I'm also curious about what happens if the initialization step is skipped. If I run the migrations but don't run init\_[app.py](http://app.py), the SLDomain table should be empty (no email domains configured). If I then start the email handler and simulate an incoming email addressed to any @sl.local address, what happens? What SMTP status code does the email handler return to the sender, and what does it log to explain the rejection?

I'm not changing or deleting any source files here I just want to observe the system's behavior. Temporary config files or small test scripts are fine if needed.",0.056074766355140186,,
20260913T143407.885544474Z-openclaw-sweatlasqa-pilot30-ctxlimit-amem-repo-sglang,pilot30-ctxlimit,repo-scope,task-6905333b74f22949d97ba9af,12,simple-login/app,86d1c15c-1fb4-4b85-8554-c51ce2a6ad0c,5,email_handler SMTP status code E515 log messages startup services,0,0,0,,,,,email_handler SMTP status code E515 log messages startup services,13.0,1151.0,0.9230769230769232,0.0,0.8461538461538461,0.0769230769230769,improved,"I'm trying to get the development environment running locally for the first time, and the documentation isn't very clear about the startup order or what breaks if certain setup steps are skipped. I want to bring the whole stack up from scratch and note what actually happens along the way.

To start with, I want to see what happens if the database isn't fully set up yet. With PostgreSQL running and an empty database created (no tables, migrations not run), what error do I actually hit when I start the server with python [server.py](http://server.py) and then try to open the login page in the browser? I'm looking for the full Python exception that gets raised.

Once the database migrations and the initialization script (init\_[app.py](http://app.py)) have been run and everything is set up correctly, I need to understand which Python services must be running for the system to work. Start each required service and show me the exact log output that confirms it's running and ready to accept connections. I want to see the actual startup messages from stdout/stderr, not just what the code says I need to verify the services are actually binding to their ports and working.

I'm also curious about what happens if the initialization step is skipped. If I run the migrations but don't run init\_[app.py](http://app.py), the SLDomain table should be empty (no email domains configured). If I then start the email handler and simulate an incoming email addressed to any @sl.local address, what happens? What SMTP status code does the email handler return to the sender, and what does it log to explain the rejection?

I'm not changing or deleting any source files here I just want to observe the system's behavior. Temporary config files or small test scripts are fine if needed.",0.04672897196261682,,
20260913T143407.885544474Z-openclaw-sweatlasqa-pilot30-ctxlimit-amem-repo-sglang,pilot30-ctxlimit,repo-scope,task-6905333b74f22949d97ba9af,12,simple-login/app,86d1c15c-1fb4-4b85-8554-c51ce2a6ad0c,6,empty database login page exception error Python startup,0,0,0,,,,,empty database login page exception error Python startup,13.0,1199.0,0.9230769230769232,0.0,0.8461538461538461,0.0769230769230769,improved,"I'm trying to get the development environment running locally for the first time, and the documentation isn't very clear about the startup order or what breaks if certain setup steps are skipped. I want to bring the whole stack up from scratch and note what actually happens along the way.

To start with, I want to see what happens if the database isn't fully set up yet. With PostgreSQL running and an empty database created (no tables, migrations not run), what error do I actually hit when I start the server with python [server.py](http://server.py) and then try to open the login page in the browser? I'm looking for the full Python exception that gets raised.

Once the database migrations and the initialization script (init\_[app.py](http://app.py)) have been run and everything is set up correctly, I need to understand which Python services must be running for the system to work. Start each required service and show me the exact log output that confirms it's running and ready to accept connections. I want to see the actual startup messages from stdout/stderr, not just what the code says I need to verify the services are actually binding to their ports and working.

I'm also curious about what happens if the initialization step is skipped. If I run the migrations but don't run init\_[app.py](http://app.py), the SLDomain table should be empty (no email domains configured). If I then start the email handler and simulate an incoming email addressed to any @sl.local address, what happens? What SMTP status code does the email handler return to the sender, and what does it log to explain the rejection?

I'm not changing or deleting any source files here I just want to observe the system's behavior. Temporary config files or small test scripts are fine if needed.",0.07547169811320754,,
20260913T143407.885544474Z-openclaw-sweatlasqa-pilot30-ctxlimit-amem-repo-sglang,pilot30-ctxlimit,repo-scope,task-6905333b74f22949d97ba9b2,13,simple-login/app,9f2e3d9a-499a-4958-b1dc-6788bf6a003f,1,SimpleLogin bounce email handling,0,0,0,,,,,SimpleLogin bounce email handling,13.0,1191.0,0.8888888888888888,0.0,1.0,-0.1111111111111111,degraded,"I'm investigating a potential information leakage issue in SimpleLogin's bounce email handling system. I've noticed that the codebase appears to support two different address formats for processing email bounces, what looks like an older format with the email log ID visible in plain text and a newer format that seems to use some kind of signature verification.

I wonder how bounces are routed, I'm seeing that emails sent to addresses like bounce+12345+@domain seem to be processed differently than those using the newer signed format. What concerns me is whether an external attacker could craft bounce emails to these older-style addresses and learn something by observing the SMTP responses.

I'm curious what's actually happening under the hood here, where the security boundaries really are, and what slips through without cryptographic validation. I wonder what exact SMTP responses come back when probing different scenarios, such as hitting a valid ID versus an invalid one, and what happens when something doesn't quite meet the bounce validation requirements. I don't want theoretical explanations of what the code should do, I want to see actual evidence of how the system behaves in practice.

What also puzzles me is the bounce detection itself. What makes the system accept something as a bounce in the first place? What criteria does it check? Could an attacker who controls the SMTP envelope and headers spoof those criteria? I'm curious what happens when those checks pass versus when they don't. And beyond just valid versus invalid, I wonder if the response codes reveal more than just whether an ID exists.

Don't modify any source files in the repository. You can create test scripts to observe the actual behavior, but clean them up when finished.",0.025,,
20260913T143407.885544474Z-openclaw-sweatlasqa-pilot30-ctxlimit-amem-repo-sglang,pilot30-ctxlimit,repo-scope,task-6905333b74f22949d97ba9b2,13,simple-login/app,9f2e3d9a-499a-4958-b1dc-6788bf6a003f,2,bounce email handler routing legacy format SMTP response E512 E211 E212,0,0,0,,,,,bounce email handler routing legacy format SMTP response E512 E211 E212,13.0,1173.0,0.8888888888888888,0.0,1.0,-0.1111111111111111,degraded,"I'm investigating a potential information leakage issue in SimpleLogin's bounce email handling system. I've noticed that the codebase appears to support two different address formats for processing email bounces, what looks like an older format with the email log ID visible in plain text and a newer format that seems to use some kind of signature verification.

I wonder how bounces are routed, I'm seeing that emails sent to addresses like bounce+12345+@domain seem to be processed differently than those using the newer signed format. What concerns me is whether an external attacker could craft bounce emails to these older-style addresses and learn something by observing the SMTP responses.

I'm curious what's actually happening under the hood here, where the security boundaries really are, and what slips through without cryptographic validation. I wonder what exact SMTP responses come back when probing different scenarios, such as hitting a valid ID versus an invalid one, and what happens when something doesn't quite meet the bounce validation requirements. I don't want theoretical explanations of what the code should do, I want to see actual evidence of how the system behaves in practice.

What also puzzles me is the bounce detection itself. What makes the system accept something as a bounce in the first place? What criteria does it check? Could an attacker who controls the SMTP envelope and headers spoof those criteria? I'm curious what happens when those checks pass versus when they don't. And beyond just valid versus invalid, I wonder if the response codes reveal more than just whether an ID exists.

Don't modify any source files in the repository. You can create test scripts to observe the actual behavior, but clean them up when finished.",0.040983606557377046,,
20260913T143407.885544474Z-openclaw-sweatlasqa-pilot30-ctxlimit-amem-repo-sglang,pilot30-ctxlimit,repo-scope,task-6905333b74f22949d97ba9d0,16,paperless-ngx/paperless-ngx,f950f1fa-2385-4112-a0f8-9cba672f8d84,1,paperless-ngx periodic tasks celery beat schedule,0,0,0,,,,,paperless-ngx periodic tasks celery beat schedule,0.0,24.0,1.0,1.0,1.0,0.0,tied,"I'm evaluating paperless-ngx architecture and need to understand what background maintenance happens automatically. Set up the development environment, what periodic tasks are registered with the task scheduler, and where is the schedule configuration defined? Find the sanity checker; what does it validate, what log output does it produce, and how often does it run? Is there automatic index optimization or database cleanup? Check if there's a task that handles failed document retries or stuck processing jobs. Look at the Celery beat schedule configuration and list all recurring tasks with their intervals. Trace through the code to find where periodic tasks are defined and registered. What happens if a scheduled task fails; is there retry logic or alerting? Are there any tasks that run on startup versus strictly on schedule? Query the database to see if there's a table tracking task execution history or scheduled job state. What controls whether these maintenance features are enabled or disabled? Don't modify source code; observing system behavior is fine, clean up any test artifacts when done.",0.08,,
20260913T143407.885544474Z-openclaw-sweatlasqa-pilot30-ctxlimit-amem-repo-sglang,pilot30-ctxlimit,repo-scope,task-6905333b74f22949d97ba9d0,16,paperless-ngx/paperless-ngx,f950f1fa-2385-4112-a0f8-9cba672f8d84,2,paperless-ngx periodic tasks scheduler background maintenance,1,1,0,55.444384,55.444384,55.444384,4a2bfe4f-6c22-4f8a-a5f5-44577e9335eb,paperless-ngx periodic tasks scheduler background maintenance,1.0,97.0,1.0,1.0,1.0,0.0,tied,"I'm evaluating paperless-ngx architecture and need to understand what background maintenance happens automatically. Set up the development environment, what periodic tasks are registered with the task scheduler, and where is the schedule configuration defined? Find the sanity checker; what does it validate, what log output does it produce, and how often does it run? Is there automatic index optimization or database cleanup? Check if there's a task that handles failed document retries or stuck processing jobs. Look at the Celery beat schedule configuration and list all recurring tasks with their intervals. Trace through the code to find where periodic tasks are defined and registered. What happens if a scheduled task fails; is there retry logic or alerting? Are there any tasks that run on startup versus strictly on schedule? Query the database to see if there's a table tracking task execution history or scheduled job state. What controls whether these maintenance features are enabled or disabled? Don't modify source code; observing system behavior is fine, clean up any test artifacts when done.",0.08,0.023255813953488372,0.023255813953488372
20260913T143407.885544474Z-openclaw-sweatlasqa-pilot30-ctxlimit-amem-repo-sglang,pilot30-ctxlimit,repo-scope,task-6905333b74f22949d97ba9d1,17,paperless-ngx/paperless-ngx,b78e4ff5-a294-48ad-9274-2d439e9c8b5f,1,Paperless-NGX search index synchronization document changes,0,0,0,,,,,Paperless-NGX search index synchronization document changes,7.0,283.0,0.75,0.0,0.875,-0.125,degraded,"I want to understand how Paperless-NGX keeps its search index synchronized with document changes before I start working with this codebase. With the full environment running, I'm curious what actually happens at runtime when a document gets modified after it's already been ingested. If I change an existing document's title through the API to something unique and then search for that exact new title within a few seconds, does the document appear in results immediately, or do I need to wait for background processing to complete? While making this change, I want to watch what happens in the background task worker process specifically to see whether any job gets picked up in response to the edit, or whether the update completes entirely within the API request before returning. Something I particularly want to explore is what happens if a document's title gets updates directly in the database using a raw SQL statement rather than through the API. After making that direct change and searching for the new title, does the document appear in search results, or does the index remain stale? If it stays stale, I want to know whether there is a way to force the system to reconcile the index with the current database state, and what observable effect that reconciliation process has on the worker logs and task queue. I'm also wondering how the system would behave if the search index became corrupted or deleted entirely while documents still exist in the database. After removing the index files and triggering whatever recovery mechanism exists, how long does reconstruction take for a small set of documents, and what processing activity is visible during that rebuild? The goal is to understand whether the system can self-heal from index inconsistencies or whether manual intervention is always required. You may create temporary test documents for observation, but don't modify any source files and clean up test artifacts when finished.",0.0423728813559322,,
20260913T143407.885544474Z-openclaw-sweatlasqa-pilot30-ctxlimit-amem-repo-sglang,pilot30-ctxlimit,repo-scope,task-6905333b74f22949d97ba9d1,17,paperless-ngx/paperless-ngx,b78e4ff5-a294-48ad-9274-2d439e9c8b5f,2,document update search index Whoosh post_save signal add_to_index synchronous,0,0,0,,,,,document update search index Whoosh post_save signal add_to_index synchronous,7.0,1123.0,0.75,0.0,0.875,-0.125,degraded,"I want to understand how Paperless-NGX keeps its search index synchronized with document changes before I start working with this codebase. With the full environment running, I'm curious what actually happens at runtime when a document gets modified after it's already been ingested. If I change an existing document's title through the API to something unique and then search for that exact new title within a few seconds, does the document appear in results immediately, or do I need to wait for background processing to complete? While making this change, I want to watch what happens in the background task worker process specifically to see whether any job gets picked up in response to the edit, or whether the update completes entirely within the API request before returning. Something I particularly want to explore is what happens if a document's title gets updates directly in the database using a raw SQL statement rather than through the API. After making that direct change and searching for the new title, does the document appear in search results, or does the index remain stale? If it stays stale, I want to know whether there is a way to force the system to reconcile the index with the current database state, and what observable effect that reconciliation process has on the worker logs and task queue. I'm also wondering how the system would behave if the search index became corrupted or deleted entirely while documents still exist in the database. After removing the index files and triggering whatever recovery mechanism exists, how long does reconstruction take for a small set of documents, and what processing activity is visible during that rebuild? The goal is to understand whether the system can self-heal from index inconsistencies or whether manual intervention is always required. You may create temporary test documents for observation, but don't modify any source files and clean up test artifacts when finished.",0.03278688524590164,,
20260913T143407.885544474Z-openclaw-sweatlasqa-pilot30-ctxlimit-amem-repo-sglang,pilot30-ctxlimit,repo-scope,task-6905333b74f22949d97ba9d2,18,paperless-ngx/paperless-ngx,ab9044dc-4b8c-417d-8453-8401757812c1,1,paperless-ngx document processing pipeline,0,0,0,,,,,paperless-ngx document processing pipeline,10.0,1190.0,1.0,1.0,0.9090909090909092,0.0909090909090909,improved,"I’m trying to get a big-picture understanding of how documents flow through the system. How does a new document usually enter paperless-ngx. Once a document is received, what are the main stages it goes through before it’s fully processed and available, are there any background jobs and what is used for background execution.

I’m also curious about the kind of information paperless stores for each document. What metadata fields are saved, and which ones are absolutely required versus optional or derived later during runtime-processing. Can you show with a runtime example?

Also I wonder how things like tags, correspondents, and document types are used together to organize documents in a practical way.

Please don’t make any changes to the repository itself. You can create temporary scripts for testing if needed but do clean them up once you're done.",0.04918032786885246,,
20260913T143407.885544474Z-openclaw-sweatlasqa-pilot30-ctxlimit-amem-repo-sglang,pilot30-ctxlimit,repo-scope,task-6905333b74f22949d97ba9d2,18,paperless-ngx/paperless-ngx,ab9044dc-4b8c-417d-8453-8401757812c1,2,paperless-ngx document metadata fields required optional,0,0,0,,,,,paperless-ngx document metadata fields required optional,10.0,1168.0,1.0,1.0,0.9090909090909092,0.0909090909090909,improved,"I’m trying to get a big-picture understanding of how documents flow through the system. How does a new document usually enter paperless-ngx. Once a document is received, what are the main stages it goes through before it’s fully processed and available, are there any background jobs and what is used for background execution.

I’m also curious about the kind of information paperless stores for each document. What metadata fields are saved, and which ones are absolutely required versus optional or derived later during runtime-processing. Can you show with a runtime example?

Also I wonder how things like tags, correspondents, and document types are used together to organize documents in a practical way.

Please don’t make any changes to the repository itself. You can create temporary scripts for testing if needed but do clean them up once you're done.",0.1,,
20260913T143407.885544474Z-openclaw-sweatlasqa-pilot30-ctxlimit-amem-repo-sglang,pilot30-ctxlimit,repo-scope,task-6905333b74f22949d97ba9d2,18,paperless-ngx/paperless-ngx,ab9044dc-4b8c-417d-8453-8401757812c1,3,paperless-ngx document flow ingestion processing,0,0,0,,,,,paperless-ngx document flow ingestion processing,10.0,92.0,1.0,1.0,0.9090909090909092,0.0909090909090909,improved,"I’m trying to get a big-picture understanding of how documents flow through the system. How does a new document usually enter paperless-ngx. Once a document is received, what are the main stages it goes through before it’s fully processed and available, are there any background jobs and what is used for background execution.

I’m also curious about the kind of information paperless stores for each document. What metadata fields are saved, and which ones are absolutely required versus optional or derived later during runtime-processing. Can you show with a runtime example?

Also I wonder how things like tags, correspondents, and document types are used together to organize documents in a practical way.

Please don’t make any changes to the repository itself. You can create temporary scripts for testing if needed but do clean them up once you're done.",0.06557377049180328,,
20260913T143407.885544474Z-openclaw-sweatlasqa-pilot30-ctxlimit-amem-repo-sglang,pilot30-ctxlimit,repo-scope,task-6905333b74f22949d97ba9d2,18,paperless-ngx/paperless-ngx,ab9044dc-4b8c-417d-8453-8401757812c1,4,paperless-ngx document model fields metadata required optional derived,0,0,0,,,,,paperless-ngx document model fields metadata required optional derived,13.0,1141.0,1.0,1.0,0.9090909090909092,0.0909090909090909,improved,"I’m trying to get a big-picture understanding of how documents flow through the system. How does a new document usually enter paperless-ngx. Once a document is received, what are the main stages it goes through before it’s fully processed and available, are there any background jobs and what is used for background execution.

I’m also curious about the kind of information paperless stores for each document. What metadata fields are saved, and which ones are absolutely required versus optional or derived later during runtime-processing. Can you show with a runtime example?

Also I wonder how things like tags, correspondents, and document types are used together to organize documents in a practical way.

Please don’t make any changes to the repository itself. You can create temporary scripts for testing if needed but do clean them up once you're done.",0.11475409836065574,,
20260913T143407.885544474Z-openclaw-sweatlasqa-pilot30-ctxlimit-amem-repo-sglang,pilot30-ctxlimit,repo-scope,task-6905333b74f22949d97ba9d2,18,paperless-ngx/paperless-ngx,ab9044dc-4b8c-417d-8453-8401757812c1,5,paperless-ngx document model fields metadata required optional derived,0,0,0,,,,,paperless-ngx document model fields metadata required optional derived,13.0,200.0,1.0,1.0,0.9090909090909092,0.0909090909090909,improved,"I’m trying to get a big-picture understanding of how documents flow through the system. How does a new document usually enter paperless-ngx. Once a document is received, what are the main stages it goes through before it’s fully processed and available, are there any background jobs and what is used for background execution.

I’m also curious about the kind of information paperless stores for each document. What metadata fields are saved, and which ones are absolutely required versus optional or derived later during runtime-processing. Can you show with a runtime example?

Also I wonder how things like tags, correspondents, and document types are used together to organize documents in a practical way.

Please don’t make any changes to the repository itself. You can create temporary scripts for testing if needed but do clean them up once you're done.",0.11475409836065574,,
20260913T143407.885544474Z-openclaw-sweatlasqa-pilot30-ctxlimit-amem-repo-sglang,pilot30-ctxlimit,repo-scope,task-6905333b74f22949d97ba9d2,18,paperless-ngx/paperless-ngx,ab9044dc-4b8c-417d-8453-8401757812c1,6,paperless-ngx consumption pipeline background jobs,0,0,0,,,,,paperless-ngx consumption pipeline background jobs,13.0,213.0,1.0,1.0,0.9090909090909092,0.0909090909090909,improved,"I’m trying to get a big-picture understanding of how documents flow through the system. How does a new document usually enter paperless-ngx. Once a document is received, what are the main stages it goes through before it’s fully processed and available, are there any background jobs and what is used for background execution.

I’m also curious about the kind of information paperless stores for each document. What metadata fields are saved, and which ones are absolutely required versus optional or derived later during runtime-processing. Can you show with a runtime example?

Also I wonder how things like tags, correspondents, and document types are used together to organize documents in a practical way.

Please don’t make any changes to the repository itself. You can create temporary scripts for testing if needed but do clean them up once you're done.",0.04838709677419355,,
20260913T143407.885544474Z-openclaw-sweatlasqa-pilot30-ctxlimit-amem-repo-sglang,pilot30-ctxlimit,repo-scope,task-6905333b74f22949d97ba9d2,18,paperless-ngx/paperless-ngx,ab9044dc-4b8c-417d-8453-8401757812c1,7,paperless-ngx document ingestion processing background jobs metadata,0,0,0,,,,,paperless-ngx document ingestion processing background jobs metadata,14.0,1378.0,1.0,1.0,0.9090909090909092,0.0909090909090909,improved,"I’m trying to get a big-picture understanding of how documents flow through the system. How does a new document usually enter paperless-ngx. Once a document is received, what are the main stages it goes through before it’s fully processed and available, are there any background jobs and what is used for background execution.

I’m also curious about the kind of information paperless stores for each document. What metadata fields are saved, and which ones are absolutely required versus optional or derived later during runtime-processing. Can you show with a runtime example?

Also I wonder how things like tags, correspondents, and document types are used together to organize documents in a practical way.

Please don’t make any changes to the repository itself. You can create temporary scripts for testing if needed but do clean them up once you're done.",0.09836065573770492,,
20260913T143407.885544474Z-openclaw-sweatlasqa-pilot30-ctxlimit-amem-repo-sglang,pilot30-ctxlimit,repo-scope,task-6905333b74f22949d97ba9d3,19,paperless-ngx/paperless-ngx,787a8911-80d5-4cf2-809d-6326b20af916,1,paperless-ngx document ingestion pipeline,0,0,0,,,,,paperless-ngx document ingestion pipeline,13.0,265.0,,,0.0,,,"I am trying to understand how paperless-ngx processes documents at runtime before making any changes. Once the application is up and all of its services are running, I want to submit a test PDF and observe how the ingestion pipeline actually behaves. As the document moves through the system, which services are involved, and what sequence of events shows up in the logs? I also want to upload a few more documents and watch how the system reacts after each one. Does the machine learning classifier retrain automatically on every upload, or only under certain conditions, and what log messages make it clear when training is happening versus when the classifier stays idle? After a document finishes processing, I want to see where it ends up on disk, what directory structure and filename pattern paperless-ngx uses by default, and which database tables receive new rows as part of ingestion. You should not modify or edit any existing files in the repository, but you can create temporary scripts or test documents if they help with the investigation, as long as everything you create is cleaned up when you are done.",0.05263157894736842,,
20260913T143407.885544474Z-openclaw-sweatlasqa-pilot30-ctxlimit-amem-repo-sglang,pilot30-ctxlimit,repo-scope,task-6905333b74f22949d97ba9d3,19,paperless-ngx/paperless-ngx,787a8911-80d5-4cf2-809d-6326b20af916,2,paperless-ngx ingestion pipeline document processing,0,0,0,,,,,paperless-ngx ingestion pipeline document processing,13.0,1154.0,,,0.0,,,"I am trying to understand how paperless-ngx processes documents at runtime before making any changes. Once the application is up and all of its services are running, I want to submit a test PDF and observe how the ingestion pipeline actually behaves. As the document moves through the system, which services are involved, and what sequence of events shows up in the logs? I also want to upload a few more documents and watch how the system reacts after each one. Does the machine learning classifier retrain automatically on every upload, or only under certain conditions, and what log messages make it clear when training is happening versus when the classifier stays idle? After a document finishes processing, I want to see where it ends up on disk, what directory structure and filename pattern paperless-ngx uses by default, and which database tables receive new rows as part of ingestion. You should not modify or edit any existing files in the repository, but you can create temporary scripts or test documents if they help with the investigation, as long as everything you create is cleaned up when you are done.",0.06578947368421052,,
20260913T143407.885544474Z-openclaw-sweatlasqa-pilot30-ctxlimit-amem-repo-sglang,pilot30-ctxlimit,repo-scope,task-6905333b74f22949d97ba9d3,19,paperless-ngx/paperless-ngx,787a8911-80d5-4cf2-809d-6326b20af916,3,paperless-ngx document ingestion pipeline classifier storage,0,0,0,,,,,paperless-ngx document ingestion pipeline classifier storage,14.0,1155.0,,,0.0,,,"I am trying to understand how paperless-ngx processes documents at runtime before making any changes. Once the application is up and all of its services are running, I want to submit a test PDF and observe how the ingestion pipeline actually behaves. As the document moves through the system, which services are involved, and what sequence of events shows up in the logs? I also want to upload a few more documents and watch how the system reacts after each one. Does the machine learning classifier retrain automatically on every upload, or only under certain conditions, and what log messages make it clear when training is happening versus when the classifier stays idle? After a document finishes processing, I want to see where it ends up on disk, what directory structure and filename pattern paperless-ngx uses by default, and which database tables receive new rows as part of ingestion. You should not modify or edit any existing files in the repository, but you can create temporary scripts or test documents if they help with the investigation, as long as everything you create is cleaned up when you are done.",0.06493506493506493,,
20260913T143407.885544474Z-openclaw-sweatlasqa-pilot30-ctxlimit-amem-repo-sglang,pilot30-ctxlimit,repo-scope,task-6905333b74f22949d97ba9d3,19,paperless-ngx/paperless-ngx,787a8911-80d5-4cf2-809d-6326b20af916,4,paperless-ngx ingestion pipeline document consumer classifier,0,0,0,,,,,paperless-ngx database tables models,13.0,174.0,,,0.0,,,"I am trying to understand how paperless-ngx processes documents at runtime before making any changes. Once the application is up and all of its services are running, I want to submit a test PDF and observe how the ingestion pipeline actually behaves. As the document moves through the system, which services are involved, and what sequence of events shows up in the logs? I also want to upload a few more documents and watch how the system reacts after each one. Does the machine learning classifier retrain automatically on every upload, or only under certain conditions, and what log messages make it clear when training is happening versus when the classifier stays idle? After a document finishes processing, I want to see where it ends up on disk, what directory structure and filename pattern paperless-ngx uses by default, and which database tables receive new rows as part of ingestion. You should not modify or edit any existing files in the repository, but you can create temporary scripts or test documents if they help with the investigation, as long as everything you create is cleaned up when you are done.",0.06493506493506493,,
20260913T143407.885544474Z-openclaw-sweatlasqa-pilot30-ctxlimit-amem-repo-sglang,pilot30-ctxlimit,repo-scope,task-6905333b74f22949d97ba9d3,19,paperless-ngx/paperless-ngx,787a8911-80d5-4cf2-809d-6326b20af916,5,paperless-ngx storage paths directory structure,0,0,0,,,,,paperless-ngx ingestion pipeline document consumer classifier,13.0,230.0,,,0.0,,,"I am trying to understand how paperless-ngx processes documents at runtime before making any changes. Once the application is up and all of its services are running, I want to submit a test PDF and observe how the ingestion pipeline actually behaves. As the document moves through the system, which services are involved, and what sequence of events shows up in the logs? I also want to upload a few more documents and watch how the system reacts after each one. Does the machine learning classifier retrain automatically on every upload, or only under certain conditions, and what log messages make it clear when training is happening versus when the classifier stays idle? After a document finishes processing, I want to see where it ends up on disk, what directory structure and filename pattern paperless-ngx uses by default, and which database tables receive new rows as part of ingestion. You should not modify or edit any existing files in the repository, but you can create temporary scripts or test documents if they help with the investigation, as long as everything you create is cleaned up when you are done.",0.038461538461538464,,
20260913T143407.885544474Z-openclaw-sweatlasqa-pilot30-ctxlimit-amem-repo-sglang,pilot30-ctxlimit,repo-scope,task-6905333b74f22949d97ba9d3,19,paperless-ngx/paperless-ngx,787a8911-80d5-4cf2-809d-6326b20af916,6,paperless-ngx database tables models,0,0,0,,,,,paperless-ngx storage paths directory structure,13.0,1190.0,,,0.0,,,"I am trying to understand how paperless-ngx processes documents at runtime before making any changes. Once the application is up and all of its services are running, I want to submit a test PDF and observe how the ingestion pipeline actually behaves. As the document moves through the system, which services are involved, and what sequence of events shows up in the logs? I also want to upload a few more documents and watch how the system reacts after each one. Does the machine learning classifier retrain automatically on every upload, or only under certain conditions, and what log messages make it clear when training is happening versus when the classifier stays idle? After a document finishes processing, I want to see where it ends up on disk, what directory structure and filename pattern paperless-ngx uses by default, and which database tables receive new rows as part of ingestion. You should not modify or edit any existing files in the repository, but you can create temporary scripts or test documents if they help with the investigation, as long as everything you create is cleaned up when you are done.",0.03896103896103896,,
20260913T143407.885544474Z-openclaw-sweatlasqa-pilot30-ctxlimit-amem-repo-sglang,pilot30-ctxlimit,repo-scope,task-6905333b74f22949d97ba9d4,20,paperless-ngx/paperless-ngx,74061cd8-44a3-4c94-b30c-fdf10913b95a,1,Paperless-NGX background tasks processes,0,0,0,,,,,Paperless-NGX background tasks processes,13.0,1320.0,1.0,1.0,,,,"I want to understand how Paperless-NGX behaves at runtime once the system is up and idle, before I start making changes to the codebase. Get Paperless-NGX running at the specified commit. Once it's idle and stable, what background processes or tasks continue executing automatically? What are the actual log entries that appear periodically showing the system is healthy and ready? I need the specific log messages, their frequency, and what they indicate. 
Also, if you briefly interrupt and restart part of the system, what specific log messages confirm everything has reconnected and is operational again? What components or processes keep running continuously to maintain Paperless-NGX in a ready state, even when no documents are being processed? You may use temporary helper commands or inspection tools if needed, but don’t modify any source files and clean up any temporary artifacts when you’re done.",0.06557377049180328,,
20260913T143407.885544474Z-openclaw-sweatlasqa-pilot30-ctxlimit-amem-repo-sglang,pilot30-ctxlimit,repo-scope,task-6905333b74f22949d97ba9d4,20,paperless-ngx/paperless-ngx,74061cd8-44a3-4c94-b30c-fdf10913b95a,2,paperless-ngx startup log messages worker supervisor background,0,0,0,,,,,paperless-ngx startup log messages worker supervisor background,13.0,1135.0,1.0,1.0,,,,"I want to understand how Paperless-NGX behaves at runtime once the system is up and idle, before I start making changes to the codebase. Get Paperless-NGX running at the specified commit. Once it's idle and stable, what background processes or tasks continue executing automatically? What are the actual log entries that appear periodically showing the system is healthy and ready? I need the specific log messages, their frequency, and what they indicate. 
Also, if you briefly interrupt and restart part of the system, what specific log messages confirm everything has reconnected and is operational again? What components or processes keep running continuously to maintain Paperless-NGX in a ready state, even when no documents are being processed? You may use temporary helper commands or inspection tools if needed, but don’t modify any source files and clean up any temporary artifacts when you’re done.",0.046875,,
20260913T143407.885544474Z-openclaw-sweatlasqa-pilot30-ctxlimit-amem-repo-sglang,pilot30-ctxlimit,repo-scope,task-6905333b74f22949d97ba9d4,20,paperless-ngx/paperless-ngx,74061cd8-44a3-4c94-b30c-fdf10913b95a,3,paperless-ngx runtime background tasks processes supervisor,0,0,0,,,,,paperless-ngx runtime background tasks processes supervisor,13.0,1143.0,1.0,1.0,,,,"I want to understand how Paperless-NGX behaves at runtime once the system is up and idle, before I start making changes to the codebase. Get Paperless-NGX running at the specified commit. Once it's idle and stable, what background processes or tasks continue executing automatically? What are the actual log entries that appear periodically showing the system is healthy and ready? I need the specific log messages, their frequency, and what they indicate. 
Also, if you briefly interrupt and restart part of the system, what specific log messages confirm everything has reconnected and is operational again? What components or processes keep running continuously to maintain Paperless-NGX in a ready state, even when no documents are being processed? You may use temporary helper commands or inspection tools if needed, but don’t modify any source files and clean up any temporary artifacts when you’re done.",0.08064516129032258,,
20260913T143407.885544474Z-openclaw-sweatlasqa-pilot30-ctxlimit-amem-repo-sglang,pilot30-ctxlimit,repo-scope,task-6905333b74f22949d97ba9d4,20,paperless-ngx/paperless-ngx,74061cd8-44a3-4c94-b30c-fdf10913b95a,4,Paperless-NGX background processes periodic tasks idle runtime log messages,0,0,0,,,,,Paperless-NGX background processes periodic tasks idle runtime log messages,14.0,1162.0,1.0,1.0,,,,"I want to understand how Paperless-NGX behaves at runtime once the system is up and idle, before I start making changes to the codebase. Get Paperless-NGX running at the specified commit. Once it's idle and stable, what background processes or tasks continue executing automatically? What are the actual log entries that appear periodically showing the system is healthy and ready? I need the specific log messages, their frequency, and what they indicate. 
Also, if you briefly interrupt and restart part of the system, what specific log messages confirm everything has reconnected and is operational again? What components or processes keep running continuously to maintain Paperless-NGX in a ready state, even when no documents are being processed? You may use temporary helper commands or inspection tools if needed, but don’t modify any source files and clean up any temporary artifacts when you’re done.",0.11290322580645161,,
20260913T143407.885544474Z-openclaw-sweatlasqa-pilot30-ctxlimit-amem-repo-sglang,pilot30-ctxlimit,repo-scope,task-6905333b74f22949d97ba9d5,21,paperless-ngx/paperless-ngx,b119e666-4846-45f0-8eaf-4d9bef8ddf03,1,Paperless-NGX document ingestion processing pipeline,0,0,0,,,,,Paperless-NGX document ingestion processing pipeline,13.0,173.0,0.7857142857142857,0.0,0.7142857142857143,0.0714285714285714,improved,"I’m trying to understand how data moves through Paperless-NGX during normal document ingestion so I can get oriented before working on the codebase. When Paperless-NGX is running from this repository at the specified commit and a new document appears in the system, what observable runtime behavior shows how the document is detected and handed off for processing? What log messages, task names, or state changes indicate the transition from initial detection into parsing, classification, and indexing, and how does the system reflect progress or completion of each stage while the document is being processed? After processing finishes, what observable evidence shows where the document’s data ends up and how its final state is recorded? Based on what you can directly observe at runtime, how does Paperless-NGX track whether a document has already been processed or needs further work, and what behavior or logs indicate how the system avoids duplicate processing? Keep the explanation grounded in runtime observations rather than assumptions from reading the code alone. You may use temporary test files if helpful, but don’t modify any source files and clean up any temporary artifacts when you’re done.",0.05194805194805195,,
20260913T143407.885544474Z-openclaw-sweatlasqa-pilot30-ctxlimit-amem-repo-sglang,pilot30-ctxlimit,repo-scope,task-6905333b74f22949d97ba9d5,21,paperless-ngx/paperless-ngx,b119e666-4846-45f0-8eaf-4d9bef8ddf03,2,Paperless-NGX codebase structure,0,0,0,,,,,Paperless-NGX codebase structure,13.0,1149.0,0.7857142857142857,0.0,0.7142857142857143,0.0714285714285714,improved,"I’m trying to understand how data moves through Paperless-NGX during normal document ingestion so I can get oriented before working on the codebase. When Paperless-NGX is running from this repository at the specified commit and a new document appears in the system, what observable runtime behavior shows how the document is detected and handed off for processing? What log messages, task names, or state changes indicate the transition from initial detection into parsing, classification, and indexing, and how does the system reflect progress or completion of each stage while the document is being processed? After processing finishes, what observable evidence shows where the document’s data ends up and how its final state is recorded? Based on what you can directly observe at runtime, how does Paperless-NGX track whether a document has already been processed or needs further work, and what behavior or logs indicate how the system avoids duplicate processing? Keep the explanation grounded in runtime observations rather than assumptions from reading the code alone. You may use temporary test files if helpful, but don’t modify any source files and clean up any temporary artifacts when you’re done.",0.012987012987012988,,
20260913T143407.885544474Z-openclaw-sweatlasqa-pilot30-ctxlimit-amem-repo-sglang,pilot30-ctxlimit,repo-scope,task-6905333b74f22949d97ba9d5,21,paperless-ngx/paperless-ngx,b119e666-4846-45f0-8eaf-4d9bef8ddf03,3,Paperless-NGX document ingestion pipeline consumer processing,0,0,0,,,,,Paperless-NGX document ingestion pipeline consumer processing,13.0,92.0,0.7857142857142857,0.0,0.7142857142857143,0.0714285714285714,improved,"I’m trying to understand how data moves through Paperless-NGX during normal document ingestion so I can get oriented before working on the codebase. When Paperless-NGX is running from this repository at the specified commit and a new document appears in the system, what observable runtime behavior shows how the document is detected and handed off for processing? What log messages, task names, or state changes indicate the transition from initial detection into parsing, classification, and indexing, and how does the system reflect progress or completion of each stage while the document is being processed? After processing finishes, what observable evidence shows where the document’s data ends up and how its final state is recorded? Based on what you can directly observe at runtime, how does Paperless-NGX track whether a document has already been processed or needs further work, and what behavior or logs indicate how the system avoids duplicate processing? Keep the explanation grounded in runtime observations rather than assumptions from reading the code alone. You may use temporary test files if helpful, but don’t modify any source files and clean up any temporary artifacts when you’re done.",0.05128205128205128,,
20260913T143407.885544474Z-openclaw-sweatlasqa-pilot30-ctxlimit-amem-repo-sglang,pilot30-ctxlimit,repo-scope,task-6905333b74f22949d97ba9d5,21,paperless-ngx/paperless-ngx,b119e666-4846-45f0-8eaf-4d9bef8ddf03,4,Paperless-NGX duplicate detection UUID logging group,0,0,0,,,,,Paperless-NGX duplicate detection UUID logging group,13.0,103.0,0.7857142857142857,0.0,0.7142857142857143,0.0714285714285714,improved,"I’m trying to understand how data moves through Paperless-NGX during normal document ingestion so I can get oriented before working on the codebase. When Paperless-NGX is running from this repository at the specified commit and a new document appears in the system, what observable runtime behavior shows how the document is detected and handed off for processing? What log messages, task names, or state changes indicate the transition from initial detection into parsing, classification, and indexing, and how does the system reflect progress or completion of each stage while the document is being processed? After processing finishes, what observable evidence shows where the document’s data ends up and how its final state is recorded? Based on what you can directly observe at runtime, how does Paperless-NGX track whether a document has already been processed or needs further work, and what behavior or logs indicate how the system avoids duplicate processing? Keep the explanation grounded in runtime observations rather than assumptions from reading the code alone. You may use temporary test files if helpful, but don’t modify any source files and clean up any temporary artifacts when you’re done.",0.0379746835443038,,
20260913T143407.885544474Z-openclaw-sweatlasqa-pilot30-ctxlimit-amem-repo-sglang,pilot30-ctxlimit,repo-scope,task-6905333b74f22949d97ba9d6,22,paperless-ngx/paperless-ngx,5dcd9cbb-d0e3-4790-84ab-a2298bee3795,1,paperless-ngx OCR processing document pipeline,0,0,0,,,,,paperless-ngx OCR processing document pipeline,13.0,1187.0,1.0,1.0,0.8,0.1999999999999999,improved,"I’m trying to get a practical understanding of how OCR behaves in paperless-ngx at runtime, especially in cases where it’s hard to tell what the system is actually doing. When I upload an image that has no embedded text, how can I see that OCR has started, and what does the document’s processing state look like while it’s running? I want to watch how background workers behave during this phase and understand what signals really indicate active OCR work. If I upload a similar image that already contains text, does the system skip OCR entirely, or does it still touch the OCR pipeline in some way, and how can I tell the difference after processing finishes? I also want to compare the final API responses for both cases to understand which fields show OCR-generated text versus existing text. Finally, when OCR produces weak or incomplete results, what actually happens to the document’s final state? Does it still count as fully processed, and how is that reflected in the saved metadata? Temporary scripts may be used for observation, but the repository itself should remain unchanged, and anything temporary should be cleaned up afterward.",0.05405405405405406,,
20260913T143407.885544474Z-openclaw-sweatlasqa-pilot30-ctxlimit-amem-repo-sglang,pilot30-ctxlimit,repo-scope,task-6905333b74f22949d97ba9d6,22,paperless-ngx/paperless-ngx,5dcd9cbb-d0e3-4790-84ab-a2298bee3795,2,paperless-ngx OCR pipeline processing state,0,0,0,,,,,paperless-ngx OCR pipeline processing state,13.0,1151.0,1.0,1.0,0.8,0.1999999999999999,improved,"I’m trying to get a practical understanding of how OCR behaves in paperless-ngx at runtime, especially in cases where it’s hard to tell what the system is actually doing. When I upload an image that has no embedded text, how can I see that OCR has started, and what does the document’s processing state look like while it’s running? I want to watch how background workers behave during this phase and understand what signals really indicate active OCR work. If I upload a similar image that already contains text, does the system skip OCR entirely, or does it still touch the OCR pipeline in some way, and how can I tell the difference after processing finishes? I also want to compare the final API responses for both cases to understand which fields show OCR-generated text versus existing text. Finally, when OCR produces weak or incomplete results, what actually happens to the document’s final state? Does it still count as fully processed, and how is that reflected in the saved metadata? Temporary scripts may be used for observation, but the repository itself should remain unchanged, and anything temporary should be cleaned up afterward.",0.05405405405405406,,
20260913T143407.885544474Z-openclaw-sweatlasqa-pilot30-ctxlimit-amem-repo-sglang,pilot30-ctxlimit,repo-scope,task-6905333b74f22949d97ba9d6,22,paperless-ngx/paperless-ngx,5dcd9cbb-d0e3-4790-84ab-a2298bee3795,3,paperless-ngx OCR pipeline processing state runtime,0,0,0,,,,,document consumption parser OCR tesseract tika,13.0,197.0,1.0,1.0,0.8,0.1999999999999999,improved,"I’m trying to get a practical understanding of how OCR behaves in paperless-ngx at runtime, especially in cases where it’s hard to tell what the system is actually doing. When I upload an image that has no embedded text, how can I see that OCR has started, and what does the document’s processing state look like while it’s running? I want to watch how background workers behave during this phase and understand what signals really indicate active OCR work. If I upload a similar image that already contains text, does the system skip OCR entirely, or does it still touch the OCR pipeline in some way, and how can I tell the difference after processing finishes? I also want to compare the final API responses for both cases to understand which fields show OCR-generated text versus existing text. Finally, when OCR produces weak or incomplete results, what actually happens to the document’s final state? Does it still count as fully processed, and how is that reflected in the saved metadata? Temporary scripts may be used for observation, but the repository itself should remain unchanged, and anything temporary should be cleaned up afterward.",0.06756756756756757,,
20260913T143407.885544474Z-openclaw-sweatlasqa-pilot30-ctxlimit-amem-repo-sglang,pilot30-ctxlimit,repo-scope,task-6905333b74f22949d97ba9d6,22,paperless-ngx/paperless-ngx,5dcd9cbb-d0e3-4790-84ab-a2298bee3795,4,document consumption parser OCR tesseract tika,0,0,0,,,,,paperless-ngx OCR pipeline processing state runtime,13.0,1234.0,1.0,1.0,0.8,0.1999999999999999,improved,"I’m trying to get a practical understanding of how OCR behaves in paperless-ngx at runtime, especially in cases where it’s hard to tell what the system is actually doing. When I upload an image that has no embedded text, how can I see that OCR has started, and what does the document’s processing state look like while it’s running? I want to watch how background workers behave during this phase and understand what signals really indicate active OCR work. If I upload a similar image that already contains text, does the system skip OCR entirely, or does it still touch the OCR pipeline in some way, and how can I tell the difference after processing finishes? I also want to compare the final API responses for both cases to understand which fields show OCR-generated text versus existing text. Finally, when OCR produces weak or incomplete results, what actually happens to the document’s final state? Does it still count as fully processed, and how is that reflected in the saved metadata? Temporary scripts may be used for observation, but the repository itself should remain unchanged, and anything temporary should be cleaned up afterward.",0.01282051282051282,,
20260913T143407.885544474Z-openclaw-sweatlasqa-pilot30-ctxlimit-amem-repo-sglang,pilot30-ctxlimit,repo-scope,task-6905333b74f22949d97ba9d7,23,paperless-ngx/paperless-ngx,4f3fd4df-56ce-42ea-b012-48c1a797be9b,1,paperless API authentication token Django,0,0,0,,,,,paperless API authentication token Django,13.0,1174.0,0.8461538461538461,0.0,0.7692307692307693,0.0769230769230768,improved,"I'm planning to integrate some external tools with the paperless API and need to understand how authentication works first. Get paperless running locally, create a test user, and generate an API token for them. Make an authenticated request to list documents. What's the exact HTTP header name and format paperless expects for the token, and what's the complete endpoint path? What does the JSON response look like, specifically what are the top level fields, and is pagination involved or does it dump everything at once? Try that same request without auth and tell me what status code and error message you get. Then trace through the Django code to find which authentication class handles token authentication and what model stores the tokens. Don't modify the codebase, creating test users, tokens, and any temporary files you need is fine, but leave the source code untouched and clean up any additional files or changes when you're done.",0.05555555555555555,,
20260913T143407.885544474Z-openclaw-sweatlasqa-pilot30-ctxlimit-amem-repo-sglang,pilot30-ctxlimit,repo-scope,task-6905333b74f22949d97ba9d8,24,paperless-ngx/paperless-ngx,5d1b1c36-d59a-43a7-b79e-d86aecf567fb,1,document classification machine learning pipeline OCR training tests,0,0,0,,,,,document classification machine learning pipeline OCR training tests,13.0,1319.0,,,,,,"I am debugging non-deterministic failures in the document classification tests and want to understand how the machine learning pipeline behaves during test execution when training and OCR. I want to observe whether the classifier reuses an existing model or retrains during the same test run, and how that affects later tests. When a test exercises automatic correspondent matching, how many training documents are created, when does training occur relative to those inserts, and what confidence threshold is used to accept or reject predictions? I also want to see how edge cases are handled, such as when a document has no extractable text, including which OCR subprocess is invoked and what mime type is assigned to the output. Finally, when barcode splitting is involved, how many document records are created from a single input, which barcode values trigger a split, and where in the code that decision is made, especially if this changes the effective training data during the test run. Please do not modify the source code; you may create temporary helpers while investigating, but clean up anything temporary before finishing.",0.08974358974358974,,
20260913T143407.885544474Z-openclaw-sweatlasqa-pilot30-ctxlimit-amem-repo-sglang,pilot30-ctxlimit,repo-scope,task-6905333b74f22949d97ba9d8,24,paperless-ngx/paperless-ngx,5d1b1c36-d59a-43a7-b79e-d86aecf567fb,2,document classification ML pipeline training OCR test,0,0,0,,,,,document classification ML pipeline training OCR test,13.0,1134.0,,,,,,"I am debugging non-deterministic failures in the document classification tests and want to understand how the machine learning pipeline behaves during test execution when training and OCR. I want to observe whether the classifier reuses an existing model or retrains during the same test run, and how that affects later tests. When a test exercises automatic correspondent matching, how many training documents are created, when does training occur relative to those inserts, and what confidence threshold is used to accept or reject predictions? I also want to see how edge cases are handled, such as when a document has no extractable text, including which OCR subprocess is invoked and what mime type is assigned to the output. Finally, when barcode splitting is involved, how many document records are created from a single input, which barcode values trigger a split, and where in the code that decision is made, especially if this changes the effective training data during the test run. Please do not modify the source code; you may create temporary helpers while investigating, but clean up anything temporary before finishing.",0.0641025641025641,,
20260913T143407.885544474Z-openclaw-sweatlasqa-pilot30-ctxlimit-amem-repo-sglang,pilot30-ctxlimit,repo-scope,task-6905333b74f22949d97ba9d8,24,paperless-ngx/paperless-ngx,5d1b1c36-d59a-43a7-b79e-d86aecf567fb,3,document classification machine learning pipeline test,0,0,0,,,,,document classification machine learning pipeline test,13.0,1286.0,,,,,,"I am debugging non-deterministic failures in the document classification tests and want to understand how the machine learning pipeline behaves during test execution when training and OCR. I want to observe whether the classifier reuses an existing model or retrains during the same test run, and how that affects later tests. When a test exercises automatic correspondent matching, how many training documents are created, when does training occur relative to those inserts, and what confidence threshold is used to accept or reject predictions? I also want to see how edge cases are handled, such as when a document has no extractable text, including which OCR subprocess is invoked and what mime type is assigned to the output. Finally, when barcode splitting is involved, how many document records are created from a single input, which barcode values trigger a split, and where in the code that decision is made, especially if this changes the effective training data during the test run. Please do not modify the source code; you may create temporary helpers while investigating, but clean up anything temporary before finishing.",0.07692307692307693,,
20260913T143407.885544474Z-openclaw-sweatlasqa-pilot30-ctxlimit-amem-repo-sglang,pilot30-ctxlimit,repo-scope,task-6905333b74f22949d97ba9d8,24,paperless-ngx/paperless-ngx,5d1b1c36-d59a-43a7-b79e-d86aecf567fb,4,classifier training test setup model reuse dataset_hash,0,0,0,,,,,classifier training test setup model reuse dataset_hash,13.0,117.0,,,,,,"I am debugging non-deterministic failures in the document classification tests and want to understand how the machine learning pipeline behaves during test execution when training and OCR. I want to observe whether the classifier reuses an existing model or retrains during the same test run, and how that affects later tests. When a test exercises automatic correspondent matching, how many training documents are created, when does training occur relative to those inserts, and what confidence threshold is used to accept or reject predictions? I also want to see how edge cases are handled, such as when a document has no extractable text, including which OCR subprocess is invoked and what mime type is assigned to the output. Finally, when barcode splitting is involved, how many document records are created from a single input, which barcode values trigger a split, and where in the code that decision is made, especially if this changes the effective training data during the test run. Please do not modify the source code; you may create temporary helpers while investigating, but clean up anything temporary before finishing.",0.04938271604938271,,
20260913T143407.885544474Z-openclaw-sweatlasqa-pilot30-ctxlimit-amem-repo-sglang,pilot30-ctxlimit,repo-scope,task-6905333b74f22949d97ba9d8,24,paperless-ngx/paperless-ngx,5d1b1c36-d59a-43a7-b79e-d86aecf567fb,5,classifier training timing model reuse prediction confidence,0,0,0,,,,,classifier training timing model reuse prediction confidence,13.0,1164.0,,,,,,"I am debugging non-deterministic failures in the document classification tests and want to understand how the machine learning pipeline behaves during test execution when training and OCR. I want to observe whether the classifier reuses an existing model or retrains during the same test run, and how that affects later tests. When a test exercises automatic correspondent matching, how many training documents are created, when does training occur relative to those inserts, and what confidence threshold is used to accept or reject predictions? I also want to see how edge cases are handled, such as when a document has no extractable text, including which OCR subprocess is invoked and what mime type is assigned to the output. Finally, when barcode splitting is involved, how many document records are created from a single input, which barcode values trigger a split, and where in the code that decision is made, especially if this changes the effective training data during the test run. Please do not modify the source code; you may create temporary helpers while investigating, but clean up anything temporary before finishing.",0.04938271604938271,,
20260913T143407.885544474Z-openclaw-sweatlasqa-pilot30-ctxlimit-amem-repo-sglang,pilot30-ctxlimit,repo-scope,task-6905333b74f22949d97ba9d8,24,paperless-ngx/paperless-ngx,5d1b1c36-d59a-43a7-b79e-d86aecf567fb,6,classifier training document consumption test execution model reuse prediction confidence,0,0,0,,,,,classifier training document consumption test execution model reuse prediction confidence,18.0,1394.0,,,,,,"I am debugging non-deterministic failures in the document classification tests and want to understand how the machine learning pipeline behaves during test execution when training and OCR. I want to observe whether the classifier reuses an existing model or retrains during the same test run, and how that affects later tests. When a test exercises automatic correspondent matching, how many training documents are created, when does training occur relative to those inserts, and what confidence threshold is used to accept or reject predictions? I also want to see how edge cases are handled, such as when a document has no extractable text, including which OCR subprocess is invoked and what mime type is assigned to the output. Finally, when barcode splitting is involved, how many document records are created from a single input, which barcode values trigger a split, and where in the code that decision is made, especially if this changes the effective training data during the test run. Please do not modify the source code; you may create temporary helpers while investigating, but clean up anything temporary before finishing.",0.08641975308641975,,
20260913T143407.885544474Z-openclaw-sweatlasqa-pilot30-ctxlimit-amem-repo-sglang,pilot30-ctxlimit,repo-scope,task-6905333b74f22949d97ba9d8,24,paperless-ngx/paperless-ngx,5d1b1c36-d59a-43a7-b79e-d86aecf567fb,7,document classification ML pipeline training OCR test,0,0,0,,,,,,,,,,,,,"I am debugging non-deterministic failures in the document classification tests and want to understand how the machine learning pipeline behaves during test execution when training and OCR. I want to observe whether the classifier reuses an existing model or retrains during the same test run, and how that affects later tests. When a test exercises automatic correspondent matching, how many training documents are created, when does training occur relative to those inserts, and what confidence threshold is used to accept or reject predictions? I also want to see how edge cases are handled, such as when a document has no extractable text, including which OCR subprocess is invoked and what mime type is assigned to the output. Finally, when barcode splitting is involved, how many document records are created from a single input, which barcode values trigger a split, and where in the code that decision is made, especially if this changes the effective training data during the test run. Please do not modify the source code; you may create temporary helpers while investigating, but clean up anything temporary before finishing.",0.0641025641025641,,
20260913T143407.885544474Z-openclaw-sweatlasqa-pilot30-ctxlimit-amem-repo-sglang,pilot30-ctxlimit,repo-scope,task-6905333b74f22949d97ba9d8,24,paperless-ngx/paperless-ngx,5d1b1c36-d59a-43a7-b79e-d86aecf567fb,8,document classification machine learning pipeline test,0,0,0,,,,,,,,,,,,,"I am debugging non-deterministic failures in the document classification tests and want to understand how the machine learning pipeline behaves during test execution when training and OCR. I want to observe whether the classifier reuses an existing model or retrains during the same test run, and how that affects later tests. When a test exercises automatic correspondent matching, how many training documents are created, when does training occur relative to those inserts, and what confidence threshold is used to accept or reject predictions? I also want to see how edge cases are handled, such as when a document has no extractable text, including which OCR subprocess is invoked and what mime type is assigned to the output. Finally, when barcode splitting is involved, how many document records are created from a single input, which barcode values trigger a split, and where in the code that decision is made, especially if this changes the effective training data during the test run. Please do not modify the source code; you may create temporary helpers while investigating, but clean up anything temporary before finishing.",0.07692307692307693,,
20260913T143407.885544474Z-openclaw-sweatlasqa-pilot30-ctxlimit-amem-repo-sglang,pilot30-ctxlimit,repo-scope,task-6905333b74f22949d97ba9d8,24,paperless-ngx/paperless-ngx,5d1b1c36-d59a-43a7-b79e-d86aecf567fb,9,classifier training test setup model reuse dataset_hash,0,0,0,,,,,,,,,,,,,"I am debugging non-deterministic failures in the document classification tests and want to understand how the machine learning pipeline behaves during test execution when training and OCR. I want to observe whether the classifier reuses an existing model or retrains during the same test run, and how that affects later tests. When a test exercises automatic correspondent matching, how many training documents are created, when does training occur relative to those inserts, and what confidence threshold is used to accept or reject predictions? I also want to see how edge cases are handled, such as when a document has no extractable text, including which OCR subprocess is invoked and what mime type is assigned to the output. Finally, when barcode splitting is involved, how many document records are created from a single input, which barcode values trigger a split, and where in the code that decision is made, especially if this changes the effective training data during the test run. Please do not modify the source code; you may create temporary helpers while investigating, but clean up anything temporary before finishing.",0.04938271604938271,,
20260913T143407.885544474Z-openclaw-sweatlasqa-pilot30-ctxlimit-amem-repo-sglang,pilot30-ctxlimit,repo-scope,task-6905333b74f22949d97ba9d8,24,paperless-ngx/paperless-ngx,5d1b1c36-d59a-43a7-b79e-d86aecf567fb,10,classifier training timing model reuse prediction confidence,0,0,0,,,,,,,,,,,,,"I am debugging non-deterministic failures in the document classification tests and want to understand how the machine learning pipeline behaves during test execution when training and OCR. I want to observe whether the classifier reuses an existing model or retrains during the same test run, and how that affects later tests. When a test exercises automatic correspondent matching, how many training documents are created, when does training occur relative to those inserts, and what confidence threshold is used to accept or reject predictions? I also want to see how edge cases are handled, such as when a document has no extractable text, including which OCR subprocess is invoked and what mime type is assigned to the output. Finally, when barcode splitting is involved, how many document records are created from a single input, which barcode values trigger a split, and where in the code that decision is made, especially if this changes the effective training data during the test run. Please do not modify the source code; you may create temporary helpers while investigating, but clean up anything temporary before finishing.",0.04938271604938271,,
20260913T143407.885544474Z-openclaw-sweatlasqa-pilot30-ctxlimit-amem-repo-sglang,pilot30-ctxlimit,repo-scope,task-6905333b74f22949d97ba9d8,24,paperless-ngx/paperless-ngx,5d1b1c36-d59a-43a7-b79e-d86aecf567fb,11,classifier training document consumption test execution model reuse prediction confidence,0,0,0,,,,,,,,,,,,,"I am debugging non-deterministic failures in the document classification tests and want to understand how the machine learning pipeline behaves during test execution when training and OCR. I want to observe whether the classifier reuses an existing model or retrains during the same test run, and how that affects later tests. When a test exercises automatic correspondent matching, how many training documents are created, when does training occur relative to those inserts, and what confidence threshold is used to accept or reject predictions? I also want to see how edge cases are handled, such as when a document has no extractable text, including which OCR subprocess is invoked and what mime type is assigned to the output. Finally, when barcode splitting is involved, how many document records are created from a single input, which barcode values trigger a split, and where in the code that decision is made, especially if this changes the effective training data during the test run. Please do not modify the source code; you may create temporary helpers while investigating, but clean up anything temporary before finishing.",0.08641975308641975,,
20260913T143407.885544474Z-openclaw-sweatlasqa-pilot30-ctxlimit-amem-repo-sglang,pilot30-ctxlimit,repo-scope,task-6905333b74f22949d97ba9d9,25,paperless-ngx/paperless-ngx,3ed69dad-7391-4435-8fe4-ca6b351cbfad,1,paperless-ngx background processing task queue document ingestion,0,0,0,,,,,paperless-ngx background processing task queue document ingestion,13.0,1316.0,0.8,0.0,0.9,-0.0999999999999999,degraded,"I'm trying to understand how paperless-ngx actually handles background processing when it ingests documents. I want to see what happens at runtime, not just read the config files.

Can you help me make sense of how async work behaves in a live setup? I’m interested in what services are involved behind the scenes, how background jobs appear once they are created, and how the system tells the difference between work that is waiting and work that is actively being processed. I also want to understand where the task state ends up being stored and how you can tell, after the fact, what happened to a given job.

From the code perspective, I want to connect that runtime behavior back to its origin. Where are these background jobs actually triggered, and what part of the code is responsible for sending them into the queue? Don’t modify any repository source files. If you need to create temporary scripts or artifacts to observe behavior, that’s fine, but clean them up afterward and leave the codebase unchanged.",0.07462686567164178,,
20260913T143407.885544474Z-openclaw-sweatlasqa-pilot30-ctxlimit-amem-repo-sglang,pilot30-ctxlimit,repo-scope,task-6905333b74f22949d97ba9d9,25,paperless-ngx/paperless-ngx,3ed69dad-7391-4435-8fe4-ca6b351cbfad,2,django_q task state storage failure model Schedule API,0,0,0,,,,,django_q task state storage failure model Schedule API,13.0,1284.0,0.8,0.0,0.9,-0.0999999999999999,degraded,"I'm trying to understand how paperless-ngx actually handles background processing when it ingests documents. I want to see what happens at runtime, not just read the config files.

Can you help me make sense of how async work behaves in a live setup? I’m interested in what services are involved behind the scenes, how background jobs appear once they are created, and how the system tells the difference between work that is waiting and work that is actively being processed. I also want to understand where the task state ends up being stored and how you can tell, after the fact, what happened to a given job.

From the code perspective, I want to connect that runtime behavior back to its origin. Where are these background jobs actually triggered, and what part of the code is responsible for sending them into the queue? Don’t modify any repository source files. If you need to create temporary scripts or artifacts to observe behavior, that’s fine, but clean them up afterward and leave the codebase unchanged.",0.02857142857142857,,
20260913T143407.885544474Z-openclaw-sweatlasqa-pilot30-ctxlimit-amem-repo-sglang,pilot30-ctxlimit,repo-scope,task-6905333b74f22949d97ba9db,26,paperless-ngx/paperless-ngx,fbe8bb0e-bd94-4e84-900e-af06714e46c4,1,Paperless-NGX file move rename tags directory,0,0,0,,,,,Paperless-NGX file move rename tags directory,13.0,1354.0,,,1.0,,,"I'm onboarding into the Paperless-NGX repository and I'm curious about the hidden choreography that happens when the system is actually running. When a document's tags change and the filename format includes tags in the directory structure, files apparently relocate themselves. I wonder what log messages actually appear during that dance, and what the before and after paths look like in practice. There's supposedly a rollback safety net if something goes wrong during a file move, but I can't tell from reading the code whether it truly recovers or just promises to, what actually happens to files when a move fails partway through? Beyond file handling, there are other runtime mysteries I want to explore. The classifier's behavior puzzles me, sometimes training finishes instantly, other times it takes much longer. I want to trigger both scenarios and see the actual log messages that explain why training was skipped versus why it proceeded with full retraining, including whatever hash or checksum the system uses to detect changes. Duplicate detection feels like magic, two files that look completely different can still be rejected as duplicates, and I want to see the actual checksums being compared at that moment of judgment. The sanity checker intrigues me as well, what does its output actually look like when an archive is healthy versus when something has gone wrong, and can I see the specific hash values it compares when it discovers a mismatch? I also wonder about ghost files, whether orphaned files really linger in the media folder and what the system actually reports when it finds them. I need to see real runtime evidence for all of this; actual paths, actual checksums, actual log messages. Temporary scripts may be used for observation, but the repository itself should remain unchanged and anything temporary cleaned up afterward.",0.038461538461538464,,
20260913T143407.885544474Z-openclaw-sweatlasqa-pilot30-ctxlimit-amem-repo-sglang,pilot30-ctxlimit,repo-scope,task-6905333b74f22949d97ba9db,26,paperless-ngx/paperless-ngx,fbe8bb0e-bd94-4e84-900e-af06714e46c4,2,Paperless-NGX file handling classifier duplicate detection sanity check,0,0,0,,,,,Paperless-NGX file handling classifier duplicate detection sanity check,13.0,1155.0,,,1.0,,,"I'm onboarding into the Paperless-NGX repository and I'm curious about the hidden choreography that happens when the system is actually running. When a document's tags change and the filename format includes tags in the directory structure, files apparently relocate themselves. I wonder what log messages actually appear during that dance, and what the before and after paths look like in practice. There's supposedly a rollback safety net if something goes wrong during a file move, but I can't tell from reading the code whether it truly recovers or just promises to, what actually happens to files when a move fails partway through? Beyond file handling, there are other runtime mysteries I want to explore. The classifier's behavior puzzles me, sometimes training finishes instantly, other times it takes much longer. I want to trigger both scenarios and see the actual log messages that explain why training was skipped versus why it proceeded with full retraining, including whatever hash or checksum the system uses to detect changes. Duplicate detection feels like magic, two files that look completely different can still be rejected as duplicates, and I want to see the actual checksums being compared at that moment of judgment. The sanity checker intrigues me as well, what does its output actually look like when an archive is healthy versus when something has gone wrong, and can I see the specific hash values it compares when it discovers a mismatch? I also wonder about ghost files, whether orphaned files really linger in the media folder and what the system actually reports when it finds them. I need to see real runtime evidence for all of this; actual paths, actual checksums, actual log messages. Temporary scripts may be used for observation, but the repository itself should remain unchanged and anything temporary cleaned up afterward.",0.04580152671755725,,
20260913T143407.885544474Z-openclaw-sweatlasqa-pilot30-ctxlimit-amem-repo-sglang,pilot30-ctxlimit,repo-scope,task-6905333b74f22949d97ba9db,26,paperless-ngx/paperless-ngx,fbe8bb0e-bd94-4e84-900e-af06714e46c4,3,Paperless-NGX document file handling classifier sanity checker runtime behavior,0,0,0,,,,,Paperless-NGX document file handling classifier sanity checker runtime behavior,16.0,119.0,,,1.0,,,"I'm onboarding into the Paperless-NGX repository and I'm curious about the hidden choreography that happens when the system is actually running. When a document's tags change and the filename format includes tags in the directory structure, files apparently relocate themselves. I wonder what log messages actually appear during that dance, and what the before and after paths look like in practice. There's supposedly a rollback safety net if something goes wrong during a file move, but I can't tell from reading the code whether it truly recovers or just promises to, what actually happens to files when a move fails partway through? Beyond file handling, there are other runtime mysteries I want to explore. The classifier's behavior puzzles me, sometimes training finishes instantly, other times it takes much longer. I want to trigger both scenarios and see the actual log messages that explain why training was skipped versus why it proceeded with full retraining, including whatever hash or checksum the system uses to detect changes. Duplicate detection feels like magic, two files that look completely different can still be rejected as duplicates, and I want to see the actual checksums being compared at that moment of judgment. The sanity checker intrigues me as well, what does its output actually look like when an archive is healthy versus when something has gone wrong, and can I see the specific hash values it compares when it discovers a mismatch? I also wonder about ghost files, whether orphaned files really linger in the media folder and what the system actually reports when it finds them. I need to see real runtime evidence for all of this; actual paths, actual checksums, actual log messages. Temporary scripts may be used for observation, but the repository itself should remain unchanged and anything temporary cleaned up afterward.",0.05343511450381679,,
20260913T143407.885544474Z-openclaw-sweatlasqa-pilot30-ctxlimit-amem-repo-sglang,pilot30-ctxlimit,repo-scope,task-6905333b74f22949d97ba9db,26,paperless-ngx/paperless-ngx,fbe8bb0e-bd94-4e84-900e-af06714e46c4,4,paperless file handling rename move classifier checksum duplicate sanity,0,0,0,,,,,paperless file handling rename move classifier checksum duplicate sanity,18.0,1231.0,,,1.0,,,"I'm onboarding into the Paperless-NGX repository and I'm curious about the hidden choreography that happens when the system is actually running. When a document's tags change and the filename format includes tags in the directory structure, files apparently relocate themselves. I wonder what log messages actually appear during that dance, and what the before and after paths look like in practice. There's supposedly a rollback safety net if something goes wrong during a file move, but I can't tell from reading the code whether it truly recovers or just promises to, what actually happens to files when a move fails partway through? Beyond file handling, there are other runtime mysteries I want to explore. The classifier's behavior puzzles me, sometimes training finishes instantly, other times it takes much longer. I want to trigger both scenarios and see the actual log messages that explain why training was skipped versus why it proceeded with full retraining, including whatever hash or checksum the system uses to detect changes. Duplicate detection feels like magic, two files that look completely different can still be rejected as duplicates, and I want to see the actual checksums being compared at that moment of judgment. The sanity checker intrigues me as well, what does its output actually look like when an archive is healthy versus when something has gone wrong, and can I see the specific hash values it compares when it discovers a mismatch? I also wonder about ghost files, whether orphaned files really linger in the media folder and what the system actually reports when it finds them. I need to see real runtime evidence for all of this; actual paths, actual checksums, actual log messages. Temporary scripts may be used for observation, but the repository itself should remain unchanged and anything temporary cleaned up afterward.",0.05343511450381679,,
20260913T143407.885544474Z-openclaw-sweatlasqa-pilot30-ctxlimit-amem-repo-sglang,pilot30-ctxlimit,repo-scope,task-6905333b74f22949d97ba9db,26,paperless-ngx/paperless-ngx,fbe8bb0e-bd94-4e84-900e-af06714e46c4,5,Paperless-NGX file handling classifier duplicate detection sanity check,0,0,0,,,,,,,,,,1.0,,,"I'm onboarding into the Paperless-NGX repository and I'm curious about the hidden choreography that happens when the system is actually running. When a document's tags change and the filename format includes tags in the directory structure, files apparently relocate themselves. I wonder what log messages actually appear during that dance, and what the before and after paths look like in practice. There's supposedly a rollback safety net if something goes wrong during a file move, but I can't tell from reading the code whether it truly recovers or just promises to, what actually happens to files when a move fails partway through? Beyond file handling, there are other runtime mysteries I want to explore. The classifier's behavior puzzles me, sometimes training finishes instantly, other times it takes much longer. I want to trigger both scenarios and see the actual log messages that explain why training was skipped versus why it proceeded with full retraining, including whatever hash or checksum the system uses to detect changes. Duplicate detection feels like magic, two files that look completely different can still be rejected as duplicates, and I want to see the actual checksums being compared at that moment of judgment. The sanity checker intrigues me as well, what does its output actually look like when an archive is healthy versus when something has gone wrong, and can I see the specific hash values it compares when it discovers a mismatch? I also wonder about ghost files, whether orphaned files really linger in the media folder and what the system actually reports when it finds them. I need to see real runtime evidence for all of this; actual paths, actual checksums, actual log messages. Temporary scripts may be used for observation, but the repository itself should remain unchanged and anything temporary cleaned up afterward.",0.04580152671755725,,
20260913T143407.885544474Z-openclaw-sweatlasqa-pilot30-ctxlimit-amem-repo-sglang,pilot30-ctxlimit,repo-scope,task-6905333b74f22949d97ba9db,26,paperless-ngx/paperless-ngx,fbe8bb0e-bd94-4e84-900e-af06714e46c4,6,Paperless-NGX document file handling classifier sanity checker runtime behavior,0,0,0,,,,,,,,,,1.0,,,"I'm onboarding into the Paperless-NGX repository and I'm curious about the hidden choreography that happens when the system is actually running. When a document's tags change and the filename format includes tags in the directory structure, files apparently relocate themselves. I wonder what log messages actually appear during that dance, and what the before and after paths look like in practice. There's supposedly a rollback safety net if something goes wrong during a file move, but I can't tell from reading the code whether it truly recovers or just promises to, what actually happens to files when a move fails partway through? Beyond file handling, there are other runtime mysteries I want to explore. The classifier's behavior puzzles me, sometimes training finishes instantly, other times it takes much longer. I want to trigger both scenarios and see the actual log messages that explain why training was skipped versus why it proceeded with full retraining, including whatever hash or checksum the system uses to detect changes. Duplicate detection feels like magic, two files that look completely different can still be rejected as duplicates, and I want to see the actual checksums being compared at that moment of judgment. The sanity checker intrigues me as well, what does its output actually look like when an archive is healthy versus when something has gone wrong, and can I see the specific hash values it compares when it discovers a mismatch? I also wonder about ghost files, whether orphaned files really linger in the media folder and what the system actually reports when it finds them. I need to see real runtime evidence for all of this; actual paths, actual checksums, actual log messages. Temporary scripts may be used for observation, but the repository itself should remain unchanged and anything temporary cleaned up afterward.",0.05343511450381679,,
20260913T143407.885544474Z-openclaw-sweatlasqa-pilot30-ctxlimit-amem-repo-sglang,pilot30-ctxlimit,repo-scope,task-6905333b74f22949d97ba9db,26,paperless-ngx/paperless-ngx,fbe8bb0e-bd94-4e84-900e-af06714e46c4,7,paperless file handling rename move classifier checksum duplicate sanity,0,0,0,,,,,,,,,,1.0,,,"I'm onboarding into the Paperless-NGX repository and I'm curious about the hidden choreography that happens when the system is actually running. When a document's tags change and the filename format includes tags in the directory structure, files apparently relocate themselves. I wonder what log messages actually appear during that dance, and what the before and after paths look like in practice. There's supposedly a rollback safety net if something goes wrong during a file move, but I can't tell from reading the code whether it truly recovers or just promises to, what actually happens to files when a move fails partway through? Beyond file handling, there are other runtime mysteries I want to explore. The classifier's behavior puzzles me, sometimes training finishes instantly, other times it takes much longer. I want to trigger both scenarios and see the actual log messages that explain why training was skipped versus why it proceeded with full retraining, including whatever hash or checksum the system uses to detect changes. Duplicate detection feels like magic, two files that look completely different can still be rejected as duplicates, and I want to see the actual checksums being compared at that moment of judgment. The sanity checker intrigues me as well, what does its output actually look like when an archive is healthy versus when something has gone wrong, and can I see the specific hash values it compares when it discovers a mismatch? I also wonder about ghost files, whether orphaned files really linger in the media folder and what the system actually reports when it finds them. I need to see real runtime evidence for all of this; actual paths, actual checksums, actual log messages. Temporary scripts may be used for observation, but the repository itself should remain unchanged and anything temporary cleaned up afterward.",0.05343511450381679,,
20260913T143407.885544474Z-openclaw-sweatlasqa-pilot30-ctxlimit-amem-repo-sglang,pilot30-ctxlimit,repo-scope,task-6905333b74f22949d97ba9dc,27,paperless-ngx/paperless-ngx,15c479e7-231c-4866-baf7-0bbc18e5278d,1,paperless-ngx OCR PDF processing,0,0,0,,,,,paperless repository structure,13.0,276.0,0.875,0.0,0.875,0.0,tied,"I'm getting inconsistent OCR results when testing paperless-ngx locally with multi-page PDFs and need to understand the processing behavior better. Get the development environment running normally (create admin user if needed during setup), then upload a multi-page PDF through the standard interface that requires OCR processing. What HTTP response status and message do you receive immediately after upload submission? As processing happens, what key log patterns appear that show the document moving through different stages, including the OCRmyPDF invocation parameters? After processing finishes, what do the generated archive PDF and thumbnail filenames look like in the media storage area? Check the document record in the database - what fields are actually stored (not filesystem-only metadata) and what values appear for the processed document? No file modifications or permanent changes allowed, clean up any test files completely when done.",0.02666666666666667,,
20260913T143407.885544474Z-openclaw-sweatlasqa-pilot30-ctxlimit-amem-repo-sglang,pilot30-ctxlimit,repo-scope,task-6905333b74f22949d97ba9dc,27,paperless-ngx/paperless-ngx,15c479e7-231c-4866-baf7-0bbc18e5278d,2,paperless repository structure,0,0,0,,,,,paperless-ngx OCR PDF processing,13.0,1284.0,0.875,0.0,0.875,0.0,tied,"I'm getting inconsistent OCR results when testing paperless-ngx locally with multi-page PDFs and need to understand the processing behavior better. Get the development environment running normally (create admin user if needed during setup), then upload a multi-page PDF through the standard interface that requires OCR processing. What HTTP response status and message do you receive immediately after upload submission? As processing happens, what key log patterns appear that show the document moving through different stages, including the OCRmyPDF invocation parameters? After processing finishes, what do the generated archive PDF and thumbnail filenames look like in the media storage area? Check the document record in the database - what fields are actually stored (not filesystem-only metadata) and what values appear for the processed document? No file modifications or permanent changes allowed, clean up any test files completely when done.",0.013157894736842105,,
20260913T143407.885544474Z-openclaw-sweatlasqa-pilot30-ctxlimit-amem-repo-sglang,pilot30-ctxlimit,repo-scope,task-6905333b74f22949d97ba9dc,27,paperless-ngx/paperless-ngx,15c479e7-231c-4866-baf7-0bbc18e5278d,3,paperless upload HTTP status OCR processing log archive filename,0,0,0,,,,,paperless upload HTTP status OCR processing log archive filename,13.0,160.0,0.875,0.0,0.875,0.0,tied,"I'm getting inconsistent OCR results when testing paperless-ngx locally with multi-page PDFs and need to understand the processing behavior better. Get the development environment running normally (create admin user if needed during setup), then upload a multi-page PDF through the standard interface that requires OCR processing. What HTTP response status and message do you receive immediately after upload submission? As processing happens, what key log patterns appear that show the document moving through different stages, including the OCRmyPDF invocation parameters? After processing finishes, what do the generated archive PDF and thumbnail filenames look like in the media storage area? Check the document record in the database - what fields are actually stored (not filesystem-only metadata) and what values appear for the processed document? No file modifications or permanent changes allowed, clean up any test files completely when done.",0.07894736842105263,,
20260913T143407.885544474Z-openclaw-sweatlasqa-pilot30-ctxlimit-amem-repo-sglang,pilot30-ctxlimit,repo-scope,task-6905333b74f22949d97ba9dc,27,paperless-ngx/paperless-ngx,15c479e7-231c-4866-baf7-0bbc18e5278d,4,paperless upload HTTP status OCR processing log archive filename,0,0,0,,,,,paperless upload HTTP status OCR processing log archive filename,13.0,116.0,0.875,0.0,0.875,0.0,tied,"I'm getting inconsistent OCR results when testing paperless-ngx locally with multi-page PDFs and need to understand the processing behavior better. Get the development environment running normally (create admin user if needed during setup), then upload a multi-page PDF through the standard interface that requires OCR processing. What HTTP response status and message do you receive immediately after upload submission? As processing happens, what key log patterns appear that show the document moving through different stages, including the OCRmyPDF invocation parameters? After processing finishes, what do the generated archive PDF and thumbnail filenames look like in the media storage area? Check the document record in the database - what fields are actually stored (not filesystem-only metadata) and what values appear for the processed document? No file modifications or permanent changes allowed, clean up any test files completely when done.",0.07894736842105263,,
20260913T143407.885544474Z-openclaw-sweatlasqa-pilot30-ctxlimit-amem-repo-sglang,pilot30-ctxlimit,repo-scope,task-6905333b74f22949d97ba9dd,28,paperless-ngx/paperless-ngx,aecc6df4-7907-4ebd-a80e-1ebdcc1abfe7,1,Paperless-NGX document ingestion workflow,0,0,0,,,,,Paperless-NGX document ingestion workflow,13.0,1193.0,,,,,,"I need to understand how Paperless-NGX processes a document from ingestion through indexing before I start working with the codebase. Set up the full environment and get all services running normally. Drop a small test file into the consumption directory and follow what happens. What log messages appear when the system first detects the file, what ingestion task gets triggered, and what additional tasks show up as the document moves through parsing, classification, and indexing? While the task is queued, check what the message broker is storing. What payload format or data structure represents the queued task? After processing completes, query the database to see where the document record is stored, which fields capture the parsed metadata, and where the system keeps a record of task execution or processing history.
Then trace the high-level codepath behind this workflow based on the behavior you observe. Starting from the part of the system that detects the new file, follow the chain of components involved in creating and submitting the ingestion task. Which part of the application is responsible for creating that task object, and what queuing framework does Paperless-NGX rely on to dispatch it? You may use temporary helper scripts or test files if needed, but don’t modify the actual source code, and clean up any temporary artifacts when you’re done.",0.043478260869565216,,
20260913T143407.885544474Z-openclaw-sweatlasqa-pilot30-ctxlimit-amem-repo-sglang,pilot30-ctxlimit,repo-scope,task-6905333b74f22949d97ba9dd,28,paperless-ngx/paperless-ngx,aecc6df4-7907-4ebd-a80e-1ebdcc1abfe7,2,Paperless-NGX document ingestion workflow codebase,0,0,0,,,,,Paperless-NGX document ingestion workflow codebase,13.0,1173.0,,,,,,"I need to understand how Paperless-NGX processes a document from ingestion through indexing before I start working with the codebase. Set up the full environment and get all services running normally. Drop a small test file into the consumption directory and follow what happens. What log messages appear when the system first detects the file, what ingestion task gets triggered, and what additional tasks show up as the document moves through parsing, classification, and indexing? While the task is queued, check what the message broker is storing. What payload format or data structure represents the queued task? After processing completes, query the database to see where the document record is stored, which fields capture the parsed metadata, and where the system keeps a record of task execution or processing history.
Then trace the high-level codepath behind this workflow based on the behavior you observe. Starting from the part of the system that detects the new file, follow the chain of components involved in creating and submitting the ingestion task. Which part of the application is responsible for creating that task object, and what queuing framework does Paperless-NGX rely on to dispatch it? You may use temporary helper scripts or test files if needed, but don’t modify the actual source code, and clean up any temporary artifacts when you’re done.",0.043478260869565216,,
20260913T143407.885544474Z-openclaw-sweatlasqa-pilot30-ctxlimit-amem-repo-sglang,pilot30-ctxlimit,repo-scope,task-6905333b74f22949d97ba9dd,28,paperless-ngx/paperless-ngx,aecc6df4-7907-4ebd-a80e-1ebdcc1abfe7,3,Paperless-NGX ingestion pipeline document processing workflow,0,0,0,,,,,Paperless-NGX ingestion pipeline document processing workflow,13.0,1194.0,,,,,,"I need to understand how Paperless-NGX processes a document from ingestion through indexing before I start working with the codebase. Set up the full environment and get all services running normally. Drop a small test file into the consumption directory and follow what happens. What log messages appear when the system first detects the file, what ingestion task gets triggered, and what additional tasks show up as the document moves through parsing, classification, and indexing? While the task is queued, check what the message broker is storing. What payload format or data structure represents the queued task? After processing completes, query the database to see where the document record is stored, which fields capture the parsed metadata, and where the system keeps a record of task execution or processing history.
Then trace the high-level codepath behind this workflow based on the behavior you observe. Starting from the part of the system that detects the new file, follow the chain of components involved in creating and submitting the ingestion task. Which part of the application is responsible for creating that task object, and what queuing framework does Paperless-NGX rely on to dispatch it? You may use temporary helper scripts or test files if needed, but don’t modify the actual source code, and clean up any temporary artifacts when you’re done.",0.053763440860215055,,
20260913T143407.885544474Z-openclaw-sweatlasqa-pilot30-ctxlimit-amem-repo-sglang,pilot30-ctxlimit,repo-scope,task-6905333b74f22949d97ba9dd,28,paperless-ngx/paperless-ngx,aecc6df4-7907-4ebd-a80e-1ebdcc1abfe7,4,Paperless-NGX ingestion pipeline document processing,0,0,0,,,,,Paperless-NGX ingestion pipeline document processing,18.0,1163.0,,,,,,"I need to understand how Paperless-NGX processes a document from ingestion through indexing before I start working with the codebase. Set up the full environment and get all services running normally. Drop a small test file into the consumption directory and follow what happens. What log messages appear when the system first detects the file, what ingestion task gets triggered, and what additional tasks show up as the document moves through parsing, classification, and indexing? While the task is queued, check what the message broker is storing. What payload format or data structure represents the queued task? After processing completes, query the database to see where the document record is stored, which fields capture the parsed metadata, and where the system keeps a record of task execution or processing history.
Then trace the high-level codepath behind this workflow based on the behavior you observe. Starting from the part of the system that detects the new file, follow the chain of components involved in creating and submitting the ingestion task. Which part of the application is responsible for creating that task object, and what queuing framework does Paperless-NGX rely on to dispatch it? You may use temporary helper scripts or test files if needed, but don’t modify the actual source code, and clean up any temporary artifacts when you’re done.",0.043010752688172046,,
20260913T143407.885544474Z-openclaw-sweatlasqa-pilot30-ctxlimit-amem-repo-sglang,pilot30-ctxlimit,repo-scope,task-6905333b74f22949d97ba9dd,28,paperless-ngx/paperless-ngx,aecc6df4-7907-4ebd-a80e-1ebdcc1abfe7,5,Paperless-NGX document ingestion workflow codebase,0,0,0,,,,,,,,,,,,,"I need to understand how Paperless-NGX processes a document from ingestion through indexing before I start working with the codebase. Set up the full environment and get all services running normally. Drop a small test file into the consumption directory and follow what happens. What log messages appear when the system first detects the file, what ingestion task gets triggered, and what additional tasks show up as the document moves through parsing, classification, and indexing? While the task is queued, check what the message broker is storing. What payload format or data structure represents the queued task? After processing completes, query the database to see where the document record is stored, which fields capture the parsed metadata, and where the system keeps a record of task execution or processing history.
Then trace the high-level codepath behind this workflow based on the behavior you observe. Starting from the part of the system that detects the new file, follow the chain of components involved in creating and submitting the ingestion task. Which part of the application is responsible for creating that task object, and what queuing framework does Paperless-NGX rely on to dispatch it? You may use temporary helper scripts or test files if needed, but don’t modify the actual source code, and clean up any temporary artifacts when you’re done.",0.043478260869565216,,
20260913T143407.885544474Z-openclaw-sweatlasqa-pilot30-ctxlimit-amem-repo-sglang,pilot30-ctxlimit,repo-scope,task-6905333b74f22949d97ba9dd,28,paperless-ngx/paperless-ngx,aecc6df4-7907-4ebd-a80e-1ebdcc1abfe7,6,Paperless-NGX ingestion pipeline document processing workflow,0,0,0,,,,,,,,,,,,,"I need to understand how Paperless-NGX processes a document from ingestion through indexing before I start working with the codebase. Set up the full environment and get all services running normally. Drop a small test file into the consumption directory and follow what happens. What log messages appear when the system first detects the file, what ingestion task gets triggered, and what additional tasks show up as the document moves through parsing, classification, and indexing? While the task is queued, check what the message broker is storing. What payload format or data structure represents the queued task? After processing completes, query the database to see where the document record is stored, which fields capture the parsed metadata, and where the system keeps a record of task execution or processing history.
Then trace the high-level codepath behind this workflow based on the behavior you observe. Starting from the part of the system that detects the new file, follow the chain of components involved in creating and submitting the ingestion task. Which part of the application is responsible for creating that task object, and what queuing framework does Paperless-NGX rely on to dispatch it? You may use temporary helper scripts or test files if needed, but don’t modify the actual source code, and clean up any temporary artifacts when you’re done.",0.053763440860215055,,
20260913T143407.885544474Z-openclaw-sweatlasqa-pilot30-ctxlimit-amem-repo-sglang,pilot30-ctxlimit,repo-scope,task-6905333b74f22949d97ba9dd,28,paperless-ngx/paperless-ngx,aecc6df4-7907-4ebd-a80e-1ebdcc1abfe7,7,Paperless-NGX ingestion pipeline document processing,0,0,0,,,,,,,,,,,,,"I need to understand how Paperless-NGX processes a document from ingestion through indexing before I start working with the codebase. Set up the full environment and get all services running normally. Drop a small test file into the consumption directory and follow what happens. What log messages appear when the system first detects the file, what ingestion task gets triggered, and what additional tasks show up as the document moves through parsing, classification, and indexing? While the task is queued, check what the message broker is storing. What payload format or data structure represents the queued task? After processing completes, query the database to see where the document record is stored, which fields capture the parsed metadata, and where the system keeps a record of task execution or processing history.
Then trace the high-level codepath behind this workflow based on the behavior you observe. Starting from the part of the system that detects the new file, follow the chain of components involved in creating and submitting the ingestion task. Which part of the application is responsible for creating that task object, and what queuing framework does Paperless-NGX rely on to dispatch it? You may use temporary helper scripts or test files if needed, but don’t modify the actual source code, and clean up any temporary artifacts when you’re done.",0.043010752688172046,,
20260913T143407.885544474Z-openclaw-sweatlasqa-pilot30-ctxlimit-amem-repo-sglang,pilot30-ctxlimit,repo-scope,task-6905333b74f22949d97ba9de,29,paperless-ngx/paperless-ngx,83215810-e21a-4000-b265-c54cb85d7c3d,1,Paperless memory usage metadata processing document import,0,0,0,,,,,Paperless memory usage metadata processing document import,13.0,1332.0,,,,,,"I'm investigating a strange memory usage pattern in the Paperless document processing system. When the system imports documents, it sometimes consumes far more memory than expected for the metadata handling, but this doesn't happen consistently and seems to vary based on the document source or processing stage.

What I'm seeing is that memory usage spikes significantly during document import operations, particularly when metadata is being processed, but the spike seems disproportionate to the actual document size. The odd part is that this memory doesn't always get released back to the system in a timely manner, even after processing is complete. This seems unusual because these are mostly text documents with relatively small metadata - we're not dealing with massive image processing here.

Can you figure out what's causing these memory spikes? I'm curious whether there's something in the metadata handling that's creating unnecessary copies or holding references longer than needed, or if there's caching behavior that's accumulating data unexpectedly. What's different between the cases where memory spikes and cases where it doesn't? How does the behavior change with different document types or batch sizes?

I need to see actual runtime memory measurements during processing, understand which components or methods are responsible for holding onto memory, and get evidence showing whether this is normal Python garbage collection behavior or something problematic. Show me what patterns you can find and where the memory is actually going.

Don't modify any repository source files. You can create temporary test scripts or helper tools to reproduce and analyze the behavior, but clean them up and leave the codebase unchanged when done.",0.06140350877192982,,
20260913T143407.885544474Z-openclaw-sweatlasqa-pilot30-ctxlimit-amem-repo-sglang,pilot30-ctxlimit,repo-scope,task-6905333b74f22949d97ba9de,29,paperless-ngx/paperless-ngx,83215810-e21a-4000-b265-c54cb85d7c3d,2,Paperless memory usage document import processing,0,0,0,,,,,Paperless memory usage document import processing,13.0,1166.0,,,,,,"I'm investigating a strange memory usage pattern in the Paperless document processing system. When the system imports documents, it sometimes consumes far more memory than expected for the metadata handling, but this doesn't happen consistently and seems to vary based on the document source or processing stage.

What I'm seeing is that memory usage spikes significantly during document import operations, particularly when metadata is being processed, but the spike seems disproportionate to the actual document size. The odd part is that this memory doesn't always get released back to the system in a timely manner, even after processing is complete. This seems unusual because these are mostly text documents with relatively small metadata - we're not dealing with massive image processing here.

Can you figure out what's causing these memory spikes? I'm curious whether there's something in the metadata handling that's creating unnecessary copies or holding references longer than needed, or if there's caching behavior that's accumulating data unexpectedly. What's different between the cases where memory spikes and cases where it doesn't? How does the behavior change with different document types or batch sizes?

I need to see actual runtime memory measurements during processing, understand which components or methods are responsible for holding onto memory, and get evidence showing whether this is normal Python garbage collection behavior or something problematic. Show me what patterns you can find and where the memory is actually going.

Don't modify any repository source files. You can create temporary test scripts or helper tools to reproduce and analyze the behavior, but clean them up and leave the codebase unchanged when done.",0.05263157894736842,,
20260913T143407.885544474Z-openclaw-sweatlasqa-pilot30-ctxlimit-amem-repo-sglang,pilot30-ctxlimit,repo-scope,task-6905333b74f22949d97ba9de,29,paperless-ngx/paperless-ngx,83215810-e21a-4000-b265-c54cb85d7c3d,3,Paperless memory spike document processing metadata,0,0,0,,,,,Paperless memory spike document processing metadata,18.0,109.0,,,,,,"I'm investigating a strange memory usage pattern in the Paperless document processing system. When the system imports documents, it sometimes consumes far more memory than expected for the metadata handling, but this doesn't happen consistently and seems to vary based on the document source or processing stage.

What I'm seeing is that memory usage spikes significantly during document import operations, particularly when metadata is being processed, but the spike seems disproportionate to the actual document size. The odd part is that this memory doesn't always get released back to the system in a timely manner, even after processing is complete. This seems unusual because these are mostly text documents with relatively small metadata - we're not dealing with massive image processing here.

Can you figure out what's causing these memory spikes? I'm curious whether there's something in the metadata handling that's creating unnecessary copies or holding references longer than needed, or if there's caching behavior that's accumulating data unexpectedly. What's different between the cases where memory spikes and cases where it doesn't? How does the behavior change with different document types or batch sizes?

I need to see actual runtime memory measurements during processing, understand which components or methods are responsible for holding onto memory, and get evidence showing whether this is normal Python garbage collection behavior or something problematic. Show me what patterns you can find and where the memory is actually going.

Don't modify any repository source files. You can create temporary test scripts or helper tools to reproduce and analyze the behavior, but clean them up and leave the codebase unchanged when done.",0.05263157894736842,,
20260913T143407.885544474Z-openclaw-sweatlasqa-pilot30-ctxlimit-amem-repo-sglang,pilot30-ctxlimit,repo-scope,task-6905333b74f22949d97ba9de,29,paperless-ngx/paperless-ngx,83215810-e21a-4000-b265-c54cb85d7c3d,4,Paperless memory spike document processing,0,0,0,,,,,Paperless memory spike document processing,18.0,110.0,,,,,,"I'm investigating a strange memory usage pattern in the Paperless document processing system. When the system imports documents, it sometimes consumes far more memory than expected for the metadata handling, but this doesn't happen consistently and seems to vary based on the document source or processing stage.

What I'm seeing is that memory usage spikes significantly during document import operations, particularly when metadata is being processed, but the spike seems disproportionate to the actual document size. The odd part is that this memory doesn't always get released back to the system in a timely manner, even after processing is complete. This seems unusual because these are mostly text documents with relatively small metadata - we're not dealing with massive image processing here.

Can you figure out what's causing these memory spikes? I'm curious whether there's something in the metadata handling that's creating unnecessary copies or holding references longer than needed, or if there's caching behavior that's accumulating data unexpectedly. What's different between the cases where memory spikes and cases where it doesn't? How does the behavior change with different document types or batch sizes?

I need to see actual runtime memory measurements during processing, understand which components or methods are responsible for holding onto memory, and get evidence showing whether this is normal Python garbage collection behavior or something problematic. Show me what patterns you can find and where the memory is actually going.

Don't modify any repository source files. You can create temporary test scripts or helper tools to reproduce and analyze the behavior, but clean them up and leave the codebase unchanged when done.",0.043859649122807015,,
20260913T143407.885544474Z-openclaw-sweatlasqa-pilot30-ctxlimit-amem-repo-sglang,pilot30-ctxlimit,repo-scope,task-6905333b74f22949d97ba9de,29,paperless-ngx/paperless-ngx,83215810-e21a-4000-b265-c54cb85d7c3d,5,Paperless memory usage document import processing,0,0,0,,,,,,,,,,,,,"I'm investigating a strange memory usage pattern in the Paperless document processing system. When the system imports documents, it sometimes consumes far more memory than expected for the metadata handling, but this doesn't happen consistently and seems to vary based on the document source or processing stage.

What I'm seeing is that memory usage spikes significantly during document import operations, particularly when metadata is being processed, but the spike seems disproportionate to the actual document size. The odd part is that this memory doesn't always get released back to the system in a timely manner, even after processing is complete. This seems unusual because these are mostly text documents with relatively small metadata - we're not dealing with massive image processing here.

Can you figure out what's causing these memory spikes? I'm curious whether there's something in the metadata handling that's creating unnecessary copies or holding references longer than needed, or if there's caching behavior that's accumulating data unexpectedly. What's different between the cases where memory spikes and cases where it doesn't? How does the behavior change with different document types or batch sizes?

I need to see actual runtime memory measurements during processing, understand which components or methods are responsible for holding onto memory, and get evidence showing whether this is normal Python garbage collection behavior or something problematic. Show me what patterns you can find and where the memory is actually going.

Don't modify any repository source files. You can create temporary test scripts or helper tools to reproduce and analyze the behavior, but clean them up and leave the codebase unchanged when done.",0.05263157894736842,,
20260913T143407.885544474Z-openclaw-sweatlasqa-pilot30-ctxlimit-amem-repo-sglang,pilot30-ctxlimit,repo-scope,task-6905333b74f22949d97ba9de,29,paperless-ngx/paperless-ngx,83215810-e21a-4000-b265-c54cb85d7c3d,6,Paperless memory spike document processing metadata,0,0,0,,,,,,,,,,,,,"I'm investigating a strange memory usage pattern in the Paperless document processing system. When the system imports documents, it sometimes consumes far more memory than expected for the metadata handling, but this doesn't happen consistently and seems to vary based on the document source or processing stage.

What I'm seeing is that memory usage spikes significantly during document import operations, particularly when metadata is being processed, but the spike seems disproportionate to the actual document size. The odd part is that this memory doesn't always get released back to the system in a timely manner, even after processing is complete. This seems unusual because these are mostly text documents with relatively small metadata - we're not dealing with massive image processing here.

Can you figure out what's causing these memory spikes? I'm curious whether there's something in the metadata handling that's creating unnecessary copies or holding references longer than needed, or if there's caching behavior that's accumulating data unexpectedly. What's different between the cases where memory spikes and cases where it doesn't? How does the behavior change with different document types or batch sizes?

I need to see actual runtime memory measurements during processing, understand which components or methods are responsible for holding onto memory, and get evidence showing whether this is normal Python garbage collection behavior or something problematic. Show me what patterns you can find and where the memory is actually going.

Don't modify any repository source files. You can create temporary test scripts or helper tools to reproduce and analyze the behavior, but clean them up and leave the codebase unchanged when done.",0.05263157894736842,,
20260913T143407.885544474Z-openclaw-sweatlasqa-pilot30-ctxlimit-amem-repo-sglang,pilot30-ctxlimit,repo-scope,task-6905333b74f22949d97ba9de,29,paperless-ngx/paperless-ngx,83215810-e21a-4000-b265-c54cb85d7c3d,7,Paperless memory spike document processing,0,0,0,,,,,,,,,,,,,"I'm investigating a strange memory usage pattern in the Paperless document processing system. When the system imports documents, it sometimes consumes far more memory than expected for the metadata handling, but this doesn't happen consistently and seems to vary based on the document source or processing stage.

What I'm seeing is that memory usage spikes significantly during document import operations, particularly when metadata is being processed, but the spike seems disproportionate to the actual document size. The odd part is that this memory doesn't always get released back to the system in a timely manner, even after processing is complete. This seems unusual because these are mostly text documents with relatively small metadata - we're not dealing with massive image processing here.

Can you figure out what's causing these memory spikes? I'm curious whether there's something in the metadata handling that's creating unnecessary copies or holding references longer than needed, or if there's caching behavior that's accumulating data unexpectedly. What's different between the cases where memory spikes and cases where it doesn't? How does the behavior change with different document types or batch sizes?

I need to see actual runtime memory measurements during processing, understand which components or methods are responsible for holding onto memory, and get evidence showing whether this is normal Python garbage collection behavior or something problematic. Show me what patterns you can find and where the memory is actually going.

Don't modify any repository source files. You can create temporary test scripts or helper tools to reproduce and analyze the behavior, but clean them up and leave the codebase unchanged when done.",0.043859649122807015,,
20260913T143407.885544474Z-openclaw-sweatlasqa-pilot30-ctxlimit-amem-repo-sglang,pilot30-ctxlimit,repo-scope,task-6905333b74f22949d97ba9e0,30,paperless-ngx/paperless-ngx,1ff5b31b-ca8a-4d63-8bb2-7d5c40c093c0,1,documents list pagination duplicates sort order API,0,0,0,,,,,documents list pagination duplicates sort order API,13.0,1397.0,0.625,0.0,0.5,0.125,improved,"I am trying to figure out why the documents list can feel haunted during normal browsing, where paging through the documents view with a couple of common filters enabled can make the same document show up twice across neighboring pages or disappear for a page and then come back even though nobody is editing anything and the sort order looks unchanged. It gets stranger when the viewer is not an all powerful admin and visibility is shaped by sharing rules, because the glitch seems to depend on what the user is allowed to see rather than what exists. Is the backend producing duplicates that get collapsed somewhere later, is pagination happening before any de duplication, or is the ordering quietly unstable when multiple rows tie on the primary sort key? I want to watch what the API actually returns across consecutive page requests, and line that up with what the UI thinks pagination means until the exact condition that destabilizes the list becomes clear. Temporary scripts may be used for observation, but the repository itself should remain unchanged and anything temporary should be cleaned up afterward.",0.06666666666666667,,
20260913T143407.885544474Z-openclaw-sweatlasqa-pilot30-ctxlimit-amem-repo-sglang,pilot30-ctxlimit,repo-scope,task-6905333b74f22949d97ba9e0,30,paperless-ngx/paperless-ngx,1ff5b31b-ca8a-4d63-8bb2-7d5c40c093c0,2,DocumentViewSet ordering pagination distinct queryset filter backends,0,0,0,,,,,DocumentViewSet ordering pagination distinct queryset filter backends,13.0,1248.0,0.625,0.0,0.5,0.125,improved,"I am trying to figure out why the documents list can feel haunted during normal browsing, where paging through the documents view with a couple of common filters enabled can make the same document show up twice across neighboring pages or disappear for a page and then come back even though nobody is editing anything and the sort order looks unchanged. It gets stranger when the viewer is not an all powerful admin and visibility is shaped by sharing rules, because the glitch seems to depend on what the user is allowed to see rather than what exists. Is the backend producing duplicates that get collapsed somewhere later, is pagination happening before any de duplication, or is the ordering quietly unstable when multiple rows tie on the primary sort key? I want to watch what the API actually returns across consecutive page requests, and line that up with what the UI thinks pagination means until the exact condition that destabilizes the list becomes clear. Temporary scripts may be used for observation, but the repository itself should remain unchanged and anything temporary should be cleaned up afterward.",0.021052631578947368,,
20260913T143407.885544474Z-openclaw-sweatlasqa-pilot30-ctxlimit-amem-repo-sglang,pilot30-ctxlimit,repo-scope,task-6905333b74f22949d97ba9e8,14,simple-login/app,c12cde9f-e647-4c39-87c8-9d04871932ea,1,SimpleLogin authentication API session email forwarding,0,0,0,,,,,SimpleLogin authentication API session email forwarding,13.0,1446.0,0.6,0.0,0.7333333333333333,-0.1333333333333333,degraded,"I've been investigating SimpleLogin's authentication and noticed some behaviors I need to verify by actually observing the running system.

When I'm logged into the web interface and make API calls without an API key header, the requests seem to work. I need to confirm what HTTP status code actually comes back and what the response body structure looks like ,not what the code says should happen, but what actually happens when you try it.There's also something odd when trying to access privileged operations with just a browser session. The HTTP status code I get back isn't a standard authorization error, and the error message is unusual. What specific status code and exact error message text does the system actually return in this scenario?

For sessions, I want to understand what the stored session data actually looks like when you examine it directly in storage. Capture the raw bytes from the storage backend and show me what format they're in, what keys are present in the deserialized data for an authenticated session, and how the session key itself is structured.I'm also curious about session identifier behavior during authentication. If you capture the session ID from your cookie before login, then go through the login flow, does that identifier value stay the same or get replaced with a new one? I need to see the actual before and after values to know for sure.

On the email forwarding side, I want to know what happens to specific headers when a message passes through. If an incoming email has a custom X-header, a Received header, and a Reply-To header, which of those three actually make it through to the forwarded message and which get stripped? Send an actual test email and examine the result.

For the alias creation tokens, they clearly expire after some time window. I want to experimentally verify what that window is by testing whether a token works immediately, then waiting and testing if it still works, until you find the boundary where it stops working.

I also noticed that the API tracks usage statistics for API keys. When you make several API calls with the same key, what fields get updated in the database and what are the actual values you observe after making the calls?Finally, when a login attempt fails with wrong credentials, what specific log messages appear and what HTTP response details come back? I want to see the actual logged output and response, not just what the code says should happen.

Show me evidence from actually running the system rather than just reading the code. Don't modify any source files in the repository, but you can create test scripts to observe behavior - just clean them up afterward.",0.026845637583892617,,
20260913T143407.885544474Z-openclaw-sweatlasqa-pilot30-ctxlimit-amem-repo-sglang,pilot30-ctxlimit,repo-scope,task-6905333b74f22949d97baa1d,15,simple-login/app,3ebd6005-663b-42ec-860f-f21e8eea3643,1,SimpleLogin session handling Redis session storage,0,0,0,,,,,SimpleLogin session handling Redis session storage,13.0,1196.0,0.875,0.0,0.875,0.0,tied,"I’m testing the SimpleLogin repository and trying to understand how server-side session handling behaves at runtime, especially when stored session data is turned back into Python objects. I want to see what normal sessions look like as users log in and out and then what actually happens if the session data in Redis is corrupted or malformed. Does the next request fail, silently reset the session, or surface an error, and what shows up in responses or logs when that happens? I’m trying to understand where the boundary lies between a harmless reset and a real deserialization risk, based on what you can observe while the system is running rather than theory alone. If an attacker could tamper with session bytes but not forge the signed session ID, does that meaningfully change the risk, and how does the runtime behavior support that conclusion? Temporary scripts may be used for observation, but the repository itself should remain unchanged, and anything temporary should be cleaned up afterward.",0.057971014492753624,,
20260913T143407.885544474Z-openclaw-sweatlasqa-pilot30-ctxlimit-amem-repo-sglang,pilot30-ctxlimit,repo-scope,task-6905333b74f22949d97baa1d,15,simple-login/app,3ebd6005-663b-42ec-860f-f21e8eea3643,2,SimpleLogin session pickle serialization deserialization Redis,0,0,0,,,,,SimpleLogin session pickle serialization deserialization Redis,13.0,154.0,0.875,0.0,0.875,0.0,tied,"I’m testing the SimpleLogin repository and trying to understand how server-side session handling behaves at runtime, especially when stored session data is turned back into Python objects. I want to see what normal sessions look like as users log in and out and then what actually happens if the session data in Redis is corrupted or malformed. Does the next request fail, silently reset the session, or surface an error, and what shows up in responses or logs when that happens? I’m trying to understand where the boundary lies between a harmless reset and a real deserialization risk, based on what you can observe while the system is running rather than theory alone. If an attacker could tamper with session bytes but not forge the signed session ID, does that meaningfully change the risk, and how does the runtime behavior support that conclusion? Temporary scripts may be used for observation, but the repository itself should remain unchanged, and anything temporary should be cleaned up afterward.",0.05714285714285714,,
20260914T071929.732959741Z-openclaw-sweatlasqa-pilot30-ctxlimit-amem-repo-sglang,pilot30-ctxlimit,repo-scope,task-6905333b74f22949d97ba9a4,1,simple-login/app,a86fc096-dec0-42d4-9a4b-aadcaa430ea1,1,SimpleLogin startup configuration dev environment,0,0,0,,,,,SimpleLogin startup configuration dev environment,0.0,36.0,0.9,0.0,1.0,-0.0999999999999999,degraded,"I'm trying to understand what actually happens when SimpleLogin is started locally in development environment. I'm wondering how the backend starts up in dev mode, how configuration is loaded, which log messages indicate that it's ready to accept requests, and what ports or endpoints it exposes. 

I’m interested in how a single authenticated request is handled by the app, where the request first enters the application, how the user identity is determined at runtime, and how that authentication context is carried through request handling. The entry point and user identification flow are my main concerns here. I also want to know whether the app automatically starts any background jobs or schedulers, or if there’s anything going on besides handling incoming requests.

I'm not looking for what the code says should happen, I want to know what actually gets printed when you run it. Please don’t modify any repository source files while investigating. Temporary scripts are fine if needed, but leave the codebase unchanged and clean up anything you create when you’re done.",0.046153846153846156,,
20260914T071929.732959741Z-openclaw-sweatlasqa-pilot30-ctxlimit-amem-repo-sglang,pilot30-ctxlimit,repo-scope,task-6905333b74f22949d97ba9a4,1,simple-login/app,a86fc096-dec0-42d4-9a4b-aadcaa430ea1,2,SimpleLogin startup dev email_handler cron job_runner configuration,5,5,0,56.9359772,47.905686,70.546114,098ed127-a0ad-4fb0-984c-519b5365ce19;b69787f9-9371-43b9-8302-4180cfc9532e;d1452e26-be26-405b-85cd-0fdca96774f5;77613d75-fb6e-4c6f-b53f-7d9792b9e6ac;c077ddca-d84e-4f9f-bb7d-beddeeb17dde,SimpleLogin startup dev email_handler cron job_runner configuration,5.0,139.0,0.9,0.0,1.0,-0.0999999999999999,degraded,"I'm trying to understand what actually happens when SimpleLogin is started locally in development environment. I'm wondering how the backend starts up in dev mode, how configuration is loaded, which log messages indicate that it's ready to accept requests, and what ports or endpoints it exposes. 

I’m interested in how a single authenticated request is handled by the app, where the request first enters the application, how the user identity is determined at runtime, and how that authentication context is carried through request handling. The entry point and user identification flow are my main concerns here. I also want to know whether the app automatically starts any background jobs or schedulers, or if there’s anything going on besides handling incoming requests.

I'm not looking for what the code says should happen, I want to know what actually gets printed when you run it. Please don’t modify any repository source files while investigating. Temporary scripts are fine if needed, but leave the codebase unchanged and clean up anything you create when you’re done.",0.029411764705882353,0.029847368674466752,0.043478260869565216
20260914T071929.732959741Z-openclaw-sweatlasqa-pilot30-ctxlimit-amem-repo-sglang,pilot30-ctxlimit,repo-scope,task-6905333b74f22949d97ba9a5,2,simple-login/app,32ac8844-3317-4dd3-be09-d77bd995b848,1,alias creation signed suffix validation quota rate limiting,5,5,0,33.4000574,28.83047,36.555088000000005,c077ddca-d84e-4f9f-bb7d-beddeeb17dde;77613d75-fb6e-4c6f-b53f-7d9792b9e6ac;d1452e26-be26-405b-85cd-0fdca96774f5;b69787f9-9371-43b9-8302-4180cfc9532e;098ed127-a0ad-4fb0-984c-519b5365ce19,alias creation signed suffix validation quota rate limiting,5.0,199.0,0.8461538461538461,0.0,0.6923076923076923,0.1538461538461538,improved,"I am debugging intermittent validation failures during custom alias creation that don't match the expected behavior, which seems related to how signed suffixes are verified. When attempting to create custom aliases with invalid or expired signed suffixes, what exact HTTP status codes and error messages appear in the API responses, and what corresponding validation log entries show up in the server console? Check whether any rate-limiting headers appear in the responses and what their actual values are. For successful alias creation attempts, what quota-related checks occur, what specific values get logged when the system verifies whether the user can create more aliases? Trace through the execution path to identify which component validates signed suffixes and enforces creation limits, and what conditions trigger rejection. Don't modify the repository code temporary test scripts or API calls are fine but keep the codebase unchanged.",0.0958904109589041,0.014474110417218796,0.031914893617021274
20260914T071929.732959741Z-openclaw-sweatlasqa-pilot30-ctxlimit-amem-repo-sglang,pilot30-ctxlimit,repo-scope,task-6905333b74f22949d97ba9a5,2,simple-login/app,32ac8844-3317-4dd3-be09-d77bd995b848,2,alias creation signed suffix validation quota rate limiting HTTP status error messages,0,0,0,,,,,alias creation signed suffix validation quota rate limiting HTTP status error messages,7.0,1140.0,0.8461538461538461,0.0,0.6923076923076923,0.1538461538461538,improved,"I am debugging intermittent validation failures during custom alias creation that don't match the expected behavior, which seems related to how signed suffixes are verified. When attempting to create custom aliases with invalid or expired signed suffixes, what exact HTTP status codes and error messages appear in the API responses, and what corresponding validation log entries show up in the server console? Check whether any rate-limiting headers appear in the responses and what their actual values are. For successful alias creation attempts, what quota-related checks occur, what specific values get logged when the system verifies whether the user can create more aliases? Trace through the execution path to identify which component validates signed suffixes and enforces creation limits, and what conditions trigger rejection. Don't modify the repository code temporary test scripts or API calls are fine but keep the codebase unchanged.",0.1506849315068493,,
20260914T071929.732959741Z-openclaw-sweatlasqa-pilot30-ctxlimit-amem-repo-sglang,pilot30-ctxlimit,repo-scope,task-6905333b74f22949d97ba9a6,3,simple-login/app,c307beff-56f1-42f1-924f-9448b8bacda5,1,email privacy system anonymous aliases,0,0,0,,,,,email privacy system anonymous aliases,7.0,186.0,0.7272727272727273,0.0,0.8181818181818182,-0.0909090909090909,degraded,"I'm trying to get this email privacy system with anonymous aliases running for the first time and I want to understand how all the pieces fit together during initialization.

The system has a web server, an email handler, background jobs, and some cron tasks. I need to set everything up from scratch and see what actually happens when it starts.

Here's what I'm trying to figure out:

When I run the database migrations on an empty PostgreSQL database, how many tables get created in total? And what's the exact name of the last table that gets created based on the migration output order?

For the web server startup, what's the log message that tells me it's actually ready to accept connections? I'm also curious how many milliseconds pass between the first log entry and that ready message.

The email handler can take a custom port. If I start it with port 25025, does the startup log confirm it's listening on that port? What message shows up exactly?

I want to test the registration flow. If I create a user account with email ""[testuser@example.com](mailto:testuser@example.com)"" and password ""testpass123"", then immediately try to login before activating it, what's the exact JSON error message the API returns and what HTTP status code comes with it? I'd also like to see the full curl command output. And when I query the database directly for that user, what boolean values do the activated and notification columns actually show?

Also, there are different alias limits for different account types. I want to verify how the system handles this dynamically. First, create a fresh user and call /api/user_info to see what max_alias_free_plan value the API actually returns in the JSON response. Then, experiment with changing the configuration - try setting a different limit value like 10, restart the server, create a second new user, and call /api/user_info again for that user. What are the exact API responses before and after the change? Do both users reflect the new limit or only the one created after the change?

I'm trying to understand the actual runtime behavior here, not just what the code suggests should happen. Don't modify any of the source files, but feel free to create test config files or .env files to experiment with different settings.",0.03759398496240601,,
20260914T071929.732959741Z-openclaw-sweatlasqa-pilot30-ctxlimit-amem-repo-sglang,pilot30-ctxlimit,repo-scope,task-6905333b74f22949d97ba9a6,3,simple-login/app,c307beff-56f1-42f1-924f-9448b8bacda5,2,SimpleLogin database migration tables email handler startup,0,0,0,,,,,SimpleLogin database migration tables email handler startup,7.0,131.0,0.7272727272727273,0.0,0.8181818181818182,-0.0909090909090909,degraded,"I'm trying to get this email privacy system with anonymous aliases running for the first time and I want to understand how all the pieces fit together during initialization.

The system has a web server, an email handler, background jobs, and some cron tasks. I need to set everything up from scratch and see what actually happens when it starts.

Here's what I'm trying to figure out:

When I run the database migrations on an empty PostgreSQL database, how many tables get created in total? And what's the exact name of the last table that gets created based on the migration output order?

For the web server startup, what's the log message that tells me it's actually ready to accept connections? I'm also curious how many milliseconds pass between the first log entry and that ready message.

The email handler can take a custom port. If I start it with port 25025, does the startup log confirm it's listening on that port? What message shows up exactly?

I want to test the registration flow. If I create a user account with email ""[testuser@example.com](mailto:testuser@example.com)"" and password ""testpass123"", then immediately try to login before activating it, what's the exact JSON error message the API returns and what HTTP status code comes with it? I'd also like to see the full curl command output. And when I query the database directly for that user, what boolean values do the activated and notification columns actually show?

Also, there are different alias limits for different account types. I want to verify how the system handles this dynamically. First, create a fresh user and call /api/user_info to see what max_alias_free_plan value the API actually returns in the JSON response. Then, experiment with changing the configuration - try setting a different limit value like 10, restart the server, create a second new user, and call /api/user_info again for that user. What are the exact API responses before and after the change? Do both users reflect the new limit or only the one created after the change?

I'm trying to understand the actual runtime behavior here, not just what the code suggests should happen. Don't modify any of the source files, but feel free to create test config files or .env files to experiment with different settings.",0.04477611940298507,,
20260914T071929.732959741Z-openclaw-sweatlasqa-pilot30-ctxlimit-amem-repo-sglang,pilot30-ctxlimit,repo-scope,task-6905333b74f22949d97ba9a6,3,simple-login/app,c307beff-56f1-42f1-924f-9448b8bacda5,3,SimpleLogin startup timing ms database tables cron jobs registration login,0,0,0,,,,,SimpleLogin startup timing ms database tables cron jobs registration login,13.0,1189.0,0.7272727272727273,0.0,0.8181818181818182,-0.0909090909090909,degraded,"I'm trying to get this email privacy system with anonymous aliases running for the first time and I want to understand how all the pieces fit together during initialization.

The system has a web server, an email handler, background jobs, and some cron tasks. I need to set everything up from scratch and see what actually happens when it starts.

Here's what I'm trying to figure out:

When I run the database migrations on an empty PostgreSQL database, how many tables get created in total? And what's the exact name of the last table that gets created based on the migration output order?

For the web server startup, what's the log message that tells me it's actually ready to accept connections? I'm also curious how many milliseconds pass between the first log entry and that ready message.

The email handler can take a custom port. If I start it with port 25025, does the startup log confirm it's listening on that port? What message shows up exactly?

I want to test the registration flow. If I create a user account with email ""[testuser@example.com](mailto:testuser@example.com)"" and password ""testpass123"", then immediately try to login before activating it, what's the exact JSON error message the API returns and what HTTP status code comes with it? I'd also like to see the full curl command output. And when I query the database directly for that user, what boolean values do the activated and notification columns actually show?

Also, there are different alias limits for different account types. I want to verify how the system handles this dynamically. First, create a fresh user and call /api/user_info to see what max_alias_free_plan value the API actually returns in the JSON response. Then, experiment with changing the configuration - try setting a different limit value like 10, restart the server, create a second new user, and call /api/user_info again for that user. What are the exact API responses before and after the change? Do both users reflect the new limit or only the one created after the change?

I'm trying to understand the actual runtime behavior here, not just what the code suggests should happen. Don't modify any of the source files, but feel free to create test config files or .env files to experiment with different settings.",0.05185185185185185,,
20260914T071929.732959741Z-openclaw-sweatlasqa-pilot30-ctxlimit-amem-repo-sglang,pilot30-ctxlimit,repo-scope,task-6905333b74f22949d97ba9a7,4,simple-login/app,06834a0f-cdc3-4471-9984-3d05c629c4d1,1,SimpleLogin workflow mailbox verification code,0,0,0,,,,,SimpleLogin workflow mailbox verification code,13.0,2142.0,1.0,1.0,1.0,0.0,tied,"I want to understand how SimpleLogin processes multi step workflows at runtime.

In scenarios where a mailbox verification code is submitted incorrectly multiple times in succession, what observable state changes and enforcement mechanisms does the running system apply? Trace the actual runtime behavior to determine what limits exist, how failed attempts are tracked, and what ultimately prevents further submissions.

For background tasks that are scheduled and later picked up for execution, trace the complete lifecycle from initial creation through final completion. If a task encounters an error during execution, what recovery or retry behavior is applied, and what observable state reflects that failure?

During email forwarding through an alias, what exact format is used for the special address generated to handle delivery failures? If a failure notification arrives at this address, trace how the system identifies the original email, what state changes are recorded, and how the handling behavior differs depending on the direction of the original message.

Temporary inspection or debugging tools may be used to observe runtime behavior, but source files should not be modified and any temporary artifacts should be cleaned up afterward.",0.03333333333333333,,
20260914T071929.732959741Z-openclaw-sweatlasqa-pilot30-ctxlimit-amem-repo-sglang,pilot30-ctxlimit,repo-scope,task-6905333b74f22949d97ba9a7,4,simple-login/app,06834a0f-cdc3-4471-9984-3d05c629c4d1,2,SimpleLogin mailbox verification job runner email forwarding,0,0,0,,,,,SimpleLogin mailbox verification job runner email forwarding,13.0,1178.0,1.0,1.0,1.0,0.0,tied,"I want to understand how SimpleLogin processes multi step workflows at runtime.

In scenarios where a mailbox verification code is submitted incorrectly multiple times in succession, what observable state changes and enforcement mechanisms does the running system apply? Trace the actual runtime behavior to determine what limits exist, how failed attempts are tracked, and what ultimately prevents further submissions.

For background tasks that are scheduled and later picked up for execution, trace the complete lifecycle from initial creation through final completion. If a task encounters an error during execution, what recovery or retry behavior is applied, and what observable state reflects that failure?

During email forwarding through an alias, what exact format is used for the special address generated to handle delivery failures? If a failure notification arrives at this address, trace how the system identifies the original email, what state changes are recorded, and how the handling behavior differs depending on the direction of the original message.

Temporary inspection or debugging tools may be used to observe runtime behavior, but source files should not be modified and any temporary artifacts should be cleaned up afterward.",0.05555555555555555,,
20260914T071929.732959741Z-openclaw-sweatlasqa-pilot30-ctxlimit-amem-repo-sglang,pilot30-ctxlimit,repo-scope,task-6905333b74f22949d97ba9a7,4,simple-login/app,06834a0f-cdc3-4471-9984-3d05c629c4d1,3,mailbox verification code activation tries limits,0,0,0,,,,,mailbox verification code activation tries limits,13.0,1150.0,1.0,1.0,1.0,0.0,tied,"I want to understand how SimpleLogin processes multi step workflows at runtime.

In scenarios where a mailbox verification code is submitted incorrectly multiple times in succession, what observable state changes and enforcement mechanisms does the running system apply? Trace the actual runtime behavior to determine what limits exist, how failed attempts are tracked, and what ultimately prevents further submissions.

For background tasks that are scheduled and later picked up for execution, trace the complete lifecycle from initial creation through final completion. If a task encounters an error during execution, what recovery or retry behavior is applied, and what observable state reflects that failure?

During email forwarding through an alias, what exact format is used for the special address generated to handle delivery failures? If a failure notification arrives at this address, trace how the system identifies the original email, what state changes are recorded, and how the handling behavior differs depending on the direction of the original message.

Temporary inspection or debugging tools may be used to observe runtime behavior, but source files should not be modified and any temporary artifacts should be cleaned up afterward.",0.03296703296703297,,
20260914T071929.732959741Z-openclaw-sweatlasqa-pilot30-ctxlimit-amem-repo-sglang,pilot30-ctxlimit,repo-scope,task-6905333b74f22949d97ba9a8,5,simple-login/app,9f858794-9b36-4ba0-ae5e-08153697a143,1,SimpleLogin Flask app startup port database API,0,0,0,,,,,SimpleLogin Flask app startup port database API,13.0,1761.0,,,1.0,,,"I'm onboarding into the SimpleLogin codebase and need to understand how it actually behaves when running. I want to know what port the Flask app binds to and what the startup logs look like when it initializes. For the health check, what response body and status code does it return? When a user creates an alias through the API, what does the actual JSON response look like, and what ends up in the database, which table, and what values? I'm also curious about failure behavior. If PostgreSQL isn't available when the app starts, what error appears, and where does it break? I need to see actual runtime output, not just what the code says should happen. You can create temporary test scripts, but don't modify the repository and clean up afterward.",0.10204081632653061,,
20260914T071929.732959741Z-openclaw-sweatlasqa-pilot30-ctxlimit-amem-repo-sglang,pilot30-ctxlimit,repo-scope,task-6905333b74f22949d97ba9a8,5,simple-login/app,9f858794-9b36-4ba0-ae5e-08153697a143,2,SimpleLogin API alias create JSON response database table,0,0,0,,,,,SimpleLogin API alias create JSON response database table,13.0,1449.0,,,1.0,,,"I'm onboarding into the SimpleLogin codebase and need to understand how it actually behaves when running. I want to know what port the Flask app binds to and what the startup logs look like when it initializes. For the health check, what response body and status code does it return? When a user creates an alias through the API, what does the actual JSON response look like, and what ends up in the database, which table, and what values? I'm also curious about failure behavior. If PostgreSQL isn't available when the app starts, what error appears, and where does it break? I need to see actual runtime output, not just what the code says should happen. You can create temporary test scripts, but don't modify the repository and clean up afterward.",0.14285714285714285,,
