replicate,task_id,repository,call_seq,rank,similarity,note_id,origin_repo,cross_repo,note_question_overlap,content_snippet
pilot30,task-6905333b74f22949d97ba9a4,simple-login/app,2,1,60,ec3b1bd4-ad12-42e2-a30e-9b3f6f9f877a,simple-login/app,False,0.017241379310344827,"SimpleLogin is a Flask-based email masking/alias service. Main processes: 1) server.py (Web UI via Flask), 2) email_handler.py (SMTP server via aiosmtpd), 3) cr"
pilot30,task-6905333b74f22949d97ba9a4,simple-login/app,2,2,62,65a86b97-ab8d-4fbf-87fe-58e3a536cc9b,simple-login/app,False,0.08,"Startup output in SimpleLogin: When config module loads, it prints (to stdout): 1) "">>> URL: <URL>"" (from config.py line ~60), 2) ""MAX_NB_EMAIL_FREE_PLAN is not"
pilot30,task-6905333b74f22949d97ba9a4,simple-login/app,2,3,53,886b88d9-ff04-4c64-86f0-6504ebf9cc04,,False,0.04395604395604396,Production deployment: The Dockerfile exposes port 7777 and runs `gunicorn wsgi:app -b 0.0.0.0:7777 -w 2 --timeout 15`. wsgi.py does `from server import create_
pilot30,task-6905333b74f22949d97ba9a4,simple-login/app,2,4,56,d4821e62-b9ae-4449-921b-6eafafb26ea0,simple-login/app,False,0.06140350877192982,"Background processes in SimpleLogin: 1) email_handler.py runs aiosmtpd SMTP server on port 20381 by default, receives and forwards emails. 2) job_runner.py runs"
pilot30,task-6905333b74f22949d97ba9a4,simple-login/app,2,5,49,c3278c83-ca08-4455-974f-84d6be6e5701,simple-login/app,False,0.03669724770642202,User identity in SimpleLogin: Web routes use Flask-Login with login_manager.user_loader that queries User.get_by(alternative_id=). The alternative_id is stored 
pilot30,task-6905333b74f22949d97ba9a5,simple-login/app,1,1,45,ec3b1bd4-ad12-42e2-a30e-9b3f6f9f877a,simple-login/app,False,0.024390243902439025,"SimpleLogin is a Flask-based email masking/alias service. Main processes: 1) server.py (Web UI via Flask), 2) email_handler.py (SMTP server via aiosmtpd), 3) cr"
pilot30,task-6905333b74f22949d97ba9a5,simple-login/app,1,2,42,c3278c83-ca08-4455-974f-84d6be6e5701,simple-login/app,False,0.03418803418803419,User identity in SimpleLogin: Web routes use Flask-Login with login_manager.user_loader that queries User.get_by(alternative_id=). The alternative_id is stored 
pilot30,task-6905333b74f22949d97ba9a5,simple-login/app,1,3,39,65a86b97-ab8d-4fbf-87fe-58e3a536cc9b,simple-login/app,False,0.017543859649122806,"Startup output in SimpleLogin: When config module loads, it prints (to stdout): 1) "">>> URL: <URL>"" (from config.py line ~60), 2) ""MAX_NB_EMAIL_FREE_PLAN is not"
pilot30,task-6905333b74f22949d97ba9a5,simple-login/app,1,4,38,b5b48ca3-5632-4cad-9993-5696ff1ea222,simple-login/app,False,0.046153846153846156,"Request flow in SimpleLogin: 1) Flask app created in server.py create_app(). 2) Routes registered via blueprints: auth_bp (/auth), dashboard_bp (/dashboard), ap"
pilot30,task-6905333b74f22949d97ba9a5,simple-login/app,1,5,37,d4821e62-b9ae-4449-921b-6eafafb26ea0,simple-login/app,False,0.023809523809523808,"Background processes in SimpleLogin: 1) email_handler.py runs aiosmtpd SMTP server on port 20381 by default, receives and forwards emails. 2) job_runner.py runs"
pilot30,task-6905333b74f22949d97ba9a6,simple-login/app,1,1,54,ccce6d91-df6a-45ca-b348-8fddd58f1e1c,simple-login/app,False,0.07103825136612021,"In SimpleLogin, custom alias creation is handled by /api/v2/alias/custom/new and /api/v3/alias/custom/new in app/api/views/new_custom_alias.py. The signed suffi"
pilot30,task-6905333b74f22949d97ba9a6,simple-login/app,1,2,48,d4821e62-b9ae-4449-921b-6eafafb26ea0,simple-login/app,False,0.049723756906077346,"Background processes in SimpleLogin: 1) email_handler.py runs aiosmtpd SMTP server on port 20381 by default, receives and forwards emails. 2) job_runner.py runs"
pilot30,task-6905333b74f22949d97ba9a6,simple-login/app,1,3,53,ec3b1bd4-ad12-42e2-a30e-9b3f6f9f877a,simple-login/app,False,0.0625,"SimpleLogin is a Flask-based email masking/alias service. Main processes: 1) server.py (Web UI via Flask), 2) email_handler.py (SMTP server via aiosmtpd), 3) cr"
pilot30,task-6905333b74f22949d97ba9a6,simple-login/app,1,4,48,c3278c83-ca08-4455-974f-84d6be6e5701,simple-login/app,False,0.04,User identity in SimpleLogin: Web routes use Flask-Login with login_manager.user_loader that queries User.get_by(alternative_id=). The alternative_id is stored 
pilot30,task-6905333b74f22949d97ba9a6,simple-login/app,1,5,38,b5b48ca3-5632-4cad-9993-5696ff1ea222,simple-login/app,False,0.03684210526315789,"Request flow in SimpleLogin: 1) Flask app created in server.py create_app(). 2) Routes registered via blueprints: auth_bp (/auth), dashboard_bp (/dashboard), ap"
pilot30,task-6905333b74f22949d97ba9a6,simple-login/app,2,1,57,c8357fd4-d3c8-46ce-95b6-e5f9960c08ac,simple-login/app,False,0.0728476821192053,"SimpleLogin DB: On a fresh PostgreSQL database, `alembic upgrade head` creates 77 total tables (76 business tables + 1 alembic_version). The last table created "
pilot30,task-6905333b74f22949d97ba9a6,simple-login/app,2,2,52,1a5050f3-2c8f-4d16-86e3-5a31dca3125e,simple-login/app,False,0.034013605442176874,"SimpleLogin email handler: Uses aiosmtpd Controller on 0.0.0.0 with default port 20381. Customizable via -p flag. On startup: logs INFO ""Listen for port <port>"""
pilot30,task-6905333b74f22949d97ba9a6,simple-login/app,2,3,54,d4821e62-b9ae-4449-921b-6eafafb26ea0,simple-login/app,False,0.049723756906077346,"Background processes in SimpleLogin: 1) email_handler.py runs aiosmtpd SMTP server on port 20381 by default, receives and forwards emails. 2) job_runner.py runs"
pilot30,task-6905333b74f22949d97ba9a6,simple-login/app,2,4,51,ec3b1bd4-ad12-42e2-a30e-9b3f6f9f877a,simple-login/app,False,0.0625,"SimpleLogin is a Flask-based email masking/alias service. Main processes: 1) server.py (Web UI via Flask), 2) email_handler.py (SMTP server via aiosmtpd), 3) cr"
pilot30,task-6905333b74f22949d97ba9a6,simple-login/app,2,5,45,16eed9bc-cd5b-4a78-ba3f-a1585fbe1b6f,simple-login/app,False,0.08904109589041095,"SimpleLogin registration/login: Register creates user with activated=False (default) and notification=True (default). When trying to login before activation, AP"
pilot30,task-6905333b74f22949d97ba9a7,simple-login/app,1,1,53,c8357fd4-d3c8-46ce-95b6-e5f9960c08ac,simple-login/app,False,0.008547008547008548,"SimpleLogin DB: On a fresh PostgreSQL database, `alembic upgrade head` creates 77 total tables (76 business tables + 1 alembic_version). The last table created "
pilot30,task-6905333b74f22949d97ba9a7,simple-login/app,1,2,50,b5c51b9b-df93-4ec0-8aca-c5805ea2ef98,simple-login/app,False,0.045454545454545456,"SimpleLogin web server startup: Flask dev server prints config output first (>>> URL: <url>, >>> init logging <<<), then show_server_banner prints "" * Serving F"
pilot30,task-6905333b74f22949d97ba9a7,simple-login/app,1,3,58,ec3b1bd4-ad12-42e2-a30e-9b3f6f9f877a,simple-login/app,False,0.051470588235294115,"SimpleLogin is a Flask-based email masking/alias service. Main processes: 1) server.py (Web UI via Flask), 2) email_handler.py (SMTP server via aiosmtpd), 3) cr"
pilot30,task-6905333b74f22949d97ba9a7,simple-login/app,1,4,50,1a5050f3-2c8f-4d16-86e3-5a31dca3125e,simple-login/app,False,0.018867924528301886,"SimpleLogin email handler: Uses aiosmtpd Controller on 0.0.0.0 with default port 20381. Customizable via -p flag. On startup: logs INFO ""Listen for port <port>"""
pilot30,task-6905333b74f22949d97ba9a7,simple-login/app,1,5,55,d4821e62-b9ae-4449-921b-6eafafb26ea0,simple-login/app,False,0.03546099290780142,"Background processes in SimpleLogin: 1) email_handler.py runs aiosmtpd SMTP server on port 20381 by default, receives and forwards emails. 2) job_runner.py runs"
pilot30,task-6905333b74f22949d97ba9a8,simple-login/app,1,1,69,b5c51b9b-df93-4ec0-8aca-c5805ea2ef98,simple-login/app,False,0.07142857142857142,"SimpleLogin web server startup: Flask dev server prints config output first (>>> URL: <url>, >>> init logging <<<), then show_server_banner prints "" * Serving F"
pilot30,task-6905333b74f22949d97ba9a8,simple-login/app,1,2,72,65a86b97-ab8d-4fbf-87fe-58e3a536cc9b,simple-login/app,False,0.056818181818181816,"Startup output in SimpleLogin: When config module loads, it prints (to stdout): 1) "">>> URL: <URL>"" (from config.py line ~60), 2) ""MAX_NB_EMAIL_FREE_PLAN is not"
pilot30,task-6905333b74f22949d97ba9a8,simple-login/app,1,3,67,ec3b1bd4-ad12-42e2-a30e-9b3f6f9f877a,simple-login/app,False,0.05102040816326531,"SimpleLogin is a Flask-based email masking/alias service. Main processes: 1) server.py (Web UI via Flask), 2) email_handler.py (SMTP server via aiosmtpd), 3) cr"
pilot30,task-6905333b74f22949d97ba9a8,simple-login/app,1,4,63,b5b48ca3-5632-4cad-9993-5696ff1ea222,simple-login/app,False,0.046296296296296294,"Request flow in SimpleLogin: 1) Flask app created in server.py create_app(). 2) Routes registered via blueprints: auth_bp (/auth), dashboard_bp (/dashboard), ap"
pilot30,task-6905333b74f22949d97ba9a8,simple-login/app,1,5,55,886b88d9-ff04-4c64-86f0-6504ebf9cc04,,False,0.06666666666666667,Production deployment: The Dockerfile exposes port 7777 and runs `gunicorn wsgi:app -b 0.0.0.0:7777 -w 2 --timeout 15`. wsgi.py does `from server import create_
pilot30,task-6905333b74f22949d97ba9a9,simple-login/app,1,1,66,ec3b1bd4-ad12-42e2-a30e-9b3f6f9f877a,simple-login/app,False,0.03125,"SimpleLogin is a Flask-based email masking/alias service. Main processes: 1) server.py (Web UI via Flask), 2) email_handler.py (SMTP server via aiosmtpd), 3) cr"
pilot30,task-6905333b74f22949d97ba9a9,simple-login/app,1,2,63,a3b66d8b-6b63-407f-bde7-aeb5a746afc2,simple-login/app,False,0.038461538461538464,"SimpleLogin alias limits: MAX_NB_EMAIL_FREE_PLAN defaults to 5 if not set. Configured via environment variable, read at module import time. The /api/user_info e"
pilot30,task-6905333b74f22949d97ba9a9,simple-login/app,1,3,58,557b0734-48ca-4c03-8882-0ec58fc3fbdb,simple-login/app,False,0.017391304347826087,"Alias API responses: On success, /api/v2/alias/custom/new and /api/v3/alias/custom/new return HTTP 201 with JSON containing: alias (email string), id, email, cr"
pilot30,task-6905333b74f22949d97ba9a9,simple-login/app,1,4,59,ccce6d91-df6a-45ca-b348-8fddd58f1e1c,simple-login/app,False,0.029197080291970802,"In SimpleLogin, custom alias creation is handled by /api/v2/alias/custom/new and /api/v3/alias/custom/new in app/api/views/new_custom_alias.py. The signed suffi"
pilot30,task-6905333b74f22949d97ba9a9,simple-login/app,1,5,60,7c2ddc9b-d263-4eff-ba48-441a92086a98,simple-login/app,False,0.008771929824561403,Bounce/failure address in SimpleLogin: Uses VERP (Variable Envelope Return Path). Format: sl.{base32-encoded-payload}.{base32-encoded-sig}@{domain}. Contains [v
pilot30,task-6905333b74f22949d97ba9a9,simple-login/app,2,1,63,ec3b1bd4-ad12-42e2-a30e-9b3f6f9f877a,simple-login/app,False,0.03125,"SimpleLogin is a Flask-based email masking/alias service. Main processes: 1) server.py (Web UI via Flask), 2) email_handler.py (SMTP server via aiosmtpd), 3) cr"
pilot30,task-6905333b74f22949d97ba9a9,simple-login/app,2,2,57,557b0734-48ca-4c03-8882-0ec58fc3fbdb,simple-login/app,False,0.017391304347826087,"Alias API responses: On success, /api/v2/alias/custom/new and /api/v3/alias/custom/new return HTTP 201 with JSON containing: alias (email string), id, email, cr"
pilot30,task-6905333b74f22949d97ba9a9,simple-login/app,2,3,60,d4821e62-b9ae-4449-921b-6eafafb26ea0,simple-login/app,False,0.015037593984962405,"Background processes in SimpleLogin: 1) email_handler.py runs aiosmtpd SMTP server on port 20381 by default, receives and forwards emails. 2) job_runner.py runs"
pilot30,task-6905333b74f22949d97ba9a9,simple-login/app,2,4,46,b5c51b9b-df93-4ec0-8aca-c5805ea2ef98,simple-login/app,False,0.04,"SimpleLogin web server startup: Flask dev server prints config output first (>>> URL: <url>, >>> init logging <<<), then show_server_banner prints "" * Serving F"
pilot30,task-6905333b74f22949d97ba9a9,simple-login/app,2,5,43,65216fc3-79b7-47da-91c4-0a0fe9aa5c70,simple-login/app,False,0.009009009009009009,"Mailbox verification code enforcement: MAX_ACTIVATION_TRIES = 3. In verify_mailbox_code(), the activation.code is compared with the submitted code. On wrong cod"
pilot30,task-6905333b74f22949d97ba9aa,simple-login/app,1,1,53,b5c51b9b-df93-4ec0-8aca-c5805ea2ef98,simple-login/app,False,0.03333333333333333,"SimpleLogin web server startup: Flask dev server prints config output first (>>> URL: <url>, >>> init logging <<<), then show_server_banner prints "" * Serving F"
pilot30,task-6905333b74f22949d97ba9aa,simple-login/app,1,2,55,c8357fd4-d3c8-46ce-95b6-e5f9960c08ac,simple-login/app,False,0.02127659574468085,"SimpleLogin DB: On a fresh PostgreSQL database, `alembic upgrade head` creates 77 total tables (76 business tables + 1 alembic_version). The last table created "
pilot30,task-6905333b74f22949d97ba9aa,simple-login/app,1,3,63,ec3b1bd4-ad12-42e2-a30e-9b3f6f9f877a,simple-login/app,False,0.04310344827586207,"SimpleLogin is a Flask-based email masking/alias service. Main processes: 1) server.py (Web UI via Flask), 2) email_handler.py (SMTP server via aiosmtpd), 3) cr"
pilot30,task-6905333b74f22949d97ba9aa,simple-login/app,1,4,53,1a5050f3-2c8f-4d16-86e3-5a31dca3125e,simple-login/app,False,0.075,"SimpleLogin email handler: Uses aiosmtpd Controller on 0.0.0.0 with default port 20381. Customizable via -p flag. On startup: logs INFO ""Listen for port <port>"""
pilot30,task-6905333b74f22949d97ba9aa,simple-login/app,1,5,55,c3278c83-ca08-4455-974f-84d6be6e5701,simple-login/app,False,0.02654867256637168,User identity in SimpleLogin: Web routes use Flask-Login with login_manager.user_loader that queries User.get_by(alternative_id=). The alternative_id is stored 
pilot30,task-6905333b74f22949d97ba9ab,simple-login/app,1,1,65,ccce6d91-df6a-45ca-b348-8fddd58f1e1c,simple-login/app,False,0.05806451612903226,"In SimpleLogin, custom alias creation is handled by /api/v2/alias/custom/new and /api/v3/alias/custom/new in app/api/views/new_custom_alias.py. The signed suffi"
pilot30,task-6905333b74f22949d97ba9ab,simple-login/app,1,2,46,b5c51b9b-df93-4ec0-8aca-c5805ea2ef98,simple-login/app,False,0.007936507936507936,"SimpleLogin web server startup: Flask dev server prints config output first (>>> URL: <url>, >>> init logging <<<), then show_server_banner prints "" * Serving F"
pilot30,task-6905333b74f22949d97ba9ab,simple-login/app,1,3,61,ec3b1bd4-ad12-42e2-a30e-9b3f6f9f877a,simple-login/app,False,0.03333333333333333,"SimpleLogin is a Flask-based email masking/alias service. Main processes: 1) server.py (Web UI via Flask), 2) email_handler.py (SMTP server via aiosmtpd), 3) cr"
pilot30,task-6905333b74f22949d97ba9ab,simple-login/app,1,4,53,557b0734-48ca-4c03-8882-0ec58fc3fbdb,simple-login/app,False,0.029411764705882353,"Alias API responses: On success, /api/v2/alias/custom/new and /api/v3/alias/custom/new return HTTP 201 with JSON containing: alias (email string), id, email, cr"
pilot30,task-6905333b74f22949d97ba9ab,simple-login/app,1,5,60,a3b66d8b-6b63-407f-bde7-aeb5a746afc2,simple-login/app,False,0.03968253968253968,"SimpleLogin alias limits: MAX_NB_EMAIL_FREE_PLAN defaults to 5 if not set. Configured via environment variable, read at module import time. The /api/user_info e"
pilot30,task-6905333b74f22949d97ba9ab,simple-login/app,2,1,64,bcebc662-0e61-47b6-a5a2-b4d39aeffdff,simple-login/app,False,0.07103825136612021,Alias creation flow analysis: Frontend POSTs form to /dashboard/custom_alias (web) or calls /api/v3/alias/custom/new (API). The frontend collects: alias_prefix 
pilot30,task-6905333b74f22949d97ba9ab,simple-login/app,2,2,64,ccce6d91-df6a-45ca-b348-8fddd58f1e1c,simple-login/app,False,0.05806451612903226,"In SimpleLogin, custom alias creation is handled by /api/v2/alias/custom/new and /api/v3/alias/custom/new in app/api/views/new_custom_alias.py. The signed suffi"
pilot30,task-6905333b74f22949d97ba9ab,simple-login/app,2,3,63,b5b48ca3-5632-4cad-9993-5696ff1ea222,simple-login/app,False,0.050955414012738856,"Request flow in SimpleLogin: 1) Flask app created in server.py create_app(). 2) Routes registered via blueprints: auth_bp (/auth), dashboard_bp (/dashboard), ap"
pilot30,task-6905333b74f22949d97ba9ab,simple-login/app,2,4,59,c8357fd4-d3c8-46ce-95b6-e5f9960c08ac,simple-login/app,False,0.031746031746031744,"SimpleLogin DB: On a fresh PostgreSQL database, `alembic upgrade head` creates 77 total tables (76 business tables + 1 alembic_version). The last table created "
pilot30,task-6905333b74f22949d97ba9ab,simple-login/app,2,5,63,ec3b1bd4-ad12-42e2-a30e-9b3f6f9f877a,simple-login/app,False,0.045112781954887216,"SimpleLogin repo at /app: Flask-based email masking/alias service. Key files: server.py (Flask web app on port 7777), email_handler.py (SMTP server on port 2038"
pilot30,task-6905333b74f22949d97ba9ac,simple-login/app,1,1,54,b5c51b9b-df93-4ec0-8aca-c5805ea2ef98,simple-login/app,False,0.02127659574468085,"SimpleLogin web server startup: Flask dev server prints config output first (>>> URL: <url>, >>> init logging <<<), then show_server_banner prints "" * Serving F"
pilot30,task-6905333b74f22949d97ba9ac,simple-login/app,1,2,63,d4821e62-b9ae-4449-921b-6eafafb26ea0,simple-login/app,False,0.024193548387096774,"Background processes in SimpleLogin: 1) email_handler.py runs aiosmtpd SMTP server on port 20381 by default, receives and forwards emails. 2) job_runner.py runs"
pilot30,task-6905333b74f22949d97ba9ac,simple-login/app,1,3,59,7c2ddc9b-d263-4eff-ba48-441a92086a98,simple-login/app,False,0.028846153846153848,Bounce/failure address in SimpleLogin: Uses VERP (Variable Envelope Return Path). Format: sl.{base32-encoded-payload}.{base32-encoded-sig}@{domain}. Contains [v
pilot30,task-6905333b74f22949d97ba9ac,simple-login/app,1,4,62,1a5050f3-2c8f-4d16-86e3-5a31dca3125e,simple-login/app,False,0.03488372093023256,"SimpleLogin email handler: Uses aiosmtpd Controller on 0.0.0.0 with default port 20381. Customizable via -p flag. On startup: logs INFO ""Listen for port <port>"""
pilot30,task-6905333b74f22949d97ba9ac,simple-login/app,1,5,61,ec3b1bd4-ad12-42e2-a30e-9b3f6f9f877a,simple-login/app,False,0.04854368932038835,"SimpleLogin repo at /app: Flask-based email masking/alias service. Key files: server.py (Flask web app on port 7777), email_handler.py (SMTP server on port 2038"
pilot30,task-6905333b74f22949d97ba9ad,simple-login/app,1,1,56,b5c51b9b-df93-4ec0-8aca-c5805ea2ef98,simple-login/app,False,0.02857142857142857,"SimpleLogin web server startup: Flask dev server prints config output first (>>> URL: <url>, >>> init logging <<<), then show_server_banner prints "" * Serving F"
pilot30,task-6905333b74f22949d97ba9ad,simple-login/app,1,2,60,16eed9bc-cd5b-4a78-ba3f-a1585fbe1b6f,simple-login/app,False,0.02857142857142857,"SimpleLogin registration/login: Register creates user with activated=False (default) and notification=True (default). When trying to login before activation, AP"
pilot30,task-6905333b74f22949d97ba9ad,simple-login/app,1,3,58,b5b48ca3-5632-4cad-9993-5696ff1ea222,simple-login/app,False,0.057971014492753624,"Request flow in SimpleLogin: 1) Flask app created in server.py create_app(). 2) Routes registered via blueprints: auth_bp (/auth), dashboard_bp (/dashboard), ap"
pilot30,task-6905333b74f22949d97ba9ad,simple-login/app,1,4,57,1a5050f3-2c8f-4d16-86e3-5a31dca3125e,simple-login/app,False,0.041237113402061855,"SimpleLogin email handler: Uses aiosmtpd Controller on 0.0.0.0 with default port 20381. Customizable via -p flag. On startup: logs INFO ""Listen for port <port>"""
pilot30,task-6905333b74f22949d97ba9ad,simple-login/app,1,5,56,4e85c86e-edb4-4479-87de-06d646ca22d5,simple-login/app,False,0.0392156862745098,"SimpleLogin architecture: 4 main processes - 1) server.py (Flask web on port 7777), 2) email_handler.py (aiosmtpd SMTP on port 20381), 3) job_runner.py (polls J"
pilot30,task-6905333b74f22949d97ba9ae,simple-login/app,1,1,58,ff7fa31b-063e-40ea-a130-973728616710,simple-login/app,False,0.06956521739130435,"Email forward operation runtime values from live test: Success: SMTP status = ""250 Message accepted for delivery"" (status.E200). Non-existent alias: SMTP status"
pilot30,task-6905333b74f22949d97ba9ae,simple-login/app,1,2,58,af17c64d-bb3f-4e92-b6b7-6ca87ab15033,simple-login/app,False,0.021739130434782608,"Database records during a single forward operation: 1) Contact record: Contact(id=N, user_id=X, alias_id=Y, name=""Sender Name"", website_email=""sender@example.co"
pilot30,task-6905333b74f22949d97ba9ae,simple-login/app,1,3,60,ccce6d91-df6a-45ca-b348-8fddd58f1e1c,simple-login/app,False,0.0410958904109589,"In SimpleLogin, custom alias creation is handled by /api/v2/alias/custom/new and /api/v3/alias/custom/new in app/api/views/new_custom_alias.py. The signed suffi"
pilot30,task-6905333b74f22949d97ba9ae,simple-login/app,1,4,60,a7433575-ac95-4734-98d9-495f674022ea,simple-login/app,False,0.04,"From header transformation during forward: Original From like ""John Doe <sender@example.com>"" becomes '""John Doe - sender at example.com"" <sender_at_example_com"
pilot30,task-6905333b74f22949d97ba9ae,simple-login/app,1,5,63,ec3b1bd4-ad12-42e2-a30e-9b3f6f9f877a,simple-login/app,False,0.040983606557377046,"SimpleLogin repo at /app: Flask-based email masking/alias service. Key files: server.py (Flask web app on port 7777), email_handler.py (SMTP server on port 2038"
pilot30,task-6905333b74f22949d97ba9af,simple-login/app,1,1,41,b5c51b9b-df93-4ec0-8aca-c5805ea2ef98,simple-login/app,False,0.06451612903225806,"SimpleLogin web server startup: Flask dev server prints config output first (>>> URL: <url>, >>> init logging <<<), then show_server_banner prints "" * Serving F"
pilot30,task-6905333b74f22949d97ba9af,simple-login/app,1,2,42,65a86b97-ab8d-4fbf-87fe-58e3a536cc9b,simple-login/app,False,0.07913669064748201,"Startup output in SimpleLogin: When config module loads, it prints (to stdout): 1) "">>> URL: <URL>"" (from config.py line ~60), 2) ""MAX_NB_EMAIL_FREE_PLAN is not"
pilot30,task-6905333b74f22949d97ba9af,simple-login/app,1,3,41,ec3b1bd4-ad12-42e2-a30e-9b3f6f9f877a,simple-login/app,False,0.08270676691729323,"SimpleLogin repo at /app: Flask-based email masking/alias service. Key files: server.py (Flask web app on port 7777), email_handler.py (SMTP server on port 2038"
pilot30,task-6905333b74f22949d97ba9af,simple-login/app,1,4,41,b5b48ca3-5632-4cad-9993-5696ff1ea222,simple-login/app,False,0.024096385542168676,"Request flow in SimpleLogin: 1) Flask app created in server.py create_app(). 2) Routes registered via blueprints: auth_bp (/auth), dashboard_bp (/dashboard), ap"
pilot30,task-6905333b74f22949d97ba9af,simple-login/app,1,5,36,a3b66d8b-6b63-407f-bde7-aeb5a746afc2,simple-login/app,False,0.046153846153846156,"SimpleLogin alias limits: MAX_NB_EMAIL_FREE_PLAN defaults to 5 if not set. Configured via environment variable, read at module import time. The /api/user_info e"
pilot30,task-6905333b74f22949d97ba9b2,simple-login/app,1,1,54,ff7fa31b-063e-40ea-a130-973728616710,simple-login/app,False,0.033783783783783786,"Email forward operation runtime values from live test: Success: SMTP status = ""250 Message accepted for delivery"" (status.E200). Non-existent alias: SMTP status"
pilot30,task-6905333b74f22949d97ba9b2,simple-login/app,1,2,66,820040bc-1a40-4c44-acbc-9a43645f32eb,simple-login/app,False,0.04526748971193416,"REPLY RESOLUTION ANALYSIS - SimpleLogin:

1. Reply flow: When user clicks reply on a forwarded email, SMTP server receives it addressed to contact.reply_email ("
pilot30,task-6905333b74f22949d97ba9b2,simple-login/app,1,3,73,7c2ddc9b-d263-4eff-ba48-441a92086a98,simple-login/app,False,0.04,Bounce/failure address in SimpleLogin: Uses VERP (Variable Envelope Return Path). Format: sl.{base32-encoded-payload}.{base32-encoded-sig}@{domain}. Contains [v
pilot30,task-6905333b74f22949d97ba9b2,simple-login/app,1,4,61,8530dd33-f851-496f-a85d-6124094e4097,simple-login/app,False,0.04,"SimpleLogin email handler behavior when init_app.py is skipped: EMAIL_DOMAIN config is still set (e.g., ""sl.local""). can_create_directory_for_address() checks a"
pilot30,task-6905333b74f22949d97ba9b2,simple-login/app,1,5,71,850d2076-c5b2-4b56-8711-640ba52a1541,simple-login/app,False,0.05,Memory search returned extensive prior context on SimpleLogin's reply-handling infrastructure: reply_email (reverse-alias) is a unique identifier linking contac
pilot30,task-6905333b74f22949d97ba9d0,paperless-ngx/paperless-ngx,1,1,49,4e85c86e-edb4-4479-87de-06d646ca22d5,simple-login/app,True,0.06451612903225806,"SimpleLogin architecture: 4 main processes - 1) server.py (Flask web on port 7777), 2) email_handler.py (aiosmtpd SMTP on port 20381), 3) job_runner.py (polls J"
pilot30,task-6905333b74f22949d97ba9d0,paperless-ngx/paperless-ngx,1,2,46,d4821e62-b9ae-4449-921b-6eafafb26ea0,simple-login/app,True,0.047619047619047616,"Background processes in SimpleLogin: 1) email_handler.py runs aiosmtpd SMTP server on port 20381 by default, receives and forwards emails. 2) job_runner.py runs"
pilot30,task-6905333b74f22949d97ba9d0,paperless-ngx/paperless-ngx,1,3,45,72dbd270-44d7-42bd-8974-b3ac7fc63ebc,simple-login/app,True,0.05357142857142857,"Background task lifecycle in SimpleLogin: Job model has states: ready(0), taken(1), done(2), error(3). Job fields: taken(bool), run_at(ArrowType), attempts(int,"
pilot30,task-6905333b74f22949d97ba9d0,paperless-ngx/paperless-ngx,1,4,39,ec3b1bd4-ad12-42e2-a30e-9b3f6f9f877a,simple-login/app,True,0.03669724770642202,"SimpleLogin repo at /app: Flask-based email masking/alias service. Key files: server.py (Flask web app on port 7777), email_handler.py (SMTP server on port 2038"
pilot30,task-6905333b74f22949d97ba9d0,paperless-ngx/paperless-ngx,1,5,40,b5b48ca3-5632-4cad-9993-5696ff1ea222,simple-login/app,True,0.014598540145985401,"Request flow in SimpleLogin: 1) Flask app created in server.py create_app(). 2) Routes registered via blueprints: auth_bp (/auth), dashboard_bp (/dashboard), ap"
pilot30,task-6905333b74f22949d97ba9d1,paperless-ngx/paperless-ngx,1,1,40,820040bc-1a40-4c44-acbc-9a43645f32eb,simple-login/app,True,0.03278688524590164,"REPLY RESOLUTION ANALYSIS - SimpleLogin:

1. Reply flow: When user clicks reply on a forwarded email, SMTP server receives it addressed to contact.reply_email ("
pilot30,task-6905333b74f22949d97ba9d1,paperless-ngx/paperless-ngx,1,2,60,d80bfe0f-96c7-41ad-8b1b-dbdcfca5147e,paperless-ngx/paperless-ngx,False,0.0481283422459893,"paperless-ngx background architecture: Uses django-q (Q_CLUSTER) for task queue and periodic scheduling, NOT Celery. Supervisord runs 3 processes: gunicorn (web"
pilot30,task-6905333b74f22949d97ba9d1,paperless-ngx/paperless-ngx,1,3,42,850d2076-c5b2-4b56-8711-640ba52a1541,simple-login/app,True,0.018404907975460124,Memory search returned extensive prior context on SimpleLogin's reply-handling infrastructure: reply_email (reverse-alias) is a unique identifier linking contac
pilot30,task-6905333b74f22949d97ba9d1,paperless-ngx/paperless-ngx,1,4,41,c46ee7cf-fbea-4e83-a641-460942a24f1e,simple-login/app,True,0.03571428571428571,"SimpleLogin API auth without API key (no Authentication header): When user is NOT authenticated via browser, API returns HTTP 401 with {""error"": ""Wrong api key"""
pilot30,task-6905333b74f22949d97ba9d1,paperless-ngx/paperless-ngx,1,5,41,7c2ddc9b-d263-4eff-ba48-441a92086a98,simple-login/app,True,0.0,Bounce/failure address in SimpleLogin: Uses VERP (Variable Envelope Return Path). Format: sl.{base32-encoded-payload}.{base32-encoded-sig}@{domain}. Contains [v
pilot30,task-6905333b74f22949d97ba9d1,paperless-ngx/paperless-ngx,2,1,72,08c89d4e-a389-4863-89e0-aabb85bb1f97,paperless-ngx/paperless-ngx,False,0.07514450867052024,Paperless-NGX search index synchronization: Uses Whoosh (embedded) index stored at DATA_DIR/index. The index is updated synchronously via Django signals and dir
pilot30,task-6905333b74f22949d97ba9d1,paperless-ngx/paperless-ngx,2,2,54,d80bfe0f-96c7-41ad-8b1b-dbdcfca5147e,paperless-ngx/paperless-ngx,False,0.0481283422459893,"paperless-ngx background architecture: Uses django-q (Q_CLUSTER) for task queue and periodic scheduling, NOT Celery. Supervisord runs 3 processes: gunicorn (web"
pilot30,task-6905333b74f22949d97ba9d1,paperless-ngx/paperless-ngx,2,3,48,c46ee7cf-fbea-4e83-a641-460942a24f1e,simple-login/app,True,0.03571428571428571,"SimpleLogin API auth without API key (no Authentication header): When user is NOT authenticated via browser, API returns HTTP 401 with {""error"": ""Wrong api key"""
pilot30,task-6905333b74f22949d97ba9d2,paperless-ngx/paperless-ngx,1,1,63,d80bfe0f-96c7-41ad-8b1b-dbdcfca5147e,paperless-ngx/paperless-ngx,False,0.02962962962962963,"paperless-ngx background architecture: Uses django-q (Q_CLUSTER) for task queue and periodic scheduling, NOT Celery. Supervisord runs 3 processes: gunicorn (web"
pilot30,task-6905333b74f22949d97ba9d2,paperless-ngx/paperless-ngx,1,2,60,08c89d4e-a389-4863-89e0-aabb85bb1f97,paperless-ngx/paperless-ngx,False,0.04032258064516129,Paperless-NGX search index synchronization: Uses Whoosh (embedded) index stored at DATA_DIR/index. The index is updated synchronously via Django signals and dir
pilot30,task-6905333b74f22949d97ba9d2,paperless-ngx/paperless-ngx,1,3,43,d4821e62-b9ae-4449-921b-6eafafb26ea0,simple-login/app,True,0.017391304347826087,"Background processes in SimpleLogin: 1) email_handler.py runs aiosmtpd SMTP server on port 20381 by default, receives and forwards emails. 2) job_runner.py runs"
pilot30,task-6905333b74f22949d97ba9d2,paperless-ngx/paperless-ngx,1,4,38,72dbd270-44d7-42bd-8974-b3ac7fc63ebc,simple-login/app,True,0.04040404040404041,"Background task lifecycle in SimpleLogin: Job model has states: ready(0), taken(1), done(2), error(3). Job fields: taken(bool), run_at(ArrowType), attempts(int,"
pilot30,task-6905333b74f22949d97ba9d2,paperless-ngx/paperless-ngx,1,5,41,b5c51b9b-df93-4ec0-8aca-c5805ea2ef98,simple-login/app,True,0.0,"SimpleLogin web server startup: Flask dev server prints config output first (>>> URL: <url>, >>> init logging <<<), then show_server_banner prints "" * Serving F"
pilot30,task-6905333b74f22949d97ba9d2,paperless-ngx/paperless-ngx,2,1,67,dfc04961-7562-43f4-8dca-29a06c1d138d,paperless-ngx/paperless-ngx,False,0.07317073170731707,"paperless-ngx Document model fields (models.py): REQUIRED at creation (no blank/null): content (TextField, blank=True but expected to be filled by parser), mime"
pilot30,task-6905333b74f22949d97ba9d2,paperless-ngx/paperless-ngx,2,2,63,976faae3-9ed2-4b77-95c1-923c11bcbbe3,paperless-ngx/paperless-ngx,False,0.056179775280898875,"paperless-ngx repo at /app: Django-based document management system. Key source apps in /app/src/: documents (main app), paperless_mail (email ingestion), paper"
pilot30,task-6905333b74f22949d97ba9d2,paperless-ngx/paperless-ngx,2,3,62,03d6efbe-e64b-4b44-9453-99ac753bd4c6,paperless-ngx/paperless-ngx,False,0.02,"paperless-ngx document ingestion pipeline (from consumer.py): 1) Pre-check: file exists, duplicate check via MD5 checksum, create scratch dirs. 2) Pre-consume s"
pilot30,task-6905333b74f22949d97ba9d2,paperless-ngx/paperless-ngx,2,4,58,d80bfe0f-96c7-41ad-8b1b-dbdcfca5147e,paperless-ngx/paperless-ngx,False,0.043859649122807015,paperless-ngx background execution architecture: Uses django-q (Q_CLUSTER config in settings.py) with Redis as broker for task queue. Supervisord runs 3 process
pilot30,task-6905333b74f22949d97ba9d2,paperless-ngx/paperless-ngx,2,5,57,08c89d4e-a389-4863-89e0-aabb85bb1f97,paperless-ngx/paperless-ngx,False,0.04032258064516129,Paperless-NGX search index synchronization: Uses Whoosh (embedded) index stored at DATA_DIR/index. The index is updated synchronously via Django signals and dir
pilot30,task-6905333b74f22949d97ba9d3,paperless-ngx/paperless-ngx,1,1,77,03d6efbe-e64b-4b44-9453-99ac753bd4c6,paperless-ngx/paperless-ngx,False,0.06962025316455696,"paperless-ngx document ingestion pipeline (from consumer.py): 1) Pre-check: file exists, duplicate check via MD5 checksum, create scratch dirs. 2) Pre-consume s"
pilot30,task-6905333b74f22949d97ba9d3,paperless-ngx/paperless-ngx,1,2,64,976faae3-9ed2-4b77-95c1-923c11bcbbe3,paperless-ngx/paperless-ngx,False,0.06796116504854369,"paperless-ngx repo at /app: Django-based document management system. Key source apps in /app/src/: documents (main app), paperless_mail (email ingestion), paper"
pilot30,task-6905333b74f22949d97ba9d3,paperless-ngx/paperless-ngx,1,3,61,d80bfe0f-96c7-41ad-8b1b-dbdcfca5147e,paperless-ngx/paperless-ngx,False,0.0546875,paperless-ngx background execution architecture: Uses django-q (Q_CLUSTER config in settings.py) with Redis as broker for task queue. Supervisord runs 3 process
pilot30,task-6905333b74f22949d97ba9d3,paperless-ngx/paperless-ngx,1,4,58,dfc04961-7562-43f4-8dca-29a06c1d138d,paperless-ngx/paperless-ngx,False,0.05714285714285714,"paperless-ngx Document model fields (models.py): REQUIRED at creation (no blank/null): content (TextField, blank=True but expected to be filled by parser), mime"
pilot30,task-6905333b74f22949d97ba9d3,paperless-ngx/paperless-ngx,1,5,59,08c89d4e-a389-4863-89e0-aabb85bb1f97,paperless-ngx/paperless-ngx,False,0.050724637681159424,Paperless-NGX search index synchronization: Uses Whoosh (embedded) index stored at DATA_DIR/index. The index is updated synchronously via Django signals and dir
pilot30,task-6905333b74f22949d97ba9d3,paperless-ngx/paperless-ngx,2,1,62,b4aca2f4-eaea-4cc3-b529-4ba20ee0ae75,paperless-ngx/paperless-ngx,False,0.0625,Paperless-ngx classifier training: train_classifier() in tasks.py is scheduled as HOURLY periodic task via django-q migration. It runs only when at least one Ta
pilot30,task-6905333b74f22949d97ba9d3,paperless-ngx/paperless-ngx,2,2,69,b4046567-9caa-44be-99f2-32878a8e246b,paperless-ngx/paperless-ngx,False,0.05084745762711865,"Paperless-ngx DB tables receiving rows during ingestion: documents_document (Document model - main row with title, content, mime_type, checksum, created, modifi"
pilot30,task-6905333b74f22949d97ba9d3,paperless-ngx/paperless-ngx,2,3,62,03d6efbe-e64b-4b44-9453-99ac753bd4c6,paperless-ngx/paperless-ngx,False,0.0658682634730539,"Paperless-ngx ingestion pipeline (consumer.py::Consumer.try_consume_file): 1) Pre-checks: file exists, MD5 duplicate check against Document.checksum/Document.ar"
pilot30,task-6905333b74f22949d97ba9d3,paperless-ngx/paperless-ngx,2,4,58,54a0289d-c884-4fe0-8fd3-4cc0bd9495cb,paperless-ngx/paperless-ngx,False,0.06666666666666667,"Paperless-ngx on-disk file layout: originals stored at MEDIA_ROOT/documents/originals/{07digit}/{filename.ext} (e.g., 0000001.pdf). Archives at MEDIA_ROOT/docum"
pilot30,task-6905333b74f22949d97ba9d3,paperless-ngx/paperless-ngx,2,5,56,976faae3-9ed2-4b77-95c1-923c11bcbbe3,paperless-ngx/paperless-ngx,False,0.06796116504854369,"paperless-ngx repo at /app: Django-based document management system. Key source apps in /app/src/: documents (main app), paperless_mail (email ingestion), paper"
pilot30,task-6905333b74f22949d97ba9d3,paperless-ngx/paperless-ngx,2,6,57,d80bfe0f-96c7-41ad-8b1b-dbdcfca5147e,paperless-ngx/paperless-ngx,False,0.06722689075630252,"Paperless-ngx background services: 3 supervisord processes: 1) gunicorn - Django REST API on port 8000 (ASGI), 2) consumer - document_consumer management comman"
pilot30,task-6905333b74f22949d97ba9d3,paperless-ngx/paperless-ngx,2,7,54,dfc04961-7562-43f4-8dca-29a06c1d138d,paperless-ngx/paperless-ngx,False,0.05714285714285714,"paperless-ngx Document model fields (models.py): REQUIRED at creation (no blank/null): content (TextField, blank=True but expected to be filled by parser), mime"
pilot30,task-6905333b74f22949d97ba9d3,paperless-ngx/paperless-ngx,2,8,52,08c89d4e-a389-4863-89e0-aabb85bb1f97,paperless-ngx/paperless-ngx,False,0.050724637681159424,Paperless-NGX search index synchronization: Uses Whoosh (embedded) index stored at DATA_DIR/index. The index is updated synchronously via Django signals and dir
pilot30,task-6905333b74f22949d97ba9d3,paperless-ngx/paperless-ngx,2,9,40,c8357fd4-d3c8-46ce-95b6-e5f9960c08ac,simple-login/app,True,0.019417475728155338,"SimpleLogin DB: On a fresh PostgreSQL database, `alembic upgrade head` creates 77 total tables (76 business tables + 1 alembic_version). The last table created "
pilot30,task-6905333b74f22949d97ba9d3,paperless-ngx/paperless-ngx,2,10,42,c91b78ac-56cd-4301-954b-0cbf21d3ded9,simple-login/app,True,0.017241379310344827,"SimpleLogin DB query timing: app/db.py creates engine and connection at module import time. If PostgreSQL is unavailable, error is psycopg2 OperationalError. If"
pilot30,task-6905333b74f22949d97ba9d4,paperless-ngx/paperless-ngx,1,1,71,d80bfe0f-96c7-41ad-8b1b-dbdcfca5147e,paperless-ngx/paperless-ngx,False,0.05660377358490566,"Paperless-ngx background services: 3 supervisord processes: 1) gunicorn - Django REST API on port 8000 (ASGI), 2) consumer - document_consumer management comman"
pilot30,task-6905333b74f22949d97ba9d4,paperless-ngx/paperless-ngx,1,2,65,976faae3-9ed2-4b77-95c1-923c11bcbbe3,paperless-ngx/paperless-ngx,False,0.06741573033707865,"paperless-ngx repo at /app: Django-based document management system. Key source apps in /app/src/: documents (main app), paperless_mail (email ingestion), paper"
pilot30,task-6905333b74f22949d97ba9d4,paperless-ngx/paperless-ngx,1,3,63,b4aca2f4-eaea-4cc3-b529-4ba20ee0ae75,paperless-ngx/paperless-ngx,False,0.03418803418803419,Paperless-ngx classifier training: train_classifier() in tasks.py is scheduled as HOURLY periodic task via django-q migration. It runs only when at least one Ta
pilot30,task-6905333b74f22949d97ba9d4,paperless-ngx/paperless-ngx,1,4,42,ff7fa31b-063e-40ea-a130-973728616710,simple-login/app,True,0.021505376344086023,"Email forward operation runtime values from live test: Success: SMTP status = ""250 Message accepted for delivery"" (status.E200). Non-existent alias: SMTP status"
pilot30,task-6905333b74f22949d97ba9d4,paperless-ngx/paperless-ngx,1,5,61,08c89d4e-a389-4863-89e0-aabb85bb1f97,paperless-ngx/paperless-ngx,False,0.031746031746031744,Paperless-NGX search index synchronization: Uses Whoosh (embedded) index stored at DATA_DIR/index. The index is updated synchronously via Django signals and dir
pilot30,task-6905333b74f22949d97ba9d4,paperless-ngx/paperless-ngx,2,1,75,d80bfe0f-96c7-41ad-8b1b-dbdcfca5147e,paperless-ngx/paperless-ngx,False,0.05660377358490566,"Paperless-ngx background services: 3 supervisord processes: 1) gunicorn - Django REST API on port 8000 (ASGI), 2) consumer - document_consumer management comman"
pilot30,task-6905333b74f22949d97ba9d4,paperless-ngx/paperless-ngx,2,2,44,ff7fa31b-063e-40ea-a130-973728616710,simple-login/app,True,0.021505376344086023,"Email forward operation runtime values from live test: Success: SMTP status = ""250 Message accepted for delivery"" (status.E200). Non-existent alias: SMTP status"
pilot30,task-6905333b74f22949d97ba9d4,paperless-ngx/paperless-ngx,2,3,66,976faae3-9ed2-4b77-95c1-923c11bcbbe3,paperless-ngx/paperless-ngx,False,0.06741573033707865,"paperless-ngx repo at /app: Django-based document management system. Key source apps in /app/src/: documents (main app), paperless_mail (email ingestion), paper"
pilot30,task-6905333b74f22949d97ba9d4,paperless-ngx/paperless-ngx,2,4,61,b4aca2f4-eaea-4cc3-b529-4ba20ee0ae75,paperless-ngx/paperless-ngx,False,0.03418803418803419,Paperless-ngx classifier training: train_classifier() in tasks.py is scheduled as HOURLY periodic task via django-q migration. It runs only when at least one Ta
pilot30,task-6905333b74f22949d97ba9d4,paperless-ngx/paperless-ngx,2,5,46,b5c51b9b-df93-4ec0-8aca-c5805ea2ef98,simple-login/app,True,0.011627906976744186,"SimpleLogin web server startup: Flask dev server prints config output first (>>> URL: <url>, >>> init logging <<<), then show_server_banner prints "" * Serving F"
pilot30,task-6905333b74f22949d97ba9d5,paperless-ngx/paperless-ngx,1,1,75,03d6efbe-e64b-4b44-9453-99ac753bd4c6,paperless-ngx/paperless-ngx,False,0.047058823529411764,"Paperless-ngx ingestion pipeline (consumer.py::Consumer.try_consume_file): 1) Pre-checks: file exists, MD5 duplicate check against Document.checksum/Document.ar"
pilot30,task-6905333b74f22949d97ba9d5,paperless-ngx/paperless-ngx,1,2,69,b4046567-9caa-44be-99f2-32878a8e246b,paperless-ngx/paperless-ngx,False,0.03333333333333333,"Paperless-ngx DB tables receiving rows during ingestion: documents_document (Document model - main row with title, content, mime_type, checksum, created, modifi"
pilot30,task-6905333b74f22949d97ba9d5,paperless-ngx/paperless-ngx,1,3,62,976faae3-9ed2-4b77-95c1-923c11bcbbe3,paperless-ngx/paperless-ngx,False,0.06796116504854369,"paperless-ngx repo at /app: Django-based document management system. Key source apps in /app/src/: documents (main app), paperless_mail (email ingestion), paper"
pilot30,task-6905333b74f22949d97ba9d5,paperless-ngx/paperless-ngx,1,4,63,d80bfe0f-96c7-41ad-8b1b-dbdcfca5147e,paperless-ngx/paperless-ngx,False,0.024193548387096774,"Paperless-ngx background services: 3 supervisord processes: 1) gunicorn - Django REST API on port 8000 (ASGI), 2) consumer - document_consumer management comman"
pilot30,task-6905333b74f22949d97ba9d5,paperless-ngx/paperless-ngx,1,5,57,dfc04961-7562-43f4-8dca-29a06c1d138d,paperless-ngx/paperless-ngx,False,0.04964539007092199,"paperless-ngx Document model fields (models.py): REQUIRED at creation (no blank/null): content (TextField, blank=True but expected to be filled by parser), mime"
pilot30,task-6905333b74f22949d97ba9d6,paperless-ngx/paperless-ngx,1,1,70,03d6efbe-e64b-4b44-9453-99ac753bd4c6,paperless-ngx/paperless-ngx,False,0.029239766081871343,"Paperless-ngx ingestion pipeline (consumer.py::Consumer.try_consume_file): 1) Pre-checks: file exists, MD5 duplicate check against Document.checksum/Document.ar"
pilot30,task-6905333b74f22949d97ba9d6,paperless-ngx/paperless-ngx,1,2,63,976faae3-9ed2-4b77-95c1-923c11bcbbe3,paperless-ngx/paperless-ngx,False,0.04854368932038835,"paperless-ngx repo at /app: Django-based document management system. Key source apps in /app/src/: documents (main app), paperless_mail (email ingestion), paper"
pilot30,task-6905333b74f22949d97ba9d6,paperless-ngx/paperless-ngx,1,3,65,a70ad0b1-534f-4057-9254-2a419d55eb1f,paperless-ngx/paperless-ngx,False,0.015748031496062992,"Paperless-NGX document ingestion: Three entry points - 1) File drop to CONSUMPTION_DIR watched by document_consumer (inotify or polling), 2) REST API POST /api/"
pilot30,task-6905333b74f22949d97ba9d6,paperless-ngx/paperless-ngx,1,4,61,c43c4e69-dd42-462f-8b6e-8ce3361b0d86,paperless-ngx/paperless-ngx,False,0.03508771929824561,"Duplicate detection in Paperless-NGX: pre_check_duplicate() reads file MD5 with hashlib.md5(), then queries Document.objects.filter(checksum=checksum | archive_"
pilot30,task-6905333b74f22949d97ba9d6,paperless-ngx/paperless-ngx,1,5,59,d80bfe0f-96c7-41ad-8b1b-dbdcfca5147e,paperless-ngx/paperless-ngx,False,0.041666666666666664,"Paperless-ngx background services: 3 supervisord processes: 1) gunicorn - Django REST API on port 8000 (ASGI), 2) consumer - document_consumer management comman"
pilot30,task-6905333b74f22949d97ba9d7,paperless-ngx/paperless-ngx,1,1,62,c46ee7cf-fbea-4e83-a641-460942a24f1e,simple-login/app,True,0.0872093023255814,"SimpleLogin API auth without API key (no Authentication header): When user is NOT authenticated via browser, API returns HTTP 401 with {""error"": ""Wrong api key"""
pilot30,task-6905333b74f22949d97ba9d7,paperless-ngx/paperless-ngx,1,2,54,d80bfe0f-96c7-41ad-8b1b-dbdcfca5147e,paperless-ngx/paperless-ngx,False,0.03361344537815126,"Paperless-ngx background services: 3 supervisord processes: 1) gunicorn - Django REST API on port 8000 (ASGI), 2) consumer - document_consumer management comman"
pilot30,task-6905333b74f22949d97ba9d7,paperless-ngx/paperless-ngx,1,3,52,a70ad0b1-534f-4057-9254-2a419d55eb1f,paperless-ngx/paperless-ngx,False,0.032520325203252036,"Paperless-NGX document ingestion: Three entry points - 1) File drop to CONSUMPTION_DIR watched by document_consumer (inotify or polling), 2) REST API POST /api/"
pilot30,task-6905333b74f22949d97ba9d7,paperless-ngx/paperless-ngx,1,4,51,c3278c83-ca08-4455-974f-84d6be6e5701,simple-login/app,True,0.04310344827586207,User identity in SimpleLogin: Web routes use Flask-Login with login_manager.user_loader that queries User.get_by(alternative_id=). The alternative_id is stored 
pilot30,task-6905333b74f22949d97ba9d7,paperless-ngx/paperless-ngx,1,5,50,16eed9bc-cd5b-4a78-ba3f-a1585fbe1b6f,simple-login/app,True,0.0425531914893617,"SimpleLogin registration/login: Register creates user with activated=False (default) and notification=True (default). When trying to login before activation, AP"
pilot30,task-6905333b74f22949d97ba9d8,paperless-ngx/paperless-ngx,1,1,58,03d6efbe-e64b-4b44-9453-99ac753bd4c6,paperless-ngx/paperless-ngx,False,0.05263157894736842,"Paperless-ngx ingestion pipeline (consumer.py::Consumer.try_consume_file): 1) Pre-checks: file exists, MD5 duplicate check against Document.checksum/Document.ar"
pilot30,task-6905333b74f22949d97ba9d8,paperless-ngx/paperless-ngx,1,2,54,b4aca2f4-eaea-4cc3-b529-4ba20ee0ae75,paperless-ngx/paperless-ngx,False,0.06976744186046512,Paperless-ngx classifier training: train_classifier() in tasks.py is scheduled as HOURLY periodic task via django-q migration. It runs only when at least one Ta
pilot30,task-6905333b74f22949d97ba9d8,paperless-ngx/paperless-ngx,1,3,50,a70ad0b1-534f-4057-9254-2a419d55eb1f,paperless-ngx/paperless-ngx,False,0.031007751937984496,"Paperless-NGX document ingestion: Three entry points - 1) File drop to CONSUMPTION_DIR watched by document_consumer (inotify or polling), 2) REST API POST /api/"
pilot30,task-6905333b74f22949d97ba9d8,paperless-ngx/paperless-ngx,1,4,49,f13b1c80-0e15-4dce-8b72-9e907dd1235c,paperless-ngx/paperless-ngx,False,0.02577319587628866,"Consumer.py try_consume_file runtime stages: 1) _send_progress(0,100,""STARTING"",""new_file"") - websocket status update; 2) renew_logging_group() generates UUID f"
pilot30,task-6905333b74f22949d97ba9d8,paperless-ngx/paperless-ngx,1,5,47,edd01b73-312b-4077-9af4-21157ad5b6e6,paperless-ngx/paperless-ngx,False,0.045112781954887216,"Post-consumer file storage: Document.filename stored as FilePathField under ORIGINALS_DIR/MEDIA_ROOT/documents/originals/{07digit}/{filename.ext} (e.g., 0000001"
pilot30,task-6905333b74f22949d97ba9d8,paperless-ngx/paperless-ngx,2,1,58,59346c1f-aa33-414e-80ba-dab0e0a4be26,paperless-ngx/paperless-ngx,False,0.104,Document classification pipeline: classifier is loaded via load_classifier() from consumer.py try_consume_file() AFTER parsing but BEFORE _store(). The loaded c
pilot30,task-6905333b74f22949d97ba9d8,paperless-ngx/paperless-ngx,2,2,56,aa85ca91-9e73-4891-8254-09d51f3bf43a,,False,0.05384615384615385,OCR and edge cases: The RasterisedDocumentParser in paperless_tesseract/parsers.py uses ocrmypdf (not tesseract CLI directly) as the OCR engine. When no text is
pilot30,task-6905333b74f22949d97ba9d8,paperless-ngx/paperless-ngx,2,3,54,b4aca2f4-eaea-4cc3-b529-4ba20ee0ae75,paperless-ngx/paperless-ngx,False,0.06976744186046512,Paperless-ngx classifier training: train_classifier() in tasks.py is scheduled as HOURLY periodic task via django-q migration. It runs only when at least one Ta
pilot30,task-6905333b74f22949d97ba9d8,paperless-ngx/paperless-ngx,2,4,50,da9b100b-1827-4ec5-9823-257eed5c269c,simple-login/app,True,0.013888888888888888,"CRITICAL BOUNCE ROUTING FINDING: The old-style bounce address format ""bounce+{ID}+@domain"" has NO cryptographic validation. parse_id_from_bounce() simply extrac"
pilot30,task-6905333b74f22949d97ba9d8,paperless-ngx/paperless-ngx,2,5,56,c1e19669-fb37-42f1-aa74-5fbb9d0da5d2,paperless-ngx/paperless-ngx,False,0.05785123966942149,"Barcode splitting: Default barcode string is ""PATCHT"" (PAPERLESS_CONSUMER_BARCODE_STRING). Enabled via PAPERLESS_CONSUMER_ENABLE_BARCODES. Scanning uses pyzbar "
pilot30,task-6905333b74f22949d97ba9d9,paperless-ngx/paperless-ngx,1,1,70,d80bfe0f-96c7-41ad-8b1b-dbdcfca5147e,paperless-ngx/paperless-ngx,False,0.06422018348623854,"Paperless-ngx background services: 3 supervisord processes: 1) gunicorn - Django REST API on port 8000 (ASGI), 2) consumer - document_consumer management comman"
pilot30,task-6905333b74f22949d97ba9d9,paperless-ngx/paperless-ngx,1,2,62,976faae3-9ed2-4b77-95c1-923c11bcbbe3,paperless-ngx/paperless-ngx,False,0.07608695652173914,"paperless-ngx repo at /app: Django-based document management system. Key source apps in /app/src/: documents (main app), paperless_mail (email ingestion), paper"
pilot30,task-6905333b74f22949d97ba9d9,paperless-ngx/paperless-ngx,1,3,63,08c89d4e-a389-4863-89e0-aabb85bb1f97,paperless-ngx/paperless-ngx,False,0.03875968992248062,Paperless-NGX search index synchronization: Uses Whoosh (embedded) index stored at DATA_DIR/index. The index is updated synchronously via Django signals and dir
pilot30,task-6905333b74f22949d97ba9d9,paperless-ngx/paperless-ngx,1,4,64,a70ad0b1-534f-4057-9254-2a419d55eb1f,paperless-ngx/paperless-ngx,False,0.043478260869565216,"Paperless-NGX document ingestion: Three entry points - 1) File drop to CONSUMPTION_DIR watched by document_consumer (inotify or polling), 2) REST API POST /api/"
pilot30,task-6905333b74f22949d97ba9d9,paperless-ngx/paperless-ngx,1,5,61,b4aca2f4-eaea-4cc3-b529-4ba20ee0ae75,paperless-ngx/paperless-ngx,False,0.03305785123966942,Paperless-ngx classifier training: train_classifier() in tasks.py is scheduled as HOURLY periodic task via django-q migration. It runs only when at least one Ta
pilot30,task-6905333b74f22949d97ba9d9,paperless-ngx/paperless-ngx,2,1,40,21f52060-7d68-4fe7-a884-7f1d2a8e45b4,simple-login/app,True,0.007246376811594203,"SimpleLogin session.py (RedisSessionStore) key behavior: open_session() catches ALL exceptions from pickle.loads() via bare ""except Exception: pass"", then retur"
pilot30,task-6905333b74f22949d97ba9d9,paperless-ngx/paperless-ngx,2,2,46,72dbd270-44d7-42bd-8974-b3ac7fc63ebc,simple-login/app,True,0.038461538461538464,"Background task lifecycle in SimpleLogin: Job model has states: ready(0), taken(1), done(2), error(3). Job fields: taken(bool), run_at(ArrowType), attempts(int,"
pilot30,task-6905333b74f22949d97ba9d9,paperless-ngx/paperless-ngx,2,3,46,d80bfe0f-96c7-41ad-8b1b-dbdcfca5147e,paperless-ngx/paperless-ngx,False,0.06422018348623854,"Paperless-ngx background services: 3 supervisord processes: 1) gunicorn - Django REST API on port 8000 (ASGI), 2) consumer - document_consumer management comman"
pilot30,task-6905333b74f22949d97ba9d9,paperless-ngx/paperless-ngx,2,4,39,976faae3-9ed2-4b77-95c1-923c11bcbbe3,paperless-ngx/paperless-ngx,False,0.07608695652173914,"paperless-ngx repo at /app: Django-based document management system. Key source apps in /app/src/: documents (main app), paperless_mail (email ingestion), paper"
pilot30,task-6905333b74f22949d97ba9d9,paperless-ngx/paperless-ngx,2,5,44,b4aca2f4-eaea-4cc3-b529-4ba20ee0ae75,paperless-ngx/paperless-ngx,False,0.03305785123966942,Paperless-ngx classifier training: train_classifier() in tasks.py is scheduled as HOURLY periodic task via django-q migration. It runs only when at least one Ta
pilot30,task-6905333b74f22949d97ba9db,paperless-ngx/paperless-ngx,1,1,63,c43c4e69-dd42-462f-8b6e-8ce3361b0d86,paperless-ngx/paperless-ngx,False,0.07453416149068323,"Duplicate detection in Paperless-NGX: pre_check_duplicate() reads file MD5 with hashlib.md5(), then queries Document.objects.filter(checksum=checksum | archive_"
pilot30,task-6905333b74f22949d97ba9db,paperless-ngx/paperless-ngx,1,2,66,b4aca2f4-eaea-4cc3-b529-4ba20ee0ae75,paperless-ngx/paperless-ngx,False,0.05,Paperless-ngx classifier training: train_classifier() in tasks.py is scheduled as HOURLY periodic task via django-q migration. It runs only when at least one Ta
pilot30,task-6905333b74f22949d97ba9db,paperless-ngx/paperless-ngx,1,3,56,03d6efbe-e64b-4b44-9453-99ac753bd4c6,paperless-ngx/paperless-ngx,False,0.05,"Paperless-ngx ingestion pipeline (consumer.py::Consumer.try_consume_file): 1) Pre-checks: file exists, MD5 duplicate check against Document.checksum/Document.ar"
pilot30,task-6905333b74f22949d97ba9db,paperless-ngx/paperless-ngx,1,4,56,50d32b26-cae5-43ca-bda0-309e56c1b4a3,paperless-ngx/paperless-ngx,False,0.013422818791946308,"Paperless-ngx DocumentSerializer fields (from serialisers.py): id, correspondent (object), document_type (object), title, content, tags (array), created, modifi"
pilot30,task-6905333b74f22949d97ba9db,paperless-ngx/paperless-ngx,1,5,56,54a0289d-c884-4fe0-8fd3-4cc0bd9495cb,paperless-ngx/paperless-ngx,False,0.050955414012738856,"Paperless-ngx on-disk file layout: originals stored at MEDIA_ROOT/documents/originals/{07digit}/{filename.ext} (e.g., 0000001.pdf). Archives at MEDIA_ROOT/docum"
pilot30,task-6905333b74f22949d97ba9dc,paperless-ngx/paperless-ngx,1,1,71,03d6efbe-e64b-4b44-9453-99ac753bd4c6,paperless-ngx/paperless-ngx,False,0.059880239520958084,"Paperless-ngx ingestion pipeline (consumer.py::Consumer.try_consume_file): 1) Pre-checks: file exists, MD5 duplicate check against Document.checksum/Document.ar"
pilot30,task-6905333b74f22949d97ba9dc,paperless-ngx/paperless-ngx,1,2,64,976faae3-9ed2-4b77-95c1-923c11bcbbe3,paperless-ngx/paperless-ngx,False,0.02830188679245283,"paperless-ngx repo at /app: Django-based document management system. Key source apps in /app/src/: documents (main app), paperless_mail (email ingestion), paper"
pilot30,task-6905333b74f22949d97ba9dc,paperless-ngx/paperless-ngx,1,3,60,aa85ca91-9e73-4891-8254-09d51f3bf43a,,False,0.03875968992248062,OCR and edge cases: The RasterisedDocumentParser in paperless_tesseract/parsers.py uses ocrmypdf (not tesseract CLI directly) as the OCR engine. When no text is
pilot30,task-6905333b74f22949d97ba9dc,paperless-ngx/paperless-ngx,1,4,60,54a0289d-c884-4fe0-8fd3-4cc0bd9495cb,paperless-ngx/paperless-ngx,False,0.0673076923076923,"Paperless-ngx on-disk file layout: originals stored at MEDIA_ROOT/documents/originals/{07digit}/{filename.ext} (e.g., 0000001.pdf). Archives at MEDIA_ROOT/docum"
pilot30,task-6905333b74f22949d97ba9dc,paperless-ngx/paperless-ngx,1,5,65,a70ad0b1-534f-4057-9254-2a419d55eb1f,paperless-ngx/paperless-ngx,False,0.031746031746031744,"Paperless-NGX document ingestion: Three entry points - 1) File drop to CONSUMPTION_DIR watched by document_consumer (inotify or polling), 2) REST API POST /api/"
pilot30,task-6905333b74f22949d97ba9dc,paperless-ngx/paperless-ngx,2,1,73,6e9a63ba-ad9f-4577-8586-92df6dddd523,paperless-ngx/paperless-ngx,False,0.09090909090909091,"paperless-ngx upload API flow: POST /api/documents/post_document/ returns HTTP 200 with body ""OK"" immediately upon submission (async). Invalid form returns 400."
pilot30,task-6905333b74f22949d97ba9dc,paperless-ngx/paperless-ngx,2,2,60,03d6efbe-e64b-4b44-9453-99ac753bd4c6,paperless-ngx/paperless-ngx,False,0.059880239520958084,"Paperless-ngx ingestion pipeline (consumer.py::Consumer.try_consume_file): 1) Pre-checks: file exists, MD5 duplicate check against Document.checksum/Document.ar"
pilot30,task-6905333b74f22949d97ba9dc,paperless-ngx/paperless-ngx,2,3,61,763d104f-1a4d-49ec-8f7e-ad1fd077339c,paperless-ngx/paperless-ngx,False,0.041237113402061855,"Paperless-ngx API endpoint for documents is /api/documents/ mapped to UnifiedSearchViewSet which inherits DocumentViewSet. All viewsets (CorrespondentViewSet, T"
pilot30,task-6905333b74f22949d97ba9dc,paperless-ngx/paperless-ngx,2,4,60,4764a593-1237-4851-82f9-bd941fb75e48,paperless-ngx/paperless-ngx,False,0.031914893617021274,"Paperless-ngx unauthenticated API response: When no auth is provided, DRF returns HTTP 401 with JSON body {""detail"": ""Authentication credentials were not provid"
pilot30,task-6905333b74f22949d97ba9dc,paperless-ngx/paperless-ngx,2,5,59,54a0289d-c884-4fe0-8fd3-4cc0bd9495cb,paperless-ngx/paperless-ngx,False,0.0673076923076923,"Paperless-ngx on-disk file layout: originals stored at MEDIA_ROOT/documents/originals/{07digit}/{filename.ext} (e.g., 0000001.pdf). Archives at MEDIA_ROOT/docum"
pilot30,task-6905333b74f22949d97ba9dd,paperless-ngx/paperless-ngx,1,1,78,a70ad0b1-534f-4057-9254-2a419d55eb1f,paperless-ngx/paperless-ngx,False,0.05755395683453238,"Paperless-NGX document ingestion: Three entry points - 1) File drop to CONSUMPTION_DIR watched by document_consumer (inotify or polling), 2) REST API POST /api/"
pilot30,task-6905333b74f22949d97ba9dd,paperless-ngx/paperless-ngx,1,2,76,03d6efbe-e64b-4b44-9453-99ac753bd4c6,paperless-ngx/paperless-ngx,False,0.0374331550802139,"Paperless-ngx ingestion pipeline (consumer.py::Consumer.try_consume_file): 1) Pre-checks: file exists, MD5 duplicate check against Document.checksum/Document.ar"
pilot30,task-6905333b74f22949d97ba9dd,paperless-ngx/paperless-ngx,1,3,74,b4046567-9caa-44be-99f2-32878a8e246b,paperless-ngx/paperless-ngx,False,0.021897810218978103,"Paperless-ngx DB tables receiving rows during ingestion: documents_document (Document model - main row with title, content, mime_type, checksum, created, modifi"
pilot30,task-6905333b74f22949d97ba9dd,paperless-ngx/paperless-ngx,1,4,65,976faae3-9ed2-4b77-95c1-923c11bcbbe3,paperless-ngx/paperless-ngx,False,0.08620689655172414,"paperless-ngx repo at /app: Django-based document management system. Key source apps in /app/src/: documents (main app), paperless_mail (email ingestion), paper"
pilot30,task-6905333b74f22949d97ba9dd,paperless-ngx/paperless-ngx,1,5,71,6e9a63ba-ad9f-4577-8586-92df6dddd523,paperless-ngx/paperless-ngx,False,0.06091370558375635,"paperless-ngx upload API flow: POST /api/documents/post_document/ returns HTTP 200 with body ""OK"" immediately upon submission (async). Invalid form returns 400."
pilot30,task-6905333b74f22949d97ba9de,paperless-ngx/paperless-ngx,1,1,59,03d6efbe-e64b-4b44-9453-99ac753bd4c6,paperless-ngx/paperless-ngx,False,0.02857142857142857,"Paperless-ngx ingestion pipeline (consumer.py::Consumer.try_consume_file): 1) Pre-checks: file exists, MD5 duplicate check against Document.checksum/Document.ar"
pilot30,task-6905333b74f22949d97ba9de,paperless-ngx/paperless-ngx,1,2,57,dfc04961-7562-43f4-8dca-29a06c1d138d,paperless-ngx/paperless-ngx,False,0.03910614525139665,"paperless-ngx Document model fields (models.py): REQUIRED at creation (no blank/null): content (TextField, blank=True but expected to be filled by parser), mime"
pilot30,task-6905333b74f22949d97ba9de,paperless-ngx/paperless-ngx,1,3,58,d80bfe0f-96c7-41ad-8b1b-dbdcfca5147e,paperless-ngx/paperless-ngx,False,0.024844720496894408,"Paperless-ngx background services: 3 supervisord processes: 1) gunicorn - Django REST API on port 8000 (ASGI), 2) consumer - document_consumer management comman"
pilot30,task-6905333b74f22949d97ba9de,paperless-ngx/paperless-ngx,1,4,59,b4046567-9caa-44be-99f2-32878a8e246b,paperless-ngx/paperless-ngx,False,0.02531645569620253,"Paperless-ngx DB tables receiving rows during ingestion: documents_document (Document model - main row with title, content, mime_type, checksum, created, modifi"
pilot30,task-6905333b74f22949d97ba9de,paperless-ngx/paperless-ngx,1,5,57,a70ad0b1-534f-4057-9254-2a419d55eb1f,paperless-ngx/paperless-ngx,False,0.028925619834710745,Paperless-NGX ingestion workflow codepath: 1) File detection: document_consumer management command uses watchdog FileSystemEventHandler (on_created/on_moved) wi
pilot30,task-6905333b74f22949d97ba9de,paperless-ngx/paperless-ngx,2,1,72,257b90c3-0b0e-4f85-961c-367b3fefd964,paperless-ngx/paperless-ngx,False,0.06467661691542288,"Memory spike root causes in Paperless-ngx document processing:
1. DocumentSerializer has depth=1 which triggers N+1 queries - when serializing a Document, it fe"
pilot30,task-6905333b74f22949d97ba9de,paperless-ngx/paperless-ngx,2,2,50,50d32b26-cae5-43ca-bda0-309e56c1b4a3,paperless-ngx/paperless-ngx,False,0.007407407407407408,"Paperless-ngx DocumentSerializer fields (from serialisers.py): id, correspondent (object), document_type (object), title, content, tags (array), created, modifi"
pilot30,task-6905333b74f22949d97ba9de,paperless-ngx/paperless-ngx,2,3,45,03d6efbe-e64b-4b44-9453-99ac753bd4c6,paperless-ngx/paperless-ngx,False,0.02857142857142857,"Paperless-ngx ingestion pipeline (consumer.py::Consumer.try_consume_file): 1) Pre-checks: file exists, MD5 duplicate check against Document.checksum/Document.ar"
pilot30,task-6905333b74f22949d97ba9de,paperless-ngx/paperless-ngx,2,4,44,b4046567-9caa-44be-99f2-32878a8e246b,paperless-ngx/paperless-ngx,False,0.02531645569620253,"Paperless-ngx DB tables receiving rows during ingestion: documents_document (Document model - main row with title, content, mime_type, checksum, created, modifi"
pilot30,task-6905333b74f22949d97ba9de,paperless-ngx/paperless-ngx,2,5,46,6e9a63ba-ad9f-4577-8586-92df6dddd523,paperless-ngx/paperless-ngx,False,0.022123893805309734,"paperless-ngx upload API flow: POST /api/documents/post_document/ returns HTTP 200 with body ""OK"" immediately upon submission (async). Invalid form returns 400."
pilot30,task-6905333b74f22949d97ba9e0,paperless-ngx/paperless-ngx,1,1,45,820040bc-1a40-4c44-acbc-9a43645f32eb,simple-login/app,True,0.041666666666666664,"REPLY RESOLUTION ANALYSIS - SimpleLogin:

1. Reply flow: When user clicks reply on a forwarded email, SMTP server receives it addressed to contact.reply_email ("
pilot30,task-6905333b74f22949d97ba9e0,paperless-ngx/paperless-ngx,1,2,52,763d104f-1a4d-49ec-8f7e-ad1fd077339c,paperless-ngx/paperless-ngx,False,0.017543859649122806,"Paperless-ngx API endpoint for documents is /api/documents/ mapped to UnifiedSearchViewSet which inherits DocumentViewSet. All viewsets (CorrespondentViewSet, T"
pilot30,task-6905333b74f22949d97ba9e0,paperless-ngx/paperless-ngx,1,3,53,257b90c3-0b0e-4f85-961c-367b3fefd964,paperless-ngx/paperless-ngx,False,0.02702702702702703,"Memory spike root causes in Paperless-ngx document processing:
1. DocumentSerializer has depth=1 which triggers N+1 queries - when serializing a Document, it fe"
pilot30,task-6905333b74f22949d97ba9e0,paperless-ngx/paperless-ngx,1,4,45,54a0289d-c884-4fe0-8fd3-4cc0bd9495cb,paperless-ngx/paperless-ngx,False,0.016129032258064516,"Paperless-ngx on-disk file layout: originals stored at MEDIA_ROOT/documents/originals/{07digit}/{filename.ext} (e.g., 0000001.pdf). Archives at MEDIA_ROOT/docum"
pilot30,task-6905333b74f22949d97ba9e0,paperless-ngx/paperless-ngx,1,5,47,08c89d4e-a389-4863-89e0-aabb85bb1f97,paperless-ngx/paperless-ngx,False,0.019230769230769232,Paperless-NGX search index synchronization: Uses Whoosh (embedded) index stored at DATA_DIR/index. The index is updated synchronously via Django signals and dir
pilot30,task-6905333b74f22949d97ba9e8,simple-login/app,1,1,66,16eed9bc-cd5b-4a78-ba3f-a1585fbe1b6f,simple-login/app,False,0.03571428571428571,"SimpleLogin registration/login: Register creates user with activated=False (default) and notification=True (default). When trying to login before activation, AP"
pilot30,task-6905333b74f22949d97ba9e8,simple-login/app,1,2,65,c3278c83-ca08-4455-974f-84d6be6e5701,simple-login/app,False,0.047872340425531915,User identity in SimpleLogin: Web routes use Flask-Login with login_manager.user_loader that queries User.get_by(alternative_id=). The alternative_id is stored 
pilot30,task-6905333b74f22949d97ba9e8,simple-login/app,1,3,61,b5b48ca3-5632-4cad-9993-5696ff1ea222,simple-login/app,False,0.03414634146341464,"Request flow in SimpleLogin: 1) Flask app created in server.py create_app(). 2) Routes registered via blueprints: auth_bp (/auth), dashboard_bp (/dashboard), ap"
pilot30,task-6905333b74f22949d97ba9e8,simple-login/app,1,4,55,b5c51b9b-df93-4ec0-8aca-c5805ea2ef98,simple-login/app,False,0.017543859649122806,"SimpleLogin web server startup: Flask dev server prints config output first (>>> URL: <url>, >>> init logging <<<), then show_server_banner prints "" * Serving F"
pilot30,task-6905333b74f22949d97ba9e8,simple-login/app,1,5,61,ccce6d91-df6a-45ca-b348-8fddd58f1e1c,simple-login/app,False,0.02926829268292683,"In SimpleLogin, custom alias creation is handled by /api/v2/alias/custom/new and /api/v3/alias/custom/new in app/api/views/new_custom_alias.py. The signed suffi"
pilot30,task-6905333b74f22949d97ba9e8,simple-login/app,2,1,68,c46ee7cf-fbea-4e83-a641-460942a24f1e,simple-login/app,False,0.09583333333333334,"SimpleLogin API auth without API key (no Authentication header): When user is NOT authenticated via browser, API returns HTTP 401 with {""error"": ""Wrong api key"""
pilot30,task-6905333b74f22949d97ba9e8,simple-login/app,2,2,63,8530dd33-f851-496f-a85d-6124094e4097,simple-login/app,False,0.03932584269662921,"SimpleLogin email handler behavior when init_app.py is skipped: EMAIL_DOMAIN config is still set (e.g., ""sl.local""). can_create_directory_for_address() checks a"
pilot30,task-6905333b74f22949d97ba9e8,simple-login/app,2,3,65,ed069769-48e7-44a6-8237-f09d08ad7a9e,simple-login/app,False,0.11320754716981132,"SimpleLogin session storage format: Uses custom RedisSessionStore (app/session.py). Session data is stored in Redis as: key = ""session:{uuid}"", value = pickle.d"
pilot30,task-6905333b74f22949d97ba9e8,simple-login/app,2,4,62,c3278c83-ca08-4455-974f-84d6be6e5701,simple-login/app,False,0.047872340425531915,User identity in SimpleLogin: Web routes use Flask-Login with login_manager.user_loader that queries User.get_by(alternative_id=). The alternative_id is stored 
pilot30,task-6905333b74f22949d97ba9e8,simple-login/app,2,5,63,eae94894-2ea7-4be6-a078-344f1d065762,simple-login/app,False,0.041025641025641026,"SimpleLogin login failure scenarios and responses:

Web login (auth/views/login.py):
- Wrong email/password: HTTP 200, re-renders login page with flash(""Email o"
pilot30,task-6905333b74f22949d97ba9e8,simple-login/app,2,6,60,820040bc-1a40-4c44-acbc-9a43645f32eb,simple-login/app,False,0.05204460966542751,"REPLY RESOLUTION ANALYSIS - SimpleLogin:

1. Reply flow: When user clicks reply on a forwarded email, SMTP server receives it addressed to contact.reply_email ("
pilot30,task-6905333b74f22949d97ba9e8,simple-login/app,2,7,58,16eed9bc-cd5b-4a78-ba3f-a1585fbe1b6f,simple-login/app,False,0.03571428571428571,"SimpleLogin registration/login: Register creates user with activated=False (default) and notification=True (default). When trying to login before activation, AP"
pilot30,task-6905333b74f22949d97ba9e8,simple-login/app,2,8,67,ec3b1bd4-ad12-42e2-a30e-9b3f6f9f877a,simple-login/app,False,0.01639344262295082,"SimpleLogin repo at /app: Flask-based email masking/alias service. Key files: server.py (Flask web app on port 7777), email_handler.py (SMTP server on port 2038"
pilot30,task-6905333b74f22949d97ba9e8,simple-login/app,2,9,41,65216fc3-79b7-47da-91c4-0a0fe9aa5c70,simple-login/app,False,0.01675977653631285,"Mailbox verification code enforcement: MAX_ACTIVATION_TRIES = 3. In verify_mailbox_code(), the activation.code is compared with the submitted code. On wrong cod"
pilot30,task-6905333b74f22949d97ba9e8,simple-login/app,2,10,57,7c2ddc9b-d263-4eff-ba48-441a92086a98,simple-login/app,False,0.016483516483516484,Bounce/failure address in SimpleLogin: Uses VERP (Variable Envelope Return Path). Format: sl.{base32-encoded-payload}.{base32-encoded-sig}@{domain}. Contains [v
pilot30,task-6905333b74f22949d97baa1d,simple-login/app,1,1,63,ed069769-48e7-44a6-8237-f09d08ad7a9e,simple-login/app,False,0.07586206896551724,"SimpleLogin session storage format: Uses custom RedisSessionStore (app/session.py). Session data is stored in Redis as: key = ""session:{uuid}"", value = pickle.d"
pilot30,task-6905333b74f22949d97baa1d,simple-login/app,1,2,58,c3278c83-ca08-4455-974f-84d6be6e5701,simple-login/app,False,0.05405405405405406,User identity in SimpleLogin: Web routes use Flask-Login with login_manager.user_loader that queries User.get_by(alternative_id=). The alternative_id is stored 
pilot30,task-6905333b74f22949d97baa1d,simple-login/app,1,3,50,b5c51b9b-df93-4ec0-8aca-c5805ea2ef98,simple-login/app,False,0.03296703296703297,"SimpleLogin web server startup: Flask dev server prints config output first (>>> URL: <url>, >>> init logging <<<), then show_server_banner prints "" * Serving F"
pilot30,task-6905333b74f22949d97baa1d,simple-login/app,1,4,47,8530dd33-f851-496f-a85d-6124094e4097,simple-login/app,False,0.029411764705882353,"SimpleLogin email handler behavior when init_app.py is skipped: EMAIL_DOMAIN config is still set (e.g., ""sl.local""). can_create_directory_for_address() checks a"
pilot30,task-6905333b74f22949d97baa1d,simple-login/app,1,5,50,c46ee7cf-fbea-4e83-a641-460942a24f1e,simple-login/app,False,0.028089887640449437,"SimpleLogin API auth without API key (no Authentication header): When user is NOT authenticated via browser, API returns HTTP 401 with {""error"": ""Wrong api key"""
pilot30-shuffle1,task-6905333b74f22949d97ba9a5,simple-login/app,1,1,49,475e2c95-af0c-4fd3-92a7-0bc6a3835bb3,simple-login/app,False,0.043859649122807015,"Contact table has UniqueConstraint(""alias_id"", ""website_email"") but NO unique constraint on reply_email. The reply_email column has a non-unique index (unique=F"
pilot30-shuffle1,task-6905333b74f22949d97ba9a5,simple-login/app,1,2,47,15a1dc28-cd89-4f7e-b3dd-c66d2323ec63,simple-login/app,False,0.02727272727272727,"When email handler receives email for @sl.local address without SLDomain populated (init_app.py not run), the forward flow in handle_forward() checks Alias.get_"
pilot30-shuffle1,task-6905333b74f22949d97ba9a5,simple-login/app,1,3,41,ccc0679b-1976-46e6-9de9-6e9fe28d809a,simple-login/app,False,0.04697986577181208,"SimpleLogin email forwarding flow:

1. handle() receives SMTP envelope and message, determines forward vs reply based on recipient
2. For forward: handle_forwar"
pilot30-shuffle1,task-6905333b74f22949d97ba9a5,simple-login/app,1,4,37,968c1af1-ac05-4a5a-a255-a23e181fa35e,simple-login/app,False,0.041666666666666664,"SimpleLogin is a Python Flask app with server.py as main Flask app, email_handler.py (aiosmtpd SMTP), wsgi.py. Uses Flask-Login for session management, Redis op"
pilot30-shuffle1,task-6905333b74f22949d97ba9a5,simple-login/app,1,5,44,50b46470-6669-4a2f-bc8c-4151733514ff,simple-login/app,False,0.058823529411764705,"Exact log messages from SimpleLogin email_handler.py:

SUCCESSFUL FORWARD:
- Line 740: LOG.d(""Create %s for %s, %s, %s"", email_log, contact, user, mailbox) → re"
pilot30-shuffle1,task-6905333b74f22949d97ba9a5,simple-login/app,2,1,53,15a1dc28-cd89-4f7e-b3dd-c66d2323ec63,simple-login/app,False,0.02727272727272727,"When email handler receives email for @sl.local address without SLDomain populated (init_app.py not run), the forward flow in handle_forward() checks Alias.get_"
pilot30-shuffle1,task-6905333b74f22949d97ba9a5,simple-login/app,2,2,43,ccc0679b-1976-46e6-9de9-6e9fe28d809a,simple-login/app,False,0.04697986577181208,"SimpleLogin email forwarding flow:

1. handle() receives SMTP envelope and message, determines forward vs reply based on recipient
2. For forward: handle_forwar"
pilot30-shuffle1,task-6905333b74f22949d97ba9a5,simple-login/app,2,3,51,475e2c95-af0c-4fd3-92a7-0bc6a3835bb3,simple-login/app,False,0.043859649122807015,"Contact table has UniqueConstraint(""alias_id"", ""website_email"") but NO unique constraint on reply_email. The reply_email column has a non-unique index (unique=F"
pilot30-shuffle1,task-6905333b74f22949d97ba9a5,simple-login/app,2,4,38,968c1af1-ac05-4a5a-a255-a23e181fa35e,simple-login/app,False,0.041666666666666664,"SimpleLogin is a Python Flask app with server.py as main Flask app, email_handler.py (aiosmtpd SMTP), wsgi.py. Uses Flask-Login for session management, Redis op"
pilot30-shuffle1,task-6905333b74f22949d97ba9a5,simple-login/app,2,5,52,50b46470-6669-4a2f-bc8c-4151733514ff,simple-login/app,False,0.058823529411764705,"Exact log messages from SimpleLogin email_handler.py:

SUCCESSFUL FORWARD:
- Line 740: LOG.d(""Create %s for %s, %s, %s"", email_log, contact, user, mailbox) → re"
pilot30-shuffle1,task-6905333b74f22949d97ba9a6,simple-login/app,1,1,54,15a1dc28-cd89-4f7e-b3dd-c66d2323ec63,simple-login/app,False,0.05454545454545454,"When email handler receives email for @sl.local address without SLDomain populated (init_app.py not run), the forward flow in handle_forward() checks Alias.get_"
pilot30-shuffle1,task-6905333b74f22949d97ba9a6,simple-login/app,1,2,49,ccc0679b-1976-46e6-9de9-6e9fe28d809a,simple-login/app,False,0.04830917874396135,"SimpleLogin email forwarding flow:

1. handle() receives SMTP envelope and message, determines forward vs reply based on recipient
2. For forward: handle_forwar"
pilot30-shuffle1,task-6905333b74f22949d97ba9a6,simple-login/app,1,3,54,475e2c95-af0c-4fd3-92a7-0bc6a3835bb3,simple-login/app,False,0.04046242774566474,"Contact table has UniqueConstraint(""alias_id"", ""website_email"") but NO unique constraint on reply_email. The reply_email column has a non-unique index (unique=F"
pilot30-shuffle1,task-6905333b74f22949d97ba9a6,simple-login/app,1,4,40,968c1af1-ac05-4a5a-a255-a23e181fa35e,simple-login/app,False,0.0189873417721519,"SimpleLogin is a Python Flask app with server.py as main Flask app, email_handler.py (aiosmtpd SMTP), wsgi.py. Uses Flask-Login for session management, Redis op"
pilot30-shuffle1,task-6905333b74f22949d97ba9a6,simple-login/app,1,5,53,d5c66f52-1951-4440-a0bc-08a7bb0e2e95,simple-login/app,False,0.016483516483516484,"SimpleLogin reply resolution mechanism: In the reply phase, when an email arrives with rcpt_to being a reverse-alias, handle_reply() resolves the contact via Co"
pilot30-shuffle1,task-6905333b74f22949d97ba9a6,simple-login/app,2,1,54,968c1af1-ac05-4a5a-a255-a23e181fa35e,simple-login/app,False,0.0189873417721519,"SimpleLogin is a Python Flask app with server.py as main Flask app, email_handler.py (aiosmtpd SMTP), wsgi.py. Uses Flask-Login for session management, Redis op"
pilot30-shuffle1,task-6905333b74f22949d97ba9a6,simple-login/app,2,2,48,ccc0679b-1976-46e6-9de9-6e9fe28d809a,simple-login/app,False,0.04830917874396135,"SimpleLogin email forwarding flow:

1. handle() receives SMTP envelope and message, determines forward vs reply based on recipient
2. For forward: handle_forwar"
pilot30-shuffle1,task-6905333b74f22949d97ba9a6,simple-login/app,2,3,49,475e2c95-af0c-4fd3-92a7-0bc6a3835bb3,simple-login/app,False,0.04046242774566474,"Contact table has UniqueConstraint(""alias_id"", ""website_email"") but NO unique constraint on reply_email. The reply_email column has a non-unique index (unique=F"
pilot30-shuffle1,task-6905333b74f22949d97ba9a6,simple-login/app,2,4,45,15a1dc28-cd89-4f7e-b3dd-c66d2323ec63,simple-login/app,False,0.05454545454545454,"When email handler receives email for @sl.local address without SLDomain populated (init_app.py not run), the forward flow in handle_forward() checks Alias.get_"
pilot30-shuffle1,task-6905333b74f22949d97ba9a6,simple-login/app,2,5,65,3e1ac61c-2c1e-4457-8ee7-93cfc84f28ad,simple-login/app,False,0.0738255033557047,"SimpleLogin migration analysis: 241 migration files, 77 unique tables created across all migrations. The most recent migration that creates a table is 2024_1016"
pilot30-shuffle1,task-6905333b74f22949d97ba9a7,simple-login/app,1,1,64,ccc0679b-1976-46e6-9de9-6e9fe28d809a,simple-login/app,False,0.06790123456790123,"SimpleLogin email forwarding flow:

1. handle() receives SMTP envelope and message, determines forward vs reply based on recipient
2. For forward: handle_forwar"
pilot30-shuffle1,task-6905333b74f22949d97ba9a7,simple-login/app,1,2,53,968c1af1-ac05-4a5a-a255-a23e181fa35e,simple-login/app,False,0.017391304347826087,"SimpleLogin is a Python Flask app with server.py as main Flask app, email_handler.py (aiosmtpd SMTP), wsgi.py. Uses Flask-Login for session management, Redis op"
pilot30-shuffle1,task-6905333b74f22949d97ba9a7,simple-login/app,1,3,51,3e1ac61c-2c1e-4457-8ee7-93cfc84f28ad,simple-login/app,False,0.017543859649122806,"SimpleLogin migration analysis: 241 migration files, 77 unique tables created across all migrations. The most recent migration that creates a table is 2024_1016"
pilot30-shuffle1,task-6905333b74f22949d97ba9a7,simple-login/app,1,4,57,d5c66f52-1951-4440-a0bc-08a7bb0e2e95,simple-login/app,False,0.044444444444444446,"SimpleLogin reply resolution mechanism: In the reply phase, when an email arrives with rcpt_to being a reverse-alias, handle_reply() resolves the contact via Co"
pilot30-shuffle1,task-6905333b74f22949d97ba9a7,simple-login/app,1,5,59,50b46470-6669-4a2f-bc8c-4151733514ff,simple-login/app,False,0.08484848484848485,"Exact log messages from SimpleLogin email_handler.py:

SUCCESSFUL FORWARD:
- Line 740: LOG.d(""Create %s for %s, %s, %s"", email_log, contact, user, mailbox) → re"
pilot30-shuffle1,task-6905333b74f22949d97ba9ac,simple-login/app,2,1,66,ccc0679b-1976-46e6-9de9-6e9fe28d809a,simple-login/app,False,0.09219858156028368,"SimpleLogin email forwarding flow:

1. handle() receives SMTP envelope and message, determines forward vs reply based on recipient
2. For forward: handle_forwar"
pilot30-shuffle1,task-6905333b74f22949d97ba9ac,simple-login/app,2,2,71,50b46470-6669-4a2f-bc8c-4151733514ff,simple-login/app,False,0.10344827586206896,"Exact log messages from SimpleLogin email_handler.py:

SUCCESSFUL FORWARD:
- Line 740: LOG.d(""Create %s for %s, %s, %s"", email_log, contact, user, mailbox) → re"
pilot30-shuffle1,task-6905333b74f22949d97ba9ad,simple-login/app,1,1,71,ccc0679b-1976-46e6-9de9-6e9fe28d809a,simple-login/app,False,0.05732484076433121,"SimpleLogin email forwarding flow:

1. handle() receives SMTP envelope and message, determines forward vs reply based on recipient
2. For forward: handle_forwar"
pilot30-shuffle1,task-6905333b74f22949d97ba9ad,simple-login/app,1,2,52,475e2c95-af0c-4fd3-92a7-0bc6a3835bb3,simple-login/app,False,0.032,"Contact table has UniqueConstraint(""alias_id"", ""website_email"") but NO unique constraint on reply_email. The reply_email column has a non-unique index (unique=F"
pilot30-shuffle1,task-6905333b74f22949d97ba9ad,simple-login/app,1,3,57,15a1dc28-cd89-4f7e-b3dd-c66d2323ec63,simple-login/app,False,0.0423728813559322,"When email handler receives email for @sl.local address without SLDomain populated (init_app.py not run), the forward flow in handle_forward() checks Alias.get_"
pilot30-shuffle1,task-6905333b74f22949d97ba9ad,simple-login/app,1,4,66,d5c66f52-1951-4440-a0bc-08a7bb0e2e95,simple-login/app,False,0.03875968992248062,"SimpleLogin reply resolution mechanism: In the reply phase, when an email arrives with rcpt_to being a reverse-alias, handle_reply() resolves the contact via Co"
pilot30-shuffle1,task-6905333b74f22949d97ba9ad,simple-login/app,1,5,60,d6cc7c0e-a240-484f-afd9-564d58a42e02,simple-login/app,False,0.03225806451612903,SimpleLogin startup order (from scratch): 1) PostgreSQL running with database created (no tables) 2) Run alembic migrations (alembic upgrade head) to create all
pilot30-shuffle1,task-6905333b74f22949d97ba9ad,simple-login/app,2,1,64,ccc0679b-1976-46e6-9de9-6e9fe28d809a,simple-login/app,False,0.05732484076433121,"SimpleLogin email forwarding flow:

1. handle() receives SMTP envelope and message, determines forward vs reply based on recipient
2. For forward: handle_forwar"
pilot30-shuffle1,task-6905333b74f22949d97ba9ad,simple-login/app,2,2,49,475e2c95-af0c-4fd3-92a7-0bc6a3835bb3,simple-login/app,False,0.032,"Contact table has UniqueConstraint(""alias_id"", ""website_email"") but NO unique constraint on reply_email. The reply_email column has a non-unique index (unique=F"
pilot30-shuffle1,task-6905333b74f22949d97ba9ad,simple-login/app,2,3,62,968c1af1-ac05-4a5a-a255-a23e181fa35e,simple-login/app,False,0.02702702702702703,"SimpleLogin repository at /app: Python Flask app with email forwarding. Key files: server.py (Flask app), email_handler.py (aiosmtpd SMTP server), event_listene"
pilot30-shuffle1,task-6905333b74f22949d97ba9ad,simple-login/app,2,4,53,15a1dc28-cd89-4f7e-b3dd-c66d2323ec63,simple-login/app,False,0.0423728813559322,"When email handler receives email for @sl.local address without SLDomain populated (init_app.py not run), the forward flow in handle_forward() checks Alias.get_"
pilot30-shuffle1,task-6905333b74f22949d97ba9ad,simple-login/app,2,5,60,d6cc7c0e-a240-484f-afd9-564d58a42e02,simple-login/app,False,0.03225806451612903,SimpleLogin startup order (from scratch): 1) PostgreSQL running with database created (no tables) 2) Run alembic migrations (alembic upgrade head) to create all
pilot30-shuffle1,task-6905333b74f22949d97ba9ae,simple-login/app,1,1,69,ccc0679b-1976-46e6-9de9-6e9fe28d809a,simple-login/app,False,0.04216867469879518,"SimpleLogin email forwarding flow:

1. handle() receives SMTP envelope and message, determines forward vs reply based on recipient
2. For forward: handle_forwar"
pilot30-shuffle1,task-6905333b74f22949d97ba9ae,simple-login/app,1,2,64,50b46470-6669-4a2f-bc8c-4151733514ff,simple-login/app,False,0.0718562874251497,"Exact log messages from SimpleLogin email_handler.py:

SUCCESSFUL FORWARD:
- Line 740: LOG.d(""Create %s for %s, %s, %s"", email_log, contact, user, mailbox) → re"
pilot30-shuffle1,task-6905333b74f22949d97ba9ae,simple-login/app,2,1,60,ccc0679b-1976-46e6-9de9-6e9fe28d809a,simple-login/app,False,0.04216867469879518,"SimpleLogin email forwarding flow:

1. handle() receives SMTP envelope and message, determines forward vs reply based on recipient
2. For forward: handle_forwar"
pilot30-shuffle1,task-6905333b74f22949d97ba9ae,simple-login/app,2,2,55,475e2c95-af0c-4fd3-92a7-0bc6a3835bb3,simple-login/app,False,0.05426356589147287,"Contact table has UniqueConstraint(""alias_id"", ""website_email"") but NO unique constraint on reply_email. The reply_email column has a non-unique index (unique=F"
pilot30-shuffle1,task-6905333b74f22949d97ba9ae,simple-login/app,2,3,66,d5c66f52-1951-4440-a0bc-08a7bb0e2e95,simple-login/app,False,0.06015037593984962,"SimpleLogin reply resolution mechanism: In the reply phase, when an email arrives with rcpt_to being a reverse-alias, handle_reply() resolves the contact via Co"
pilot30-shuffle1,task-6905333b74f22949d97ba9ae,simple-login/app,2,4,57,50b46470-6669-4a2f-bc8c-4151733514ff,simple-login/app,False,0.0718562874251497,"Exact log messages from SimpleLogin email_handler.py:

SUCCESSFUL FORWARD:
- Line 740: LOG.d(""Create %s for %s, %s, %s"", email_log, contact, user, mailbox) → re"
pilot30-shuffle1,task-6905333b74f22949d97ba9af,simple-login/app,1,1,52,ccc0679b-1976-46e6-9de9-6e9fe28d809a,simple-login/app,False,0.02702702702702703,"SimpleLogin email forwarding flow:

1. handle() receives SMTP envelope and message, determines forward vs reply based on recipient
2. For forward: handle_forwar"
pilot30-shuffle1,task-6905333b74f22949d97ba9af,simple-login/app,1,2,51,475e2c95-af0c-4fd3-92a7-0bc6a3835bb3,simple-login/app,False,0.02,"Contact table has UniqueConstraint(""alias_id"", ""website_email"") but NO unique constraint on reply_email. The reply_email column has a non-unique index (unique=F"
pilot30-shuffle1,task-6905333b74f22949d97ba9af,simple-login/app,1,3,54,50b46470-6669-4a2f-bc8c-4151733514ff,simple-login/app,False,0.05945945945945946,"Exact log messages from SimpleLogin email_handler.py:

SUCCESSFUL FORWARD:
- Line 740: LOG.d(""Create %s for %s, %s, %s"", email_log, contact, user, mailbox) → re"
pilot30-shuffle1,task-6905333b74f22949d97ba9af,simple-login/app,1,4,50,d5c66f52-1951-4440-a0bc-08a7bb0e2e95,simple-login/app,False,0.025974025974025976,"SimpleLogin reply resolution mechanism: In the reply phase, when an email arrives with rcpt_to being a reverse-alias, handle_reply() resolves the contact via Co"
pilot30-shuffle1,task-6905333b74f22949d97ba9af,simple-login/app,2,1,51,ccc0679b-1976-46e6-9de9-6e9fe28d809a,simple-login/app,False,0.02702702702702703,"SimpleLogin email forwarding flow:

1. handle() receives SMTP envelope and message, determines forward vs reply based on recipient
2. For forward: handle_forwar"
pilot30-shuffle1,task-6905333b74f22949d97ba9af,simple-login/app,2,2,48,475e2c95-af0c-4fd3-92a7-0bc6a3835bb3,simple-login/app,False,0.02,"Contact table has UniqueConstraint(""alias_id"", ""website_email"") but NO unique constraint on reply_email. The reply_email column has a non-unique index (unique=F"
pilot30-shuffle1,task-6905333b74f22949d97ba9af,simple-login/app,2,3,63,15a1dc28-cd89-4f7e-b3dd-c66d2323ec63,simple-login/app,False,0.06521739130434782,"When email handler receives email for @sl.local address without SLDomain populated (init_app.py not run), the forward flow in handle_forward() checks Alias.get_"
pilot30-shuffle1,task-6905333b74f22949d97ba9af,simple-login/app,2,4,55,56f699a0-fc5b-4a6b-ae4b-563f6c3b6a44,,False,0.07518796992481203,"When User table doesn't exist and login POST is submitted, SQLAlchemy raises ProgrammingError wrapping psycopg2 error ""relation 'user' does not exist"". This is "
pilot30-shuffle1,task-6905333b74f22949d97ba9af,simple-login/app,2,5,53,d6cc7c0e-a240-484f-afd9-564d58a42e02,simple-login/app,False,0.10948905109489052,SimpleLogin startup order (from scratch): 1) PostgreSQL running with database created (no tables) 2) Run alembic migrations (alembic upgrade head) to create all
pilot30-shuffle1,task-6905333b74f22949d97ba9d0,paperless-ngx/paperless-ngx,1,1,51,8bbf2f49-3543-49f8-a97d-80efbd57f153,paperless-ngx/paperless-ngx,False,0.031007751937984496,"paperless-ngx documents list pagination bug: The ""haunted"" documents list (duplicates/disappearing docs across pages) is caused by unstable ordering. Document._"
pilot30-shuffle1,task-6905333b74f22949d97ba9d0,paperless-ngx/paperless-ngx,1,2,65,0dd15685-e52f-4592-8198-06ca6455e00a,paperless-ngx/paperless-ngx,False,0.050724637681159424,"Paperless-NGX queueing framework and task structure:
- Uses django-q (not Celery) with Redis as broker (PAPERLESS_REDIS env var, default redis://localhost:6379)"
pilot30-shuffle1,task-6905333b74f22949d97ba9d0,paperless-ngx/paperless-ngx,1,3,55,64097e8f-e33b-462d-a278-360d17ced36c,paperless-ngx/paperless-ngx,False,0.03508771929824561,"Async task triggers in paperless-ngx (3 sources): 1) document_consumer.py (line 86): file placed in CONSUMPTION_DIR, triggers async_task(""documents.tasks.consum"
pilot30-shuffle1,task-6905333b74f22949d97ba9d0,paperless-ngx/paperless-ngx,1,4,54,97e4bb03-f1df-45b9-861a-70ad1e4d429d,paperless-ngx/paperless-ngx,False,0.029197080291970802,Paperless-ngx memory spike investigation findings: Key memory-accumulation points identified in codebase: (1) classifier.py train() loads ALL document.content i
pilot30-shuffle1,task-6905333b74f22949d97ba9d0,paperless-ngx/paperless-ngx,1,5,55,0fcf1e26-eabd-4a0e-bf63-c03f7c8d658f,paperless-ngx/paperless-ngx,False,0.029585798816568046,Document document flow in paperless-ngx: (1) File placed in CONSUMPTION_DIR via inotify or watchdog PollingObserver; (2) document_consumer.management command wa
pilot30-shuffle1,task-6905333b74f22949d97ba9d1,paperless-ngx/paperless-ngx,1,1,63,8bbf2f49-3543-49f8-a97d-80efbd57f153,paperless-ngx/paperless-ngx,False,0.023391812865497075,"paperless-ngx documents list pagination bug: The ""haunted"" documents list (duplicates/disappearing docs across pages) is caused by unstable ordering. Document._"
pilot30-shuffle1,task-6905333b74f22949d97ba9d1,paperless-ngx/paperless-ngx,1,2,63,97e4bb03-f1df-45b9-861a-70ad1e4d429d,paperless-ngx/paperless-ngx,False,0.016666666666666666,Paperless-ngx memory spike investigation findings: Key memory-accumulation points identified in codebase: (1) classifier.py train() loads ALL document.content i
pilot30-shuffle1,task-6905333b74f22949d97ba9d1,paperless-ngx/paperless-ngx,1,3,60,151dea71-e171-4df4-a7bc-58766aa84850,paperless-ngx/paperless-ngx,False,0.05555555555555555,"paperless-ngx document upload via API (PostDocumentView): The POST to /api/documents/post_document/ returns HTTP 200 with body ""OK"" immediately after submission"
pilot30-shuffle1,task-6905333b74f22949d97ba9d1,paperless-ngx/paperless-ngx,1,4,58,64097e8f-e33b-462d-a278-360d17ced36c,paperless-ngx/paperless-ngx,False,0.02564102564102564,"Async task triggers in paperless-ngx (3 sources): 1) document_consumer.py (line 86): file placed in CONSUMPTION_DIR, triggers async_task(""documents.tasks.consum"
pilot30-shuffle1,task-6905333b74f22949d97ba9d1,paperless-ngx/paperless-ngx,1,5,40,475e2c95-af0c-4fd3-92a7-0bc6a3835bb3,simple-login/app,True,0.0379746835443038,"Contact table has UniqueConstraint(""alias_id"", ""website_email"") but NO unique constraint on reply_email. The reply_email column has a non-unique index (unique=F"
pilot30-shuffle1,task-6905333b74f22949d97ba9d2,paperless-ngx/paperless-ngx,1,1,55,8bbf2f49-3543-49f8-a97d-80efbd57f153,paperless-ngx/paperless-ngx,False,0.02608695652173913,"paperless-ngx documents list pagination bug: The ""haunted"" documents list (duplicates/disappearing docs across pages) is caused by unstable ordering. Document._"
pilot30-shuffle1,task-6905333b74f22949d97ba9d2,paperless-ngx/paperless-ngx,1,2,69,2bf64fd3-4a66-4602-9128-0ae7a1810277,paperless-ngx/paperless-ngx,False,0.03571428571428571,"paperless-ngx repository located at /app/src. Key modules: documents/ (main app with consumer.py, classifier.py, models.py, parsers.py, tasks.py, file_handling."
pilot30-shuffle1,task-6905333b74f22949d97ba9d2,paperless-ngx/paperless-ngx,1,3,61,0fcf1e26-eabd-4a0e-bf63-c03f7c8d658f,paperless-ngx/paperless-ngx,False,0.03225806451612903,"Paperless-NGX document ingestion full workflow:

1. FILE DETECTION: document_consumer management command polls / consumes from CONSUMPTION_DIR via inotify or wa"
pilot30-shuffle1,task-6905333b74f22949d97ba9d2,paperless-ngx/paperless-ngx,1,4,62,0dd15685-e52f-4592-8198-06ca6455e00a,paperless-ngx/paperless-ngx,False,0.023622047244094488,"Paperless-NGX queueing framework and task structure:
- Uses django-q (not Celery) with Redis as broker (PAPERLESS_REDIS env var, default redis://localhost:6379)"
pilot30-shuffle1,task-6905333b74f22949d97ba9d2,paperless-ngx/paperless-ngx,1,5,61,6a5f5cda-155c-4132-8812-4db93644cf80,paperless-ngx/paperless-ngx,False,0.03361344537815126,"Paperless-ngx uses Django REST Framework TokenAuthentication. The HTTP header is exactly ""Authorization: Token &lt;key&gt;"" (keyword ""Token"" with a space). Toke"
pilot30-shuffle1,task-6905333b74f22949d97ba9d3,paperless-ngx/paperless-ngx,1,1,43,ccc0679b-1976-46e6-9de9-6e9fe28d809a,simple-login/app,True,0.01910828025477707,"SimpleLogin email forwarding flow:

1. handle() receives SMTP envelope and message, determines forward vs reply based on recipient
2. For forward: handle_forwar"
pilot30-shuffle1,task-6905333b74f22949d97ba9d3,paperless-ngx/paperless-ngx,1,2,43,968c1af1-ac05-4a5a-a255-a23e181fa35e,simple-login/app,True,0.0196078431372549,"SimpleLogin is a Python Flask app with server.py as main Flask app, email_handler.py (aiosmtpd SMTP), wsgi.py. Uses Flask-Login for session management, Redis op"
pilot30-shuffle1,task-6905333b74f22949d97ba9d3,paperless-ngx/paperless-ngx,1,3,35,15a1dc28-cd89-4f7e-b3dd-c66d2323ec63,simple-login/app,True,0.02631578947368421,"When email handler receives email for @sl.local address without SLDomain populated (init_app.py not run), the forward flow in handle_forward() checks Alias.get_"
pilot30-shuffle1,task-6905333b74f22949d97ba9d3,paperless-ngx/paperless-ngx,1,4,44,e01ec5e0-1a85-4fae-85a3-fedb958ded34,simple-login/app,True,0.02857142857142857,"SimpleLogin project structure: server.py is the Flask web server, email_handler.py is the aiosmtpd SMTP handler (default port 20381), init_app.py populates SLDo"
pilot30-shuffle1,task-6905333b74f22949d97ba9d3,paperless-ngx/paperless-ngx,1,5,35,475e2c95-af0c-4fd3-92a7-0bc6a3835bb3,simple-login/app,True,0.00819672131147541,"Contact table has UniqueConstraint(""alias_id"", ""website_email"") but NO unique constraint on reply_email. The reply_email column has a non-unique index (unique=F"
pilot30-shuffle1,task-6905333b74f22949d97ba9d3,paperless-ngx/paperless-ngx,2,1,69,0fcf1e26-eabd-4a0e-bf63-c03f7c8d658f,paperless-ngx/paperless-ngx,False,0.04819277108433735,paperless-ngx document ingestion pipeline: 1) Files placed in CONSUMPTION_DIR (default /usr/src/paperless/consume) are detected via inotify or polling by docume
pilot30-shuffle1,task-6905333b74f22949d97ba9d3,paperless-ngx/paperless-ngx,2,2,68,2bf64fd3-4a66-4602-9128-0ae7a1810277,paperless-ngx/paperless-ngx,False,0.061855670103092786,"paperless-ngx repository located at /app/src. Key modules: documents/ (main app with consumer.py, classifier.py, models.py, parsers.py, tasks.py, file_handling."
pilot30-shuffle1,task-6905333b74f22949d97ba9d3,paperless-ngx/paperless-ngx,2,3,39,ccc0679b-1976-46e6-9de9-6e9fe28d809a,simple-login/app,True,0.01910828025477707,"SimpleLogin email forwarding flow:

1. handle() receives SMTP envelope and message, determines forward vs reply based on recipient
2. For forward: handle_forwar"
pilot30-shuffle1,task-6905333b74f22949d97ba9d3,paperless-ngx/paperless-ngx,2,4,38,968c1af1-ac05-4a5a-a255-a23e181fa35e,simple-login/app,True,0.0196078431372549,"SimpleLogin is a Python Flask app with server.py as main Flask app, email_handler.py (aiosmtpd SMTP), wsgi.py. Uses Flask-Login for session management, Redis op"
pilot30-shuffle1,task-6905333b74f22949d97ba9d3,paperless-ngx/paperless-ngx,2,5,36,475e2c95-af0c-4fd3-92a7-0bc6a3835bb3,simple-login/app,True,0.00819672131147541,"Contact table has UniqueConstraint(""alias_id"", ""website_email"") but NO unique constraint on reply_email. The reply_email column has a non-unique index (unique=F"
pilot30-shuffle1,task-6905333b74f22949d97ba9d4,paperless-ngx/paperless-ngx,1,1,63,97e4bb03-f1df-45b9-861a-70ad1e4d429d,paperless-ngx/paperless-ngx,False,0.024193548387096774,Paperless-ngx memory spike investigation findings: Key memory-accumulation points identified in codebase: (1) classifier.py train() loads ALL document.content i
pilot30-shuffle1,task-6905333b74f22949d97ba9d4,paperless-ngx/paperless-ngx,1,2,67,0dd15685-e52f-4592-8198-06ca6455e00a,paperless-ngx/paperless-ngx,False,0.045454545454545456,"paperless-ngx background maintenance: Uses django-q (NOT Celery) as task scheduler. Q_CLUSTER config in settings.py defines Redis broker, workers, timeout=1800s"
pilot30-shuffle1,task-6905333b74f22949d97ba9d4,paperless-ngx/paperless-ngx,1,3,54,8bbf2f49-3543-49f8-a97d-80efbd57f153,paperless-ngx/paperless-ngx,False,0.02586206896551724,"paperless-ngx documents list pagination bug: The ""haunted"" documents list (duplicates/disappearing docs across pages) is caused by unstable ordering. Document._"
pilot30-shuffle1,task-6905333b74f22949d97ba9d4,paperless-ngx/paperless-ngx,1,4,65,64097e8f-e33b-462d-a278-360d17ced36c,paperless-ngx/paperless-ngx,False,0.0297029702970297,"Async task triggers in paperless-ngx (3 sources): 1) document_consumer.py (line 86): file placed in CONSUMPTION_DIR, triggers async_task(""documents.tasks.consum"
pilot30-shuffle1,task-6905333b74f22949d97ba9d4,paperless-ngx/paperless-ngx,1,5,61,151dea71-e171-4df4-a7bc-58766aa84850,paperless-ngx/paperless-ngx,False,0.03225806451612903,"paperless-ngx document upload via API (PostDocumentView): The POST to /api/documents/post_document/ returns HTTP 200 with body ""OK"" immediately after submission"
pilot30-shuffle1,task-6905333b74f22949d97ba9d4,paperless-ngx/paperless-ngx,2,1,67,0dd15685-e52f-4592-8198-06ca6455e00a,paperless-ngx/paperless-ngx,False,0.045454545454545456,"paperless-ngx background maintenance: Uses django-q (NOT Celery) as task scheduler. Q_CLUSTER config in settings.py defines Redis broker, workers, timeout=1800s"
pilot30-shuffle1,task-6905333b74f22949d97ba9d4,paperless-ngx/paperless-ngx,2,2,59,97e4bb03-f1df-45b9-861a-70ad1e4d429d,paperless-ngx/paperless-ngx,False,0.024193548387096774,Paperless-ngx memory spike investigation findings: Key memory-accumulation points identified in codebase: (1) classifier.py train() loads ALL document.content i
pilot30-shuffle1,task-6905333b74f22949d97ba9d4,paperless-ngx/paperless-ngx,2,3,55,8bbf2f49-3543-49f8-a97d-80efbd57f153,paperless-ngx/paperless-ngx,False,0.02586206896551724,"paperless-ngx documents list pagination bug: The ""haunted"" documents list (duplicates/disappearing docs across pages) is caused by unstable ordering. Document._"
pilot30-shuffle1,task-6905333b74f22949d97ba9d4,paperless-ngx/paperless-ngx,2,4,61,64097e8f-e33b-462d-a278-360d17ced36c,paperless-ngx/paperless-ngx,False,0.0297029702970297,"Async task triggers in paperless-ngx (3 sources): 1) document_consumer.py (line 86): file placed in CONSUMPTION_DIR, triggers async_task(""documents.tasks.consum"
pilot30-shuffle1,task-6905333b74f22949d97ba9d4,paperless-ngx/paperless-ngx,2,5,57,2bf64fd3-4a66-4602-9128-0ae7a1810277,paperless-ngx/paperless-ngx,False,0.03529411764705882,"paperless-ngx repository located at /app/src. Key modules: documents/ (main app with consumer.py, classifier.py, models.py, parsers.py, tasks.py, file_handling."
pilot30-shuffle1,task-6905333b74f22949d97ba9d5,paperless-ngx/paperless-ngx,1,1,51,8bbf2f49-3543-49f8-a97d-80efbd57f153,paperless-ngx/paperless-ngx,False,0.015151515151515152,"paperless-ngx documents list pagination bug: The ""haunted"" documents list (duplicates/disappearing docs across pages) is caused by unstable ordering. Document._"
pilot30-shuffle1,task-6905333b74f22949d97ba9d5,paperless-ngx/paperless-ngx,1,2,73,2bf64fd3-4a66-4602-9128-0ae7a1810277,paperless-ngx/paperless-ngx,False,0.04040404040404041,"paperless-ngx repository located at /app/src. Key modules: documents/ (main app with consumer.py, classifier.py, models.py, parsers.py, tasks.py, file_handling."
pilot30-shuffle1,task-6905333b74f22949d97ba9d5,paperless-ngx/paperless-ngx,1,3,61,97e4bb03-f1df-45b9-861a-70ad1e4d429d,paperless-ngx/paperless-ngx,False,0.02158273381294964,Paperless-ngx memory spike investigation findings: Key memory-accumulation points identified in codebase: (1) classifier.py train() loads ALL document.content i
pilot30-shuffle1,task-6905333b74f22949d97ba9d5,paperless-ngx/paperless-ngx,1,4,70,0fcf1e26-eabd-4a0e-bf63-c03f7c8d658f,paperless-ngx/paperless-ngx,False,0.023391812865497075,Document document flow in paperless-ngx: (1) File placed in CONSUMPTION_DIR via inotify or watchdog PollingObserver; (2) document_consumer.management command wa
pilot30-shuffle1,task-6905333b74f22949d97ba9d5,paperless-ngx/paperless-ngx,1,5,60,151dea71-e171-4df4-a7bc-58766aa84850,paperless-ngx/paperless-ngx,False,0.037383177570093455,"paperless-ngx document upload via API (PostDocumentView): The POST to /api/documents/post_document/ returns HTTP 200 with body ""OK"" immediately after submission"
pilot30-shuffle1,task-6905333b74f22949d97ba9d5,paperless-ngx/paperless-ngx,2,1,49,8bbf2f49-3543-49f8-a97d-80efbd57f153,paperless-ngx/paperless-ngx,False,0.015151515151515152,"paperless-ngx documents list pagination bug: The ""haunted"" documents list (duplicates/disappearing docs across pages) is caused by unstable ordering. Document._"
pilot30-shuffle1,task-6905333b74f22949d97ba9d5,paperless-ngx/paperless-ngx,2,2,66,0fcf1e26-eabd-4a0e-bf63-c03f7c8d658f,paperless-ngx/paperless-ngx,False,0.05741626794258373,Paperless-NGX document ingestion pipeline (runtime trace): 1) Detection: file appears in CONSUMPTION_DIR → inotify (CLOSE_WRITE|MOVED_TO) or PollingObserver det
pilot30-shuffle1,task-6905333b74f22949d97ba9d5,paperless-ngx/paperless-ngx,2,3,61,2bf64fd3-4a66-4602-9128-0ae7a1810277,paperless-ngx/paperless-ngx,False,0.04040404040404041,"paperless-ngx repository located at /app/src. Key modules: documents/ (main app with consumer.py, classifier.py, models.py, parsers.py, tasks.py, file_handling."
pilot30-shuffle1,task-6905333b74f22949d97ba9d5,paperless-ngx/paperless-ngx,2,4,57,97e4bb03-f1df-45b9-861a-70ad1e4d429d,paperless-ngx/paperless-ngx,False,0.02158273381294964,Paperless-ngx memory spike investigation findings: Key memory-accumulation points identified in codebase: (1) classifier.py train() loads ALL document.content i
pilot30-shuffle1,task-6905333b74f22949d97ba9d5,paperless-ngx/paperless-ngx,2,5,55,00c0c0ed-17ad-4b7e-aeea-bfc40dc7d367,,False,0.047244094488188976,No confidence threshold in ML pipeline: The sklearn MLPClassifier is used with .predict() directly (no .predict_proba()). The classifiers return the argmax clas
pilot30-shuffle1,task-6905333b74f22949d97ba9d6,paperless-ngx/paperless-ngx,1,1,54,8bbf2f49-3543-49f8-a97d-80efbd57f153,paperless-ngx/paperless-ngx,False,0.015384615384615385,"paperless-ngx documents list pagination bug: The ""haunted"" documents list (duplicates/disappearing docs across pages) is caused by unstable ordering. Document._"
pilot30-shuffle1,task-6905333b74f22949d97ba9d6,paperless-ngx/paperless-ngx,1,2,65,48a2b91e-861e-493c-9465-efa64eb2d0ad,paperless-ngx/paperless-ngx,False,0.064,"Document metadata fields in paperless-ngx: REQUIRED (auto-generated at ingest): mime_type (python-magic), checksum (MD5 of original), storage_type (""unencrypted"
pilot30-shuffle1,task-6905333b74f22949d97ba9d6,paperless-ngx/paperless-ngx,1,3,63,0fcf1e26-eabd-4a0e-bf63-c03f7c8d658f,paperless-ngx/paperless-ngx,False,0.02976190476190476,Document document flow in paperless-ngx: (1) File placed in CONSUMPTION_DIR via inotify or watchdog PollingObserver; (2) document_consumer.management command wa
pilot30-shuffle1,task-6905333b74f22949d97ba9d6,paperless-ngx/paperless-ngx,1,4,60,2bf64fd3-4a66-4602-9128-0ae7a1810277,paperless-ngx/paperless-ngx,False,0.041237113402061855,"paperless-ngx repository located at /app/src. Key modules: documents/ (main app with consumer.py, classifier.py, models.py, parsers.py, tasks.py, file_handling."
pilot30-shuffle1,task-6905333b74f22949d97ba9d6,paperless-ngx/paperless-ngx,1,5,55,00c0c0ed-17ad-4b7e-aeea-bfc40dc7d367,,False,0.031496062992125984,No confidence threshold in ML pipeline: The sklearn MLPClassifier is used with .predict() directly (no .predict_proba()). The classifiers return the argmax clas
pilot30-shuffle1,task-6905333b74f22949d97ba9d7,paperless-ngx/paperless-ngx,1,1,44,8bbf2f49-3543-49f8-a97d-80efbd57f153,paperless-ngx/paperless-ngx,False,0.04838709677419355,"paperless-ngx documents list pagination bug: The ""haunted"" documents list (duplicates/disappearing docs across pages) is caused by unstable ordering. Document._"
pilot30-shuffle1,task-6905333b74f22949d97ba9d7,paperless-ngx/paperless-ngx,1,2,53,0dd15685-e52f-4592-8198-06ca6455e00a,paperless-ngx/paperless-ngx,False,0.0364963503649635,"Paperless-NGX queueing framework and task structure:
- Uses django-q (not Celery) with Redis as broker (PAPERLESS_REDIS env var, default redis://localhost:6379)"
pilot30-shuffle1,task-6905333b74f22949d97ba9d7,paperless-ngx/paperless-ngx,1,3,48,0fcf1e26-eabd-4a0e-bf63-c03f7c8d658f,paperless-ngx/paperless-ngx,False,0.042801556420233464,"Paperless-NGX document ingestion full workflow:

1. FILE DETECTION: document_consumer management command polls / consumes from CONSUMPTION_DIR via inotify or wa"
pilot30-shuffle1,task-6905333b74f22949d97ba9d7,paperless-ngx/paperless-ngx,1,4,46,2bf64fd3-4a66-4602-9128-0ae7a1810277,paperless-ngx/paperless-ngx,False,0.042105263157894736,"paperless-ngx repository located at /app/src. Key modules: documents/ (main app with consumer.py, classifier.py, models.py, parsers.py, tasks.py, file_handling."
pilot30-shuffle1,task-6905333b74f22949d97ba9d7,paperless-ngx/paperless-ngx,1,5,41,56f699a0-fc5b-4a6b-ae4b-563f6c3b6a44,,False,0.0380952380952381,"When User table doesn't exist and login POST is submitted, SQLAlchemy raises ProgrammingError wrapping psycopg2 error ""relation 'user' does not exist"". This is "
pilot30-shuffle1,task-6905333b74f22949d97ba9d7,paperless-ngx/paperless-ngx,2,1,43,ccc0679b-1976-46e6-9de9-6e9fe28d809a,simple-login/app,True,0.04,"SimpleLogin email forwarding flow:

1. handle() receives SMTP envelope and message, determines forward vs reply based on recipient
2. For forward: handle_forwar"
pilot30-shuffle1,task-6905333b74f22949d97ba9d7,paperless-ngx/paperless-ngx,2,2,68,6a5f5cda-155c-4132-8812-4db93644cf80,paperless-ngx/paperless-ngx,False,0.11570247933884298,"Paperless-ngx uses Django REST Framework TokenAuthentication. The HTTP header is exactly ""Authorization: Token &lt;key&gt;"" (keyword ""Token"" with a space). Toke"
pilot30-shuffle1,task-6905333b74f22949d97ba9d7,paperless-ngx/paperless-ngx,2,3,49,50b46470-6669-4a2f-bc8c-4151733514ff,simple-login/app,True,0.06578947368421052,"Exact log messages from SimpleLogin email_handler.py:

SUCCESSFUL FORWARD:
- Line 740: LOG.d(""Create %s for %s, %s, %s"", email_log, contact, user, mailbox) → re"
pilot30-shuffle1,task-6905333b74f22949d97ba9d7,paperless-ngx/paperless-ngx,2,4,50,2bf64fd3-4a66-4602-9128-0ae7a1810277,paperless-ngx/paperless-ngx,False,0.042105263157894736,"paperless-ngx repository located at /app/src. Key modules: documents/ (main app with consumer.py, classifier.py, models.py, parsers.py, tasks.py, file_handling."
pilot30-shuffle1,task-6905333b74f22949d97ba9d7,paperless-ngx/paperless-ngx,2,5,43,8bbf2f49-3543-49f8-a97d-80efbd57f153,paperless-ngx/paperless-ngx,False,0.04838709677419355,"paperless-ngx documents list pagination bug: The ""haunted"" documents list (duplicates/disappearing docs across pages) is caused by unstable ordering. Document._"
pilot30-shuffle1,task-6905333b74f22949d97ba9d8,paperless-ngx/paperless-ngx,1,1,47,8bbf2f49-3543-49f8-a97d-80efbd57f153,paperless-ngx/paperless-ngx,False,0.03816793893129771,"paperless-ngx documents list pagination bug: The ""haunted"" documents list (duplicates/disappearing docs across pages) is caused by unstable ordering. Document._"
pilot30-shuffle1,task-6905333b74f22949d97ba9d8,paperless-ngx/paperless-ngx,1,2,55,44ec1d23-adc4-4afc-8cb6-254db5f15493,,False,0.08849557522123894,"Classifier training trigger: train_classifier() in tasks.py is called when bulk_update_documents runs (triggered by post_save on Document). Before training, it "
pilot30-shuffle1,task-6905333b74f22949d97ba9d8,paperless-ngx/paperless-ngx,1,3,53,2bf64fd3-4a66-4602-9128-0ae7a1810277,paperless-ngx/paperless-ngx,False,0.07142857142857142,"paperless-ngx repository located at /app/src. Key modules: documents/ (main app with consumer.py, classifier.py, models.py, parsers.py, tasks.py, file_handling."
pilot30-shuffle1,task-6905333b74f22949d97ba9d8,paperless-ngx/paperless-ngx,1,4,51,0fcf1e26-eabd-4a0e-bf63-c03f7c8d658f,paperless-ngx/paperless-ngx,False,0.041176470588235294,Document document flow in paperless-ngx: (1) File placed in CONSUMPTION_DIR via inotify or watchdog PollingObserver; (2) document_consumer.management command wa
pilot30-shuffle1,task-6905333b74f22949d97ba9d8,paperless-ngx/paperless-ngx,1,5,49,79035c9e-f92c-4879-a2f9-42d15fe4aa95,,False,0.009259259259259259,"Duplicate detection: In consumer.py, pre_check_duplicate() reads the entire file into memory and computes MD5 checksum via hashlib.md5(f.read()).hexdigest(). Ch"
pilot30-shuffle1,task-6905333b74f22949d97ba9d8,paperless-ngx/paperless-ngx,2,1,58,00c0c0ed-17ad-4b7e-aeea-bfc40dc7d367,,False,0.0975609756097561,No confidence threshold in ML pipeline: The sklearn MLPClassifier is used with .predict() directly (no .predict_proba()). The classifiers return the argmax clas
pilot30-shuffle1,task-6905333b74f22949d97ba9d8,paperless-ngx/paperless-ngx,2,2,48,44ec1d23-adc4-4afc-8cb6-254db5f15493,paperless-ngx/paperless-ngx,False,0.05785123966942149,Classifier training behavior in tests: train_classifier() in tasks.py is NOT triggered automatically by Django signals (post_save or m2m_changed). It is schedul
pilot30-shuffle1,task-6905333b74f22949d97ba9d8,paperless-ngx/paperless-ngx,2,3,45,48a2b91e-861e-493c-9465-efa64eb2d0ad,paperless-ngx/paperless-ngx,False,0.04580152671755725,"Document metadata fields in paperless-ngx: REQUIRED (auto-generated at ingest): mime_type (python-magic), checksum (MD5 of original), storage_type (""unencrypted"
pilot30-shuffle1,task-6905333b74f22949d97ba9d8,paperless-ngx/paperless-ngx,2,4,42,4dca3740-2c12-43a9-965b-6ca6b390e9aa,paperless-ngx/paperless-ngx,False,0.06896551724137931,"Barcode splitting: In tasks.py consume_file(), when CONSUMER_ENABLE_BARCODES is True, it calls scan_file_for_separating_barcodes() which uses pyzbar to decode b"
pilot30-shuffle1,task-6905333b74f22949d97ba9d8,paperless-ngx/paperless-ngx,2,5,35,2bf64fd3-4a66-4602-9128-0ae7a1810277,paperless-ngx/paperless-ngx,False,0.07142857142857142,"paperless-ngx repository located at /app/src. Key modules: documents/ (main app with consumer.py, classifier.py, models.py, parsers.py, tasks.py, file_handling."
pilot30-shuffle1,task-6905333b74f22949d97ba9d8,paperless-ngx/paperless-ngx,2,6,33,0fcf1e26-eabd-4a0e-bf63-c03f7c8d658f,paperless-ngx/paperless-ngx,False,0.041176470588235294,Document document flow in paperless-ngx: (1) File placed in CONSUMPTION_DIR via inotify or watchdog PollingObserver; (2) document_consumer.management command wa
pilot30-shuffle1,task-6905333b74f22949d97ba9d8,paperless-ngx/paperless-ngx,2,7,38,475e2c95-af0c-4fd3-92a7-0bc6a3835bb3,simple-login/app,True,0.02459016393442623,"Contact table has UniqueConstraint(""alias_id"", ""website_email"") but NO unique constraint on reply_email. The reply_email column has a non-unique index (unique=F"
pilot30-shuffle1,task-6905333b74f22949d97ba9d8,paperless-ngx/paperless-ngx,2,8,41,1c7587f9-dc1d-413d-b2ee-54a417dbab76,paperless-ngx/paperless-ngx,False,0.024390243902439025,"Django-q Task model fields (from django_q.models.Task): id (UUID/char PK 32 chars), name (human-readable task label), func (e.g. ""documents.tasks.consume_file"")"
pilot30-shuffle1,task-6905333b74f22949d97ba9d8,paperless-ngx/paperless-ngx,2,9,33,8bbf2f49-3543-49f8-a97d-80efbd57f153,paperless-ngx/paperless-ngx,False,0.03816793893129771,"paperless-ngx documents list pagination bug: The ""haunted"" documents list (duplicates/disappearing docs across pages) is caused by unstable ordering. Document._"
pilot30-shuffle1,task-6905333b74f22949d97ba9d8,paperless-ngx/paperless-ngx,2,10,40,644d8c8a-00ae-4fb7-8b2f-37f845748b50,simple-login/app,True,0.017857142857142856,Mailbox verification code: MAX_ACTIVATION_TRIES=3 (mailbox_utils.py). verify_mailbox_code() in mailbox_utils.py tracks tries on MailboxActivation model. Each wr
pilot30-shuffle1,task-6905333b74f22949d97ba9d9,paperless-ngx/paperless-ngx,1,1,54,8bbf2f49-3543-49f8-a97d-80efbd57f153,paperless-ngx/paperless-ngx,False,0.05128205128205128,"paperless-ngx documents list pagination bug: The ""haunted"" documents list (duplicates/disappearing docs across pages) is caused by unstable ordering. Document._"
pilot30-shuffle1,task-6905333b74f22949d97ba9d9,paperless-ngx/paperless-ngx,1,2,68,0dd15685-e52f-4592-8198-06ca6455e00a,paperless-ngx/paperless-ngx,False,0.046511627906976744,"Paperless-NGX queueing framework and task structure:
- Uses django-q (not Celery) with Redis as broker (PAPERLESS_REDIS env var, default redis://localhost:6379)"
pilot30-shuffle1,task-6905333b74f22949d97ba9d9,paperless-ngx/paperless-ngx,1,3,61,0fcf1e26-eabd-4a0e-bf63-c03f7c8d658f,paperless-ngx/paperless-ngx,False,0.031446540880503145,Document document flow in paperless-ngx: (1) File placed in CONSUMPTION_DIR via inotify or watchdog PollingObserver; (2) document_consumer.management command wa
pilot30-shuffle1,task-6905333b74f22949d97ba9d9,paperless-ngx/paperless-ngx,1,4,59,6a5f5cda-155c-4132-8812-4db93644cf80,paperless-ngx/paperless-ngx,False,0.03225806451612903,"Paperless-ngx uses Django REST Framework TokenAuthentication. The HTTP header is exactly ""Authorization: Token &lt;key&gt;"" (keyword ""Token"" with a space). Toke"
pilot30-shuffle1,task-6905333b74f22949d97ba9d9,paperless-ngx/paperless-ngx,1,5,55,2bf64fd3-4a66-4602-9128-0ae7a1810277,paperless-ngx/paperless-ngx,False,0.033707865168539325,"paperless-ngx repository located at /app/src. Key modules: documents/ (main app with consumer.py, classifier.py, models.py, parsers.py, tasks.py, file_handling."
pilot30-shuffle1,task-6905333b74f22949d97ba9d9,paperless-ngx/paperless-ngx,2,1,51,8bbf2f49-3543-49f8-a97d-80efbd57f153,paperless-ngx/paperless-ngx,False,0.05128205128205128,"paperless-ngx documents list pagination bug: The ""haunted"" documents list (duplicates/disappearing docs across pages) is caused by unstable ordering. Document._"
pilot30-shuffle1,task-6905333b74f22949d97ba9d9,paperless-ngx/paperless-ngx,2,2,75,0dd15685-e52f-4592-8198-06ca6455e00a,paperless-ngx/paperless-ngx,False,0.046511627906976744,"Paperless-NGX queueing framework and task structure:
- Uses django-q (not Celery) with Redis as broker (PAPERLESS_REDIS env var, default redis://localhost:6379)"
pilot30-shuffle1,task-6905333b74f22949d97ba9d9,paperless-ngx/paperless-ngx,2,3,70,64097e8f-e33b-462d-a278-360d17ced36c,paperless-ngx/paperless-ngx,False,0.038461538461538464,"Async task triggers in paperless-ngx (3 sources): 1) document_consumer.py (line 86): file placed in CONSUMPTION_DIR, triggers async_task(""documents.tasks.consum"
pilot30-shuffle1,task-6905333b74f22949d97ba9d9,paperless-ngx/paperless-ngx,2,4,62,0fcf1e26-eabd-4a0e-bf63-c03f7c8d658f,paperless-ngx/paperless-ngx,False,0.031446540880503145,Document document flow in paperless-ngx: (1) File placed in CONSUMPTION_DIR via inotify or watchdog PollingObserver; (2) document_consumer.management command wa
pilot30-shuffle1,task-6905333b74f22949d97ba9d9,paperless-ngx/paperless-ngx,2,5,62,6a5f5cda-155c-4132-8812-4db93644cf80,paperless-ngx/paperless-ngx,False,0.03225806451612903,"Paperless-ngx uses Django REST Framework TokenAuthentication. The HTTP header is exactly ""Authorization: Token &lt;key&gt;"" (keyword ""Token"" with a space). Toke"
pilot30-shuffle1,task-6905333b74f22949d97ba9db,paperless-ngx/paperless-ngx,1,1,61,8bbf2f49-3543-49f8-a97d-80efbd57f153,paperless-ngx/paperless-ngx,False,0.027472527472527472,"paperless-ngx documents list pagination bug: The ""haunted"" documents list (duplicates/disappearing docs across pages) is caused by unstable ordering. Document._"
pilot30-shuffle1,task-6905333b74f22949d97ba9db,paperless-ngx/paperless-ngx,1,2,37,968c1af1-ac05-4a5a-a255-a23e181fa35e,simple-login/app,True,0.01948051948051948,"SimpleLogin is a Python Flask app with server.py as main Flask app, email_handler.py (aiosmtpd SMTP), wsgi.py. Uses Flask-Login for session management, Redis op"
pilot30-shuffle1,task-6905333b74f22949d97ba9db,paperless-ngx/paperless-ngx,1,3,60,2bf64fd3-4a66-4602-9128-0ae7a1810277,paperless-ngx/paperless-ngx,False,0.0064516129032258064,"paperless-ngx repository located at /app/src. Key modules: documents/ (main app with consumer.py, classifier.py, models.py, parsers.py, tasks.py, file_handling."
pilot30-shuffle1,task-6905333b74f22949d97ba9db,paperless-ngx/paperless-ngx,1,4,36,15a1dc28-cd89-4f7e-b3dd-c66d2323ec63,simple-login/app,True,0.011904761904761904,"When email handler receives email for @sl.local address without SLDomain populated (init_app.py not run), the forward flow in handle_forward() checks Alias.get_"
pilot30-shuffle1,task-6905333b74f22949d97ba9db,paperless-ngx/paperless-ngx,1,5,57,48a2b91e-861e-493c-9465-efa64eb2d0ad,paperless-ngx/paperless-ngx,False,0.03867403314917127,"Document metadata fields in paperless-ngx: REQUIRED (auto-generated at ingest): mime_type (python-magic), checksum (MD5 of original), storage_type (""unencrypted"
pilot30-shuffle1,task-6905333b74f22949d97ba9db,paperless-ngx/paperless-ngx,2,1,61,8bbf2f49-3543-49f8-a97d-80efbd57f153,paperless-ngx/paperless-ngx,False,0.027472527472527472,"paperless-ngx documents list pagination bug: The ""haunted"" documents list (duplicates/disappearing docs across pages) is caused by unstable ordering. Document._"
pilot30-shuffle1,task-6905333b74f22949d97ba9db,paperless-ngx/paperless-ngx,2,2,56,434477b7-5cbd-4e73-8c0e-31497ddd68f4,,False,0.07647058823529412,Tag-change file relocation mechanism: update_filename_and_move_files() is triggered by BOTH m2m_changed on Document.tags.through AND post_save on Document. When
pilot30-shuffle1,task-6905333b74f22949d97ba9db,paperless-ngx/paperless-ngx,2,3,57,2bf64fd3-4a66-4602-9128-0ae7a1810277,paperless-ngx/paperless-ngx,False,0.0064516129032258064,"paperless-ngx repository located at /app/src. Key modules: documents/ (main app with consumer.py, classifier.py, models.py, parsers.py, tasks.py, file_handling."
pilot30-shuffle1,task-6905333b74f22949d97ba9db,paperless-ngx/paperless-ngx,2,4,40,968c1af1-ac05-4a5a-a255-a23e181fa35e,simple-login/app,True,0.01948051948051948,"SimpleLogin is a Python Flask app with server.py as main Flask app, email_handler.py (aiosmtpd SMTP), wsgi.py. Uses Flask-Login for session management, Redis op"
pilot30-shuffle1,task-6905333b74f22949d97ba9db,paperless-ngx/paperless-ngx,2,5,55,64097e8f-e33b-462d-a278-360d17ced36c,paperless-ngx/paperless-ngx,False,0.023809523809523808,"Async task triggers in paperless-ngx (3 sources): 1) document_consumer.py (line 86): file placed in CONSUMPTION_DIR, triggers async_task(""documents.tasks.consum"
pilot30-shuffle1,task-6905333b74f22949d97ba9dc,paperless-ngx/paperless-ngx,1,1,58,8bbf2f49-3543-49f8-a97d-80efbd57f153,paperless-ngx/paperless-ngx,False,0.031007751937984496,"paperless-ngx documents list pagination bug: The ""haunted"" documents list (duplicates/disappearing docs across pages) is caused by unstable ordering. Document._"
pilot30-shuffle1,task-6905333b74f22949d97ba9dc,paperless-ngx/paperless-ngx,1,2,67,48a2b91e-861e-493c-9465-efa64eb2d0ad,paperless-ngx/paperless-ngx,False,0.046875,"Document metadata fields in paperless-ngx: REQUIRED (auto-generated at ingest): mime_type (python-magic), checksum (MD5 of original), storage_type (""unencrypted"
pilot30-shuffle1,task-6905333b74f22949d97ba9dc,paperless-ngx/paperless-ngx,1,3,70,407ce449-3092-4e7c-a01f-c96c28beaf88,paperless-ngx/paperless-ngx,False,0.0603448275862069,OCR behavior in paperless-ngx: RasterisedDocumentParser.parse() first extracts text from the original file (for PDFs only) using pdfminer. If original_has_text 
pilot30-shuffle1,task-6905333b74f22949d97ba9dc,paperless-ngx/paperless-ngx,1,4,66,0fcf1e26-eabd-4a0e-bf63-c03f7c8d658f,paperless-ngx/paperless-ngx,False,0.03571428571428571,Document document flow in paperless-ngx: (1) File placed in CONSUMPTION_DIR via inotify or watchdog PollingObserver; (2) document_consumer.management command wa
pilot30-shuffle1,task-6905333b74f22949d97ba9dc,paperless-ngx/paperless-ngx,1,5,56,64097e8f-e33b-462d-a278-360d17ced36c,paperless-ngx/paperless-ngx,False,0.03508771929824561,"Async task triggers in paperless-ngx (3 sources): 1) document_consumer.py (line 86): file placed in CONSUMPTION_DIR, triggers async_task(""documents.tasks.consum"
pilot30-shuffle1,task-6905333b74f22949d97ba9dd,paperless-ngx/paperless-ngx,1,1,54,8bbf2f49-3543-49f8-a97d-80efbd57f153,paperless-ngx/paperless-ngx,False,0.02040816326530612,"paperless-ngx documents list pagination bug: The ""haunted"" documents list (duplicates/disappearing docs across pages) is caused by unstable ordering. Document._"
pilot30-shuffle1,task-6905333b74f22949d97ba9dd,paperless-ngx/paperless-ngx,1,2,70,0fcf1e26-eabd-4a0e-bf63-c03f7c8d658f,paperless-ngx/paperless-ngx,False,0.03260869565217391,paperless-ngx document ingestion pipeline: 1) Files placed in CONSUMPTION_DIR (default /usr/src/paperless/consume) are detected via inotify or polling by docume
pilot30-shuffle1,task-6905333b74f22949d97ba9dd,paperless-ngx/paperless-ngx,1,3,70,2bf64fd3-4a66-4602-9128-0ae7a1810277,paperless-ngx/paperless-ngx,False,0.043859649122807015,"paperless-ngx repository located at /app/src. Key modules: documents/ (main app with consumer.py, classifier.py, models.py, parsers.py, tasks.py, file_handling."
pilot30-shuffle1,task-6905333b74f22949d97ba9dd,paperless-ngx/paperless-ngx,1,4,40,968c1af1-ac05-4a5a-a255-a23e181fa35e,simple-login/app,True,0.01694915254237288,"SimpleLogin is a Python Flask app with server.py as main Flask app, email_handler.py (aiosmtpd SMTP), wsgi.py. Uses Flask-Login for session management, Redis op"
pilot30-shuffle1,task-6905333b74f22949d97ba9dd,paperless-ngx/paperless-ngx,1,5,38,ccc0679b-1976-46e6-9de9-6e9fe28d809a,simple-login/app,True,0.023255813953488372,"SimpleLogin email forwarding flow:

1. handle() receives SMTP envelope and message, determines forward vs reply based on recipient
2. For forward: handle_forwar"
pilot30-shuffle1,task-6905333b74f22949d97ba9de,paperless-ngx/paperless-ngx,1,1,57,48a2b91e-861e-493c-9465-efa64eb2d0ad,paperless-ngx/paperless-ngx,False,0.03592814371257485,"Document metadata fields in paperless-ngx: REQUIRED (auto-generated at ingest): mime_type (python-magic), checksum (MD5 of original), storage_type (""unencrypted"
pilot30-shuffle1,task-6905333b74f22949d97ba9de,paperless-ngx/paperless-ngx,1,2,48,8bbf2f49-3543-49f8-a97d-80efbd57f153,paperless-ngx/paperless-ngx,False,0.04242424242424243,"paperless-ngx documents list pagination bug: The ""haunted"" documents list (duplicates/disappearing docs across pages) is caused by unstable ordering. Document._"
pilot30-shuffle1,task-6905333b74f22949d97ba9de,paperless-ngx/paperless-ngx,1,3,56,0fcf1e26-eabd-4a0e-bf63-c03f7c8d658f,paperless-ngx/paperless-ngx,False,0.028985507246376812,Document document flow in paperless-ngx: (1) File placed in CONSUMPTION_DIR via inotify or watchdog PollingObserver; (2) document_consumer.management command wa
pilot30-shuffle1,task-6905333b74f22949d97ba9de,paperless-ngx/paperless-ngx,1,4,53,64097e8f-e33b-462d-a278-360d17ced36c,paperless-ngx/paperless-ngx,False,0.026143790849673203,"Async task triggers in paperless-ngx (3 sources): 1) document_consumer.py (line 86): file placed in CONSUMPTION_DIR, triggers async_task(""documents.tasks.consum"
pilot30-shuffle1,task-6905333b74f22949d97ba9de,paperless-ngx/paperless-ngx,1,5,57,2bf64fd3-4a66-4602-9128-0ae7a1810277,paperless-ngx/paperless-ngx,False,0.021739130434782608,"paperless-ngx repository located at /app/src. Key modules: documents/ (main app with consumer.py, classifier.py, models.py, parsers.py, tasks.py, file_handling."
pilot30-shuffle1,task-6905333b74f22949d97ba9e0,paperless-ngx/paperless-ngx,1,1,51,0fcf1e26-eabd-4a0e-bf63-c03f7c8d658f,paperless-ngx/paperless-ngx,False,0.010752688172043012,paperless-ngx document ingestion pipeline: 1) Files placed in CONSUMPTION_DIR (default /usr/src/paperless/consume) are detected via inotify or polling by docume
pilot30-shuffle1,task-6905333b74f22949d97ba9e0,paperless-ngx/paperless-ngx,1,2,43,2bf64fd3-4a66-4602-9128-0ae7a1810277,paperless-ngx/paperless-ngx,False,0.017391304347826087,"paperless-ngx repository located at /app/src. Key modules: documents/ (main app with consumer.py, classifier.py, models.py, parsers.py, tasks.py, file_handling."
pilot30-shuffle1,task-6905333b74f22949d97ba9e0,paperless-ngx/paperless-ngx,1,3,43,475e2c95-af0c-4fd3-92a7-0bc6a3835bb3,simple-login/app,True,0.014814814814814815,"Contact table has UniqueConstraint(""alias_id"", ""website_email"") but NO unique constraint on reply_email. The reply_email column has a non-unique index (unique=F"
pilot30-shuffle1,task-6905333b74f22949d97ba9e0,paperless-ngx/paperless-ngx,1,4,40,968c1af1-ac05-4a5a-a255-a23e181fa35e,simple-login/app,True,0.0,"SimpleLogin is a Python Flask app with server.py as main Flask app, email_handler.py (aiosmtpd SMTP), wsgi.py. Uses Flask-Login for session management, Redis op"
pilot30-shuffle1,task-6905333b74f22949d97ba9e0,paperless-ngx/paperless-ngx,1,5,43,3e1ac61c-2c1e-4457-8ee7-93cfc84f28ad,simple-login/app,True,0.017391304347826087,"SimpleLogin migration analysis: 241 migration files, 77 unique tables created across all migrations. The most recent migration that creates a table is 2024_1016"
pilot30-shuffle1,task-6905333b74f22949d97ba9e0,paperless-ngx/paperless-ngx,2,1,76,8bbf2f49-3543-49f8-a97d-80efbd57f153,paperless-ngx/paperless-ngx,False,0.13846153846153847,"paperless-ngx documents list pagination bug: The ""haunted"" documents list (duplicates/disappearing docs across pages) is caused by unstable ordering. Document._"
pilot30-shuffle1,task-6905333b74f22949d97ba9e0,paperless-ngx/paperless-ngx,2,2,59,0fcf1e26-eabd-4a0e-bf63-c03f7c8d658f,paperless-ngx/paperless-ngx,False,0.010752688172043012,paperless-ngx document ingestion pipeline: 1) Files placed in CONSUMPTION_DIR (default /usr/src/paperless/consume) are detected via inotify or polling by docume
pilot30-shuffle1,task-6905333b74f22949d97ba9e0,paperless-ngx/paperless-ngx,2,3,55,2bf64fd3-4a66-4602-9128-0ae7a1810277,paperless-ngx/paperless-ngx,False,0.017391304347826087,"paperless-ngx repository located at /app/src. Key modules: documents/ (main app with consumer.py, classifier.py, models.py, parsers.py, tasks.py, file_handling."
pilot30-shuffle1,task-6905333b74f22949d97ba9e0,paperless-ngx/paperless-ngx,2,4,37,ccc0679b-1976-46e6-9de9-6e9fe28d809a,simple-login/app,True,0.017543859649122806,"SimpleLogin email forwarding flow:

1. handle() receives SMTP envelope and message, determines forward vs reply based on recipient
2. For forward: handle_forwar"
pilot30-shuffle1,task-6905333b74f22949d97ba9e0,paperless-ngx/paperless-ngx,2,5,37,3e1ac61c-2c1e-4457-8ee7-93cfc84f28ad,simple-login/app,True,0.017391304347826087,"SimpleLogin migration analysis: 241 migration files, 77 unique tables created across all migrations. The most recent migration that creates a table is 2024_1016"
pilot30-shuffle1,task-6905333b74f22949d97ba9e8,simple-login/app,1,1,66,ccc0679b-1976-46e6-9de9-6e9fe28d809a,simple-login/app,False,0.06422018348623854,"SimpleLogin email forwarding flow:

1. handle() receives SMTP envelope and message, determines forward vs reply based on recipient
2. For forward: handle_forwar"
pilot30-shuffle1,task-6905333b74f22949d97ba9e8,simple-login/app,1,2,58,968c1af1-ac05-4a5a-a255-a23e181fa35e,simple-login/app,False,0.023255813953488372,"SimpleLogin is a Python Flask app with server.py as main Flask app, email_handler.py (aiosmtpd SMTP), wsgi.py. Uses Flask-Login for session management, Redis op"
pilot30-shuffle1,task-6905333b74f22949d97ba9e8,simple-login/app,1,3,58,15a1dc28-cd89-4f7e-b3dd-c66d2323ec63,simple-login/app,False,0.038461538461538464,"When email handler receives email for @sl.local address without SLDomain populated (init_app.py not run), the forward flow in handle_forward() checks Alias.get_"
pilot30-shuffle1,task-6905333b74f22949d97ba9e8,simple-login/app,1,4,55,475e2c95-af0c-4fd3-92a7-0bc6a3835bb3,simple-login/app,False,0.03723404255319149,"Contact table has UniqueConstraint(""alias_id"", ""website_email"") but NO unique constraint on reply_email. The reply_email column has a non-unique index (unique=F"
pilot30-shuffle1,task-6905333b74f22949d97ba9e8,simple-login/app,1,5,64,d5c66f52-1951-4440-a0bc-08a7bb0e2e95,simple-login/app,False,0.02564102564102564,"SimpleLogin reply resolution mechanism: In the reply phase, when an email arrives with rcpt_to being a reverse-alias, handle_reply() resolves the contact via Co"
pilot30-shuffle1,task-6905333b74f22949d97baa1d,simple-login/app,1,1,44,ccc0679b-1976-46e6-9de9-6e9fe28d809a,simple-login/app,False,0.013333333333333334,"SimpleLogin email forwarding flow:

1. handle() receives SMTP envelope and message, determines forward vs reply based on recipient
2. For forward: handle_forwar"
pilot30-shuffle1,task-6905333b74f22949d97baa1d,simple-login/app,1,2,49,968c1af1-ac05-4a5a-a255-a23e181fa35e,simple-login/app,False,0.041666666666666664,"SimpleLogin repository at /app: Python Flask app with email forwarding. Key files: server.py (Flask app), email_handler.py (aiosmtpd SMTP server), event_listene"
pilot30-shuffle1,task-6905333b74f22949d97baa1d,simple-login/app,1,3,38,15a1dc28-cd89-4f7e-b3dd-c66d2323ec63,simple-login/app,False,0.009259259259259259,"When email handler receives email for @sl.local address without SLDomain populated (init_app.py not run), the forward flow in handle_forward() checks Alias.get_"
pilot30-shuffle1,task-6905333b74f22949d97baa1d,simple-login/app,1,4,54,d6cc7c0e-a240-484f-afd9-564d58a42e02,simple-login/app,False,0.03636363636363636,SimpleLogin startup order (from scratch): 1) PostgreSQL running with database created (no tables) 2) Run alembic migrations (alembic upgrade head) to create all
pilot30-shuffle1,task-6905333b74f22949d97baa1d,simple-login/app,1,5,53,d5c66f52-1951-4440-a0bc-08a7bb0e2e95,simple-login/app,False,0.01694915254237288,"SimpleLogin reply resolution mechanism: In the reply phase, when an email arrives with rcpt_to being a reverse-alias, handle_reply() resolves the contact via Co"
pilot30-shuffle1,task-6905333b74f22949d97baa1d,simple-login/app,2,1,55,968c1af1-ac05-4a5a-a255-a23e181fa35e,simple-login/app,False,0.09090909090909091,"SimpleLogin is a Python Flask app with server.py as main Flask app, email_handler.py (aiosmtpd SMTP), wsgi.py. Uses Flask-Login for session management, Redis op"
pilot30-shuffle1,task-6905333b74f22949d97baa1d,simple-login/app,2,2,39,ccc0679b-1976-46e6-9de9-6e9fe28d809a,simple-login/app,False,0.013333333333333334,"SimpleLogin email forwarding flow:

1. handle() receives SMTP envelope and message, determines forward vs reply based on recipient
2. For forward: handle_forwar"
pilot30-shuffle1,task-6905333b74f22949d97baa1d,simple-login/app,2,3,80,f4a39b8e-1528-46d0-8da8-6a1806f93a18,simple-login/app,False,0.12605042016806722,SimpleLogin session corruption behavior confirmed via runtime testing: RedisSessionStore.open_session() uses pickle.loads() with bare `except Exception: pass` —
pilot30-shuffle1,task-6905333b74f22949d97baa1d,simple-login/app,2,4,48,d6cc7c0e-a240-484f-afd9-564d58a42e02,simple-login/app,False,0.03636363636363636,SimpleLogin startup order (from scratch): 1) PostgreSQL running with database created (no tables) 2) Run alembic migrations (alembic upgrade head) to create all
pilot30-shuffle1,task-6905333b74f22949d97baa1d,simple-login/app,2,5,45,d5c66f52-1951-4440-a0bc-08a7bb0e2e95,simple-login/app,False,0.01694915254237288,"SimpleLogin reply resolution mechanism: In the reply phase, when an email arrives with rcpt_to being a reverse-alias, handle_reply() resolves the contact via Co"
pilot30-shuffle2,task-6905333b74f22949d97ba9a4,simple-login/app,1,1,50,1ac334ad-5ec1-4812-876a-b3a91c34990a,simple-login/app,False,0.03902439024390244,"Email handler startup confirmation:
- email_handler.py: Runs aiosmtpd.Controller on configurable port (default 20381). 
- Startup logs: ""Listen for port {port}"""
pilot30-shuffle2,task-6905333b74f22949d97ba9a4,simple-login/app,1,2,54,f90c913e-28b9-418f-b8b9-6a0f8b1699ca,simple-login/app,False,0.04895104895104895,"SimpleLogin services and their startup logs:
1. Web Server (server.py): Runs Flask on port 7777 via local_main(). Has a /health endpoint returning ""success"" wit"
pilot30-shuffle2,task-6905333b74f22949d97ba9a4,simple-login/app,1,3,55,23e5b439-5414-41a4-ad38-85d862af9955,simple-login/app,False,0.034482758620689655,"User registration flow in SimpleLogin:
- POST /auth/register: Form with email+password. Checks hCaptcha if enabled. Creates User with activated=False. Sends act"
pilot30-shuffle2,task-6905333b74f22949d97ba9a4,simple-login/app,1,4,53,d856bb4a-8ace-43ce-b34f-ab0e104a5b23,simple-login/app,False,0.020833333333333332,"SimpleLogin repo structure: app/ (main Flask app), email_handler.py (83KB SMTP/email processing), cron.py (scheduled tasks), job_runner.py (background job proce"
pilot30-shuffle2,task-6905333b74f22949d97ba9a4,simple-login/app,1,5,53,d66e85ec-97fe-4cf6-b9a2-a99f76f3a485,simple-login/app,False,0.05319148936170213,"SimpleLogin is an email privacy/alias service. Structure: app/ directory (main app), email_handler.py (83KB main email processing), cron.py (scheduled tasks), t"
pilot30-shuffle2,task-6905333b74f22949d97ba9a4,simple-login/app,2,1,52,1ac334ad-5ec1-4812-876a-b3a91c34990a,simple-login/app,False,0.03902439024390244,"Email handler startup confirmation:
- email_handler.py: Runs aiosmtpd.Controller on configurable port (default 20381). 
- Startup logs: ""Listen for port {port}"""
pilot30-shuffle2,task-6905333b74f22949d97ba9a4,simple-login/app,2,2,62,4e8b528e-c0ed-4167-91cf-cf7e979d37dc,simple-login/app,False,0.032520325203252036,"SimpleLogin startup in dev mode: python -m server (or direct `python server.py`) calls local_main() which: sets config.COLOR_LOG=True, creates Flask app via cre"
pilot30-shuffle2,task-6905333b74f22949d97ba9a4,simple-login/app,2,3,72,daf561f6-56b2-4e90-ab8f-a1d680ac79af,simple-login/app,False,0.06060606060606061,"SimpleLogin background processes: 1) job_runner.py: polls every 10s for ready/taken jobs, processes onboarding-1/2/3/4, batch-import, delete-account, delete-mai"
pilot30-shuffle2,task-6905333b74f22949d97ba9a4,simple-login/app,2,4,62,f90c913e-28b9-418f-b8b9-6a0f8b1699ca,simple-login/app,False,0.04895104895104895,"SimpleLogin services and their startup logs:
1. Web Server (server.py): Runs Flask on port 7777 via local_main(). Has a /health endpoint returning ""success"" wit"
pilot30-shuffle2,task-6905333b74f22949d97ba9a4,simple-login/app,2,5,57,d856bb4a-8ace-43ce-b34f-ab0e104a5b23,simple-login/app,False,0.020833333333333332,"SimpleLogin repo structure: app/ (main Flask app), email_handler.py (83KB SMTP/email processing), cron.py (scheduled tasks), job_runner.py (background job proce"
pilot30-shuffle2,task-6905333b74f22949d97ba9a5,simple-login/app,1,1,56,56390d4a-10c4-4703-ab4e-883aaa6a40b8,simple-login/app,False,0.10300429184549356,"Complete alias creation flow analysis for SimpleLogin:

1. ROUTES - Two ways to create aliases:
   a) Dashboard (POST to / or /custom_alias): Server-side render"
pilot30-shuffle2,task-6905333b74f22949d97ba9a5,simple-login/app,1,2,41,1ac334ad-5ec1-4812-876a-b3a91c34990a,simple-login/app,False,0.0625,"Email handler startup confirmation:
- email_handler.py: Runs aiosmtpd.Controller on configurable port (default 20381). 
- Startup logs: ""Listen for port {port}"""
pilot30-shuffle2,task-6905333b74f22949d97ba9a5,simple-login/app,1,3,45,b4ae1a83-d7e6-4888-a7bb-e4108baf9e47,simple-login/app,False,0.064,"Alias creation and email flow:
- Random alias: POST / (dashboard index) with form-name=create-random-email. Creates alias via Alias.create_new_random(), assigns"
pilot30-shuffle2,task-6905333b74f22949d97ba9a5,simple-login/app,1,4,47,48d6f0f7-c069-428e-93df-b4ac056ecaa7,simple-login/app,False,0.02912621359223301,"generate_reply_email() in email_utils.py: When user.include_sender_in_reverse_alias=False, generates 20-50 char random string at EMAIL_DOMAIN. When True, uses c"
pilot30-shuffle2,task-6905333b74f22949d97ba9a5,simple-login/app,1,5,45,9eeb53cb-cb87-4b1e-a500-600c801bb1e4,simple-login/app,False,0.031914893617021274,"Mailbox verification uses MAX_ACTIVATION_TRIES=3. verify_mailbox_code() checks: 1) mailbox exists and is unverified, 2) activation record exists with tries < MA"
pilot30-shuffle2,task-6905333b74f22949d97ba9a5,simple-login/app,2,1,46,1ac334ad-5ec1-4812-876a-b3a91c34990a,simple-login/app,False,0.0625,"Email handler startup confirmation:
- email_handler.py: Runs aiosmtpd.Controller on configurable port (default 20381). 
- Startup logs: ""Listen for port {port}"""
pilot30-shuffle2,task-6905333b74f22949d97ba9a5,simple-login/app,2,2,62,75c84205-57f7-45e9-a9e5-f9f293b7de55,simple-login/app,False,0.09433962264150944,Custom alias creation validation: signed suffix is verified by check_suffix_signature() in alias_suffix.py using itsdangerous TimestampSigner with max_age=600s.
pilot30-shuffle2,task-6905333b74f22949d97ba9a5,simple-login/app,2,3,48,56390d4a-10c4-4703-ab4e-883aaa6a40b8,simple-login/app,False,0.10300429184549356,"Complete alias creation flow analysis for SimpleLogin:

1. ROUTES - Two ways to create aliases:
   a) Dashboard (POST to / or /custom_alias): Server-side render"
pilot30-shuffle2,task-6905333b74f22949d97ba9a5,simple-login/app,2,4,47,f466d749-0fcc-4883-8af5-0fc00f44d0bc,simple-login/app,False,0.11016949152542373,"Rate limiting for custom alias creation: Flask-Limiter decorator @limiter.limit(ALIAS_LIMIT) where ALIAS_LIMIT = ""100/day;50/hour;5/minute"" from config. Flask-L"
pilot30-shuffle2,task-6905333b74f22949d97ba9a5,simple-login/app,2,5,45,9eeb53cb-cb87-4b1e-a500-600c801bb1e4,simple-login/app,False,0.031914893617021274,"Mailbox verification uses MAX_ACTIVATION_TRIES=3. verify_mailbox_code() checks: 1) mailbox exists and is unverified, 2) activation record exists with tries < MA"
pilot30-shuffle2,task-6905333b74f22949d97ba9a6,simple-login/app,1,1,50,f6979ff1-9214-455c-88a1-1fe4f3818b52,simple-login/app,False,,Critical finding: Contact.reply_email column is NOT unique in the database. It has only a non-unique index (created by migration 2021_071310_78403c7b8089). The 
pilot30-shuffle2,task-6905333b74f22949d97ba9a6,simple-login/app,1,2,60,d66e85ec-97fe-4cf6-b9a2-a99f76f3a485,simple-login/app,False,,"SimpleLogin is an email privacy/alias service. Structure: app/ directory (main app), email_handler.py (83KB main email processing), cron.py (scheduled tasks), t"
pilot30-shuffle2,task-6905333b74f22949d97ba9a6,simple-login/app,1,3,57,b4ae1a83-d7e6-4888-a7bb-e4108baf9e47,simple-login/app,False,,"Alias creation and email flow:
- Random alias: POST / (dashboard index) with form-name=create-random-email. Creates alias via Alias.create_new_random(), assigns"
pilot30-shuffle2,task-6905333b74f22949d97ba9a6,simple-login/app,1,4,55,a618e7c9-2c35-4c80-9cf8-dccc9ee183ab,simple-login/app,False,,"Email forwarding uses ""special@sl.co"" as Reply-To header to hide user's real mailbox email. The reverse-alias (reply_email) is generated by generate_reply_email"
pilot30-shuffle2,task-6905333b74f22949d97ba9a6,simple-login/app,1,5,49,1ac334ad-5ec1-4812-876a-b3a91c34990a,simple-login/app,False,,"Email handler startup confirmation:
- email_handler.py: Runs aiosmtpd.Controller on configurable port (default 20381). 
- Startup logs: ""Listen for port {port}"""
pilot30-shuffle2,task-6905333b74f22949d97ba9a7,simple-login/app,1,1,61,d66e85ec-97fe-4cf6-b9a2-a99f76f3a485,simple-login/app,False,0.04807692307692308,"This is a SimpleLogin codebase (email privacy/alias service). Main email processing is in email_handler.py (83KB). Codebase structure: app/ directory, email_han"
pilot30-shuffle2,task-6905333b74f22949d97ba9a9,simple-login/app,1,1,59,d66e85ec-97fe-4cf6-b9a2-a99f76f3a485,simple-login/app,False,0.053763440860215055,"This is a SimpleLogin codebase (email privacy/alias service). Main email processing is in email_handler.py (83KB). Codebase structure: app/ directory, email_han"
pilot30-shuffle2,task-6905333b74f22949d97ba9a9,simple-login/app,1,2,52,a0f25f88-0777-4de3-b45f-35b0e8303f87,simple-login/app,False,0.059322033898305086,"Bounce handling: When bounce arrives at VERP address, handle_bounce() dispatches to handle_bounce_forward_phase() or handle_bounce_reply_phase() based on email_"
pilot30-shuffle2,task-6905333b74f22949d97ba9a9,simple-login/app,1,3,51,a618e7c9-2c35-4c80-9cf8-dccc9ee183ab,simple-login/app,False,0.044642857142857144,"Email forwarding uses ""special@sl.co"" as Reply-To header to hide user's real mailbox email. The reverse-alias (reply_email) is generated by generate_reply_email"
pilot30-shuffle2,task-6905333b74f22949d97ba9a9,simple-login/app,1,4,45,54f9e39c-c2da-4e19-9524-f9449131b0cc,,False,0.017391304347826087,"VERP format for bounce/failure notifications: New signed format: ""sl.{b32_encoded_payload}.{b32_encoded_signature}@{domain}"" where payload is JSON [verp_type(in"
pilot30-shuffle2,task-6905333b74f22949d97ba9a9,simple-login/app,1,5,36,9eeb53cb-cb87-4b1e-a500-600c801bb1e4,simple-login/app,False,0.00980392156862745,"Mailbox verification uses MAX_ACTIVATION_TRIES=3. verify_mailbox_code() checks: 1) mailbox exists and is unverified, 2) activation record exists with tries < MA"
pilot30-shuffle2,task-6905333b74f22949d97ba9aa,simple-login/app,1,1,69,d66e85ec-97fe-4cf6-b9a2-a99f76f3a485,simple-login/app,False,0.07368421052631578,"SimpleLogin is an email privacy/alias service. Structure: app/ directory (main app), email_handler.py (83KB main email processing), cron.py (scheduled tasks), t"
pilot30-shuffle2,task-6905333b74f22949d97ba9aa,simple-login/app,1,2,68,d856bb4a-8ace-43ce-b34f-ab0e104a5b23,simple-login/app,False,0.06315789473684211,"SimpleLogin repo structure: app/ (main Flask app), email_handler.py (83KB SMTP/email processing), cron.py (scheduled tasks), job_runner.py (background job proce"
pilot30-shuffle2,task-6905333b74f22949d97ba9aa,simple-login/app,1,3,61,f90c913e-28b9-418f-b8b9-6a0f8b1699ca,simple-login/app,False,0.07865168539325842,"SimpleLogin development services: 1) Web server (server.py, local_main(), Flask on port 7777) 2) Email handler (email_handler.py, main(port), aiosmtpd Controlle"
pilot30-shuffle2,task-6905333b74f22949d97ba9aa,simple-login/app,1,4,58,cb642001-12f4-42fd-b15e-ec0438883f87,simple-login/app,False,0.029197080291970802,SimpleLogin session architecture: Custom RedisSessionStore (app/session.py) implements Flask SessionInterface. Stores session data as pickled dicts in Redis (ke
pilot30-shuffle2,task-6905333b74f22949d97ba9aa,simple-login/app,1,5,54,b66297b1-5127-424f-991d-5a6b4df0dde1,simple-login/app,False,0.04040404040404041,Reply phase routing in SimpleLogin: 1) Email arrives at reverse-alias (reply_email) as rcpt_to. 2) handle_reply() calls Contact.get_by(reply_email=reply_email) 
pilot30-shuffle2,task-6905333b74f22949d97ba9aa,simple-login/app,2,1,70,1ac334ad-5ec1-4812-876a-b3a91c34990a,simple-login/app,False,0.06403940886699508,"Email handler startup confirmation:
- email_handler.py: Runs aiosmtpd.Controller on configurable port (default 20381). 
- Startup logs: ""Listen for port {port}"""
pilot30-shuffle2,task-6905333b74f22949d97ba9aa,simple-login/app,2,2,71,f90c913e-28b9-418f-b8b9-6a0f8b1699ca,simple-login/app,False,0.09285714285714286,"SimpleLogin services and their startup logs:
1. Web Server (server.py): Runs Flask on port 7777 via local_main(). Has a /health endpoint returning ""success"" wit"
pilot30-shuffle2,task-6905333b74f22949d97ba9aa,simple-login/app,2,3,65,d66e85ec-97fe-4cf6-b9a2-a99f76f3a485,simple-login/app,False,0.07368421052631578,"SimpleLogin is an email privacy/alias service. Structure: app/ directory (main app), email_handler.py (83KB main email processing), cron.py (scheduled tasks), t"
pilot30-shuffle2,task-6905333b74f22949d97ba9aa,simple-login/app,2,4,64,d856bb4a-8ace-43ce-b34f-ab0e104a5b23,simple-login/app,False,0.06315789473684211,"SimpleLogin repo structure: app/ (main Flask app), email_handler.py (83KB SMTP/email processing), cron.py (scheduled tasks), job_runner.py (background job proce"
pilot30-shuffle2,task-6905333b74f22949d97ba9aa,simple-login/app,2,5,59,23e5b439-5414-41a4-ad38-85d862af9955,simple-login/app,False,0.06956521739130435,"User registration flow in SimpleLogin:
- POST /auth/register: Form with email+password. Checks hCaptcha if enabled. Creates User with activated=False. Sends act"
pilot30-shuffle2,task-6905333b74f22949d97ba9ab,simple-login/app,1,1,60,b66297b1-5127-424f-991d-5a6b4df0dde1,simple-login/app,False,0.06153846153846154,"SimpleLogin alias reply routing flow: When a user replies to an email forwarded through an alias, the system: 1) receives email at reverse-alias (Contact.get_by"
pilot30-shuffle2,task-6905333b74f22949d97ba9ab,simple-login/app,1,2,58,d66e85ec-97fe-4cf6-b9a2-a99f76f3a485,simple-login/app,False,0.03418803418803419,"This is a SimpleLogin codebase (email privacy/alias service). Main email processing is in email_handler.py (83KB). Codebase structure: app/ directory, email_han"
pilot30-shuffle2,task-6905333b74f22949d97ba9ab,simple-login/app,1,3,45,a0f25f88-0777-4de3-b45f-35b0e8303f87,simple-login/app,False,0.020689655172413793,"Bounce handling: When bounce arrives at VERP address, handle_bounce() dispatches to handle_bounce_forward_phase() or handle_bounce_reply_phase() based on email_"
pilot30-shuffle2,task-6905333b74f22949d97ba9ab,simple-login/app,1,4,34,b55f3b00-76a4-40ca-a90e-524e5548ca9c,simple-login/app,False,0.043795620437956206,"Job lifecycle: Job model has states ready(0), taken(1), done(2), error(3), with fields: taken(boolean), run_at(timestamp), attempts(integer). Jobs are created v"
pilot30-shuffle2,task-6905333b74f22949d97ba9ab,simple-login/app,1,5,44,a618e7c9-2c35-4c80-9cf8-dccc9ee183ab,simple-login/app,False,0.021897810218978103,"Email forwarding uses ""special@sl.co"" as Reply-To header to hide user's real mailbox email. The reverse-alias (reply_email) is generated by generate_reply_email"
pilot30-shuffle2,task-6905333b74f22949d97ba9ab,simple-login/app,2,1,59,56390d4a-10c4-4703-ab4e-883aaa6a40b8,simple-login/app,False,0.11284046692607004,"Complete alias creation flow analysis for SimpleLogin:

1. ROUTES - Two ways to create aliases:
   a) Dashboard (POST to / or /custom_alias): Server-side render"
pilot30-shuffle2,task-6905333b74f22949d97ba9ab,simple-login/app,2,2,51,b66297b1-5127-424f-991d-5a6b4df0dde1,simple-login/app,False,0.06153846153846154,"SimpleLogin alias reply routing flow: When a user replies to an email forwarded through an alias, the system: 1) receives email at reverse-alias (Contact.get_by"
pilot30-shuffle2,task-6905333b74f22949d97ba9ab,simple-login/app,2,3,51,d66e85ec-97fe-4cf6-b9a2-a99f76f3a485,simple-login/app,False,0.0625,"SimpleLogin is an email privacy/alias service. Structure: app/ directory (main app), email_handler.py (83KB main email processing), cron.py (scheduled tasks), t"
pilot30-shuffle2,task-6905333b74f22949d97ba9ab,simple-login/app,2,4,50,a0f25f88-0777-4de3-b45f-35b0e8303f87,simple-login/app,False,0.020689655172413793,"Bounce handling: When bounce arrives at VERP address, handle_bounce() dispatches to handle_bounce_forward_phase() or handle_bounce_reply_phase() based on email_"
pilot30-shuffle2,task-6905333b74f22949d97ba9ab,simple-login/app,2,5,45,b55f3b00-76a4-40ca-a90e-524e5548ca9c,simple-login/app,False,0.043795620437956206,"Job lifecycle: Job model has states ready(0), taken(1), done(2), error(3), with fields: taken(boolean), run_at(timestamp), attempts(integer). Jobs are created v"
pilot30-shuffle2,task-6905333b74f22949d97ba9ac,simple-login/app,2,1,49,d66e85ec-97fe-4cf6-b9a2-a99f76f3a485,simple-login/app,False,0.058823529411764705,"This is a SimpleLogin codebase (email privacy/alias service). Main email processing is in email_handler.py (83KB). Codebase structure: app/ directory, email_han"
pilot30-shuffle2,task-6905333b74f22949d97ba9ad,simple-login/app,1,1,67,d66e85ec-97fe-4cf6-b9a2-a99f76f3a485,simple-login/app,False,0.06363636363636363,"SimpleLogin is an email privacy/alias service. Structure: app/ directory (main app), email_handler.py (83KB main email processing), cron.py (scheduled tasks), t"
pilot30-shuffle2,task-6905333b74f22949d97ba9ad,simple-login/app,1,2,61,23e5b439-5414-41a4-ad38-85d862af9955,simple-login/app,False,0.09523809523809523,"User registration flow in SimpleLogin:
- POST /auth/register: Form with email+password. Checks hCaptcha if enabled. Creates User with activated=False. Sends act"
pilot30-shuffle2,task-6905333b74f22949d97ba9ad,simple-login/app,1,3,61,d856bb4a-8ace-43ce-b34f-ab0e104a5b23,simple-login/app,False,0.03571428571428571,"SimpleLogin repo structure: app/ (main Flask app), email_handler.py (83KB SMTP/email processing), cron.py (scheduled tasks), job_runner.py (background job proce"
pilot30-shuffle2,task-6905333b74f22949d97ba9ad,simple-login/app,1,4,58,7ae183ff-c8f2-4039-b865-5c0e6ec37252,simple-login/app,False,0.0364963503649635,SimpleLogin authentication flow: 1) User enters login page at /auth/login POST. 2) Checks email+password against User model (bcrypt). 3) If valid: calls after_l
pilot30-shuffle2,task-6905333b74f22949d97ba9ad,simple-login/app,1,5,59,b66297b1-5127-424f-991d-5a6b4df0dde1,simple-login/app,False,0.04424778761061947,Reply phase routing in SimpleLogin: 1) Email arrives at reverse-alias (reply_email) as rcpt_to. 2) handle_reply() calls Contact.get_by(reply_email=reply_email) 
pilot30-shuffle2,task-6905333b74f22949d97ba9ae,simple-login/app,1,1,76,b66297b1-5127-424f-991d-5a6b4df0dde1,simple-login/app,False,0.07692307692307693,"SimpleLogin alias reply routing flow: When a user replies to an email forwarded through an alias, the system: 1) receives email at reverse-alias (Contact.get_by"
pilot30-shuffle2,task-6905333b74f22949d97ba9ae,simple-login/app,1,2,62,a618e7c9-2c35-4c80-9cf8-dccc9ee183ab,simple-login/app,False,0.06666666666666667,"Email forwarding uses ""special@sl.co"" as Reply-To header to hide user's real mailbox email. The reverse-alias (reply_email) is generated by generate_reply_email"
pilot30-shuffle2,task-6905333b74f22949d97ba9ae,simple-login/app,1,3,66,56390d4a-10c4-4703-ab4e-883aaa6a40b8,simple-login/app,False,0.04182509505703422,"Complete alias creation flow analysis for SimpleLogin:

1. ROUTES - Two ways to create aliases:
   a) Dashboard (POST to / or /custom_alias): Server-side render"
pilot30-shuffle2,task-6905333b74f22949d97ba9ae,simple-login/app,1,4,60,a0f25f88-0777-4de3-b45f-35b0e8303f87,simple-login/app,False,0.0625,"Bounce handling: When bounce arrives at VERP address, handle_bounce() dispatches to handle_bounce_forward_phase() or handle_bounce_reply_phase() based on email_"
pilot30-shuffle2,task-6905333b74f22949d97ba9ae,simple-login/app,1,5,60,d66e85ec-97fe-4cf6-b9a2-a99f76f3a485,simple-login/app,False,0.04201680672268908,"SimpleLogin is an email privacy/alias service. Structure: app/ directory (main app), email_handler.py (83KB main email processing), cron.py (scheduled tasks), t"
pilot30-shuffle2,task-6905333b74f22949d97ba9af,simple-login/app,1,1,43,d66e85ec-97fe-4cf6-b9a2-a99f76f3a485,simple-login/app,False,0.06015037593984962,"SimpleLogin is an email privacy/alias service. Structure: app/ directory (main app), email_handler.py (83KB main email processing), cron.py (scheduled tasks), t"
pilot30-shuffle2,task-6905333b74f22949d97ba9af,simple-login/app,1,2,38,56390d4a-10c4-4703-ab4e-883aaa6a40b8,simple-login/app,False,0.039285714285714285,"Complete alias creation flow analysis for SimpleLogin:

1. ROUTES - Two ways to create aliases:
   a) Dashboard (POST to / or /custom_alias): Server-side render"
pilot30-shuffle2,task-6905333b74f22949d97ba9af,simple-login/app,1,3,36,b55f3b00-76a4-40ca-a90e-524e5548ca9c,simple-login/app,False,0.020689655172413793,"Job lifecycle: Job model has states ready(0), taken(1), done(2), error(3), with fields: taken(boolean), run_at(timestamp), attempts(integer). Jobs are created v"
pilot30-shuffle2,task-6905333b74f22949d97ba9af,simple-login/app,1,4,42,cb642001-12f4-42fd-b15e-ec0438883f87,simple-login/app,False,0.02857142857142857,SimpleLogin session architecture: Custom RedisSessionStore (app/session.py) implements Flask SessionInterface. Stores session data as pickled dicts in Redis (ke
pilot30-shuffle2,task-6905333b74f22949d97ba9af,simple-login/app,1,5,41,54f9e39c-c2da-4e19-9524-f9449131b0cc,,False,0.013986013986013986,"VERP format for bounce/failure notifications: New signed format: ""sl.{b32_encoded_payload}.{b32_encoded_signature}@{domain}"" where payload is JSON [verp_type(in"
pilot30-shuffle2,task-6905333b74f22949d97ba9af,simple-login/app,2,1,64,f90c913e-28b9-418f-b8b9-6a0f8b1699ca,simple-login/app,False,0.07142857142857142,"SimpleLogin development services: 1) Web server (server.py, local_main(), Flask on port 7777) 2) Email handler (email_handler.py, main(port), aiosmtpd Controlle"
pilot30-shuffle2,task-6905333b74f22949d97ba9af,simple-login/app,2,2,60,d856bb4a-8ace-43ce-b34f-ab0e104a5b23,simple-login/app,False,0.06870229007633588,"SimpleLogin repo structure: app/ (main Flask app), email_handler.py (83KB SMTP/email processing), cron.py (scheduled tasks), job_runner.py (background job proce"
pilot30-shuffle2,task-6905333b74f22949d97ba9af,simple-login/app,2,3,60,d66e85ec-97fe-4cf6-b9a2-a99f76f3a485,simple-login/app,False,0.06015037593984962,"SimpleLogin is an email privacy/alias service. Structure: app/ directory (main app), email_handler.py (83KB main email processing), cron.py (scheduled tasks), t"
pilot30-shuffle2,task-6905333b74f22949d97ba9af,simple-login/app,2,4,54,a618e7c9-2c35-4c80-9cf8-dccc9ee183ab,simple-login/app,False,0.02112676056338028,"Email forwarding uses ""special@sl.co"" as Reply-To header to hide user's real mailbox email. The reverse-alias (reply_email) is generated by generate_reply_email"
pilot30-shuffle2,task-6905333b74f22949d97ba9af,simple-login/app,2,5,53,b66297b1-5127-424f-991d-5a6b4df0dde1,simple-login/app,False,0.014184397163120567,"SimpleLogin alias reply routing flow: When a user replies to an email forwarded through an alias, the system: 1) receives email at reverse-alias (Contact.get_by"
pilot30-shuffle2,task-6905333b74f22949d97ba9d0,paperless-ngx/paperless-ngx,1,1,61,1ab95de9-8f67-4439-b57e-dedbdcf34e67,paperless-ngx/paperless-ngx,False,0.061224489795918366,"Paperless-NGX repository structure: main source code is under /app/src/documents/. Key files: documents/index.py (search index management), documents/tasks.py ("
pilot30-shuffle2,task-6905333b74f22949d97ba9d0,paperless-ngx/paperless-ngx,1,2,62,bcd9b98e-7e7c-4b2f-9db6-396ca7f5a276,paperless-ngx/paperless-ngx,False,0.052980132450331126,Paperless-ngx async architecture summary: Three supervisor-managed processes handle async work. 1) consumer (document_consumer management command) watches CONSU
pilot30-shuffle2,task-6905333b74f22949d97ba9d0,paperless-ngx/paperless-ngx,1,3,60,f9915262-8ef4-4348-a679-f108d15a9d3b,paperless-ngx/paperless-ngx,False,0.06060606060606061,"Paperless-NGX idle logging: When idle with no documents, the system produces minimal log activity. The consumer process stays alive in its main loop (observer.j"
pilot30-shuffle2,task-6905333b74f22949d97ba9d0,paperless-ngx/paperless-ngx,1,4,62,834b6547-ba37-4efa-9387-2ec2486f85d4,paperless-ngx/paperless-ngx,False,0.056910569105691054,Paperless-NGX v1.7.0 (commit 542221a38) runtime behavior when idle: The system runs 3 supervisor processes under /etc/supervisord.conf: 1) gunicorn (webserver) 
pilot30-shuffle2,task-6905333b74f22949d97ba9d0,paperless-ngx/paperless-ngx,1,5,59,0d62809a-72bf-4ea8-b9d4-f2ab61a7543c,paperless-ngx/paperless-ngx,False,0.06666666666666667,"Paperless-NGX index sync: The `add_to_index` signal handler is connected ONLY to `document_consumption_finished` signal (apps.py), NOT to Document `post_save`. "
pilot30-shuffle2,task-6905333b74f22949d97ba9d1,paperless-ngx/paperless-ngx,1,1,41,f6979ff1-9214-455c-88a1-1fe4f3818b52,simple-login/app,True,0.033112582781456956,Critical finding: Contact.reply_email column is NOT unique in the database. It has only a non-unique index (created by migration 2021_071310_78403c7b8089). The 
pilot30-shuffle2,task-6905333b74f22949d97ba9d1,paperless-ngx/paperless-ngx,1,2,67,74cf8035-651b-4c03-ba76-9b944ac015b0,paperless-ngx/paperless-ngx,False,0.060240963855421686,"Paperless-NGX Document model fields: title (varchar 128, indexed), content (text, for search), correspondent (FK to Correspondent, nullable), document_type (FK "
pilot30-shuffle2,task-6905333b74f22949d97ba9d1,paperless-ngx/paperless-ngx,1,3,57,8b7dcb83-5e58-462b-bc79-e5bad1d176ea,paperless-ngx/paperless-ngx,False,0.05752212389380531,Paperless-NGX document ingestion workflow: 1) File drops into CONSUMPTION_DIR (default /usr/src/paperless/consume). 2) document_consumer management command watc
pilot30-shuffle2,task-6905333b74f22949d97ba9d1,paperless-ngx/paperless-ngx,1,4,55,4a5703a2-7973-4ff0-bff5-ecfa55341e28,paperless-ngx/paperless-ngx,False,0.031413612565445025,"Django Q task queuing in Paperless-NGX: Uses django-q v1.3.9 with Redis as broker. Q_CLUSTER config in settings.py: name=""paperless"", workers from TASK_WORKERS "
pilot30-shuffle2,task-6905333b74f22949d97ba9d1,paperless-ngx/paperless-ngx,1,5,44,a6673ba5-ec32-4478-a849-f100b1e3c2a6,,False,0.04411764705882353,"Archive vs no-archive: When OCR produces archive PDF, parser.archive_path is set (non-None) and document gets an archive_checksum. When OCR is skipped (OCR_MODE"
pilot30-shuffle2,task-6905333b74f22949d97ba9d1,paperless-ngx/paperless-ngx,2,1,79,0d62809a-72bf-4ea8-b9d4-f2ab61a7543c,paperless-ngx/paperless-ngx,False,0.0759493670886076,"Paperless-NGX index sync: The `add_to_index` signal handler is connected ONLY to `document_consumption_finished` signal (apps.py), NOT to Document `post_save`. "
pilot30-shuffle2,task-6905333b74f22949d97ba9d1,paperless-ngx/paperless-ngx,2,2,65,1ab95de9-8f67-4439-b57e-dedbdcf34e67,paperless-ngx/paperless-ngx,False,0.057971014492753624,"Paperless-NGX repository structure: main source code is under /app/src/documents/. Key files: documents/index.py (search index management), documents/tasks.py ("
pilot30-shuffle2,task-6905333b74f22949d97ba9d1,paperless-ngx/paperless-ngx,2,3,65,74cf8035-651b-4c03-ba76-9b944ac015b0,paperless-ngx/paperless-ngx,False,0.060240963855421686,"Paperless-NGX Document model fields: title (varchar 128, indexed), content (text, for search), correspondent (FK to Correspondent, nullable), document_type (FK "
pilot30-shuffle2,task-6905333b74f22949d97ba9d1,paperless-ngx/paperless-ngx,2,4,57,8b7dcb83-5e58-462b-bc79-e5bad1d176ea,paperless-ngx/paperless-ngx,False,0.05752212389380531,Paperless-NGX document ingestion workflow: 1) File drops into CONSUMPTION_DIR (default /usr/src/paperless/consume). 2) document_consumer management command watc
pilot30-shuffle2,task-6905333b74f22949d97ba9d1,paperless-ngx/paperless-ngx,2,5,53,4a5703a2-7973-4ff0-bff5-ecfa55341e28,paperless-ngx/paperless-ngx,False,0.031413612565445025,"Django Q task queuing in Paperless-NGX: Uses django-q v1.3.9 with Redis as broker. Q_CLUSTER config in settings.py: name=""paperless"", workers from TASK_WORKERS "
pilot30-shuffle2,task-6905333b74f22949d97ba9d2,paperless-ngx/paperless-ngx,1,1,65,8b7dcb83-5e58-462b-bc79-e5bad1d176ea,paperless-ngx/paperless-ngx,False,0.02824858757062147,Paperless-NGX document ingestion workflow: 1) File drops into CONSUMPTION_DIR (default /usr/src/paperless/consume). 2) document_consumer management command watc
pilot30-shuffle2,task-6905333b74f22949d97ba9d2,paperless-ngx/paperless-ngx,1,2,68,1ab95de9-8f67-4439-b57e-dedbdcf34e67,paperless-ngx/paperless-ngx,False,0.047058823529411764,"Paperless-NGX repository structure: main source code is under /app/src/documents/. Key files: documents/index.py (search index management), documents/tasks.py ("
pilot30-shuffle2,task-6905333b74f22949d97ba9d2,paperless-ngx/paperless-ngx,1,3,68,74cf8035-651b-4c03-ba76-9b944ac015b0,paperless-ngx/paperless-ngx,False,0.043859649122807015,"Paperless-NGX Document model fields: title (varchar 128, indexed), content (text, for search), correspondent (FK to Correspondent, nullable), document_type (FK "
pilot30-shuffle2,task-6905333b74f22949d97ba9d2,paperless-ngx/paperless-ngx,1,4,60,0d62809a-72bf-4ea8-b9d4-f2ab61a7543c,paperless-ngx/paperless-ngx,False,0.03669724770642202,"Paperless-NGX index sync: The `add_to_index` signal handler is connected ONLY to `document_consumption_finished` signal (apps.py), NOT to Document `post_save`. "
pilot30-shuffle2,task-6905333b74f22949d97ba9d2,paperless-ngx/paperless-ngx,1,5,60,4a5703a2-7973-4ff0-bff5-ecfa55341e28,paperless-ngx/paperless-ngx,False,0.029411764705882353,"Django Q task queuing in Paperless-NGX: Uses django-q v1.3.9 with Redis as broker. Q_CLUSTER config in settings.py: name=""paperless"", workers from TASK_WORKERS "
pilot30-shuffle2,task-6905333b74f22949d97ba9d3,paperless-ngx/paperless-ngx,1,1,70,8d3e1052-0796-42cb-a316-0376f901a1b9,paperless-ngx/paperless-ngx,False,0.07142857142857142,"Paperless-NGX repository: /app/src/documents/ is the main codebase. Key files: views.py (709 lines, API views), models.py (Document model), serialisers.py (seri"
pilot30-shuffle2,task-6905333b74f22949d97ba9d3,paperless-ngx/paperless-ngx,1,2,63,129146a4-bf25-43e8-8c2f-77823464f7f3,paperless-ngx/paperless-ngx,False,0.06415094339622641,"CONFIDENTIAL FINDINGS - Paperless-NGX ML pipeline debugging analysis (Sep 14, 2026):

1. CLASSIFIER TRAINING & REUSE:
- classifier.py loads model from settings."
pilot30-shuffle2,task-6905333b74f22949d97ba9d3,paperless-ngx/paperless-ngx,1,3,70,8c6d7a2c-efc9-42f2-9747-9775e6303c1f,paperless-ngx/paperless-ngx,False,0.040268456375838924,Paperless-NGX document ingestion pipeline traced end-to-end: detection via inotify/polling -> stability wait (os.stat mtime+size) -> Django-Q async_task enqueue
pilot30-shuffle2,task-6905333b74f22949d97ba9d3,paperless-ngx/paperless-ngx,1,4,66,8b7dcb83-5e58-462b-bc79-e5bad1d176ea,paperless-ngx/paperless-ngx,False,0.04487179487179487,"Paperless-NGX document lifecycle summary: A document enters via CONSUMPTION_DIR (default /usr/src/paperless/consume), watched by document_consumer management co"
pilot30-shuffle2,task-6905333b74f22949d97ba9d3,paperless-ngx/paperless-ngx,1,5,67,1ab95de9-8f67-4439-b57e-dedbdcf34e67,paperless-ngx/paperless-ngx,False,0.07142857142857142,"Paperless-NGX repository structure: main source code is under /app/src/documents/. Key files: documents/index.py (search index management), documents/tasks.py ("
pilot30-shuffle2,task-6905333b74f22949d97ba9d4,paperless-ngx/paperless-ngx,1,1,65,1ab95de9-8f67-4439-b57e-dedbdcf34e67,paperless-ngx/paperless-ngx,False,0.08433734939759036,"Paperless-NGX repository structure: main source code is under /app/src/documents/. Key files: documents/index.py (search index management), documents/tasks.py ("
pilot30-shuffle2,task-6905333b74f22949d97ba9d4,paperless-ngx/paperless-ngx,1,2,63,8d3e1052-0796-42cb-a316-0376f901a1b9,paperless-ngx/paperless-ngx,False,0.046511627906976744,"Paperless-NGX repository: /app/src/documents/ is the main codebase. Key files: views.py (709 lines, API views), models.py (Document model), serialisers.py (seri"
pilot30-shuffle2,task-6905333b74f22949d97ba9d4,paperless-ngx/paperless-ngx,1,3,63,8b7dcb83-5e58-462b-bc79-e5bad1d176ea,paperless-ngx/paperless-ngx,False,0.04225352112676056,"Paperless-NGX document lifecycle summary: A document enters via CONSUMPTION_DIR (default /usr/src/paperless/consume), watched by document_consumer management co"
pilot30-shuffle2,task-6905333b74f22949d97ba9d4,paperless-ngx/paperless-ngx,1,4,69,bcd9b98e-7e7c-4b2f-9db6-396ca7f5a276,paperless-ngx/paperless-ngx,False,0.03571428571428571,Paperless-ngx async architecture summary: Three supervisor-managed processes handle async work. 1) consumer (document_consumer management command) watches CONSU
pilot30-shuffle2,task-6905333b74f22949d97ba9d4,paperless-ngx/paperless-ngx,1,5,62,4a5703a2-7973-4ff0-bff5-ecfa55341e28,paperless-ngx/paperless-ngx,False,0.029197080291970802,"Django Q task queuing in Paperless-NGX: Uses django-q v1.3.9 with Redis as broker. Q_CLUSTER config in settings.py: name=""paperless"", workers from TASK_WORKERS "
pilot30-shuffle2,task-6905333b74f22949d97ba9d5,paperless-ngx/paperless-ngx,1,1,65,8d3e1052-0796-42cb-a316-0376f901a1b9,paperless-ngx/paperless-ngx,False,0.05,"Paperless-NGX repository: /app/src/documents/ is the main codebase. Key files: views.py (709 lines, API views), models.py (Document model), serialisers.py (seri"
pilot30-shuffle2,task-6905333b74f22949d97ba9d5,paperless-ngx/paperless-ngx,1,2,61,129146a4-bf25-43e8-8c2f-77823464f7f3,paperless-ngx/paperless-ngx,False,0.044444444444444446,"CONFIDENTIAL FINDINGS - Paperless-NGX ML pipeline debugging analysis (Sep 14, 2026):

1. CLASSIFIER TRAINING & REUSE:
- classifier.py loads model from settings."
pilot30-shuffle2,task-6905333b74f22949d97ba9d5,paperless-ngx/paperless-ngx,1,3,67,8b7dcb83-5e58-462b-bc79-e5bad1d176ea,paperless-ngx/paperless-ngx,False,0.03164556962025317,"Paperless-NGX document lifecycle summary: A document enters via CONSUMPTION_DIR (default /usr/src/paperless/consume), watched by document_consumer management co"
pilot30-shuffle2,task-6905333b74f22949d97ba9d5,paperless-ngx/paperless-ngx,1,4,64,1ab95de9-8f67-4439-b57e-dedbdcf34e67,paperless-ngx/paperless-ngx,False,0.039603960396039604,"Paperless-NGX repository structure: main source code is under /app/src/documents/. Key files: documents/index.py (search index management), documents/tasks.py ("
pilot30-shuffle2,task-6905333b74f22949d97ba9d5,paperless-ngx/paperless-ngx,1,5,63,4c51a934-02d2-4fe3-a318-7efd79616fd8,paperless-ngx/paperless-ngx,False,0.039473684210526314,"Paperless-NGX classification/organization: Correspondents, DocumentTypes, and Tags all inherit from MatchingModel (name, match pattern, matching_algorithm, is_i"
pilot30-shuffle2,task-6905333b74f22949d97ba9d6,paperless-ngx/paperless-ngx,1,1,59,8b7dcb83-5e58-462b-bc79-e5bad1d176ea,paperless-ngx/paperless-ngx,False,0.020833333333333332,Paperless-NGX document ingestion workflow: 1) File drops into CONSUMPTION_DIR (default /usr/src/paperless/consume). 2) document_consumer management command watc
pilot30-shuffle2,task-6905333b74f22949d97ba9d6,paperless-ngx/paperless-ngx,1,2,58,74cf8035-651b-4c03-ba76-9b944ac015b0,paperless-ngx/paperless-ngx,False,0.047244094488188976,"Paperless-NGX Document model fields: title (varchar 128, indexed), content (text, for search), correspondent (FK to Correspondent, nullable), document_type (FK "
pilot30-shuffle2,task-6905333b74f22949d97ba9d6,paperless-ngx/paperless-ngx,1,3,54,4a5703a2-7973-4ff0-bff5-ecfa55341e28,paperless-ngx/paperless-ngx,False,0.019867549668874173,"Django Q task queuing in Paperless-NGX: Uses django-q v1.3.9 with Redis as broker. Q_CLUSTER config in settings.py: name=""paperless"", workers from TASK_WORKERS "
pilot30-shuffle2,task-6905333b74f22949d97ba9d6,paperless-ngx/paperless-ngx,1,4,36,d856bb4a-8ace-43ce-b34f-ab0e104a5b23,simple-login/app,True,0.018867924528301886,"SimpleLogin repo structure: app/ (main Flask app), email_handler.py (83KB SMTP/email processing), cron.py (scheduled tasks), job_runner.py (background job proce"
pilot30-shuffle2,task-6905333b74f22949d97ba9d6,paperless-ngx/paperless-ngx,1,5,36,d66e85ec-97fe-4cf6-b9a2-a99f76f3a485,simple-login/app,True,0.02830188679245283,"SimpleLogin is an email privacy/alias service. Structure: app/ directory (main app), email_handler.py (83KB main email processing), cron.py (scheduled tasks), t"
pilot30-shuffle2,task-6905333b74f22949d97ba9d7,paperless-ngx/paperless-ngx,1,1,51,7ae183ff-c8f2-4039-b865-5c0e6ec37252,simple-login/app,True,0.056,SimpleLogin authentication flow: 1) User enters login page at /auth/login POST. 2) Checks email+password against User model (bcrypt). 3) If valid: calls after_l
pilot30-shuffle2,task-6905333b74f22949d97ba9d7,paperless-ngx/paperless-ngx,1,2,50,1ab95de9-8f67-4439-b57e-dedbdcf34e67,paperless-ngx/paperless-ngx,False,0.052083333333333336,"Paperless-NGX repository structure: main source code is under /app/src/documents/. Key files: documents/index.py (search index management), documents/tasks.py ("
pilot30-shuffle2,task-6905333b74f22949d97ba9d7,paperless-ngx/paperless-ngx,1,3,49,56390d4a-10c4-4703-ab4e-883aaa6a40b8,simple-login/app,True,0.07083333333333333,"Complete alias creation flow analysis for SimpleLogin:

1. ROUTES - Two ways to create aliases:
   a) Dashboard (POST to / or /custom_alias): Server-side render"
pilot30-shuffle2,task-6905333b74f22949d97ba9d7,paperless-ngx/paperless-ngx,1,4,49,0d62809a-72bf-4ea8-b9d4-f2ab61a7543c,paperless-ngx/paperless-ngx,False,0.02459016393442623,"Paperless-NGX index sync: The `add_to_index` signal handler is connected ONLY to `document_consumption_finished` signal (apps.py), NOT to Document `post_save`. "
pilot30-shuffle2,task-6905333b74f22949d97ba9d7,paperless-ngx/paperless-ngx,1,5,49,bcd9b98e-7e7c-4b2f-9db6-396ca7f5a276,paperless-ngx/paperless-ngx,False,0.04697986577181208,Paperless-ngx async architecture summary: Three supervisor-managed processes handle async work. 1) consumer (document_consumer management command) watches CONSU
pilot30-shuffle2,task-6905333b74f22949d97ba9d8,paperless-ngx/paperless-ngx,1,1,57,4c51a934-02d2-4fe3-a318-7efd79616fd8,paperless-ngx/paperless-ngx,False,0.059602649006622516,"Paperless-NGX classification/organization: Correspondents, DocumentTypes, and Tags all inherit from MatchingModel (name, match pattern, matching_algorithm, is_i"
pilot30-shuffle2,task-6905333b74f22949d97ba9d8,paperless-ngx/paperless-ngx,1,2,56,c12172ee-f436-41a7-96b4-c23c4b55bf43,,False,0.017543859649122806,"OCR pipeline signals: Consumer._send_progress() sends WebSocket status updates via Django Channels ""status_updates"" group. Status flow: STARTING (0/100, ""new_fi"
pilot30-shuffle2,task-6905333b74f22949d97ba9d8,paperless-ngx/paperless-ngx,1,3,57,dde60bd1-9d5e-4ba3-8843-ce5edc925c81,,False,0.03305785123966942,"OCR modes and skip logic: OCR_MODE default=""skip"". ""skip"" = skip_text=True to OCRmyPDF, only process images (no embedded text). ""skip_noarchive"" = entirely skip"
pilot30-shuffle2,task-6905333b74f22949d97ba9d8,paperless-ngx/paperless-ngx,1,4,55,b8a3509b-ac8c-46e3-855d-8182968143c8,,False,0.01639344262295082,OCR weak/incomplete results: NoTextFoundException is raised when OCR finds zero text. Parser then falls back to safe_fallback mode with force_ocr. If that also 
pilot30-shuffle2,task-6905333b74f22949d97ba9d8,paperless-ngx/paperless-ngx,1,5,45,8d3e1052-0796-42cb-a316-0376f901a1b9,paperless-ngx/paperless-ngx,False,0.028846153846153848,"Paperless-NGX repository: /app/src/documents/ is the main codebase. Key files: views.py (709 lines, API views), models.py (Document model), serialisers.py (seri"
pilot30-shuffle2,task-6905333b74f22949d97ba9d9,paperless-ngx/paperless-ngx,1,1,62,0d62809a-72bf-4ea8-b9d4-f2ab61a7543c,paperless-ngx/paperless-ngx,False,0.03508771929824561,"Paperless-NGX index sync: The `add_to_index` signal handler is connected ONLY to `document_consumption_finished` signal (apps.py), NOT to Document `post_save`. "
pilot30-shuffle2,task-6905333b74f22949d97ba9d9,paperless-ngx/paperless-ngx,1,2,59,1ab95de9-8f67-4439-b57e-dedbdcf34e67,paperless-ngx/paperless-ngx,False,0.056179775280898875,"Paperless-NGX repository structure: main source code is under /app/src/documents/. Key files: documents/index.py (search index management), documents/tasks.py ("
pilot30-shuffle2,task-6905333b74f22949d97ba9d9,paperless-ngx/paperless-ngx,1,3,68,4a5703a2-7973-4ff0-bff5-ecfa55341e28,paperless-ngx/paperless-ngx,False,0.03571428571428571,"Django Q task queuing in Paperless-NGX: Uses django-q v1.3.9 with Redis as broker. Q_CLUSTER config in settings.py: name=""paperless"", workers from TASK_WORKERS "
pilot30-shuffle2,task-6905333b74f22949d97ba9d9,paperless-ngx/paperless-ngx,1,4,58,8b7dcb83-5e58-462b-bc79-e5bad1d176ea,paperless-ngx/paperless-ngx,False,0.04827586206896552,"Paperless-NGX document lifecycle summary: A document enters via CONSUMPTION_DIR (default /usr/src/paperless/consume), watched by document_consumer management co"
pilot30-shuffle2,task-6905333b74f22949d97ba9d9,paperless-ngx/paperless-ngx,1,5,58,4c51a934-02d2-4fe3-a318-7efd79616fd8,paperless-ngx/paperless-ngx,False,0.027972027972027972,"Paperless-NGX classification/organization: Correspondents, DocumentTypes, and Tags all inherit from MatchingModel (name, match pattern, matching_algorithm, is_i"
pilot30-shuffle2,task-6905333b74f22949d97ba9db,paperless-ngx/paperless-ngx,1,1,59,74cf8035-651b-4c03-ba76-9b944ac015b0,paperless-ngx/paperless-ngx,False,0.044444444444444446,"Paperless-NGX Document model fields: title (varchar128, blank=True, optional), content (text, blank=True, derived from OCR/text extraction), correspondent (FK t"
pilot30-shuffle2,task-6905333b74f22949d97ba9db,paperless-ngx/paperless-ngx,1,2,66,4c51a934-02d2-4fe3-a318-7efd79616fd8,paperless-ngx/paperless-ngx,False,0.03431372549019608,"Paperless-NGX classification/organization: Correspondents, DocumentTypes, and Tags all inherit from MatchingModel (name, match pattern, matching_algorithm, is_i"
pilot30-shuffle2,task-6905333b74f22949d97ba9db,paperless-ngx/paperless-ngx,1,3,52,8b7dcb83-5e58-462b-bc79-e5bad1d176ea,paperless-ngx/paperless-ngx,False,0.02857142857142857,"Paperless-NGX document lifecycle summary: A document enters via CONSUMPTION_DIR (default /usr/src/paperless/consume), watched by document_consumer management co"
pilot30-shuffle2,task-6905333b74f22949d97ba9db,paperless-ngx/paperless-ngx,1,4,56,1ab95de9-8f67-4439-b57e-dedbdcf34e67,paperless-ngx/paperless-ngx,False,0.025974025974025976,"Paperless-NGX repository structure: main source code is under /app/src/documents/. Key files: documents/index.py (search index management), documents/tasks.py ("
pilot30-shuffle2,task-6905333b74f22949d97ba9db,paperless-ngx/paperless-ngx,1,5,54,0d62809a-72bf-4ea8-b9d4-f2ab61a7543c,paperless-ngx/paperless-ngx,False,0.01675977653631285,"Paperless-NGX index sync: The `add_to_index` signal handler is connected ONLY to `document_consumption_finished` signal (apps.py), NOT to Document `post_save`. "
pilot30-shuffle2,task-6905333b74f22949d97ba9db,paperless-ngx/paperless-ngx,2,1,54,74cf8035-651b-4c03-ba76-9b944ac015b0,paperless-ngx/paperless-ngx,False,0.044444444444444446,"Paperless-NGX Document model fields: title (varchar128, blank=True, optional), content (text, blank=True, derived from OCR/text extraction), correspondent (FK t"
pilot30-shuffle2,task-6905333b74f22949d97ba9db,paperless-ngx/paperless-ngx,2,2,55,1ab95de9-8f67-4439-b57e-dedbdcf34e67,paperless-ngx/paperless-ngx,False,0.025974025974025976,"Paperless-NGX repository structure: main source code is under /app/src/documents/. Key files: documents/index.py (search index management), documents/tasks.py ("
pilot30-shuffle2,task-6905333b74f22949d97ba9db,paperless-ngx/paperless-ngx,2,3,51,8b7dcb83-5e58-462b-bc79-e5bad1d176ea,paperless-ngx/paperless-ngx,False,0.02857142857142857,"Paperless-NGX document lifecycle summary: A document enters via CONSUMPTION_DIR (default /usr/src/paperless/consume), watched by document_consumer management co"
pilot30-shuffle2,task-6905333b74f22949d97ba9db,paperless-ngx/paperless-ngx,2,4,49,4a5703a2-7973-4ff0-bff5-ecfa55341e28,paperless-ngx/paperless-ngx,False,0.014563106796116505,"Django Q task queuing in Paperless-NGX: Uses django-q v1.3.9 with Redis as broker. Q_CLUSTER config in settings.py: name=""paperless"", workers from TASK_WORKERS "
pilot30-shuffle2,task-6905333b74f22949d97ba9db,paperless-ngx/paperless-ngx,2,5,52,4c51a934-02d2-4fe3-a318-7efd79616fd8,paperless-ngx/paperless-ngx,False,0.03431372549019608,"Paperless-NGX classification/organization: Correspondents, DocumentTypes, and Tags all inherit from MatchingModel (name, match pattern, matching_algorithm, is_i"
pilot30-shuffle2,task-6905333b74f22949d97ba9dc,paperless-ngx/paperless-ngx,1,1,67,129146a4-bf25-43e8-8c2f-77823464f7f3,paperless-ngx/paperless-ngx,False,0.048507462686567165,"CONFIDENTIAL FINDINGS - Paperless-NGX ML pipeline debugging analysis (Sep 14, 2026):

1. CLASSIFIER TRAINING & REUSE:
- classifier.py loads model from settings."
pilot30-shuffle2,task-6905333b74f22949d97ba9dc,paperless-ngx/paperless-ngx,1,2,65,8b7dcb83-5e58-462b-bc79-e5bad1d176ea,paperless-ngx/paperless-ngx,False,0.04516129032258064,"Paperless-NGX document lifecycle summary: A document enters via CONSUMPTION_DIR (default /usr/src/paperless/consume), watched by document_consumer management co"
pilot30-shuffle2,task-6905333b74f22949d97ba9dc,paperless-ngx/paperless-ngx,1,3,64,8c6d7a2c-efc9-42f2-9747-9775e6303c1f,paperless-ngx/paperless-ngx,False,0.042105263157894736,"Paperless-ngx document ingestion pipeline end-to-end: 1) File placed in CONSUMPTION_DIR, watched by document_consumer management command using inotify or Pollin"
pilot30-shuffle2,task-6905333b74f22949d97ba9dc,paperless-ngx/paperless-ngx,1,4,61,dde60bd1-9d5e-4ba3-8843-ce5edc925c81,,False,0.042735042735042736,"OCR modes and skip logic: OCR_MODE default=""skip"". ""skip"" = skip_text=True to OCRmyPDF, only process images (no embedded text). ""skip_noarchive"" = entirely skip"
pilot30-shuffle2,task-6905333b74f22949d97ba9dc,paperless-ngx/paperless-ngx,1,5,67,74cf8035-651b-4c03-ba76-9b944ac015b0,paperless-ngx/paperless-ngx,False,0.046875,"Paperless-NGX Document model fields: title (varchar128, blank=True, optional), content (text, blank=True, derived from OCR/text extraction), correspondent (FK t"
pilot30-shuffle2,task-6905333b74f22949d97ba9dd,paperless-ngx/paperless-ngx,1,1,47,2b96ca1e-cd75-4f9b-a314-7565254ccd7c,simple-login/app,True,0.03361344537815126,"SimpleLogin codebase structure: main entry points are server.py (Flask web server on port 7777), email_handler.py (SMTP server on port 20381), job_runner.py (ba"
pilot30-shuffle2,task-6905333b74f22949d97ba9dd,paperless-ngx/paperless-ngx,1,2,40,d66e85ec-97fe-4cf6-b9a2-a99f76f3a485,simple-login/app,True,0.049586776859504134,"SimpleLogin is an email privacy/alias service. Structure: app/ directory (main app), email_handler.py (83KB main email processing), cron.py (scheduled tasks), t"
pilot30-shuffle2,task-6905333b74f22949d97ba9dd,paperless-ngx/paperless-ngx,1,3,36,b66297b1-5127-424f-991d-5a6b4df0dde1,simple-login/app,True,0.024,Reply phase routing in SimpleLogin: 1) Email arrives at reverse-alias (reply_email) as rcpt_to. 2) handle_reply() calls Contact.get_by(reply_email=reply_email) 
pilot30-shuffle2,task-6905333b74f22949d97ba9dd,paperless-ngx/paperless-ngx,1,4,41,1ac334ad-5ec1-4812-876a-b3a91c34990a,simple-login/app,True,0.02553191489361702,"Email handler startup confirmation:
- email_handler.py: Runs aiosmtpd.Controller on configurable port (default 20381). 
- Startup logs: ""Listen for port {port}"""
pilot30-shuffle2,task-6905333b74f22949d97ba9dd,paperless-ngx/paperless-ngx,1,5,47,54f9e39c-c2da-4e19-9524-f9449131b0cc,,False,0.0234375,"VERP format for bounce/failure notifications: New signed format: ""sl.{b32_encoded_payload}.{b32_encoded_signature}@{domain}"" where payload is JSON [verp_type(in"
pilot30-shuffle2,task-6905333b74f22949d97ba9dd,paperless-ngx/paperless-ngx,2,1,80,4a5703a2-7973-4ff0-bff5-ecfa55341e28,paperless-ngx/paperless-ngx,False,0.04878048780487805,"Django Q task queuing in Paperless-NGX: Uses django-q v1.3.9 with Redis as broker. Q_CLUSTER config in settings.py: name=""paperless"", workers from TASK_WORKERS "
pilot30-shuffle2,task-6905333b74f22949d97ba9dd,paperless-ngx/paperless-ngx,2,2,74,8b7dcb83-5e58-462b-bc79-e5bad1d176ea,paperless-ngx/paperless-ngx,False,0.06467661691542288,Paperless-NGX document ingestion workflow: 1) File drops into CONSUMPTION_DIR (default /usr/src/paperless/consume). 2) document_consumer management command watc
pilot30-shuffle2,task-6905333b74f22949d97ba9dd,paperless-ngx/paperless-ngx,2,3,63,74cf8035-651b-4c03-ba76-9b944ac015b0,paperless-ngx/paperless-ngx,False,0.07092198581560284,"Paperless-NGX Document model fields: title (varchar 128, indexed), content (text, for search), correspondent (FK to Correspondent, nullable), document_type (FK "
pilot30-shuffle2,task-6905333b74f22949d97ba9dd,paperless-ngx/paperless-ngx,2,4,47,cb642001-12f4-42fd-b15e-ec0438883f87,simple-login/app,True,0.012195121951219513,SimpleLogin session architecture: Custom RedisSessionStore (app/session.py) implements Flask SessionInterface. Stores session data as pickled dicts in Redis (ke
pilot30-shuffle2,task-6905333b74f22949d97ba9dd,paperless-ngx/paperless-ngx,2,5,40,b55f3b00-76a4-40ca-a90e-524e5548ca9c,simple-login/app,True,0.03875968992248062,"Job lifecycle: Job model has states ready(0), taken(1), done(2), error(3), with fields: taken(boolean), run_at(timestamp), attempts(integer). Jobs are created v"
pilot30-shuffle2,task-6905333b74f22949d97ba9de,paperless-ngx/paperless-ngx,1,1,59,129146a4-bf25-43e8-8c2f-77823464f7f3,paperless-ngx/paperless-ngx,False,0.06312292358803986,"CONFIDENTIAL FINDINGS - Paperless-NGX ML pipeline debugging analysis (Sep 14, 2026):

1. CLASSIFIER TRAINING & REUSE:
- classifier.py loads model from settings."
pilot30-shuffle2,task-6905333b74f22949d97ba9de,paperless-ngx/paperless-ngx,1,2,59,8c6d7a2c-efc9-42f2-9747-9775e6303c1f,paperless-ngx/paperless-ngx,False,0.026595744680851064,Paperless-NGX document ingestion pipeline traced end-to-end: detection via inotify/polling -> stability wait (os.stat mtime+size) -> Django-Q async_task enqueue
pilot30-shuffle2,task-6905333b74f22949d97ba9de,paperless-ngx/paperless-ngx,1,3,56,8b7dcb83-5e58-462b-bc79-e5bad1d176ea,paperless-ngx/paperless-ngx,False,0.03608247422680412,"Paperless-NGX document lifecycle summary: A document enters via CONSUMPTION_DIR (default /usr/src/paperless/consume), watched by document_consumer management co"
pilot30-shuffle2,task-6905333b74f22949d97ba9de,paperless-ngx/paperless-ngx,1,4,57,06061d31-1c8c-4bc5-bb4d-56a3a8a65900,paperless-ngx/paperless-ngx,False,0.006369426751592357,"Paperless-NGX logging configuration (settings.py): Console handler outputs INFO level (DEBUG only if PAPERLESS_DEBUG=true) with verbose format ""[{asctime}] [{le"
pilot30-shuffle2,task-6905333b74f22949d97ba9de,paperless-ngx/paperless-ngx,1,5,55,7473a7eb-2df2-4d3e-91f6-2326d94c0aa9,paperless-ngx/paperless-ngx,False,0.006211180124223602,"Paperless-NGX Django-Q qcluster configuration (settings.py): Q_CLUSTER = {name: ""paperless"", catch_up: False, recycle: 1, retry: PAPERLESS_WORKER_RETRY (timeout"
pilot30-shuffle2,task-6905333b74f22949d97ba9e0,paperless-ngx/paperless-ngx,1,1,50,dd84d924-e5d6-44dd-a1b8-54e5ff58c4a4,paperless-ngx/paperless-ngx,False,0.025210084033613446,"Paperless-NGX API pagination: All ViewSets use StandardPagination (PageNumberPagination) from paperless/views.py with page_size=25, page_size_query_param=""page_"
pilot30-shuffle2,task-6905333b74f22949d97ba9e0,paperless-ngx/paperless-ngx,1,2,41,f6979ff1-9214-455c-88a1-1fe4f3818b52,simple-login/app,True,0.023809523809523808,Critical finding: Contact.reply_email column is NOT unique in the database. It has only a non-unique index (created by migration 2021_071310_78403c7b8089). The 
pilot30-shuffle2,task-6905333b74f22949d97ba9e0,paperless-ngx/paperless-ngx,1,3,50,4c51a934-02d2-4fe3-a318-7efd79616fd8,paperless-ngx/paperless-ngx,False,0.04242424242424243,"Paperless-NGX classification/organization: Correspondents, DocumentTypes, and Tags all inherit from MatchingModel (name, match pattern, matching_algorithm, is_i"
pilot30-shuffle2,task-6905333b74f22949d97ba9e0,paperless-ngx/paperless-ngx,1,4,45,276abad1-60bf-4c08-b237-67de71a1d07c,paperless-ngx/paperless-ngx,False,0.036231884057971016,"Backend worker behavior: The document_consumer management command watches CONSUMPTION_DIR via inotify or polling (PollingObserver). On file detect, _consume_wai"
pilot30-shuffle2,task-6905333b74f22949d97ba9e0,paperless-ngx/paperless-ngx,1,5,43,bcd9b98e-7e7c-4b2f-9db6-396ca7f5a276,paperless-ngx/paperless-ngx,False,0.011627906976744186,Paperless-ngx async architecture summary: Three supervisor-managed processes handle async work. 1) consumer (document_consumer management command) watches CONSU
pilot30-shuffle2,task-6905333b74f22949d97ba9e0,paperless-ngx/paperless-ngx,2,1,57,5bddfa95-3cfa-4714-9d72-656be3cb2e26,paperless-ngx/paperless-ngx,False,0.14173228346456693,Pagination bug in Paperless-NGX DocumentViewSet: The DocumentViewSet.list() uses standard PageNumberPagination with OFFSET/LIMIT. The queryset ordering is only 
pilot30-shuffle2,task-6905333b74f22949d97ba9e0,paperless-ngx/paperless-ngx,2,2,46,74cf8035-651b-4c03-ba76-9b944ac015b0,paperless-ngx/paperless-ngx,False,0.013605442176870748,"Paperless-NGX Document model fields: title (varchar128, blank=True, optional), content (text, blank=True, derived from OCR/text extraction), correspondent (FK t"
pilot30-shuffle2,task-6905333b74f22949d97ba9e0,paperless-ngx/paperless-ngx,2,3,49,dd84d924-e5d6-44dd-a1b8-54e5ff58c4a4,paperless-ngx/paperless-ngx,False,0.025210084033613446,"Paperless-NGX API pagination: All ViewSets use StandardPagination (PageNumberPagination) from paperless/views.py with page_size=25, page_size_query_param=""page_"
pilot30-shuffle2,task-6905333b74f22949d97ba9e0,paperless-ngx/paperless-ngx,2,4,40,f6979ff1-9214-455c-88a1-1fe4f3818b52,simple-login/app,True,0.023809523809523808,Critical finding: Contact.reply_email column is NOT unique in the database. It has only a non-unique index (created by migration 2021_071310_78403c7b8089). The 
pilot30-shuffle2,task-6905333b74f22949d97ba9e0,paperless-ngx/paperless-ngx,2,5,43,8d3e1052-0796-42cb-a316-0376f901a1b9,paperless-ngx/paperless-ngx,False,0.02586206896551724,"Paperless-NGX repository: /app/src/documents/ is the main codebase. Key files: views.py (709 lines, API views), models.py (Document model), serialisers.py (seri"
pilot30-shuffle2,task-6905333b74f22949d97baa1d,simple-login/app,1,1,51,d66e85ec-97fe-4cf6-b9a2-a99f76f3a485,simple-login/app,False,0.04040404040404041,"SimpleLogin is an email privacy/alias service. Structure: app/ directory (main app), email_handler.py (83KB main email processing), cron.py (scheduled tasks), t"
pilot30-shuffle2,task-6905333b74f22949d97baa1d,simple-login/app,1,2,47,56390d4a-10c4-4703-ab4e-883aaa6a40b8,simple-login/app,False,0.0326530612244898,"Complete alias creation flow analysis for SimpleLogin:

1. ROUTES - Two ways to create aliases:
   a) Dashboard (POST to / or /custom_alias): Server-side render"
pilot30-shuffle2,task-6905333b74f22949d97baa1d,simple-login/app,1,3,47,b66297b1-5127-424f-991d-5a6b4df0dde1,simple-login/app,False,0.019417475728155338,"SimpleLogin alias reply routing flow: When a user replies to an email forwarded through an alias, the system: 1) receives email at reverse-alias (Contact.get_by"
pilot30-shuffle2,task-6905333b74f22949d97baa1d,simple-login/app,1,4,37,a0f25f88-0777-4de3-b45f-35b0e8303f87,simple-login/app,False,0.017699115044247787,"Bounce handling: When bounce arrives at VERP address, handle_bounce() dispatches to handle_bounce_forward_phase() or handle_bounce_reply_phase() based on email_"
pilot30-shuffle2,task-6905333b74f22949d97baa1d,simple-login/app,1,5,35,54f9e39c-c2da-4e19-9524-f9449131b0cc,,False,0.01904761904761905,"VERP format for bounce/failure notifications: New signed format: ""sl.{b32_encoded_payload}.{b32_encoded_signature}@{domain}"" where payload is JSON [verp_type(in"
pilot30-shuffle2,task-6905333b74f22949d97baa1d,simple-login/app,2,1,72,cb642001-12f4-42fd-b15e-ec0438883f87,simple-login/app,False,0.07575757575757576,SimpleLogin session architecture: Custom RedisSessionStore (app/session.py) implements Flask SessionInterface. Stores session data as pickled dicts in Redis (ke
pilot30-shuffle2,task-6905333b74f22949d97baa1d,simple-login/app,2,2,48,d66e85ec-97fe-4cf6-b9a2-a99f76f3a485,simple-login/app,False,0.04040404040404041,"SimpleLogin is an email privacy/alias service. Structure: app/ directory (main app), email_handler.py (83KB main email processing), cron.py (scheduled tasks), t"
pilot30-shuffle2,task-6905333b74f22949d97baa1d,simple-login/app,2,3,44,56390d4a-10c4-4703-ab4e-883aaa6a40b8,simple-login/app,False,0.0326530612244898,"Complete alias creation flow analysis for SimpleLogin:

1. ROUTES - Two ways to create aliases:
   a) Dashboard (POST to / or /custom_alias): Server-side render"
pilot30-shuffle2,task-6905333b74f22949d97baa1d,simple-login/app,2,4,41,b66297b1-5127-424f-991d-5a6b4df0dde1,simple-login/app,False,0.019417475728155338,"SimpleLogin alias reply routing flow: When a user replies to an email forwarded through an alias, the system: 1) receives email at reverse-alias (Contact.get_by"
pilot30-shuffle2,task-6905333b74f22949d97baa1d,simple-login/app,2,5,35,9eeb53cb-cb87-4b1e-a500-600c801bb1e4,simple-login/app,False,0.010869565217391304,"Mailbox verification uses MAX_ACTIVATION_TRIES=3. verify_mailbox_code() checks: 1) mailbox exists and is unverified, 2) activation record exists with tries < MA"
