replicate,task_id,repository,call_seq,rank,similarity,note_id,origin_repo,cross_repo,note_question_overlap,content_snippet
pilot30,task-6905333b74f22949d97ba9a4,simple-login/app,2,1,67,bc974ad8-7249-4af6-90cb-050e52046d0f,simple-login/app,False,0.03278688524590164,"SimpleLogin background jobs: cron.py runs scheduled tasks via command-line flags (-j): stats, notify_trial_end, notify_manual_subscription_end, notify_premium_e"
pilot30,task-6905333b74f22949d97ba9a4,simple-login/app,2,2,60,0df40c30-0ba8-463c-8aeb-c12e30aa58cf,simple-login/app,False,0.03488372093023256,"SimpleLogin configuration loading: `app/config.py` loads first. It reads optional .env file (via dotenv), then requires env vars URL, EMAIL_DOMAIN, SUPPORT_EMAI"
pilot30,task-6905333b74f22949d97ba9a4,simple-login/app,2,3,57,2c524f41-1a54-46f5-b762-a4583711b8b0,simple-login/app,False,0.023529411764705882,"SimpleLogin startup: In dev mode, `python server.py` calls `local_main()` which sets config.COLOR_LOG=True, creates Flask app via `create_app()`, enables debug "
pilot30,task-6905333b74f22949d97ba9a4,simple-login/app,2,4,57,17c478e5-b9a7-4f3a-a5af-94b151c0fab4,simple-login/app,False,0.06060606060606061,"SimpleLogin authentication: Web login is at `/auth/login` (GET/POST) - validates email+password against User.get_by(), checks disabled/deleted/activated status,"
pilot30,task-6905333b74f22949d97ba9a4,simple-login/app,2,5,58,459ce52f-f244-4683-8429-0950ae340760,simple-login/app,False,0.07920792079207921,SimpleLogin request flow: Entry point is `server.py` create_app(). Routes: / (index) redirects to dashboard or auth/login. Blueprints: /auth/* (login/logout/MFA
pilot30,task-6905333b74f22949d97ba9a5,simple-login/app,1,1,46,17c478e5-b9a7-4f3a-a5af-94b151c0fab4,simple-login/app,False,0.056074766355140186,"SimpleLogin authentication: Web login is at `/auth/login` (GET/POST) - validates email+password against User.get_by(), checks disabled/deleted/activated status,"
pilot30,task-6905333b74f22949d97ba9a5,simple-login/app,1,2,38,bc974ad8-7249-4af6-90cb-050e52046d0f,simple-login/app,False,0.03076923076923077,"SimpleLogin background jobs: cron.py runs scheduled tasks via command-line flags (-j): stats, notify_trial_end, notify_manual_subscription_end, notify_premium_e"
pilot30,task-6905333b74f22949d97ba9a5,simple-login/app,1,3,36,2c524f41-1a54-46f5-b762-a4583711b8b0,simple-login/app,False,0.021505376344086023,"SimpleLogin startup: In dev mode, `python server.py` calls `local_main()` which sets config.COLOR_LOG=True, creates Flask app via `create_app()`, enables debug "
pilot30,task-6905333b74f22949d97ba9a5,simple-login/app,1,4,36,e8a36cc7-1929-459d-97bc-5f7eb7153956,simple-login/app,False,0.02040816326530612,"SimpleLogin ports/endpoints: Web dashboard on port 7777 (dev: http://localhost:7777, prod: gunicorn). Health check at GET /health (returns 200 ""success""). Email"
pilot30,task-6905333b74f22949d97ba9a5,simple-login/app,1,5,36,459ce52f-f244-4683-8429-0950ae340760,simple-login/app,False,0.017391304347826087,SimpleLogin request flow: Entry point is `server.py` create_app(). Routes: / (index) redirects to dashboard or auth/login. Blueprints: /auth/* (login/logout/MFA
pilot30,task-6905333b74f22949d97ba9a6,simple-login/app,1,1,50,bc974ad8-7249-4af6-90cb-050e52046d0f,simple-login/app,False,0.059782608695652176,"SimpleLogin background jobs: cron.py runs scheduled tasks via command-line flags (-j): stats, notify_trial_end, notify_manual_subscription_end, notify_premium_e"
pilot30,task-6905333b74f22949d97ba9a6,simple-login/app,1,2,40,2c524f41-1a54-46f5-b762-a4583711b8b0,simple-login/app,False,0.02631578947368421,"SimpleLogin startup: In dev mode, `python server.py` calls `local_main()` which sets config.COLOR_LOG=True, creates Flask app via `create_app()`, enables debug "
pilot30,task-6905333b74f22949d97ba9a6,simple-login/app,1,3,46,17c478e5-b9a7-4f3a-a5af-94b151c0fab4,simple-login/app,False,0.05454545454545454,"SimpleLogin authentication: Web login is at `/auth/login` (GET/POST) - validates email+password against User.get_by(), checks disabled/deleted/activated status,"
pilot30,task-6905333b74f22949d97ba9a6,simple-login/app,1,4,45,459ce52f-f244-4683-8429-0950ae340760,simple-login/app,False,0.028901734104046242,SimpleLogin request flow: Entry point is `server.py` create_app(). Routes: / (index) redirects to dashboard or auth/login. Blueprints: /auth/* (login/logout/MFA
pilot30,task-6905333b74f22949d97ba9a6,simple-login/app,1,5,46,e8a36cc7-1929-459d-97bc-5f7eb7153956,simple-login/app,False,0.045454545454545456,"SimpleLogin ports/endpoints: Web dashboard on port 7777 (dev: http://localhost:7777, prod: gunicorn). Health check at GET /health (returns 200 ""success""). Email"
pilot30,task-6905333b74f22949d97ba9a6,simple-login/app,2,1,72,1b354cf5-5d19-402f-9db8-415bd1e4100e,simple-login/app,False,0.11258278145695365,"SimpleLogin API behavior: POST /api/auth/register creates user with activated=False, notification=True, sends activation email. POST /api/auth/login on unactiva"
pilot30,task-6905333b74f22949d97ba9a6,simple-login/app,2,2,61,0f6440fa-ad4a-42d7-904f-c47c393d6c31,simple-login/app,False,0.0915032679738562,"SimpleLogin (email privacy system) database migrations: 255 total migration files, all independent (no chain linking). Topological sort produces order from root"
pilot30,task-6905333b74f22949d97ba9a6,simple-login/app,2,3,70,7c29c400-c05d-4c1f-831c-a9fd35cc3fc5,simple-login/app,False,0.034482758620689655,"SimpleLogin email handler: email_handler.py, uses aiosmtpd Controller. Startup with port: python email_handler.py -p PORT. Prints LOG.i(""Listen for port %s"", ar"
pilot30,task-6905333b74f22949d97ba9a6,simple-login/app,2,4,64,17c478e5-b9a7-4f3a-a5af-94b151c0fab4,simple-login/app,False,0.05454545454545454,"SimpleLogin authentication: Web login is at `/auth/login` (GET/POST) - validates email+password against User.get_by(), checks disabled/deleted/activated status,"
pilot30,task-6905333b74f22949d97ba9a6,simple-login/app,2,5,63,459ce52f-f244-4683-8429-0950ae340760,simple-login/app,False,0.028901734104046242,SimpleLogin request flow: Entry point is `server.py` create_app(). Routes: / (index) redirects to dashboard or auth/login. Blueprints: /auth/* (login/logout/MFA
pilot30,task-6905333b74f22949d97ba9a7,simple-login/app,1,1,53,0f6440fa-ad4a-42d7-904f-c47c393d6c31,simple-login/app,False,0.05128205128205128,"SimpleLogin (email privacy system) database migrations: 255 total migration files, all independent (no chain linking). Topological sort produces order from root"
pilot30,task-6905333b74f22949d97ba9a7,simple-login/app,1,2,64,bc974ad8-7249-4af6-90cb-050e52046d0f,simple-login/app,False,0.06338028169014084,"SimpleLogin background jobs: cron.py runs scheduled tasks via command-line flags (-j): stats, notify_trial_end, notify_manual_subscription_end, notify_premium_e"
pilot30,task-6905333b74f22949d97ba9a7,simple-login/app,1,3,60,1b354cf5-5d19-402f-9db8-415bd1e4100e,simple-login/app,False,0.05084745762711865,"SimpleLogin API behavior: POST /api/auth/register creates user with activated=False, notification=True, sends activation email. POST /api/auth/login on unactiva"
pilot30,task-6905333b74f22949d97ba9a7,simple-login/app,1,4,55,770a21ac-ee2e-46b9-84bc-9d37c89b87ba,simple-login/app,False,0.022727272727272728,"Alias creation flow and validation:
- Components: alias_suffix.py (signer.check_suffix_signature, verify_prefix_suffix), new_custom_alias.py (API v2/v3), custom"
pilot30,task-6905333b74f22949d97ba9a7,simple-login/app,1,5,57,17c478e5-b9a7-4f3a-a5af-94b151c0fab4,simple-login/app,False,0.015625,"SimpleLogin authentication: Web login is at `/auth/login` (GET/POST) - validates email+password against User.get_by(), checks disabled/deleted/activated status,"
pilot30,task-6905333b74f22949d97ba9a7,simple-login/app,2,1,43,0f6440fa-ad4a-42d7-904f-c47c393d6c31,simple-login/app,False,0.05128205128205128,"SimpleLogin (email privacy system) database migrations: 255 total migration files, all independent (no chain linking). Topological sort produces order from root"
pilot30,task-6905333b74f22949d97ba9a7,simple-login/app,2,2,53,770a21ac-ee2e-46b9-84bc-9d37c89b87ba,simple-login/app,False,0.022727272727272728,"Alias creation flow and validation:
- Components: alias_suffix.py (signer.check_suffix_signature, verify_prefix_suffix), new_custom_alias.py (API v2/v3), custom"
pilot30,task-6905333b74f22949d97ba9a7,simple-login/app,2,3,46,bc974ad8-7249-4af6-90cb-050e52046d0f,simple-login/app,False,0.06338028169014084,"SimpleLogin background jobs: cron.py runs scheduled tasks via command-line flags (-j): stats, notify_trial_end, notify_manual_subscription_end, notify_premium_e"
pilot30,task-6905333b74f22949d97ba9a7,simple-login/app,2,4,36,459ce52f-f244-4683-8429-0950ae340760,simple-login/app,False,0.015151515151515152,SimpleLogin request flow: Entry point is `server.py` create_app(). Routes: / (index) redirects to dashboard or auth/login. Blueprints: /auth/* (login/logout/MFA
pilot30,task-6905333b74f22949d97ba9a7,simple-login/app,2,5,43,1b354cf5-5d19-402f-9db8-415bd1e4100e,simple-login/app,False,0.05084745762711865,"SimpleLogin API behavior: POST /api/auth/register creates user with activated=False, notification=True, sends activation email. POST /api/auth/login on unactiva"
pilot30,task-6905333b74f22949d97ba9a8,simple-login/app,1,1,50,0f6440fa-ad4a-42d7-904f-c47c393d6c31,simple-login/app,False,0.0375,"SimpleLogin (email privacy system) database migrations: 255 total migration files, all independent (no chain linking). Topological sort produces order from root"
pilot30,task-6905333b74f22949d97ba9a8,simple-login/app,1,2,67,2c524f41-1a54-46f5-b762-a4583711b8b0,simple-login/app,False,0.10606060606060606,"SimpleLogin server startup: config.py prints "">>> URL:"" first. Then log.py prints "">>> init logging <<<"". Flask starts with "" * Serving Flask app"" and "" * Debug"
pilot30,task-6905333b74f22949d97ba9a8,simple-login/app,1,3,59,e8a36cc7-1929-459d-97bc-5f7eb7153956,simple-login/app,False,0.0547945205479452,"SimpleLogin ports/endpoints: Web dashboard on port 7777 (dev: http://localhost:7777, prod: gunicorn). Health check at GET /health (returns 200 ""success""). Email"
pilot30,task-6905333b74f22949d97ba9a8,simple-login/app,1,4,64,17c478e5-b9a7-4f3a-a5af-94b151c0fab4,simple-login/app,False,0.046511627906976744,"SimpleLogin authentication: Web login is at `/auth/login` (GET/POST) - validates email+password against User.get_by(), checks disabled/deleted/activated status,"
pilot30,task-6905333b74f22949d97ba9a8,simple-login/app,1,5,63,459ce52f-f244-4683-8429-0950ae340760,simple-login/app,False,0.044444444444444446,SimpleLogin request flow: Entry point is `server.py` create_app(). Routes: / (index) redirects to dashboard or auth/login. Blueprints: /auth/* (login/logout/MFA
pilot30,task-6905333b74f22949d97ba9a8,simple-login/app,2,1,65,0f85c69e-eedc-4cd6-a00a-89d3c9c88533,simple-login/app,False,0.12345679012345678,"SimpleLogin DB error behavior: DB connection happens at module import time in app/db.py line 12 (engine.connect()), NOT at app startup. When PostgreSQL is unava"
pilot30,task-6905333b74f22949d97ba9a8,simple-login/app,2,2,64,9a008ddc-9b7d-40b3-a5df-a04a75cef355,simple-login/app,False,0.10344827586206896,"SimpleLogin API response formats: Health check GET /health returns 200 ""success"" (raw string). Random alias POST /api/alias/random/new returns 201 with JSON con"
pilot30,task-6905333b74f22949d97ba9a8,simple-login/app,2,3,46,0f6440fa-ad4a-42d7-904f-c47c393d6c31,simple-login/app,False,0.0375,"SimpleLogin (email privacy system) database migrations: 255 total migration files, all independent (no chain linking). Topological sort produces order from root"
pilot30,task-6905333b74f22949d97ba9a9,simple-login/app,1,1,65,9a008ddc-9b7d-40b3-a5df-a04a75cef355,simple-login/app,False,0.03305785123966942,"SimpleLogin API response formats: Health check GET /health returns 200 ""success"" (raw string). Random alias POST /api/alias/random/new returns 201 with JSON con"
pilot30,task-6905333b74f22949d97ba9a9,simple-login/app,1,2,58,12d46b08-7413-4ad7-9fbe-4cca92b62477,simple-login/app,False,0.02459016393442623,"SimpleLogin alias creation DB writes: Alias table has columns: id, user_id(FK), email(UNIQUE), name, enabled(default true), flags, custom_domain_id(FK), automat"
pilot30,task-6905333b74f22949d97ba9a9,simple-login/app,1,3,53,0f6440fa-ad4a-42d7-904f-c47c393d6c31,simple-login/app,False,0.037037037037037035,"SimpleLogin (email privacy system) database migrations: 255 total migration files, all independent (no chain linking). Topological sort produces order from root"
pilot30,task-6905333b74f22949d97ba9a9,simple-login/app,1,4,64,1b354cf5-5d19-402f-9db8-415bd1e4100e,simple-login/app,False,0.046296296296296294,"SimpleLogin API behavior: POST /api/auth/register creates user with activated=False, notification=True, sends activation email. POST /api/auth/login on unactiva"
pilot30,task-6905333b74f22949d97ba9a9,simple-login/app,1,5,53,770a21ac-ee2e-46b9-84bc-9d37c89b87ba,simple-login/app,False,0.024242424242424242,"Alias creation flow and validation:
- Components: alias_suffix.py (signer.check_suffix_signature, verify_prefix_suffix), new_custom_alias.py (API v2/v3), custom"
pilot30,task-6905333b74f22949d97ba9a9,simple-login/app,2,1,55,80c5a411-cd79-437b-ad44-4044d0f1689f,,False,0.03333333333333333,VERP bounce address format: The special address for handling delivery failures is a VERP (Variable Envelope Return Path) address. Forward phase uses format: sl.
pilot30,task-6905333b74f22949d97ba9a9,simple-login/app,2,2,55,9a008ddc-9b7d-40b3-a5df-a04a75cef355,simple-login/app,False,0.03305785123966942,"SimpleLogin API response formats: Health check GET /health returns 200 ""success"" (raw string). Random alias POST /api/alias/random/new returns 201 with JSON con"
pilot30,task-6905333b74f22949d97ba9a9,simple-login/app,2,3,51,bfd6537d-8d19-4459-8233-ff79815e5cc4,simple-login/app,False,0.024793388429752067,Mailbox verification multi-step workflow: mailbox_utils.py has verify_mailbox_code() with MAX_ACTIVATION_TRIES=3. Each wrong code attempt increments activation.
pilot30,task-6905333b74f22949d97ba9a9,simple-login/app,2,4,48,bc974ad8-7249-4af6-90cb-050e52046d0f,simple-login/app,False,0.021897810218978103,"SimpleLogin background jobs: cron.py runs scheduled tasks via command-line flags (-j): stats, notify_trial_end, notify_manual_subscription_end, notify_premium_e"
pilot30,task-6905333b74f22949d97ba9a9,simple-login/app,2,5,49,770a21ac-ee2e-46b9-84bc-9d37c89b87ba,simple-login/app,False,0.024242424242424242,"Alias creation flow and validation:
- Components: alias_suffix.py (signer.check_suffix_signature, verify_prefix_suffix), new_custom_alias.py (API v2/v3), custom"
pilot30,task-6905333b74f22949d97ba9aa,simple-login/app,1,1,53,0f6440fa-ad4a-42d7-904f-c47c393d6c31,simple-login/app,False,0.06315789473684211,"SimpleLogin (email privacy system) database migrations: 255 total migration files, all independent (no chain linking). Topological sort produces order from root"
pilot30,task-6905333b74f22949d97ba9aa,simple-login/app,1,2,69,bc974ad8-7249-4af6-90cb-050e52046d0f,simple-login/app,False,0.04878048780487805,"SimpleLogin background jobs: cron.py runs scheduled tasks via command-line flags (-j): stats, notify_trial_end, notify_manual_subscription_end, notify_premium_e"
pilot30,task-6905333b74f22949d97ba9aa,simple-login/app,1,3,66,4e4ee1e9-9ac3-485d-b939-2d3cb93a5d7a,simple-login/app,False,0.061224489795918366,"SimpleLogin repository structure: main app code in /app/app/. Key directories: handler/ (email processing, DMARC, spamd, unsubscribe), jobs/ (background job run"
pilot30,task-6905333b74f22949d97ba9aa,simple-login/app,1,4,56,0f85c69e-eedc-4cd6-a00a-89d3c9c88533,simple-login/app,False,0.04807692307692308,"SimpleLogin DB error behavior: DB connection happens at module import time in app/db.py line 12 (engine.connect()), NOT at app startup. When PostgreSQL is unava"
pilot30,task-6905333b74f22949d97ba9aa,simple-login/app,1,5,59,2c524f41-1a54-46f5-b762-a4583711b8b0,simple-login/app,False,0.05813953488372093,"SimpleLogin server startup: config.py prints "">>> URL:"" first. Then log.py prints "">>> init logging <<<"". Flask starts with "" * Serving Flask app"" and "" * Debug"
pilot30,task-6905333b74f22949d97ba9ab,simple-login/app,1,1,65,12d46b08-7413-4ad7-9fbe-4cca92b62477,simple-login/app,False,0.03496503496503497,"SimpleLogin alias creation DB writes: Alias table has columns: id, user_id(FK), email(UNIQUE), name, enabled(default true), flags, custom_domain_id(FK), automat"
pilot30,task-6905333b74f22949d97ba9ab,simple-login/app,1,2,50,0f6440fa-ad4a-42d7-904f-c47c393d6c31,simple-login/app,False,0.046511627906976744,"SimpleLogin (email privacy system) database migrations: 255 total migration files, all independent (no chain linking). Topological sort produces order from root"
pilot30,task-6905333b74f22949d97ba9ab,simple-login/app,1,3,59,4e4ee1e9-9ac3-485d-b939-2d3cb93a5d7a,simple-login/app,False,0.05343511450381679,"SimpleLogin repository structure: main app code in /app/app/. Key directories: handler/ (email processing, DMARC, spamd, unsubscribe), jobs/ (background job run"
pilot30,task-6905333b74f22949d97ba9ab,simple-login/app,1,4,61,9a008ddc-9b7d-40b3-a5df-a04a75cef355,simple-login/app,False,0.05714285714285714,"SimpleLogin API response formats: Health check GET /health returns 200 ""success"" (raw string). Random alias POST /api/alias/random/new returns 201 with JSON con"
pilot30,task-6905333b74f22949d97ba9ab,simple-login/app,1,5,55,770a21ac-ee2e-46b9-84bc-9d37c89b87ba,simple-login/app,False,0.06666666666666667,"Alias creation flow and validation:
- Components: alias_suffix.py (signer.check_suffix_signature, verify_prefix_suffix), new_custom_alias.py (API v2/v3), custom"
pilot30,task-6905333b74f22949d97ba9ab,simple-login/app,2,1,58,12d46b08-7413-4ad7-9fbe-4cca92b62477,simple-login/app,False,0.03496503496503497,"SimpleLogin alias creation DB writes: Alias table has columns: id, user_id(FK), email(UNIQUE), name, enabled(default true), flags, custom_domain_id(FK), automat"
pilot30,task-6905333b74f22949d97ba9ab,simple-login/app,2,2,53,770a21ac-ee2e-46b9-84bc-9d37c89b87ba,simple-login/app,False,0.06666666666666667,"Alias creation flow and validation:
- Components: alias_suffix.py (signer.check_suffix_signature, verify_prefix_suffix), new_custom_alias.py (API v2/v3), custom"
pilot30,task-6905333b74f22949d97ba9ab,simple-login/app,2,3,50,bc974ad8-7249-4af6-90cb-050e52046d0f,simple-login/app,False,0.04487179487179487,"SimpleLogin background jobs: cron.py runs scheduled tasks via command-line flags (-j): stats, notify_trial_end, notify_manual_subscription_end, notify_premium_e"
pilot30,task-6905333b74f22949d97ba9ab,simple-login/app,2,4,47,9a008ddc-9b7d-40b3-a5df-a04a75cef355,simple-login/app,False,0.05714285714285714,"SimpleLogin API response formats: Health check GET /health returns 200 ""success"" (raw string). Random alias POST /api/alias/random/new returns 201 with JSON con"
pilot30,task-6905333b74f22949d97ba9ab,simple-login/app,2,5,47,e18a0102-8a8e-4c4d-8a10-3c9f20d64e7c,simple-login/app,False,0.0410958904109589,"Background job lifecycle (job_runner.py): Jobs are created in the Job table with state=JobState.ready(0), then picked up by job_runner.py which polls every 10 s"
pilot30,task-6905333b74f22949d97ba9ab,simple-login/app,3,1,69,9a008ddc-9b7d-40b3-a5df-a04a75cef355,simple-login/app,False,0.05714285714285714,"SimpleLogin API response formats: Health check GET /health returns 200 ""success"" (raw string). Random alias POST /api/alias/random/new returns 201 with JSON con"
pilot30,task-6905333b74f22949d97ba9ab,simple-login/app,3,2,54,0f6440fa-ad4a-42d7-904f-c47c393d6c31,simple-login/app,False,0.046511627906976744,"SimpleLogin (email privacy system) database migrations: 255 total migration files, all independent (no chain linking). Topological sort produces order from root"
pilot30,task-6905333b74f22949d97ba9ab,simple-login/app,3,3,62,0f85c69e-eedc-4cd6-a00a-89d3c9c88533,simple-login/app,False,0.036231884057971016,"SimpleLogin DB error behavior: DB connection happens at module import time in app/db.py line 12 (engine.connect()), NOT at app startup. When PostgreSQL is unava"
pilot30,task-6905333b74f22949d97ba9ab,simple-login/app,3,4,69,12d46b08-7413-4ad7-9fbe-4cca92b62477,simple-login/app,False,0.03496503496503497,"SimpleLogin alias creation DB writes: Alias table has columns: id, user_id(FK), email(UNIQUE), name, enabled(default true), flags, custom_domain_id(FK), automat"
pilot30,task-6905333b74f22949d97ba9ab,simple-login/app,3,5,65,17b08841-214e-4a97-8593-91ff9ab27a35,simple-login/app,False,0.05389221556886228,"Alias creation failure modes:
- 400 (quota): user.can_create_new_alias() fails → 400 with quota error message
- 400 (prefix invalid): check_alias_prefix fails →"
pilot30,task-6905333b74f22949d97ba9ac,simple-login/app,1,1,62,0f6440fa-ad4a-42d7-904f-c47c393d6c31,simple-login/app,False,0.061224489795918366,"SimpleLogin (email privacy system) database migrations: 255 total migration files, all independent (no chain linking). Topological sort produces order from root"
pilot30,task-6905333b74f22949d97ba9ac,simple-login/app,1,2,62,bc974ad8-7249-4af6-90cb-050e52046d0f,simple-login/app,False,0.047619047619047616,"SimpleLogin background jobs: cron.py runs scheduled tasks via command-line flags (-j): stats, notify_trial_end, notify_manual_subscription_end, notify_premium_e"
pilot30,task-6905333b74f22949d97ba9ac,simple-login/app,1,3,61,4e4ee1e9-9ac3-485d-b939-2d3cb93a5d7a,simple-login/app,False,0.0594059405940594,"SimpleLogin repository structure: main app code in /app/app/. Key directories: handler/ (email processing, DMARC, spamd, unsubscribe), jobs/ (background job run"
pilot30,task-6905333b74f22949d97ba9ac,simple-login/app,1,4,62,1b354cf5-5d19-402f-9db8-415bd1e4100e,simple-login/app,False,0.05,"SimpleLogin API behavior: POST /api/auth/register creates user with activated=False, notification=True, sends activation email. POST /api/auth/login on unactiva"
pilot30,task-6905333b74f22949d97ba9ac,simple-login/app,1,5,60,459ce52f-f244-4683-8429-0950ae340760,simple-login/app,False,0.026785714285714284,SimpleLogin request flow: Entry point is `server.py` create_app(). Routes: / (index) redirects to dashboard or auth/login. Blueprints: /auth/* (login/logout/MFA
pilot30,task-6905333b74f22949d97ba9ad,simple-login/app,1,1,72,1b354cf5-5d19-402f-9db8-415bd1e4100e,simple-login/app,False,0.05405405405405406,"SimpleLogin API behavior: POST /api/auth/register creates user with activated=False, notification=True, sends activation email. POST /api/auth/login on unactiva"
pilot30,task-6905333b74f22949d97ba9ad,simple-login/app,1,2,71,f4bb1bdd-6e4d-433d-a29e-cc94ac4dfa43,simple-login/app,False,0.03496503496503497,"Frontend alias creation flows in SimpleLogin:
1. Dashboard custom alias: GET /custom_alias renders a form (templates/dashboard/custom_alias.html) with fields: p"
pilot30,task-6905333b74f22949d97ba9ad,simple-login/app,1,3,63,17c478e5-b9a7-4f3a-a5af-94b151c0fab4,simple-login/app,False,0.0423728813559322,"SimpleLogin authentication: Web login is at `/auth/login` (GET/POST) - validates email+password against User.get_by(), checks disabled/deleted/activated status,"
pilot30,task-6905333b74f22949d97ba9ad,simple-login/app,1,4,66,9a008ddc-9b7d-40b3-a5df-a04a75cef355,simple-login/app,False,0.023809523809523808,"SimpleLogin API response formats: Health check GET /health returns 200 ""success"" (raw string). Random alias POST /api/alias/random/new returns 201 with JSON con"
pilot30,task-6905333b74f22949d97ba9ad,simple-login/app,1,5,68,12d46b08-7413-4ad7-9fbe-4cca92b62477,simple-login/app,False,0.023809523809523808,"SimpleLogin alias creation DB writes: Alias table has columns: id, user_id(FK), email(UNIQUE), name, enabled(default true), flags, custom_domain_id(FK), automat"
pilot30,task-6905333b74f22949d97ba9ad,simple-login/app,2,1,72,1b354cf5-5d19-402f-9db8-415bd1e4100e,simple-login/app,False,0.05405405405405406,"SimpleLogin API behavior: POST /api/auth/register creates user with activated=False, notification=True, sends activation email. POST /api/auth/login on unactiva"
pilot30,task-6905333b74f22949d97ba9ad,simple-login/app,2,2,71,f4bb1bdd-6e4d-433d-a29e-cc94ac4dfa43,simple-login/app,False,0.03496503496503497,"Frontend alias creation flows in SimpleLogin:
1. Dashboard custom alias: GET /custom_alias renders a form (templates/dashboard/custom_alias.html) with fields: p"
pilot30,task-6905333b74f22949d97ba9ad,simple-login/app,2,3,63,17c478e5-b9a7-4f3a-a5af-94b151c0fab4,simple-login/app,False,0.0423728813559322,"SimpleLogin authentication: Web login is at `/auth/login` (GET/POST) - validates email+password against User.get_by(), checks disabled/deleted/activated status,"
pilot30,task-6905333b74f22949d97ba9ad,simple-login/app,2,4,66,9a008ddc-9b7d-40b3-a5df-a04a75cef355,simple-login/app,False,0.023809523809523808,"SimpleLogin API response formats: Health check GET /health returns 200 ""success"" (raw string). Random alias POST /api/alias/random/new returns 201 with JSON con"
pilot30,task-6905333b74f22949d97ba9ad,simple-login/app,2,5,68,12d46b08-7413-4ad7-9fbe-4cca92b62477,simple-login/app,False,0.023809523809523808,"SimpleLogin alias creation DB writes: Alias table has columns: id, user_id(FK), email(UNIQUE), name, enabled(default true), flags, custom_domain_id(FK), automat"
pilot30,task-6905333b74f22949d97ba9ae,simple-login/app,1,1,68,816056d0-d467-4430-bfeb-640dac6607a6,simple-login/app,False,0.05714285714285714,"Complete trace of SimpleLogin email forwarding flow captured in /logs/agent/answer.txt:
- Successful forward log messages: LOG.d(""Forward %s -> %s -> %s""), LOG."
pilot30,task-6905333b74f22949d97ba9ae,simple-login/app,1,2,52,0f6440fa-ad4a-42d7-904f-c47c393d6c31,simple-login/app,False,0.05128205128205128,"SimpleLogin (email privacy system) database migrations: 255 total migration files, all independent (no chain linking). Topological sort produces order from root"
pilot30,task-6905333b74f22949d97ba9ae,simple-login/app,1,3,63,bef044e1-e335-4656-b58a-f972be47b59f,simple-login/app,False,0.04285714285714286,"SimpleLogin is an email masking/aliasing service built on Flask. Key components:
1. Web app (server.py: create_app()): runs on port 7777, serves web dashboard a"
pilot30,task-6905333b74f22949d97ba9ae,simple-login/app,1,4,58,7c29c400-c05d-4c1f-831c-a9fd35cc3fc5,simple-login/app,False,0.02912621359223301,"SimpleLogin email handler: email_handler.py, uses aiosmtpd Controller. Startup with port: python email_handler.py -p PORT. Prints LOG.i(""Listen for port %s"", ar"
pilot30,task-6905333b74f22949d97ba9ae,simple-login/app,1,5,54,bc974ad8-7249-4af6-90cb-050e52046d0f,simple-login/app,False,0.03424657534246575,"SimpleLogin background jobs: cron.py runs scheduled tasks via command-line flags (-j): stats, notify_trial_end, notify_manual_subscription_end, notify_premium_e"
pilot30,task-6905333b74f22949d97ba9af,simple-login/app,1,1,49,0f85c69e-eedc-4cd6-a00a-89d3c9c88533,simple-login/app,False,0.07246376811594203,"SimpleLogin DB error behavior: DB connection happens at module import time in app/db.py line 12 (engine.connect()), NOT at app startup. When PostgreSQL is unava"
pilot30,task-6905333b74f22949d97ba9af,simple-login/app,1,2,55,4e4ee1e9-9ac3-485d-b939-2d3cb93a5d7a,simple-login/app,False,0.051470588235294115,"SimpleLogin repository structure: main app code in /app/app/. Key directories: handler/ (email processing, DMARC, spamd, unsubscribe), jobs/ (background job run"
pilot30,task-6905333b74f22949d97ba9af,simple-login/app,1,3,52,bef044e1-e335-4656-b58a-f972be47b59f,simple-login/app,False,0.0703125,"SimpleLogin repository at /app is an email masking/aliasing service. Key files: email_handler.py (83KB, aiosmtpd SMTP server on port 20381 for receiving/forward"
pilot30,task-6905333b74f22949d97ba9af,simple-login/app,1,4,50,5dec3367-bebc-487a-8998-e3ece245b6c7,simple-login/app,False,0.03816793893129771,"SimpleLogin repository at /app. Key startup files: server.py (Flask app entry, create_app()), email_handler.py (aiosmtpd on port 20381), job_runner.py (polls Jo"
pilot30,task-6905333b74f22949d97ba9af,simple-login/app,1,5,48,ef6592e9-049d-4361-9042-9a6fbf95e382,simple-login/app,False,0.02577319587628866,"Alias creation DB writes (4 tables touched):
1. alias table: INSERT with user_id, email (UNIQUE), name, enabled=True, flags=0, mailbox_id=default_mailbox_id, cu"
pilot30,task-6905333b74f22949d97ba9b2,simple-login/app,1,1,54,0f6440fa-ad4a-42d7-904f-c47c393d6c31,simple-login/app,False,0.026845637583892617,"SimpleLogin (email privacy system) database migrations: 255 total migration files, all independent (no chain linking). Topological sort produces order from root"
pilot30,task-6905333b74f22949d97ba9b2,simple-login/app,1,2,61,80c5a411-cd79-437b-ad44-4044d0f1689f,,False,0.04430379746835443,VERP bounce address format: The special address for handling delivery failures is a VERP (Variable Envelope Return Path) address. Forward phase uses format: sl.
pilot30,task-6905333b74f22949d97ba9b2,simple-login/app,1,3,66,3826213f-bc0d-42b8-876d-3a22e69e032f,simple-login/app,False,0.025510204081632654,"SimpleLogin reply resolution: Contact table has reply_email as a non-unique index column (ix_contact_reply_email, unique=False). Contact.get_by(reply_email=X) r"
pilot30,task-6905333b74f22949d97ba9b2,simple-login/app,1,4,64,bef044e1-e335-4656-b58a-f972be47b59f,simple-login/app,False,0.0273972602739726,"SimpleLogin repository at /app is an email masking/aliasing service. Key files: email_handler.py (83KB, aiosmtpd SMTP server on port 20381 for receiving/forward"
pilot30,task-6905333b74f22949d97ba9b2,simple-login/app,1,5,64,816056d0-d467-4430-bfeb-640dac6607a6,simple-login/app,False,0.028901734104046242,"Complete trace of SimpleLogin email forwarding flow captured in /logs/agent/answer.txt:
- Successful forward log messages: LOG.d(""Forward %s -> %s -> %s""), LOG."
pilot30,task-6905333b74f22949d97ba9b2,simple-login/app,2,1,68,5df8b8f8-c32c-431a-8b13-b63d1776ec93,simple-login/app,False,0.10638297872340426,SimpleLogin bounce routing and information leakage analysis: The handle() function in email_handler.py first checks VERP-signed addresses (get_verp_info_from_em
pilot30,task-6905333b74f22949d97ba9b2,simple-login/app,2,2,65,80c5a411-cd79-437b-ad44-4044d0f1689f,simple-login/app,False,0.03424657534246575,SimpleLogin VERP bounce address formats: New format uses sl.{base32_payload}.{base32_signature}@{EMAIL_DOMAIN} where payload = base32encode(json.dumps([verp_typ
pilot30,task-6905333b74f22949d97ba9b2,simple-login/app,2,3,53,0f6440fa-ad4a-42d7-904f-c47c393d6c31,simple-login/app,False,0.026845637583892617,"SimpleLogin (email privacy system) database migrations: 255 total migration files, all independent (no chain linking). Topological sort produces order from root"
pilot30,task-6905333b74f22949d97ba9b2,simple-login/app,2,4,63,bef044e1-e335-4656-b58a-f972be47b59f,simple-login/app,False,0.0273972602739726,"SimpleLogin repository at /app is an email masking/aliasing service. Key files: email_handler.py (83KB, aiosmtpd SMTP server on port 20381 for receiving/forward"
pilot30,task-6905333b74f22949d97ba9b2,simple-login/app,2,5,61,3826213f-bc0d-42b8-876d-3a22e69e032f,simple-login/app,False,0.025510204081632654,"SimpleLogin reply resolution: Contact table has reply_email as a non-unique index column (ix_contact_reply_email, unique=False). Contact.get_by(reply_email=X) r"
pilot30,task-6905333b74f22949d97ba9d2,paperless-ngx/paperless-ngx,1,1,63,473b564e-7af5-42f4-a080-c585b8a43b3f,paperless-ngx/paperless-ngx,False,0.0547945205479452,"Paperless-NGX search index architecture:
- Uses Whoosh (pure Python) for search indexing, not Elasticsearch. Index stored in DATA_DIR/index/
- API document UPDA"
pilot30,task-6905333b74f22949d97ba9d2,paperless-ngx/paperless-ngx,1,2,63,6895ba9b-89a4-41e4-b4ba-64bf2b5bb430,paperless-ngx/paperless-ngx,False,0.0375,"Paperless-NGX repo at /app. Top-level structure: src/ (Python backend), src-ui/ (frontend), docs/, docker/, scripts/. Search index sync is central to the system"
pilot30,task-6905333b74f22949d97ba9d3,paperless-ngx/paperless-ngx,1,1,63,6895ba9b-89a4-41e4-b4ba-64bf2b5bb430,paperless-ngx/paperless-ngx,False,0.04054054054054054,"Paperless-NGX repo is located at /app with a top-level structure containing src/ (Python backend), src-ui/ (frontend), docs/, docker/, and scripts/. The system'"
pilot30,task-6905333b74f22949d97ba9d3,paperless-ngx/paperless-ngx,2,1,31,6895ba9b-89a4-41e4-b4ba-64bf2b5bb430,paperless-ngx/paperless-ngx,False,0.04054054054054054,"Paperless-NGX repo is located at /app with a top-level structure containing src/ (Python backend), src-ui/ (frontend), docs/, docker/, and scripts/. The system'"
pilot30,task-6905333b74f22949d97ba9d3,paperless-ngx/paperless-ngx,3,1,72,ad054983-82e2-4962-96c2-f690c2b343d4,paperless-ngx/paperless-ngx,False,0.041666666666666664,"Paperless-ngx document ingestion pipeline: When a document is submitted (via API PostDocumentView or file drop into CONSUMPTION_DIR), it enters consume_file() i"
pilot30,task-6905333b74f22949d97ba9d3,paperless-ngx/paperless-ngx,3,2,72,eeced493-9123-4139-bc67-8d06e239f307,paperless-ngx/paperless-ngx,False,0.06481481481481481,"Paperless-ngx file storage on disk: Originals stored in MEDIA_ROOT/documents/originals/ with filename pattern {pk:07}{counter:02}{filetype} (e.g., 0000001.pdf),"
pilot30,task-6905333b74f22949d97ba9d3,paperless-ngx/paperless-ngx,3,3,68,3fbeb125-3dab-42c4-96a9-1ac79c08d62e,paperless-ngx/paperless-ngx,False,0.056910569105691054,"Paperless-ngx DB tables receiving rows during document ingestion: documents_document (main document record with title, content, mime_type, checksum, created, mo"
pilot30,task-6905333b74f22949d97ba9d3,paperless-ngx/paperless-ngx,3,4,63,6895ba9b-89a4-41e4-b4ba-64bf2b5bb430,paperless-ngx/paperless-ngx,False,0.04054054054054054,"Paperless-NGX repo is located at /app with a top-level structure containing src/ (Python backend), src-ui/ (frontend), docs/, docker/, and scripts/. The system'"
pilot30,task-6905333b74f22949d97ba9d3,paperless-ngx/paperless-ngx,3,5,59,b74505f9-1c20-4d76-9a0d-6680dfc88a51,paperless-ngx/paperless-ngx,False,0.08391608391608392,Paperless-ngx ML classifier retraining: train_classifier() in tasks.py is the single entry point. It trains on EVERY upload because it's called by the consumer 
pilot30,task-6905333b74f22949d97ba9d4,paperless-ngx/paperless-ngx,1,1,63,6895ba9b-89a4-41e4-b4ba-64bf2b5bb430,paperless-ngx/paperless-ngx,False,0.022058823529411766,"Paperless-NGX repo is located at /app with a top-level structure containing src/ (Python backend), src-ui/ (frontend), docs/, docker/, and scripts/. The system'"
pilot30,task-6905333b74f22949d97ba9d4,paperless-ngx/paperless-ngx,1,2,58,b74505f9-1c20-4d76-9a0d-6680dfc88a51,paperless-ngx/paperless-ngx,False,0.04477611940298507,Paperless-ngx ML classifier retraining: train_classifier() in tasks.py is the single entry point. It trains on EVERY upload because it's called by the consumer 
pilot30,task-6905333b74f22949d97ba9d4,paperless-ngx/paperless-ngx,1,3,62,3fbeb125-3dab-42c4-96a9-1ac79c08d62e,paperless-ngx/paperless-ngx,False,0.017699115044247787,"Paperless-ngx DB tables receiving rows during document ingestion: documents_document (main document record with title, content, mime_type, checksum, created, mo"
pilot30,task-6905333b74f22949d97ba9d4,paperless-ngx/paperless-ngx,1,4,60,ad054983-82e2-4962-96c2-f690c2b343d4,paperless-ngx/paperless-ngx,False,0.02564102564102564,"Paperless-ngx document ingestion pipeline: When a document is submitted (via API PostDocumentView or file drop into CONSUMPTION_DIR), it enters consume_file() i"
pilot30,task-6905333b74f22949d97ba9d4,paperless-ngx/paperless-ngx,1,5,57,eeced493-9123-4139-bc67-8d06e239f307,paperless-ngx/paperless-ngx,False,0.030927835051546393,"Paperless-ngx file storage on disk: Originals stored in MEDIA_ROOT/documents/originals/ with filename pattern {pk:07}{counter:02}{filetype} (e.g., 0000001.pdf),"
pilot30,task-6905333b74f22949d97ba9d5,paperless-ngx/paperless-ngx,1,1,76,ad054983-82e2-4962-96c2-f690c2b343d4,paperless-ngx/paperless-ngx,False,0.05421686746987952,"Paperless-ngx document ingestion pipeline: When a document is submitted (via API PostDocumentView or file drop into CONSUMPTION_DIR), it enters consume_file() i"
pilot30,task-6905333b74f22949d97ba9d5,paperless-ngx/paperless-ngx,1,2,68,3fbeb125-3dab-42c4-96a9-1ac79c08d62e,paperless-ngx/paperless-ngx,False,0.04,"Paperless-ngx DB tables receiving rows during document ingestion: documents_document (main document record with title, content, mime_type, checksum, created, mo"
pilot30,task-6905333b74f22949d97ba9d5,paperless-ngx/paperless-ngx,1,3,57,b74505f9-1c20-4d76-9a0d-6680dfc88a51,paperless-ngx/paperless-ngx,False,0.05442176870748299,Paperless-ngx ML classifier retraining: train_classifier() in tasks.py is the single entry point. It trains on EVERY upload because it's called by the consumer 
pilot30,task-6905333b74f22949d97ba9d5,paperless-ngx/paperless-ngx,1,4,63,6895ba9b-89a4-41e4-b4ba-64bf2b5bb430,paperless-ngx/paperless-ngx,False,0.03355704697986577,"Paperless-NGX repo is located at /app with a top-level structure containing src/ (Python backend), src-ui/ (frontend), docs/, docker/, and scripts/. The system'"
pilot30,task-6905333b74f22949d97ba9d5,paperless-ngx/paperless-ngx,1,5,61,eeced493-9123-4139-bc67-8d06e239f307,paperless-ngx/paperless-ngx,False,0.017699115044247787,"Paperless-ngx file storage on disk: Originals stored in MEDIA_ROOT/documents/originals/ with filename pattern {pk:07}{counter:02}{filetype} (e.g., 0000001.pdf),"
pilot30,task-6905333b74f22949d97ba9d6,paperless-ngx/paperless-ngx,1,1,65,ad054983-82e2-4962-96c2-f690c2b343d4,paperless-ngx/paperless-ngx,False,0.0223463687150838,Paperless-NGX v1.7.0 (commit 542221a38). Document ingestion pipeline trace: 1) Detection: files in CONSUMPTION_DIR detected via inotify (CLOSE_WRITE+MOVED_TO) o
pilot30,task-6905333b74f22949d97ba9d6,paperless-ngx/paperless-ngx,1,2,60,6895ba9b-89a4-41e4-b4ba-64bf2b5bb430,paperless-ngx/paperless-ngx,False,0.04827586206896552,"Paperless-NGX repo is located at /app with a top-level structure containing src/ (Python backend), src-ui/ (frontend), docs/, docker/, and scripts/. The system'"
pilot30,task-6905333b74f22949d97ba9d6,paperless-ngx/paperless-ngx,1,3,55,b74505f9-1c20-4d76-9a0d-6680dfc88a51,paperless-ngx/paperless-ngx,False,0.04794520547945205,Paperless-ngx ML classifier retraining: train_classifier() in tasks.py is the single entry point. It trains on EVERY upload because it's called by the consumer 
pilot30,task-6905333b74f22949d97ba9d6,paperless-ngx/paperless-ngx,1,4,57,eeced493-9123-4139-bc67-8d06e239f307,paperless-ngx/paperless-ngx,False,0.018018018018018018,"Paperless-ngx file storage on disk: Originals stored in MEDIA_ROOT/documents/originals/ with filename pattern {pk:07}{counter:02}{filetype} (e.g., 0000001.pdf),"
pilot30,task-6905333b74f22949d97ba9d6,paperless-ngx/paperless-ngx,1,5,55,3fbeb125-3dab-42c4-96a9-1ac79c08d62e,paperless-ngx/paperless-ngx,False,0.03225806451612903,"Paperless-ngx DB tables receiving rows during document ingestion: documents_document (main document record with title, content, mime_type, checksum, created, mo"
pilot30,task-6905333b74f22949d97ba9d6,paperless-ngx/paperless-ngx,2,1,63,ad054983-82e2-4962-96c2-f690c2b343d4,paperless-ngx/paperless-ngx,False,0.0223463687150838,Paperless-NGX v1.7.0 (commit 542221a38). Document ingestion pipeline trace: 1) Detection: files in CONSUMPTION_DIR detected via inotify (CLOSE_WRITE+MOVED_TO) o
pilot30,task-6905333b74f22949d97ba9d6,paperless-ngx/paperless-ngx,2,2,55,6895ba9b-89a4-41e4-b4ba-64bf2b5bb430,paperless-ngx/paperless-ngx,False,0.04827586206896552,"Paperless-NGX repo is located at /app with a top-level structure containing src/ (Python backend), src-ui/ (frontend), docs/, docker/, and scripts/. The system'"
pilot30,task-6905333b74f22949d97ba9d6,paperless-ngx/paperless-ngx,2,3,51,3fbeb125-3dab-42c4-96a9-1ac79c08d62e,paperless-ngx/paperless-ngx,False,0.03225806451612903,"Paperless-ngx DB tables receiving rows during document ingestion: documents_document (main document record with title, content, mime_type, checksum, created, mo"
pilot30,task-6905333b74f22949d97ba9d6,paperless-ngx/paperless-ngx,2,4,53,b74505f9-1c20-4d76-9a0d-6680dfc88a51,paperless-ngx/paperless-ngx,False,0.04794520547945205,Paperless-ngx ML classifier retraining: train_classifier() in tasks.py is the single entry point. It trains on EVERY upload because it's called by the consumer 
pilot30,task-6905333b74f22949d97ba9d6,paperless-ngx/paperless-ngx,2,5,48,eeced493-9123-4139-bc67-8d06e239f307,paperless-ngx/paperless-ngx,False,0.018018018018018018,"Paperless-ngx file storage on disk: Originals stored in MEDIA_ROOT/documents/originals/ with filename pattern {pk:07}{counter:02}{filetype} (e.g., 0000001.pdf),"
pilot30,task-6905333b74f22949d97ba9d7,paperless-ngx/paperless-ngx,1,1,49,ad054983-82e2-4962-96c2-f690c2b343d4,paperless-ngx/paperless-ngx,False,0.07738095238095238,Paperless-NGX v1.7.0 (commit 542221a38). Document ingestion pipeline trace: 1) Detection: files in CONSUMPTION_DIR detected via inotify (CLOSE_WRITE+MOVED_TO) o
pilot30,task-6905333b74f22949d97ba9d7,paperless-ngx/paperless-ngx,1,2,48,6895ba9b-89a4-41e4-b4ba-64bf2b5bb430,paperless-ngx/paperless-ngx,False,0.0273972602739726,"Paperless-NGX repo is located at /app with a top-level structure containing src/ (Python backend), src-ui/ (frontend), docs/, docker/, and scripts/. The system'"
pilot30,task-6905333b74f22949d97ba9d7,paperless-ngx/paperless-ngx,1,3,44,3fbeb125-3dab-42c4-96a9-1ac79c08d62e,paperless-ngx/paperless-ngx,False,0.03278688524590164,"Paperless-ngx DB tables receiving rows during document ingestion: documents_document (main document record with title, content, mime_type, checksum, created, mo"
pilot30,task-6905333b74f22949d97ba9d7,paperless-ngx/paperless-ngx,1,4,48,b74505f9-1c20-4d76-9a0d-6680dfc88a51,paperless-ngx/paperless-ngx,False,0.041379310344827586,Paperless-ngx ML classifier retraining: train_classifier() in tasks.py is the single entry point. It trains on EVERY upload because it's called by the consumer 
pilot30,task-6905333b74f22949d97ba9d7,paperless-ngx/paperless-ngx,1,5,42,eeced493-9123-4139-bc67-8d06e239f307,paperless-ngx/paperless-ngx,False,0.05714285714285714,"Paperless-ngx file storage on disk: Originals stored in MEDIA_ROOT/documents/originals/ with filename pattern {pk:07}{counter:02}{filetype} (e.g., 0000001.pdf),"
pilot30,task-6905333b74f22949d97ba9d8,paperless-ngx/paperless-ngx,1,1,57,b74505f9-1c20-4d76-9a0d-6680dfc88a51,paperless-ngx/paperless-ngx,False,0.07534246575342465,Paperless-ngx ML classifier retraining: train_classifier() in tasks.py is the single entry point. It trains on EVERY upload because it's called by the consumer 
pilot30,task-6905333b74f22949d97ba9d8,paperless-ngx/paperless-ngx,1,2,49,ad054983-82e2-4962-96c2-f690c2b343d4,paperless-ngx/paperless-ngx,False,0.0446927374301676,Paperless-NGX v1.7.0 (commit 542221a38). Document ingestion pipeline trace: 1) Detection: files in CONSUMPTION_DIR detected via inotify (CLOSE_WRITE+MOVED_TO) o
pilot30,task-6905333b74f22949d97ba9d8,paperless-ngx/paperless-ngx,1,3,42,3fbeb125-3dab-42c4-96a9-1ac79c08d62e,paperless-ngx/paperless-ngx,False,0.047619047619047616,"Paperless-ngx DB tables receiving rows during document ingestion: documents_document (main document record with title, content, mime_type, checksum, created, mo"
pilot30,task-6905333b74f22949d97ba9d8,paperless-ngx/paperless-ngx,1,4,40,eeced493-9123-4139-bc67-8d06e239f307,paperless-ngx/paperless-ngx,False,0.044642857142857144,"Paperless-ngx file storage on disk: Originals stored in MEDIA_ROOT/documents/originals/ with filename pattern {pk:07}{counter:02}{filetype} (e.g., 0000001.pdf),"
pilot30,task-6905333b74f22949d97ba9d8,paperless-ngx/paperless-ngx,1,5,42,3950bd8d-d742-4630-9e45-b14f934b94cf,paperless-ngx/paperless-ngx,False,0.021052631578947368,"Paperless-ngx API token header format: HTTP header is ""Authorization"" with value ""Token &lt;key&gt;"" (e.g., ""Token edd598d8f0d94aeb14181d9c1109fbe1cb9f96c2""). T"
pilot30,task-6905333b74f22949d97ba9d9,paperless-ngx/paperless-ngx,1,1,65,6895ba9b-89a4-41e4-b4ba-64bf2b5bb430,paperless-ngx/paperless-ngx,False,0.043795620437956206,"Paperless-NGX repo is located at /app with a top-level structure containing src/ (Python backend), src-ui/ (frontend), docs/, docker/, and scripts/. The system'"
pilot30,task-6905333b74f22949d97ba9d9,paperless-ngx/paperless-ngx,1,2,58,ad054983-82e2-4962-96c2-f690c2b343d4,paperless-ngx/paperless-ngx,False,0.03571428571428571,Paperless-NGX v1.7.0 (commit 542221a38). Document ingestion pipeline trace: 1) Detection: files in CONSUMPTION_DIR detected via inotify (CLOSE_WRITE+MOVED_TO) o
pilot30,task-6905333b74f22949d97ba9d9,paperless-ngx/paperless-ngx,1,3,58,3fbeb125-3dab-42c4-96a9-1ac79c08d62e,paperless-ngx/paperless-ngx,False,0.02586206896551724,"Paperless-ngx DB tables receiving rows during document ingestion: documents_document (main document record with title, content, mime_type, checksum, created, mo"
pilot30,task-6905333b74f22949d97ba9d9,paperless-ngx/paperless-ngx,1,4,56,78d69706-3ba7-496a-954f-b7ee12bee4f6,paperless-ngx/paperless-ngx,False,0.021739130434782608,"Paperless-ngx URL routing: API at /api/ includes router URLs + special endpoints. Token endpoint is path(""token/"", views.obtain_auth_token) from rest_framework."
pilot30,task-6905333b74f22949d97ba9d9,paperless-ngx/paperless-ngx,1,5,55,e81d6007-7632-49f9-822e-31f215fbe6e4,paperless-ngx/paperless-ngx,False,0.02197802197802198,"Paperless-ngx API pagination: DocumentViewSet uses StandardPagination (PageNumberPagination) with page_size=25, page_size_query_param=""page_size"", max_page_size"
pilot30,task-6905333b74f22949d97ba9db,paperless-ngx/paperless-ngx,1,1,60,b74505f9-1c20-4d76-9a0d-6680dfc88a51,paperless-ngx/paperless-ngx,False,0.04,Paperless-ngx ML classifier retraining: train_classifier() in tasks.py is the single entry point. It trains on EVERY upload because it's called by the consumer 
pilot30,task-6905333b74f22949d97ba9db,paperless-ngx/paperless-ngx,1,2,56,eeced493-9123-4139-bc67-8d06e239f307,paperless-ngx/paperless-ngx,False,0.05,"Paperless-ngx file storage on disk: Originals stored in MEDIA_ROOT/documents/originals/ with filename pattern {pk:07}{counter:02}{filetype} (e.g., 0000001.pdf),"
pilot30,task-6905333b74f22949d97ba9db,paperless-ngx/paperless-ngx,1,3,53,88db47c9-a3a7-4b41-b918-1d2061dcb8b4,paperless-ngx/paperless-ngx,False,0.030303030303030304,Confidence threshold in paperless-ngx classifier: there is NO confidence threshold used. The classifier uses sklearn's MLPClassifier.predict() which returns a c
pilot30,task-6905333b74f22949d97ba9db,paperless-ngx/paperless-ngx,1,4,55,ad054983-82e2-4962-96c2-f690c2b343d4,paperless-ngx/paperless-ngx,False,0.030303030303030304,Paperless-NGX v1.7.0 (commit 542221a38). Document ingestion pipeline trace: 1) Detection: files in CONSUMPTION_DIR detected via inotify (CLOSE_WRITE+MOVED_TO) o
pilot30,task-6905333b74f22949d97ba9db,paperless-ngx/paperless-ngx,1,5,55,3265c681-01e2-4dd6-ac46-f774a493bd47,paperless-ngx/paperless-ngx,False,0.01282051282051282,Paperless-ngx API endpoint path for listing documents: GET /api/documents/ (handled by UnifiedSearchViewSet which extends DocumentViewSet at /app/src/documents/
pilot30,task-6905333b74f22949d97ba9db,paperless-ngx/paperless-ngx,2,1,64,11efb39b-7459-49ec-8ed1-1b28d5d550fb,paperless-ngx/paperless-ngx,False,0.07142857142857142,"Paperless-NGX duplicate detection uses MD5 checksums. In consumer.py pre_check_duplicate(), the file content is read and hashed with hashlib.md5().hexdigest(). "
pilot30,task-6905333b74f22949d97ba9db,paperless-ngx/paperless-ngx,2,2,62,9bbed502-0eed-4cfe-a677-de9230bcda67,paperless-ngx/paperless-ngx,False,0.06842105263157895,Paperless-NGX file rename/move dance (update_filename_and_move_files in handlers.py): Triggered by m2m_changed on Document.tags.through OR post_save on Document
pilot30,task-6905333b74f22949d97ba9db,paperless-ngx/paperless-ngx,2,3,67,3d521017-f014-4759-a02c-32a0f36d9cfd,paperless-ngx/paperless-ngx,False,0.05952380952380952,"Paperless-NGX orphaned file detection: In sanity_checker.py check_sanity(), the system walks MEDIA_ROOT recursively building a set of present_files. For each do"
pilot30,task-6905333b74f22949d97ba9db,paperless-ngx/paperless-ngx,2,4,60,fb1ef573-5655-4d6c-963a-0a838cdfd512,paperless-ngx/paperless-ngx,False,0.0425531914893617,Paperless-NGX classifier training skip/continue logic (classifier.py train()): Uses SHA1 hash of preprocessed content + labels. It iterates all non-inbox-tag do
pilot30,task-6905333b74f22949d97ba9db,paperless-ngx/paperless-ngx,2,5,55,ed20882e-f772-4a84-8f11-355f7ab1c2db,,False,0.07926829268292683,"File move rollback behavior in update_filename_and_move_files (signals/handlers.py): When a file move fails, the except block attempts to move files back to the"
pilot30,task-6905333b74f22949d97ba9dc,paperless-ngx/paperless-ngx,1,1,67,ad054983-82e2-4962-96c2-f690c2b343d4,paperless-ngx/paperless-ngx,False,0.06358381502890173,Paperless-NGX v1.7.0 (commit 542221a38). Document ingestion pipeline trace: 1) Detection: files in CONSUMPTION_DIR detected via inotify (CLOSE_WRITE+MOVED_TO) o
pilot30,task-6905333b74f22949d97ba9dc,paperless-ngx/paperless-ngx,1,2,64,eeced493-9123-4139-bc67-8d06e239f307,paperless-ngx/paperless-ngx,False,0.07547169811320754,"Paperless-ngx file storage on disk: Originals stored in MEDIA_ROOT/documents/originals/ with filename pattern {pk:07}{counter:02}{filetype} (e.g., 0000001.pdf),"
pilot30,task-6905333b74f22949d97ba9dc,paperless-ngx/paperless-ngx,1,3,61,21cc08f7-d3d1-4560-a9bf-c30fade1b6b1,,False,0.05,"OCR subprocess and mime type: The OCR subprocess is ocrmypdf.ocr() (not tesseract directly), invoked in paperless_tesseract/parsers.py line 261. OCR_OUTPUT_TYPE"
pilot30,task-6905333b74f22949d97ba9dc,paperless-ngx/paperless-ngx,1,4,61,633663c1-5fa1-4b49-a3d9-0560fb015f71,paperless-ngx/paperless-ngx,False,0.05102040816326531,Paperless-ngx background processing architecture: 1) Trigger points: (a) API upload via PostDocumentView POST /api/documents/post_document/ - creates temp file 
pilot30,task-6905333b74f22949d97ba9dc,paperless-ngx/paperless-ngx,1,5,61,3d521017-f014-4759-a02c-32a0f36d9cfd,paperless-ngx/paperless-ngx,False,0.0782608695652174,"Paperless-NGX orphaned file detection: In sanity_checker.py check_sanity(), the system walks MEDIA_ROOT recursively building a set of present_files. For each do"
pilot30,task-6905333b74f22949d97ba9dd,paperless-ngx/paperless-ngx,1,1,77,ad054983-82e2-4962-96c2-f690c2b343d4,paperless-ngx/paperless-ngx,False,0.06914893617021277,Paperless-NGX v1.7.0 (commit 542221a38). Document ingestion pipeline trace: 1) Detection: files in CONSUMPTION_DIR detected via inotify (CLOSE_WRITE+MOVED_TO) o
pilot30,task-6905333b74f22949d97ba9dd,paperless-ngx/paperless-ngx,1,2,72,3fbeb125-3dab-42c4-96a9-1ac79c08d62e,paperless-ngx/paperless-ngx,False,0.057971014492753624,"Paperless-ngx DB tables receiving rows during document ingestion: documents_document (main document record with title, content, mime_type, checksum, created, mo"
pilot30,task-6905333b74f22949d97ba9dd,paperless-ngx/paperless-ngx,1,3,65,501eff03-e879-4a48-954e-a9b7d1e7bf53,paperless-ngx/paperless-ngx,False,0.07453416149068323,"paperless-ngx OCR multi-page PDF processing: API upload POST /api/documents/post_document/ returns HTTP 200 ""OK"" immediately after saving file to SCRATCH_DIR (t"
pilot30,task-6905333b74f22949d97ba9dd,paperless-ngx/paperless-ngx,1,4,68,8b06b071-4a98-48c0-911d-82426a61840f,paperless-ngx/paperless-ngx,False,0.072992700729927,"paperless-ngx log patterns during document consumption: 1) ""Consuming {filename}"" (INFO) - start of processing. 2) ""Detected mime type: {mime_type}"" (DEBUG) - M"
pilot30,task-6905333b74f22949d97ba9dd,paperless-ngx/paperless-ngx,1,5,70,633663c1-5fa1-4b49-a3d9-0560fb015f71,paperless-ngx/paperless-ngx,False,0.05188679245283019,Paperless-ngx background processing architecture: 1) Trigger points: (a) API upload via PostDocumentView POST /api/documents/post_document/ - creates temp file 
pilot30,task-6905333b74f22949d97ba9de,paperless-ngx/paperless-ngx,1,1,60,8b06b071-4a98-48c0-911d-82426a61840f,paperless-ngx/paperless-ngx,False,0.05625,"paperless-ngx log patterns during document consumption: 1) ""Consuming {filename}"" (INFO) - start of processing. 2) ""Detected mime type: {mime_type}"" (DEBUG) - M"
pilot30,task-6905333b74f22949d97ba9de,paperless-ngx/paperless-ngx,1,2,56,501eff03-e879-4a48-954e-a9b7d1e7bf53,paperless-ngx/paperless-ngx,False,0.03723404255319149,"paperless-ngx OCR multi-page PDF processing: API upload POST /api/documents/post_document/ returns HTTP 200 ""OK"" immediately after saving file to SCRATCH_DIR (t"
pilot30,task-6905333b74f22949d97ba9de,paperless-ngx/paperless-ngx,1,3,54,72991462-54a4-4de0-a8e6-66523f35abb7,paperless-ngx/paperless-ngx,False,0.025477707006369428,"paperless-ngx Document DB fields: documents_document table has: id (pk), correspondent (FK to documents_correspondent), title (varchar 128, blank), content (Tex"
pilot30,task-6905333b74f22949d97ba9de,paperless-ngx/paperless-ngx,1,4,59,ad054983-82e2-4962-96c2-f690c2b343d4,paperless-ngx/paperless-ngx,False,0.032407407407407406,Paperless-NGX v1.7.0 (commit 542221a38). Document ingestion pipeline trace: 1) Detection: files in CONSUMPTION_DIR detected via inotify (CLOSE_WRITE+MOVED_TO) o
pilot30,task-6905333b74f22949d97ba9de,paperless-ngx/paperless-ngx,1,5,59,633663c1-5fa1-4b49-a3d9-0560fb015f71,paperless-ngx/paperless-ngx,False,0.020833333333333332,Paperless-ngx background processing architecture: 1) Trigger points: (a) API upload via PostDocumentView POST /api/documents/post_document/ - creates temp file 
pilot30,task-6905333b74f22949d97ba9e0,paperless-ngx/paperless-ngx,1,1,53,e81d6007-7632-49f9-822e-31f215fbe6e4,paperless-ngx/paperless-ngx,False,0.03508771929824561,"Paperless-ngx API pagination: DocumentViewSet uses StandardPagination (PageNumberPagination) with page_size=25, page_size_query_param=""page_size"", max_page_size"
pilot30,task-6905333b74f22949d97ba9e0,paperless-ngx/paperless-ngx,1,2,49,846472fb-1e83-44a2-a332-1b816eacd4dd,paperless-ngx/paperless-ngx,False,0.04065040650406504,"Paperless-ngx repo at /app. Key structure: src/ contains Python backend with documents/, matching/, parsers/ (paperless_tesseract/), converters/, mail/, tasks.p"
pilot30,task-6905333b74f22949d97ba9e0,paperless-ngx/paperless-ngx,1,3,46,68035b1a-9e99-41dc-a9c0-18a591adb411,paperless-ngx/paperless-ngx,False,0.025423728813559324,"Number of training documents created per test: depends on test setup. In test_classifier.py's generate_test_data(), 3 documents are created (doc1, doc2, doc_inb"
pilot30,task-6905333b74f22949d97ba9e0,paperless-ngx/paperless-ngx,1,4,52,e6294fc0-3ca0-4dc5-a5a3-9308f3aa7e94,paperless-ngx/paperless-ngx,False,0.05970149253731343,Barcode splitting: scan_file_for_separating_barcodes() in tasks.py scans each page using pyzbar to detect barcodes matching settings.CONSUMER_BARCODE_STRING (de
pilot30,task-6905333b74f22949d97ba9e0,paperless-ngx/paperless-ngx,1,5,48,3265c681-01e2-4dd6-ac46-f774a493bd47,paperless-ngx/paperless-ngx,False,0.017094017094017096,Paperless-ngx API endpoint path for listing documents: GET /api/documents/ (handled by UnifiedSearchViewSet which extends DocumentViewSet at /app/src/documents/
pilot30,task-6905333b74f22949d97ba9e0,paperless-ngx/paperless-ngx,2,1,60,9b58a63e-81e6-4652-9585-f23c2e263c8e,paperless-ngx/paperless-ngx,False,0.10687022900763359,ROOT CAUSE of haunted document list in paperless-ngx v1.7.0: The DocumentViewSet (views.py line 175) has NO 'ordering' attribute on the view class. The filter_b
pilot30,task-6905333b74f22949d97ba9e0,paperless-ngx/paperless-ngx,2,2,56,11efb39b-7459-49ec-8ed1-1b28d5d550fb,paperless-ngx/paperless-ngx,False,0.016129032258064516,"Paperless-NGX duplicate detection uses MD5 checksums. In consumer.py pre_check_duplicate(), the file content is read and hashed with hashlib.md5().hexdigest(). "
pilot30,task-6905333b74f22949d97ba9e0,paperless-ngx/paperless-ngx,2,3,48,846472fb-1e83-44a2-a332-1b816eacd4dd,paperless-ngx/paperless-ngx,False,0.04065040650406504,"Paperless-ngx repo at /app. Key structure: src/ contains Python backend with documents/, matching/, parsers/ (paperless_tesseract/), converters/, mail/, tasks.p"
pilot30,task-6905333b74f22949d97ba9e0,paperless-ngx/paperless-ngx,2,4,52,e81d6007-7632-49f9-822e-31f215fbe6e4,paperless-ngx/paperless-ngx,False,0.03508771929824561,"Paperless-ngx API pagination: DocumentViewSet uses StandardPagination (PageNumberPagination) with page_size=25, page_size_query_param=""page_size"", max_page_size"
pilot30,task-6905333b74f22949d97ba9e0,paperless-ngx/paperless-ngx,2,5,49,501eff03-e879-4a48-954e-a9b7d1e7bf53,paperless-ngx/paperless-ngx,False,0.030120481927710843,"paperless-ngx OCR multi-page PDF processing: API upload POST /api/documents/post_document/ returns HTTP 200 ""OK"" immediately after saving file to SCRATCH_DIR (t"
pilot30,task-6905333b74f22949d97ba9e8,simple-login/app,1,1,64,3826213f-bc0d-42b8-876d-3a22e69e032f,simple-login/app,False,0.0502283105022831,"SimpleLogin reply resolution: Contact table has reply_email as a non-unique index column (ix_contact_reply_email, unique=False). Contact.get_by(reply_email=X) r"
pilot30,task-6905333b74f22949d97ba9e8,simple-login/app,1,2,68,17c478e5-b9a7-4f3a-a5af-94b151c0fab4,simple-login/app,False,0.06779661016949153,"SimpleLogin authentication: Web login is at `/auth/login` (GET/POST) - validates email+password against User.get_by(), checks disabled/deleted/activated status,"
pilot30,task-6905333b74f22949d97ba9e8,simple-login/app,1,3,69,bef044e1-e335-4656-b58a-f972be47b59f,simple-login/app,False,0.028735632183908046,"SimpleLogin repository at /app is an email masking/aliasing service. Key files: email_handler.py (83KB, aiosmtpd SMTP server on port 20381 for receiving/forward"
pilot30,task-6905333b74f22949d97ba9e8,simple-login/app,1,4,66,1b354cf5-5d19-402f-9db8-415bd1e4100e,simple-login/app,False,0.045714285714285714,"SimpleLogin API behavior: POST /api/auth/register creates user with activated=False, notification=True, sends activation email. POST /api/auth/login on unactiva"
pilot30,task-6905333b74f22949d97ba9e8,simple-login/app,1,5,71,816056d0-d467-4430-bfeb-640dac6607a6,simple-login/app,False,0.06153846153846154,"Complete trace of SimpleLogin email forwarding flow captured in /logs/agent/answer.txt:
- Successful forward log messages: LOG.d(""Forward %s -> %s -> %s""), LOG."
pilot30,task-6905333b74f22949d97baa1d,simple-login/app,1,1,49,0f6440fa-ad4a-42d7-904f-c47c393d6c31,simple-login/app,False,0.030303030303030304,"SimpleLogin (email privacy system) database migrations: 255 total migration files, all independent (no chain linking). Topological sort produces order from root"
pilot30,task-6905333b74f22949d97baa1d,simple-login/app,1,2,68,208cf5e4-de5c-4635-8324-7fa1912fcce9,simple-login/app,False,0.0707070707070707,"SimpleLogin session storage: ServerSession class (session.py) with session_id + dict data. Serialized via pickle.dumps(dict(session)) and stored in Redis as ""se"
pilot30,task-6905333b74f22949d97baa1d,simple-login/app,1,3,54,00922419-7c1e-4bd8-b0a0-44d88ea3df4c,simple-login/app,False,0.04081632653061224,"SimpleLogin failed login web: POST /auth/login with wrong password shows flash(""Email or password incorrect"", ""error""), renders login.html. Rate limiter deducts"
pilot30,task-6905333b74f22949d97baa1d,simple-login/app,1,4,55,5ee0dc5d-63e3-4b54-b108-6bb38fc77baf,simple-login/app,False,0.030612244897959183,"SimpleLogin failed login API: POST /api/auth/login with wrong credentials returns {""error"": ""Email or password incorrect""}, 400. Rate limited at 10/minute. Logi"
pilot30,task-6905333b74f22949d97baa1d,simple-login/app,1,5,50,0d8d9617-48df-4ae1-98b1-a51978a98474,simple-login/app,False,0.028037383177570093,SimpleLogin session cookie during login: flask_client uses Flask test client with session persistence across requests (uses cookies). When POST /auth/login succ
pilot30,task-6905333b74f22949d97baa1d,simple-login/app,2,1,58,208cf5e4-de5c-4635-8324-7fa1912fcce9,simple-login/app,False,0.0707070707070707,"SimpleLogin session storage: ServerSession class (session.py) with session_id + dict data. Serialized via pickle.dumps(dict(session)) and stored in Redis as ""se"
pilot30,task-6905333b74f22949d97baa1d,simple-login/app,2,2,41,0d8d9617-48df-4ae1-98b1-a51978a98474,simple-login/app,False,0.028037383177570093,SimpleLogin session cookie during login: flask_client uses Flask test client with session persistence across requests (uses cookies). When POST /auth/login succ
pilot30,task-6905333b74f22949d97baa1d,simple-login/app,2,3,40,027698d3-17b1-4542-8393-b27175b1f09b,simple-login/app,False,0.026845637583892617,"Startup behavior and readiness indicators:
1. config.py: prints "">>> URL: <URL>"" and "">>> init logging <<<"" to stdout at import time. Also prints ""load config f"
pilot30,task-6905333b74f22949d97baa1d,simple-login/app,2,4,37,17c478e5-b9a7-4f3a-a5af-94b151c0fab4,simple-login/app,False,0.02830188679245283,"SimpleLogin authentication: Web login is at `/auth/login` (GET/POST) - validates email+password against User.get_by(), checks disabled/deleted/activated status,"
pilot30,task-6905333b74f22949d97baa1d,simple-login/app,2,5,38,459ce52f-f244-4683-8429-0950ae340760,simple-login/app,False,0.046296296296296294,SimpleLogin request flow: Entry point is `server.py` create_app(). Routes: / (index) redirects to dashboard or auth/login. Blueprints: /auth/* (login/logout/MFA
pilot30-shuffle1,task-6905333b74f22949d97ba9a4,simple-login/app,1,1,41,9690fb9f-882a-4c6f-8f57-a6c665dfb5c9,,False,0.02830188679245283,"Question 1: When server.py starts with empty DB (no tables), opening login page GET /auth/login returns 200 OK because the GET request doesn't trigger DB querie"
pilot30-shuffle1,task-6905333b74f22949d97ba9a4,simple-login/app,1,2,58,7d246c14-b8e1-441f-bef7-831ae13189e0,simple-login/app,False,0.047619047619047616,"SimpleLogin alias creation complete flow analysis:

FRONTEND (Dashboard):
1. GET /dashboard/custom_alias - loads the alias creation form with:
   - prefix text "
pilot30-shuffle1,task-6905333b74f22949d97ba9a4,simple-login/app,1,3,54,787b9592-2c7f-44d6-a5c5-57b6376f6a90,simple-login/app,False,0.032520325203252036,Background jobs and internal services in SimpleLogin: 1) job_runner.py polls Job table every 10 seconds for tasks with state=ready. Job types include: JOB_ONBOA
pilot30-shuffle1,task-6905333b74f22949d97ba9a4,simple-login/app,1,4,55,630403ed-6974-480e-bd13-901620d80158,simple-login/app,False,0.02512562814070352,"SimpleLogin runtime behavior confirmed by actual testing:

1. PORT: Flask app binds to port 7777 (server.py line 588: app.run(debug=True, port=7777); Dockerfile"
pilot30-shuffle1,task-6905333b74f22949d97ba9a4,simple-login/app,1,5,58,c249a3c4-8fea-48cb-9281-65c16a56048a,simple-login/app,False,0.030612244897959183,"SimpleLogin repository structure: Core files are server.py (Flask webapp on port 7777), email_handler.py (aiosmtpd SMTP listener on port 20381), event_listener."
pilot30-shuffle1,task-6905333b74f22949d97ba9a5,simple-login/app,1,1,44,cf81cacf-8521-4354-a495-1558ec932780,simple-login/app,False,0.02727272727272727,"Question 3: When migrations are run but init_app.py is skipped (SLDomain table empty), emails to @sl.local addresses are rejected. Forward phase (e.g. testuser@"
pilot30-shuffle1,task-6905333b74f22949d97ba9a5,simple-login/app,1,2,31,9690fb9f-882a-4c6f-8f57-a6c665dfb5c9,,False,0.035398230088495575,"Question 1: When server.py starts with empty DB (no tables), opening login page GET /auth/login returns 200 OK because the GET request doesn't trigger DB querie"
pilot30-shuffle1,task-6905333b74f22949d97ba9a5,simple-login/app,1,3,46,97334410-600b-4b4e-9879-992fb7dcf72b,simple-login/app,False,0.03361344537815126,SimpleLogin reply resolution flow: 1) handle() checks if rcpt_to is a reverse alias via is_reverse_alias() which does Contact.get_by(reply_email=rcpt_to) + doma
pilot30-shuffle1,task-6905333b74f22949d97ba9a5,simple-login/app,1,4,44,130196f2-637b-4735-b8b3-de4bd567c546,simple-login/app,False,0.0380952380952381,"Alias transfer mechanism: transfer_alias() updates Contact.user_id, Alias.user_id, and other related tables. When an alias is transferred, the same reply_email "
pilot30-shuffle1,task-6905333b74f22949d97ba9a5,simple-login/app,1,5,41,16d9f0ea-f95c-43a7-ace3-fc5d5929ee07,simple-login/app,False,0.016666666666666666,SimpleLogin session handling: RedisSessionStore in app/session.py implements SessionInterface. It stores session data as pickled bytes in Redis. The session ID 
pilot30-shuffle1,task-6905333b74f22949d97ba9a6,simple-login/app,1,1,46,9690fb9f-882a-4c6f-8f57-a6c665dfb5c9,,False,0.07878787878787878,"Question 1: When server.py starts with empty DB (no tables), opening login page GET /auth/login returns 200 OK because the GET request doesn't trigger DB querie"
pilot30-shuffle1,task-6905333b74f22949d97ba9a6,simple-login/app,1,2,51,cf81cacf-8521-4354-a495-1558ec932780,simple-login/app,False,0.05454545454545454,"Question 3: When migrations are run but init_app.py is skipped (SLDomain table empty), emails to @sl.local addresses are rejected. Forward phase (e.g. testuser@"
pilot30-shuffle1,task-6905333b74f22949d97ba9a6,simple-login/app,1,3,55,7d41d76f-03ad-49fb-8c61-1b711625ea84,simple-login/app,False,0.05653710247349823,"SimpleLogin bounce system analysis - critical security findings:

1. OLD-STYLE VERP FORMAT (bounce+{id}+@domain): Uses parse_id_from_bounce() which does a simpl"
pilot30-shuffle1,task-6905333b74f22949d97ba9a6,simple-login/app,1,4,50,15011ff5-3ed5-4d87-a903-e2a92f2ce926,simple-login/app,False,0.017857142857142856,"Contact creation race condition: In contact_utils.create_contact(), the function checks Contact.get_by(alias_id, website_email) then creates if not exists. The "
pilot30-shuffle1,task-6905333b74f22949d97ba9a6,simple-login/app,1,5,56,7d246c14-b8e1-441f-bef7-831ae13189e0,simple-login/app,False,0.08741258741258741,"SimpleLogin alias creation complete flow analysis:

FRONTEND (Dashboard):
1. GET /dashboard/custom_alias - loads the alias creation form with:
   - prefix text "
pilot30-shuffle1,task-6905333b74f22949d97ba9a6,simple-login/app,2,1,56,cf81cacf-8521-4354-a495-1558ec932780,simple-login/app,False,0.05454545454545454,"Question 3: When migrations are run but init_app.py is skipped (SLDomain table empty), emails to @sl.local addresses are rejected. Forward phase (e.g. testuser@"
pilot30-shuffle1,task-6905333b74f22949d97ba9a6,simple-login/app,2,2,46,9690fb9f-882a-4c6f-8f57-a6c665dfb5c9,,False,0.07878787878787878,"Question 1: When server.py starts with empty DB (no tables), opening login page GET /auth/login returns 200 OK because the GET request doesn't trigger DB querie"
pilot30-shuffle1,task-6905333b74f22949d97ba9a6,simple-login/app,2,3,61,4b43b1dd-f802-4720-96b5-f7bd4860d7a7,simple-login/app,False,0.10273972602739725,"User info API /api/user_info returns max_alias_free_plan dynamically from config.MAX_NB_EMAIL_FREE_PLAN (default 5, read from env var). When changed in .env fro"
pilot30-shuffle1,task-6905333b74f22949d97ba9a6,simple-login/app,2,4,64,4693ee99-c50b-4d58-ac74-372570594aa9,simple-login/app,False,0.028735632183908046,"Custom alias creation flow (API v2/v3):
1. POST /api/v2/alias/custom/new or /api/v3/alias/custom/new
2. Rate-limited by @limiter.limit(ALIAS_LIMIT) where ALIAS_"
pilot30-shuffle1,task-6905333b74f22949d97ba9a6,simple-login/app,2,5,54,65768faa-6392-4b00-9bfb-0404c7b0e0aa,,False,0.10135135135135136,"API registration/login flow: POST /api/auth/register with JSON {""email"": ""..."", ""password"": ""***""} returns 200 with {""msg"": ""User needs to confirm their account"
pilot30-shuffle1,task-6905333b74f22949d97ba9a7,simple-login/app,1,1,62,7d41d76f-03ad-49fb-8c61-1b711625ea84,simple-login/app,False,0.08050847457627118,"SimpleLogin bounce system analysis - critical security findings:

1. OLD-STYLE VERP FORMAT (bounce+{id}+@domain): Uses parse_id_from_bounce() which does a simpl"
pilot30-shuffle1,task-6905333b74f22949d97ba9a7,simple-login/app,1,2,48,f6e5ecf5-6777-453e-b566-8cae3970e42f,simple-login/app,False,0.036231884057971016,"Signed suffix verification in alias_suffix.py:
- check_suffix_signature() uses itsdangerous.TimestampSigner.unsign(signed_suffix, max_age=600)
- Catches itsdang"
pilot30-shuffle1,task-6905333b74f22949d97ba9a7,simple-login/app,1,3,63,a43bc44a-7582-4eb6-bcac-6bf820236162,simple-login/app,False,0.02040816326530612,"User registration flow in SimpleLogin: 1) User visits GET /register, sees form with email+password fields + hCaptcha if configured. 2) POST /register creates Us"
pilot30-shuffle1,task-6905333b74f22949d97ba9a7,simple-login/app,1,4,59,7d246c14-b8e1-441f-bef7-831ae13189e0,simple-login/app,False,0.05533596837944664,"SimpleLogin alias creation complete flow analysis:

FRONTEND (Dashboard):
1. GET /dashboard/custom_alias - loads the alias creation form with:
   - prefix text "
pilot30-shuffle1,task-6905333b74f22949d97ba9a7,simple-login/app,1,5,61,466f88e2-fec9-4d5f-a531-7c2726d2c53c,simple-login/app,False,0.04195804195804196,Email forwarding flow in SimpleLogin: The email_handler.py handles two phases: FORWARD and REPLY. Forward phase (contact sends to alias@domain): handle_forward(
pilot30-shuffle1,task-6905333b74f22949d97ba9a7,simple-login/app,2,1,49,f6e5ecf5-6777-453e-b566-8cae3970e42f,simple-login/app,False,0.036231884057971016,"Signed suffix verification in alias_suffix.py:
- check_suffix_signature() uses itsdangerous.TimestampSigner.unsign(signed_suffix, max_age=600)
- Catches itsdang"
pilot30-shuffle1,task-6905333b74f22949d97ba9a7,simple-login/app,2,2,50,7d41d76f-03ad-49fb-8c61-1b711625ea84,simple-login/app,False,0.08050847457627118,"SimpleLogin bounce system analysis - critical security findings:

1. OLD-STYLE VERP FORMAT (bounce+{id}+@domain): Uses parse_id_from_bounce() which does a simpl"
pilot30-shuffle1,task-6905333b74f22949d97ba9a7,simple-login/app,2,3,45,466f88e2-fec9-4d5f-a531-7c2726d2c53c,simple-login/app,False,0.04195804195804196,Email forwarding flow in SimpleLogin: The email_handler.py handles two phases: FORWARD and REPLY. Forward phase (contact sends to alias@domain): handle_forward(
pilot30-shuffle1,task-6905333b74f22949d97ba9a7,simple-login/app,2,4,46,4693ee99-c50b-4d58-ac74-372570594aa9,simple-login/app,False,0.030534351145038167,"Custom alias creation flow (API v2/v3):
1. POST /api/v2/alias/custom/new or /api/v3/alias/custom/new
2. Rate-limited by @limiter.limit(ALIAS_LIMIT) where ALIAS_"
pilot30-shuffle1,task-6905333b74f22949d97ba9a7,simple-login/app,2,5,47,97334410-600b-4b4e-9879-992fb7dcf72b,simple-login/app,False,0.05583756345177665,"Complete SimpleLogin reply routing flow analysis:

FLOW ENTRY: email_handler.py handle(envelope, msg) - called by aiosmtpd on incoming email on port 20381.

REP"
pilot30-shuffle1,task-6905333b74f22949d97ba9a7,simple-login/app,3,1,67,7d41d76f-03ad-49fb-8c61-1b711625ea84,simple-login/app,False,0.08050847457627118,"SimpleLogin bounce system analysis - critical security findings:

1. OLD-STYLE VERP FORMAT (bounce+{id}+@domain): Uses parse_id_from_bounce() which does a simpl"
pilot30-shuffle1,task-6905333b74f22949d97ba9a7,simple-login/app,3,2,64,d0001e54-2a20-4f86-ac9b-84cd06df492e,simple-login/app,False,0.05128205128205128,"BOUNCE/VERP FORWARDING SYSTEM:
- VERP address format (new-style): sl.{base32(payload)}.{base32(sig)}@domain
  - Payload: JSON [verp_type, object_id, time_in_min"
pilot30-shuffle1,task-6905333b74f22949d97ba9a7,simple-login/app,3,3,62,787b9592-2c7f-44d6-a5c5-57b6376f6a90,simple-login/app,False,0.04827586206896552,Background jobs and internal services in SimpleLogin: 1) job_runner.py polls Job table every 10 seconds for tasks with state=ready. Job types include: JOB_ONBOA
pilot30-shuffle1,task-6905333b74f22949d97ba9a7,simple-login/app,3,4,58,97334410-600b-4b4e-9879-992fb7dcf72b,simple-login/app,False,0.05583756345177665,"Complete SimpleLogin reply routing flow analysis:

FLOW ENTRY: email_handler.py handle(envelope, msg) - called by aiosmtpd on incoming email on port 20381.

REP"
pilot30-shuffle1,task-6905333b74f22949d97ba9a7,simple-login/app,3,5,43,f6e5ecf5-6777-453e-b566-8cae3970e42f,simple-login/app,False,0.036231884057971016,"Signed suffix verification in alias_suffix.py:
- check_suffix_signature() uses itsdangerous.TimestampSigner.unsign(signed_suffix, max_age=600)
- Catches itsdang"
pilot30-shuffle1,task-6905333b74f22949d97ba9a7,simple-login/app,3,6,57,466f88e2-fec9-4d5f-a531-7c2726d2c53c,simple-login/app,False,0.04195804195804196,Email forwarding flow in SimpleLogin: The email_handler.py handles two phases: FORWARD and REPLY. Forward phase (contact sends to alias@domain): handle_forward(
pilot30-shuffle1,task-6905333b74f22949d97ba9a7,simple-login/app,3,7,51,f51782e7-6ccf-4f65-b04f-f8b6ce54d4b6,simple-login/app,False,0.05555555555555555,"BACKGROUND JOB LIFECYCLE:
- Job table: state field with JobState enum (ready=0, taken=1, done=2, error=3), attempts (int, default 0), taken (bool), taken_at (ti"
pilot30-shuffle1,task-6905333b74f22949d97ba9a7,simple-login/app,3,8,54,c689ab07-bbfc-4d1d-9288-98bbba04e5bd,simple-login/app,False,0.047619047619047616,"Repository structure: SimpleLogin codebase at /app. Key files: email_handler.py (58K SMTP handler), job_runner.py (background job polling), cron.py (scheduled t"
pilot30-shuffle1,task-6905333b74f22949d97ba9a7,simple-login/app,3,9,54,7d246c14-b8e1-441f-bef7-831ae13189e0,simple-login/app,False,0.05533596837944664,"SimpleLogin alias creation complete flow analysis:

FRONTEND (Dashboard):
1. GET /dashboard/custom_alias - loads the alias creation form with:
   - prefix text "
pilot30-shuffle1,task-6905333b74f22949d97ba9a7,simple-login/app,3,10,50,b0a363dc-953f-49f9-adb4-0af3e432646a,simple-login/app,False,0.027559055118110236,"SimpleLogin startup in dev mode (server.py local_main()): imports app/config and app/log modules first. app/log.py prints "">>> init logging <<<"". app/config.py "
pilot30-shuffle1,task-6905333b74f22949d97ba9a8,simple-login/app,1,1,49,9690fb9f-882a-4c6f-8f57-a6c665dfb5c9,,False,0.044444444444444446,"Question 1: When server.py starts with empty DB (no tables), opening login page GET /auth/login returns 200 OK because the GET request doesn't trigger DB querie"
pilot30-shuffle1,task-6905333b74f22949d97ba9a8,simple-login/app,1,2,64,c249a3c4-8fea-48cb-9281-65c16a56048a,simple-login/app,False,0.04878048780487805,"SimpleLogin repository structure: Core files are server.py (Flask webapp on port 7777), email_handler.py (aiosmtpd SMTP listener on port 20381), event_listener."
pilot30-shuffle1,task-6905333b74f22949d97ba9a8,simple-login/app,1,3,53,c2e9844a-a482-435c-9521-6ba1499b5c5f,simple-login/app,False,0.07017543859649122,"SimpleLogin session corruption behavior: RedisSessionStore.open_session() uses try/except Exception: pass on pickle.loads(), silently swallowing ALL errors (Unp"
pilot30-shuffle1,task-6905333b74f22949d97ba9a8,simple-login/app,1,4,49,7d246c14-b8e1-441f-bef7-831ae13189e0,simple-login/app,False,0.05581395348837209,"SimpleLogin alias creation complete flow analysis:

FRONTEND (Dashboard):
1. GET /dashboard/custom_alias - loads the alias creation form with:
   - prefix text "
pilot30-shuffle1,task-6905333b74f22949d97ba9a8,simple-login/app,1,5,42,787b9592-2c7f-44d6-a5c5-57b6376f6a90,simple-login/app,False,0.04672897196261682,Background jobs and internal services in SimpleLogin: 1) job_runner.py polls Job table every 10 seconds for tasks with state=ready. Job types include: JOB_ONBOA
pilot30-shuffle1,task-6905333b74f22949d97ba9a9,simple-login/app,1,1,58,cf81cacf-8521-4354-a495-1558ec932780,simple-login/app,False,0.043859649122807015,"Question 3: When migrations are run but init_app.py is skipped (SLDomain table empty), emails to @sl.local addresses are rejected. Forward phase (e.g. testuser@"
pilot30-shuffle1,task-6905333b74f22949d97ba9a9,simple-login/app,1,2,59,7d41d76f-03ad-49fb-8c61-1b711625ea84,simple-login/app,False,0.05627705627705628,"SimpleLogin bounce system analysis - critical security findings:

1. OLD-STYLE VERP FORMAT (bounce+{id}+@domain): Uses parse_id_from_bounce() which does a simpl"
pilot30-shuffle1,task-6905333b74f22949d97ba9a9,simple-login/app,1,3,74,97334410-600b-4b4e-9879-992fb7dcf72b,simple-login/app,False,0.06611570247933884,SimpleLogin reply resolution flow: 1) handle() checks if rcpt_to is a reverse alias via is_reverse_alias() which does Contact.get_by(reply_email=rcpt_to) + doma
pilot30-shuffle1,task-6905333b74f22949d97ba9a9,simple-login/app,1,4,58,130196f2-637b-4735-b8b3-de4bd567c546,simple-login/app,False,0.036036036036036036,"Alias transfer mechanism: transfer_alias() updates Contact.user_id, Alias.user_id, and other related tables. When an alias is transferred, the same reply_email "
pilot30-shuffle1,task-6905333b74f22949d97ba9a9,simple-login/app,1,5,66,466f88e2-fec9-4d5f-a531-7c2726d2c53c,simple-login/app,False,0.104,Email forwarding flow in SimpleLogin: The email_handler.py handles two phases: FORWARD and REPLY. Forward phase (contact sends to alias@domain): handle_forward(
pilot30-shuffle1,task-6905333b74f22949d97ba9aa,simple-login/app,1,1,46,9690fb9f-882a-4c6f-8f57-a6c665dfb5c9,,False,0.05660377358490566,"Question 1: When server.py starts with empty DB (no tables), opening login page GET /auth/login returns 200 OK because the GET request doesn't trigger DB querie"
pilot30-shuffle1,task-6905333b74f22949d97ba9aa,simple-login/app,1,2,49,cf81cacf-8521-4354-a495-1558ec932780,simple-login/app,False,0.038461538461538464,"Question 3: When migrations are run but init_app.py is skipped (SLDomain table empty), emails to @sl.local addresses are rejected. Forward phase (e.g. testuser@"
pilot30-shuffle1,task-6905333b74f22949d97ba9aa,simple-login/app,1,3,69,c249a3c4-8fea-48cb-9281-65c16a56048a,simple-login/app,False,0.0196078431372549,"SimpleLogin repository structure: Core files are server.py (Flask webapp on port 7777), email_handler.py (aiosmtpd SMTP listener on port 20381), event_listener."
pilot30-shuffle1,task-6905333b74f22949d97ba9aa,simple-login/app,1,4,63,787b9592-2c7f-44d6-a5c5-57b6376f6a90,simple-login/app,False,0.04,Background jobs and internal services in SimpleLogin: 1) job_runner.py polls Job table every 10 seconds for tasks with state=ready. Job types include: JOB_ONBOA
pilot30-shuffle1,task-6905333b74f22949d97ba9aa,simple-login/app,1,5,63,466f88e2-fec9-4d5f-a531-7c2726d2c53c,simple-login/app,False,0.049586776859504134,Email forwarding flow in SimpleLogin: The email_handler.py handles two phases: FORWARD and REPLY. Forward phase (contact sends to alias@domain): handle_forward(
pilot30-shuffle1,task-6905333b74f22949d97ba9aa,simple-login/app,2,1,49,9690fb9f-882a-4c6f-8f57-a6c665dfb5c9,,False,0.05660377358490566,"Question 1: When server.py starts with empty DB (no tables), opening login page GET /auth/login returns 200 OK because the GET request doesn't trigger DB querie"
pilot30-shuffle1,task-6905333b74f22949d97ba9aa,simple-login/app,2,2,46,f6e5ecf5-6777-453e-b566-8cae3970e42f,simple-login/app,False,0.025423728813559324,"Signed suffix verification in alias_suffix.py:
- check_suffix_signature() uses itsdangerous.TimestampSigner.unsign(signed_suffix, max_age=600)
- Catches itsdang"
pilot30-shuffle1,task-6905333b74f22949d97ba9aa,simple-login/app,2,3,65,787b9592-2c7f-44d6-a5c5-57b6376f6a90,simple-login/app,False,0.04,Background jobs and internal services in SimpleLogin: 1) job_runner.py polls Job table every 10 seconds for tasks with state=ready. Job types include: JOB_ONBOA
pilot30-shuffle1,task-6905333b74f22949d97ba9aa,simple-login/app,2,4,51,cf81cacf-8521-4354-a495-1558ec932780,simple-login/app,False,0.038461538461538464,"Question 3: When migrations are run but init_app.py is skipped (SLDomain table empty), emails to @sl.local addresses are rejected. Forward phase (e.g. testuser@"
pilot30-shuffle1,task-6905333b74f22949d97ba9aa,simple-login/app,2,5,62,466f88e2-fec9-4d5f-a531-7c2726d2c53c,simple-login/app,False,0.049586776859504134,Email forwarding flow in SimpleLogin: The email_handler.py handles two phases: FORWARD and REPLY. Forward phase (contact sends to alias@domain): handle_forward(
pilot30-shuffle1,task-6905333b74f22949d97ba9ab,simple-login/app,1,1,47,15011ff5-3ed5-4d87-a903-e2a92f2ce926,simple-login/app,False,0.03731343283582089,"Contact creation race condition: In contact_utils.create_contact(), the function checks Contact.get_by(alias_id, website_email) then creates if not exists. The "
pilot30-shuffle1,task-6905333b74f22949d97ba9ab,simple-login/app,1,2,45,f6e5ecf5-6777-453e-b566-8cae3970e42f,simple-login/app,False,0.06164383561643835,"Signed suffix verification in alias_suffix.py:
- check_suffix_signature() uses itsdangerous.TimestampSigner.unsign(signed_suffix, max_age=600)
- Catches itsdang"
pilot30-shuffle1,task-6905333b74f22949d97ba9ab,simple-login/app,1,3,55,c249a3c4-8fea-48cb-9281-65c16a56048a,simple-login/app,False,0.014705882352941176,"SimpleLogin repository structure: Core files are server.py (Flask webapp on port 7777), email_handler.py (aiosmtpd SMTP listener on port 20381), event_listener."
pilot30-shuffle1,task-6905333b74f22949d97ba9ab,simple-login/app,1,4,55,4693ee99-c50b-4d58-ac74-372570594aa9,simple-login/app,False,0.035211267605633804,"Custom alias creation flow (API v2/v3):
1. POST /api/v2/alias/custom/new or /api/v3/alias/custom/new
2. Rate-limited by @limiter.limit(ALIAS_LIMIT) where ALIAS_"
pilot30-shuffle1,task-6905333b74f22949d97ba9ab,simple-login/app,1,5,47,cf81cacf-8521-4354-a495-1558ec932780,simple-login/app,False,0.028985507246376812,"Question 3: When migrations are run but init_app.py is skipped (SLDomain table empty), emails to @sl.local addresses are rejected. Forward phase (e.g. testuser@"
pilot30-shuffle1,task-6905333b74f22949d97ba9ac,simple-login/app,2,1,66,466f88e2-fec9-4d5f-a531-7c2726d2c53c,simple-login/app,False,0.09090909090909091,"SimpleLogin email forward flow: email_handler.handle() routes to handle_forward() for alias recipients. When alias exists, forward_email_to_mailbox() creates Em"
pilot30-shuffle1,task-6905333b74f22949d97ba9ad,simple-login/app,1,1,63,c249a3c4-8fea-48cb-9281-65c16a56048a,simple-login/app,False,0.06140350877192982,"Question 2: SimpleLogin has 4+ Python services: 1) server.py (Flask webapp on port 7777), 2) email_handler.py (SMTP listener on port 20381, uses aiosmtpd Contro"
pilot30-shuffle1,task-6905333b74f22949d97ba9ad,simple-login/app,1,2,58,97334410-600b-4b4e-9879-992fb7dcf72b,simple-login/app,False,0.047244094488188976,SimpleLogin reply resolution flow: 1) handle() checks if rcpt_to is a reverse alias via is_reverse_alias() which does Contact.get_by(reply_email=rcpt_to) + doma
pilot30-shuffle1,task-6905333b74f22949d97ba9ad,simple-login/app,1,3,58,466f88e2-fec9-4d5f-a531-7c2726d2c53c,simple-login/app,False,0.047619047619047616,"SimpleLogin email forward flow: email_handler.handle() routes to handle_forward() for alias recipients. When alias exists, forward_email_to_mailbox() creates Em"
pilot30-shuffle1,task-6905333b74f22949d97ba9ad,simple-login/app,1,4,44,15011ff5-3ed5-4d87-a903-e2a92f2ce926,simple-login/app,False,0.008403361344537815,"Contact creation race condition: In contact_utils.create_contact(), the function checks Contact.get_by(alias_id, website_email) then creates if not exists. The "
pilot30-shuffle1,task-6905333b74f22949d97ba9ad,simple-login/app,1,5,42,9690fb9f-882a-4c6f-8f57-a6c665dfb5c9,,False,0.024193548387096774,"Question 1: When server.py starts with empty DB (no tables), opening login page GET /auth/login returns 200 OK because the GET request doesn't trigger DB querie"
pilot30-shuffle1,task-6905333b74f22949d97ba9ad,simple-login/app,2,1,62,c249a3c4-8fea-48cb-9281-65c16a56048a,simple-login/app,False,0.09285714285714286,SimpleLogin architecture overview: The platform is an email alias/masking service. Core components: 1) server.py - Flask webapp on port 7777 with routes for aut
pilot30-shuffle1,task-6905333b74f22949d97ba9ad,simple-login/app,2,2,59,787b9592-2c7f-44d6-a5c5-57b6376f6a90,simple-login/app,False,0.07407407407407407,Background jobs and internal services in SimpleLogin: 1) job_runner.py polls Job table every 10 seconds for tasks with state=ready. Job types include: JOB_ONBOA
pilot30-shuffle1,task-6905333b74f22949d97ba9ad,simple-login/app,2,3,57,a43bc44a-7582-4eb6-bcac-6bf820236162,simple-login/app,False,0.05925925925925926,"User registration flow in SimpleLogin: 1) User visits GET /register, sees form with email+password fields + hCaptcha if configured. 2) POST /register creates Us"
pilot30-shuffle1,task-6905333b74f22949d97ba9ad,simple-login/app,2,4,50,466f88e2-fec9-4d5f-a531-7c2726d2c53c,simple-login/app,False,0.05970149253731343,Email forwarding flow in SimpleLogin: The email_handler.py handles two phases: FORWARD and REPLY. Forward phase (contact sends to alias@domain): handle_forward(
pilot30-shuffle1,task-6905333b74f22949d97ba9ad,simple-login/app,2,5,50,97334410-600b-4b4e-9879-992fb7dcf72b,simple-login/app,False,0.047244094488188976,SimpleLogin reply resolution flow: 1) handle() checks if rcpt_to is a reverse alias via is_reverse_alias() which does Contact.get_by(reply_email=rcpt_to) + doma
pilot30-shuffle1,task-6905333b74f22949d97ba9ae,simple-login/app,1,1,65,466f88e2-fec9-4d5f-a531-7c2726d2c53c,simple-login/app,False,0.03731343283582089,"SimpleLogin email forward flow: email_handler.handle() routes to handle_forward() for alias recipients. When alias exists, forward_email_to_mailbox() creates Em"
pilot30-shuffle1,task-6905333b74f22949d97ba9ae,simple-login/app,2,1,70,466f88e2-fec9-4d5f-a531-7c2726d2c53c,simple-login/app,False,0.03731343283582089,"SimpleLogin email forward flow: email_handler.handle() routes to handle_forward() for alias recipients. When alias exists, forward_email_to_mailbox() creates Em"
pilot30-shuffle1,task-6905333b74f22949d97ba9ae,simple-login/app,3,1,74,97334410-600b-4b4e-9879-992fb7dcf72b,simple-login/app,False,0.06870229007633588,SimpleLogin reply resolution flow: 1) handle() checks if rcpt_to is a reverse alias via is_reverse_alias() which does Contact.get_by(reply_email=rcpt_to) + doma
pilot30-shuffle1,task-6905333b74f22949d97ba9ae,simple-login/app,3,2,75,466f88e2-fec9-4d5f-a531-7c2726d2c53c,simple-login/app,False,0.03731343283582089,"SimpleLogin email forward flow: email_handler.handle() routes to handle_forward() for alias recipients. When alias exists, forward_email_to_mailbox() creates Em"
pilot30-shuffle1,task-6905333b74f22949d97ba9ae,simple-login/app,3,3,67,130196f2-637b-4735-b8b3-de4bd567c546,simple-login/app,False,0.09565217391304348,"Alias transfer mechanism: transfer_alias() updates Contact.user_id, Alias.user_id, and other related tables. When an alias is transferred, the same reply_email "
pilot30-shuffle1,task-6905333b74f22949d97ba9ae,simple-login/app,3,4,50,15011ff5-3ed5-4d87-a903-e2a92f2ce926,simple-login/app,False,0.040983606557377046,"Contact creation race condition: In contact_utils.create_contact(), the function checks Contact.get_by(alias_id, website_email) then creates if not exists. The "
pilot30-shuffle1,task-6905333b74f22949d97ba9af,simple-login/app,1,1,37,15011ff5-3ed5-4d87-a903-e2a92f2ce926,simple-login/app,False,0.006993006993006993,"Contact creation race condition: In contact_utils.create_contact(), the function checks Contact.get_by(alias_id, website_email) then creates if not exists. The "
pilot30-shuffle1,task-6905333b74f22949d97ba9af,simple-login/app,1,2,35,97334410-600b-4b4e-9879-992fb7dcf72b,simple-login/app,False,0.00641025641025641,SimpleLogin reply resolution flow: 1) handle() checks if rcpt_to is a reverse alias via is_reverse_alias() which does Contact.get_by(reply_email=rcpt_to) + doma
pilot30-shuffle1,task-6905333b74f22949d97ba9af,simple-login/app,1,3,34,130196f2-637b-4735-b8b3-de4bd567c546,simple-login/app,False,0.007042253521126761,"Alias transfer mechanism: transfer_alias() updates Contact.user_id, Alias.user_id, and other related tables. When an alias is transferred, the same reply_email "
pilot30-shuffle1,task-6905333b74f22949d97ba9af,simple-login/app,1,4,37,466f88e2-fec9-4d5f-a531-7c2726d2c53c,simple-login/app,False,0.02631578947368421,"SimpleLogin email forward flow: email_handler.handle() routes to handle_forward() for alias recipients. When alias exists, forward_email_to_mailbox() creates Em"
pilot30-shuffle1,task-6905333b74f22949d97ba9b2,simple-login/app,1,1,55,cf81cacf-8521-4354-a495-1558ec932780,simple-login/app,False,0.0457516339869281,"Question 3: When migrations are run but init_app.py is skipped (SLDomain table empty), emails to @sl.local addresses are rejected. Forward phase (e.g. testuser@"
pilot30-shuffle1,task-6905333b74f22949d97ba9b2,simple-login/app,1,2,46,9690fb9f-882a-4c6f-8f57-a6c665dfb5c9,,False,0.012345679012345678,"Question 1: When server.py starts with empty DB (no tables), opening login page GET /auth/login returns 200 OK because the GET request doesn't trigger DB querie"
pilot30-shuffle1,task-6905333b74f22949d97ba9b2,simple-login/app,1,3,67,97334410-600b-4b4e-9879-992fb7dcf72b,simple-login/app,False,0.030303030303030304,SimpleLogin reply resolution flow: 1) handle() checks if rcpt_to is a reverse alias via is_reverse_alias() which does Contact.get_by(reply_email=rcpt_to) + doma
pilot30-shuffle1,task-6905333b74f22949d97ba9b2,simple-login/app,1,4,64,466f88e2-fec9-4d5f-a531-7c2726d2c53c,simple-login/app,False,0.052941176470588235,Email forwarding flow in SimpleLogin: The email_handler.py handles two phases: FORWARD and REPLY. Forward phase (contact sends to alias@domain): handle_forward(
pilot30-shuffle1,task-6905333b74f22949d97ba9b2,simple-login/app,1,5,59,a43bc44a-7582-4eb6-bcac-6bf820236162,simple-login/app,False,0.034482758620689655,"User registration flow in SimpleLogin: 1) User visits GET /register, sees form with email+password fields + hCaptcha if configured. 2) POST /register creates Us"
pilot30-shuffle1,task-6905333b74f22949d97ba9d0,paperless-ngx/paperless-ngx,1,1,62,6514d228-adde-4b4e-a384-c15f303f703e,paperless-ngx/paperless-ngx,False,0.01098901098901099,Paperless-ngx project located at /app/src with Django settings in /app/src/paperless/settings.py. Main Django manage.py at /app/src/manage.py. Project structure
pilot30-shuffle1,task-6905333b74f22949d97ba9d0,paperless-ngx/paperless-ngx,1,2,52,0375013e-1c19-423b-972d-b2c3de5078e1,paperless-ngx/paperless-ngx,False,0.05442176870748299,"Live test results for paperless-ngx multi-page PDF upload: POST to /api/documents/post_document/ with multipart/form-data returns HTTP 200 with body '""OK""' imme"
pilot30-shuffle1,task-6905333b74f22949d97ba9d0,paperless-ngx/paperless-ngx,1,3,58,02a16ed3-a991-4443-8d51-057384d22824,paperless-ngx/paperless-ngx,False,0.04712041884816754,"Paperless-ngx document flow: (1) Documents enter via consumption directory (watched by inotify or polling via document_consumer management command), via email ("
pilot30-shuffle1,task-6905333b74f22949d97ba9d0,paperless-ngx/paperless-ngx,1,4,59,3b706708-2200-4f20-a1b7-5df96eae1a85,paperless-ngx/paperless-ngx,False,0.025974025974025976,"Live test media file names for paperless-ngx document with pk=1: Originals: originals/0000001.pdf (2512 bytes, original PDF), Archive: archive/0000001.pdf (8040"
pilot30-shuffle1,task-6905333b74f22949d97ba9d1,paperless-ngx/paperless-ngx,1,1,58,0375013e-1c19-423b-972d-b2c3de5078e1,paperless-ngx/paperless-ngx,False,0.07065217391304347,"Live test results for paperless-ngx multi-page PDF upload: POST to /api/documents/post_document/ with multipart/form-data returns HTTP 200 with body '""OK""' imme"
pilot30-shuffle1,task-6905333b74f22949d97ba9d1,paperless-ngx/paperless-ngx,1,2,61,93a1f8a5-d4d2-425a-bdab-d2938970d3da,paperless-ngx/paperless-ngx,False,0.06376811594202898,Paperless-NGX ingestion architecture: File detection via two mechanisms in document_consumer.py management command - (1) inotify recursive (CONSUMER_POLLING=0 w
pilot30-shuffle1,task-6905333b74f22949d97ba9d1,paperless-ngx/paperless-ngx,1,3,59,edfe58c6-6f99-41f9-9798-370e48f20276,paperless-ngx/paperless-ngx,False,0.04455445544554455,"Live test media file names for paperless-ngx document with pk=1: Originals: originals/0000001.pdf (2512 bytes, original PDF), Archive: archive/0000001.pdf (8040"
pilot30-shuffle1,task-6905333b74f22949d97ba9d1,paperless-ngx/paperless-ngx,1,5,60,36c99348-2f5a-4b66-9e0f-bd936b058a0c,paperless-ngx/paperless-ngx,False,0.03597122302158273,"Paperless-ngx codebase at /app/src with Django structure. Key apps: documents/, paperless/, paperless_mail/, paperless_tesseract/, paperless_text/, paperless_ti"
pilot30-shuffle1,task-6905333b74f22949d97ba9d1,paperless-ngx/paperless-ngx,2,1,78,cdf7005d-dde8-415f-ae4d-f4a8e2c919e0,paperless-ngx/paperless-ngx,False,0.13978494623655913,Document title update behavior in Paperless-NGX: (1) API PUT/PATCH to /api/documents/{id}/ triggers DocumentViewSet.update() which calls DRF's super().update() 
pilot30-shuffle1,task-6905333b74f22949d97ba9d1,paperless-ngx/paperless-ngx,2,2,56,0375013e-1c19-423b-972d-b2c3de5078e1,paperless-ngx/paperless-ngx,False,0.07065217391304347,"Live test results for paperless-ngx multi-page PDF upload: POST to /api/documents/post_document/ with multipart/form-data returns HTTP 200 with body '""OK""' imme"
pilot30-shuffle1,task-6905333b74f22949d97ba9d1,paperless-ngx/paperless-ngx,2,3,64,73d5fd04-d767-4ffc-ab80-e23b28219af0,paperless-ngx/paperless-ngx,False,0.05925925925925926,"Paperless-NGX codebase structure: main Django project at /app/src/. Key files: documents/index.py (Whoosh search index), documents/signals/handlers.py (signal h"
pilot30-shuffle1,task-6905333b74f22949d97ba9d1,paperless-ngx/paperless-ngx,2,4,60,ac177071-9581-458d-8852-8d0e62549cb9,,False,0.062111801242236024,Index synchronization mechanisms: (1) API UPDATE on DocumentViewSet.update() manually calls index.add_or_update_document() synchronously within the API request.
pilot30-shuffle1,task-6905333b74f22949d97ba9d1,paperless-ngx/paperless-ngx,2,5,60,93a1f8a5-d4d2-425a-bdab-d2938970d3da,paperless-ngx/paperless-ngx,False,0.06376811594202898,Paperless-NGX ingestion architecture: File detection via two mechanisms in document_consumer.py management command - (1) inotify recursive (CONSUMER_POLLING=0 w
pilot30-shuffle1,task-6905333b74f22949d97ba9d2,paperless-ngx/paperless-ngx,1,1,67,6514d228-adde-4b4e-a384-c15f303f703e,paperless-ngx/paperless-ngx,False,0.02666666666666667,Paperless-ngx project located at /app/src with Django settings in /app/src/paperless/settings.py. Main Django manage.py at /app/src/manage.py. Project structure
pilot30-shuffle1,task-6905333b74f22949d97ba9d2,paperless-ngx/paperless-ngx,1,2,63,a59129f7-360b-40f4-8acb-586a57282056,paperless-ngx/paperless-ngx,False,0.02631578947368421,"Paperless-ngx API token authentication: HTTP header is ""Authorization"" with value format ""Token &lt;key&gt;"" (e.g., ""Token 401f7ac837da42b97f613d789819ff93537be"
pilot30-shuffle1,task-6905333b74f22949d97ba9d2,paperless-ngx/paperless-ngx,1,3,62,93a1f8a5-d4d2-425a-bdab-d2938970d3da,paperless-ngx/paperless-ngx,False,0.026490066225165563,Paperless-NGX ingestion architecture: File detection via two mechanisms in document_consumer.py management command - (1) inotify recursive (CONSUMER_POLLING=0 w
pilot30-shuffle1,task-6905333b74f22949d97ba9d2,paperless-ngx/paperless-ngx,1,4,40,bce7aac9-797b-4958-b6a1-d05c8c5b8333,,False,0.0392156862745098,"ROOT CAUSE of document list pagination instability: The Document model has Meta.ordering = ('-created',) which serves as default sort. When OrderigFilter is use"
pilot30-shuffle1,task-6905333b74f22949d97ba9d2,paperless-ngx/paperless-ngx,2,1,65,3b706708-2200-4f20-a1b7-5df96eae1a85,paperless-ngx/paperless-ngx,False,0.059322033898305086,"Paperless-ngx Document model fields: (REQUIRED at DB level) title (CharField 128, blank=True - required in practice), content (TextField, blank=True), mime_type"
pilot30-shuffle1,task-6905333b74f22949d97ba9d2,paperless-ngx/paperless-ngx,2,2,61,5d5c9d58-e222-4e53-bd63-9e9e1bd3416d,paperless-ngx/paperless-ngx,False,0.05384615384615385,"Paperless-ngx matching/organization system: Tags, Correspondents, and DocumentTypes all inherit from MatchingModel (name, match, matching_algorithm, is_insensit"
pilot30-shuffle1,task-6905333b74f22949d97ba9d2,paperless-ngx/paperless-ngx,2,3,59,93a1f8a5-d4d2-425a-bdab-d2938970d3da,paperless-ngx/paperless-ngx,False,0.026490066225165563,Paperless-NGX ingestion architecture: File detection via two mechanisms in document_consumer.py management command - (1) inotify recursive (CONSUMER_POLLING=0 w
pilot30-shuffle1,task-6905333b74f22949d97ba9d2,paperless-ngx/paperless-ngx,2,4,56,a59129f7-360b-40f4-8acb-586a57282056,paperless-ngx/paperless-ngx,False,0.02631578947368421,"Paperless-ngx API token authentication: HTTP header is ""Authorization"" with value format ""Token &lt;key&gt;"" (e.g., ""Token 401f7ac837da42b97f613d789819ff93537be"
pilot30-shuffle1,task-6905333b74f22949d97ba9d2,paperless-ngx/paperless-ngx,2,5,56,02a16ed3-a991-4443-8d51-057384d22824,paperless-ngx/paperless-ngx,False,0.03932584269662921,"Paperless-ngx document flow: (1) Documents enter via consumption directory (watched by inotify or polling via document_consumer management command), via email ("
pilot30-shuffle1,task-6905333b74f22949d97ba9d3,paperless-ngx/paperless-ngx,2,1,51,93a1f8a5-d4d2-425a-bdab-d2938970d3da,paperless-ngx/paperless-ngx,False,0.05752212389380531,"Paperless-ngx document ingestion pipeline (detailed):

1. Consumer watches CONSUMPTION_DIR via inotify/polling. When a file appears, it calls tasks.consume_file"
pilot30-shuffle1,task-6905333b74f22949d97ba9d3,paperless-ngx/paperless-ngx,2,2,49,6514d228-adde-4b4e-a384-c15f303f703e,paperless-ngx/paperless-ngx,False,0.041666666666666664,"paperless-ngx project structure: src/documents/ (core document model, signals, management commands, migrations), src/paperless/ (main Django app), src/paperless"
pilot30-shuffle1,task-6905333b74f22949d97ba9d4,paperless-ngx/paperless-ngx,1,1,61,0375013e-1c19-423b-972d-b2c3de5078e1,paperless-ngx/paperless-ngx,False,0.021739130434782608,"Live test results for paperless-ngx multi-page PDF upload: POST to /api/documents/post_document/ with multipart/form-data returns HTTP 200 with body '""OK""' imme"
pilot30-shuffle1,task-6905333b74f22949d97ba9d4,paperless-ngx/paperless-ngx,1,2,66,02a16ed3-a991-4443-8d51-057384d22824,paperless-ngx/paperless-ngx,False,0.027624309392265192,"Paperless-ngx document flow: (1) Documents enter via consumption directory (watched by inotify or polling via document_consumer management command), via email ("
pilot30-shuffle1,task-6905333b74f22949d97ba9d4,paperless-ngx/paperless-ngx,1,3,66,edfe58c6-6f99-41f9-9798-370e48f20276,paperless-ngx/paperless-ngx,False,0.022388059701492536,Paperless-ngx task scheduler analysis (2026-09-07): Uses django-q (not Celery) for async tasks. Q_CLUSTER config in /app/src/paperless/settings.py. Periodic tas
pilot30-shuffle1,task-6905333b74f22949d97ba9d4,paperless-ngx/paperless-ngx,1,4,61,cdf7005d-dde8-415f-ae4d-f4a8e2c919e0,paperless-ngx/paperless-ngx,False,0.05325443786982249,"Live test media file names for paperless-ngx document with pk=1: Originals: originals/0000001.pdf (2512 bytes, original PDF), Archive: archive/0000001.pdf (8040"
pilot30-shuffle1,task-6905333b74f22949d97ba9d5,paperless-ngx/paperless-ngx,1,1,63,0375013e-1c19-423b-972d-b2c3de5078e1,paperless-ngx/paperless-ngx,False,0.061224489795918366,"Live test results for paperless-ngx multi-page PDF upload: POST to /api/documents/post_document/ with multipart/form-data returns HTTP 200 with body '""OK""' imme"
pilot30-shuffle1,task-6905333b74f22949d97ba9d5,paperless-ngx/paperless-ngx,1,2,67,36c99348-2f5a-4b66-9e0f-bd936b058a0c,paperless-ngx/paperless-ngx,False,0.05042016806722689,"Live test media file names for paperless-ngx document with pk=1: Originals: originals/0000001.pdf (2512 bytes, original PDF), Archive: archive/0000001.pdf (8040"
pilot30-shuffle1,task-6905333b74f22949d97ba9d5,paperless-ngx/paperless-ngx,1,4,64,93a1f8a5-d4d2-425a-bdab-d2938970d3da,paperless-ngx/paperless-ngx,False,0.03164556962025317,Paperless-NGX ingestion architecture: File detection via two mechanisms in document_consumer.py management command - (1) inotify recursive (CONSUMER_POLLING=0 w
pilot30-shuffle1,task-6905333b74f22949d97ba9d5,paperless-ngx/paperless-ngx,1,5,60,6514d228-adde-4b4e-a384-c15f303f703e,paperless-ngx/paperless-ngx,False,0.010869565217391304,Paperless-ngx project located at /app/src with Django settings in /app/src/paperless/settings.py. Main Django manage.py at /app/src/manage.py. Project structure
pilot30-shuffle1,task-6905333b74f22949d97ba9d6,paperless-ngx/paperless-ngx,1,1,61,02a16ed3-a991-4443-8d51-057384d22824,paperless-ngx/paperless-ngx,False,0.02577319587628866,"Paperless-ngx document flow: (1) Documents enter via consumption directory (watched by inotify or polling via document_consumer management command), via email ("
pilot30-shuffle1,task-6905333b74f22949d97ba9d6,paperless-ngx/paperless-ngx,1,2,58,3b706708-2200-4f20-a1b7-5df96eae1a85,paperless-ngx/paperless-ngx,False,0.045112781954887216,"Paperless-ngx Document model fields: (REQUIRED at DB level) title (CharField 128, blank=True - required in practice), content (TextField, blank=True), mime_type"
pilot30-shuffle1,task-6905333b74f22949d97ba9d6,paperless-ngx/paperless-ngx,1,3,56,93a1f8a5-d4d2-425a-bdab-d2938970d3da,paperless-ngx/paperless-ngx,False,0.02531645569620253,Paperless-NGX ingestion architecture: File detection via two mechanisms in document_consumer.py management command - (1) inotify recursive (CONSUMER_POLLING=0 w
pilot30-shuffle1,task-6905333b74f22949d97ba9d6,paperless-ngx/paperless-ngx,1,4,53,6514d228-adde-4b4e-a384-c15f303f703e,paperless-ngx/paperless-ngx,False,0.011111111111111112,Paperless-ngx project located at /app/src with Django settings in /app/src/paperless/settings.py. Main Django manage.py at /app/src/manage.py. Project structure
pilot30-shuffle1,task-6905333b74f22949d97ba9d6,paperless-ngx/paperless-ngx,1,5,57,5d5c9d58-e222-4e53-bd63-9e9e1bd3416d,paperless-ngx/paperless-ngx,False,0.027210884353741496,"Paperless-ngx matching/organization system: Tags, Correspondents, and DocumentTypes all inherit from MatchingModel (name, match, matching_algorithm, is_insensit"
pilot30-shuffle1,task-6905333b74f22949d97ba9d6,paperless-ngx/paperless-ngx,2,1,62,8deb1562-435a-4be6-ac0e-756995892883,,False,0.05504587155963303,"Final API response differences: DocumentSerializer returns: id, correspondent, document_type, title, content, tags, created, modified, added, archive_serial_num"
pilot30-shuffle1,task-6905333b74f22949d97ba9d6,paperless-ngx/paperless-ngx,2,2,64,7e13e367-33ed-41a7-b5bd-5ac503141062,,False,0.08181818181818182,"Documents with existing text: When a PDF already has embedded text, the parser first calls extract_text() on the original to check if it has text (text_original"
pilot30-shuffle1,task-6905333b74f22949d97ba9d6,paperless-ngx/paperless-ngx,2,3,60,96f25eb7-5db6-42e5-a667-faa3d1d2d34a,,False,0.0970873786407767,"OCR runtime behavior: When an image with no embedded text is uploaded, the RasterisedDocumentParser (paperless_tesseract/parsers.py) always calls ocrmypdf.ocr()"
pilot30-shuffle1,task-6905333b74f22949d97ba9d6,paperless-ngx/paperless-ngx,2,4,55,81bfcbe8-0742-4e98-90ee-c24c74bf015c,,False,0.11009174311926606,"Weak OCR results handling: If OCR produces weak/incomplete text (empty string), the document is STILL considered fully processed and saved. In RasterisedDocumen"
pilot30-shuffle1,task-6905333b74f22949d97ba9d6,paperless-ngx/paperless-ngx,2,5,45,93a1f8a5-d4d2-425a-bdab-d2938970d3da,paperless-ngx/paperless-ngx,False,0.02531645569620253,Paperless-NGX ingestion architecture: File detection via two mechanisms in document_consumer.py management command - (1) inotify recursive (CONSUMER_POLLING=0 w
pilot30-shuffle1,task-6905333b74f22949d97ba9d7,paperless-ngx/paperless-ngx,1,1,51,6514d228-adde-4b4e-a384-c15f303f703e,paperless-ngx/paperless-ngx,False,0.043478260869565216,"paperless-ngx project structure: src/documents/ (core document model, signals, management commands, migrations), src/paperless/ (main Django app), src/paperless"
pilot30-shuffle1,task-6905333b74f22949d97ba9d7,paperless-ngx/paperless-ngx,1,2,49,93a1f8a5-d4d2-425a-bdab-d2938970d3da,paperless-ngx/paperless-ngx,False,0.042071197411003236,Paperless-NGX ingestion architecture: File detection via two mechanisms in document_consumer.py management command - (1) inotify recursive (CONSUMER_POLLING=0 w
pilot30-shuffle1,task-6905333b74f22949d97ba9d7,paperless-ngx/paperless-ngx,1,3,32,bce7aac9-797b-4958-b6a1-d05c8c5b8333,,False,0.05357142857142857,"ROOT CAUSE of document list pagination instability: The Document model has Meta.ordering = ('-created',) which serves as default sort. When OrderigFilter is use"
pilot30-shuffle1,task-6905333b74f22949d97ba9d8,paperless-ngx/paperless-ngx,1,1,50,5d5c9d58-e222-4e53-bd63-9e9e1bd3416d,paperless-ngx/paperless-ngx,False,0.040268456375838924,"Paperless-ngx matching/organization system: Tags, Correspondents, and DocumentTypes all inherit from MatchingModel (name, match, matching_algorithm, is_insensit"
pilot30-shuffle1,task-6905333b74f22949d97ba9d8,paperless-ngx/paperless-ngx,1,2,49,93a1f8a5-d4d2-425a-bdab-d2938970d3da,paperless-ngx/paperless-ngx,False,0.04126984126984127,Paperless-NGX ingestion architecture: File detection via two mechanisms in document_consumer.py management command - (1) inotify recursive (CONSUMER_POLLING=0 w
pilot30-shuffle1,task-6905333b74f22949d97ba9d8,paperless-ngx/paperless-ngx,1,3,50,02a16ed3-a991-4443-8d51-057384d22824,paperless-ngx/paperless-ngx,False,0.041025641025641026,"Paperless-ngx document flow: (1) Documents enter via consumption directory (watched by inotify or polling via document_consumer management command), via email ("
pilot30-shuffle1,task-6905333b74f22949d97ba9d8,paperless-ngx/paperless-ngx,1,4,48,3b706708-2200-4f20-a1b7-5df96eae1a85,paperless-ngx/paperless-ngx,False,0.051470588235294115,"Paperless-ngx Document model fields: (REQUIRED at DB level) title (CharField 128, blank=True - required in practice), content (TextField, blank=True), mime_type"
pilot30-shuffle1,task-6905333b74f22949d97ba9d8,paperless-ngx/paperless-ngx,1,5,37,6514d228-adde-4b4e-a384-c15f303f703e,paperless-ngx/paperless-ngx,False,0.010638297872340425,Paperless-ngx project located at /app/src with Django settings in /app/src/paperless/settings.py. Main Django manage.py at /app/src/manage.py. Project structure
pilot30-shuffle1,task-6905333b74f22949d97ba9d9,paperless-ngx/paperless-ngx,1,1,62,02a16ed3-a991-4443-8d51-057384d22824,paperless-ngx/paperless-ngx,False,0.04395604395604396,"Paperless-ngx document flow: (1) Documents enter via consumption directory (watched by inotify or polling via document_consumer management command), via email ("
pilot30-shuffle1,task-6905333b74f22949d97ba9d9,paperless-ngx/paperless-ngx,1,2,61,5d5c9d58-e222-4e53-bd63-9e9e1bd3416d,paperless-ngx/paperless-ngx,False,0.014285714285714285,"Paperless-ngx matching/organization system: Tags, Correspondents, and DocumentTypes all inherit from MatchingModel (name, match, matching_algorithm, is_insensit"
pilot30-shuffle1,task-6905333b74f22949d97ba9d9,paperless-ngx/paperless-ngx,1,3,59,6514d228-adde-4b4e-a384-c15f303f703e,paperless-ngx/paperless-ngx,False,0.0379746835443038,Paperless-ngx project located at /app/src with Django settings in /app/src/paperless/settings.py. Main Django manage.py at /app/src/manage.py. Project structure
pilot30-shuffle1,task-6905333b74f22949d97ba9d9,paperless-ngx/paperless-ngx,1,4,60,93a1f8a5-d4d2-425a-bdab-d2938970d3da,paperless-ngx/paperless-ngx,False,0.029411764705882353,Paperless-NGX ingestion architecture: File detection via two mechanisms in document_consumer.py management command - (1) inotify recursive (CONSUMER_POLLING=0 w
pilot30-shuffle1,task-6905333b74f22949d97ba9d9,paperless-ngx/paperless-ngx,1,5,58,a59129f7-360b-40f4-8acb-586a57282056,paperless-ngx/paperless-ngx,False,0.025210084033613446,"Paperless-ngx API token authentication: HTTP header is ""Authorization"" with value format ""Token &lt;key&gt;"" (e.g., ""Token 401f7ac837da42b97f613d789819ff93537be"
pilot30-shuffle1,task-6905333b74f22949d97ba9d9,paperless-ngx/paperless-ngx,2,1,56,93a1f8a5-d4d2-425a-bdab-d2938970d3da,paperless-ngx/paperless-ngx,False,0.029411764705882353,Paperless-NGX ingestion architecture: File detection via two mechanisms in document_consumer.py management command - (1) inotify recursive (CONSUMER_POLLING=0 w
pilot30-shuffle1,task-6905333b74f22949d97ba9d9,paperless-ngx/paperless-ngx,2,2,47,02a16ed3-a991-4443-8d51-057384d22824,paperless-ngx/paperless-ngx,False,0.04395604395604396,"Paperless-ngx document flow: (1) Documents enter via consumption directory (watched by inotify or polling via document_consumer management command), via email ("
pilot30-shuffle1,task-6905333b74f22949d97ba9d9,paperless-ngx/paperless-ngx,2,3,42,5d5c9d58-e222-4e53-bd63-9e9e1bd3416d,paperless-ngx/paperless-ngx,False,0.014285714285714285,"Paperless-ngx matching/organization system: Tags, Correspondents, and DocumentTypes all inherit from MatchingModel (name, match, matching_algorithm, is_insensit"
pilot30-shuffle1,task-6905333b74f22949d97ba9db,paperless-ngx/paperless-ngx,1,1,67,5d5c9d58-e222-4e53-bd63-9e9e1bd3416d,paperless-ngx/paperless-ngx,False,0.035175879396984924,"Paperless-ngx matching/organization system: Tags, Correspondents, and DocumentTypes all inherit from MatchingModel (name, match, matching_algorithm, is_insensit"
pilot30-shuffle1,task-6905333b74f22949d97ba9db,paperless-ngx/paperless-ngx,1,2,60,02a16ed3-a991-4443-8d51-057384d22824,paperless-ngx/paperless-ngx,False,0.040983606557377046,"Paperless-ngx document flow: (1) Documents enter via consumption directory (watched by inotify or polling via document_consumer management command), via email ("
pilot30-shuffle1,task-6905333b74f22949d97ba9db,paperless-ngx/paperless-ngx,1,3,63,93a1f8a5-d4d2-425a-bdab-d2938970d3da,paperless-ngx/paperless-ngx,False,0.0440771349862259,Paperless-NGX ingestion architecture: File detection via two mechanisms in document_consumer.py management command - (1) inotify recursive (CONSUMER_POLLING=0 w
pilot30-shuffle1,task-6905333b74f22949d97ba9db,paperless-ngx/paperless-ngx,1,4,59,3b706708-2200-4f20-a1b7-5df96eae1a85,paperless-ngx/paperless-ngx,False,0.043010752688172046,"Paperless-ngx Document model fields: (REQUIRED at DB level) title (CharField 128, blank=True - required in practice), content (TextField, blank=True), mime_type"
pilot30-shuffle1,task-6905333b74f22949d97ba9db,paperless-ngx/paperless-ngx,1,5,56,a59129f7-360b-40f4-8acb-586a57282056,paperless-ngx/paperless-ngx,False,0.02197802197802198,"Paperless-ngx API token authentication: HTTP header is ""Authorization"" with value format ""Token &lt;key&gt;"" (e.g., ""Token 401f7ac837da42b97f613d789819ff93537be"
pilot30-shuffle1,task-6905333b74f22949d97ba9db,paperless-ngx/paperless-ngx,2,1,44,93a1f8a5-d4d2-425a-bdab-d2938970d3da,paperless-ngx/paperless-ngx,False,0.0440771349862259,Paperless-NGX ingestion architecture: File detection via two mechanisms in document_consumer.py management command - (1) inotify recursive (CONSUMER_POLLING=0 w
pilot30-shuffle1,task-6905333b74f22949d97ba9db,paperless-ngx/paperless-ngx,2,2,44,3b706708-2200-4f20-a1b7-5df96eae1a85,paperless-ngx/paperless-ngx,False,0.043010752688172046,"Paperless-ngx Document model fields: (REQUIRED at DB level) title (CharField 128, blank=True - required in practice), content (TextField, blank=True), mime_type"
pilot30-shuffle1,task-6905333b74f22949d97ba9db,paperless-ngx/paperless-ngx,2,3,43,02a16ed3-a991-4443-8d51-057384d22824,paperless-ngx/paperless-ngx,False,0.040983606557377046,"Paperless-ngx document flow: (1) Documents enter via consumption directory (watched by inotify or polling via document_consumer management command), via email ("
pilot30-shuffle1,task-6905333b74f22949d97ba9db,paperless-ngx/paperless-ngx,2,4,40,5d5c9d58-e222-4e53-bd63-9e9e1bd3416d,paperless-ngx/paperless-ngx,False,0.035175879396984924,"Paperless-ngx matching/organization system: Tags, Correspondents, and DocumentTypes all inherit from MatchingModel (name, match, matching_algorithm, is_insensit"
pilot30-shuffle1,task-6905333b74f22949d97ba9db,paperless-ngx/paperless-ngx,2,5,41,bce7aac9-797b-4958-b6a1-d05c8c5b8333,,False,0.023391812865497075,"ROOT CAUSE of document list pagination instability: The Document model has Meta.ordering = ('-created',) which serves as default sort. When OrderigFilter is use"
pilot30-shuffle1,task-6905333b74f22949d97ba9dc,paperless-ngx/paperless-ngx,1,1,63,96f25eb7-5db6-42e5-a667-faa3d1d2d34a,,False,0.05555555555555555,"OCR runtime behavior: When an image with no embedded text is uploaded, the RasterisedDocumentParser (paperless_tesseract/parsers.py) always calls ocrmypdf.ocr()"
pilot30-shuffle1,task-6905333b74f22949d97ba9dc,paperless-ngx/paperless-ngx,1,2,63,3b706708-2200-4f20-a1b7-5df96eae1a85,paperless-ngx/paperless-ngx,False,0.05263157894736842,"Paperless-ngx Document model fields: (REQUIRED at DB level) title (CharField 128, blank=True - required in practice), content (TextField, blank=True), mime_type"
pilot30-shuffle1,task-6905333b74f22949d97ba9dc,paperless-ngx/paperless-ngx,1,3,57,6514d228-adde-4b4e-a384-c15f303f703e,paperless-ngx/paperless-ngx,False,0.01098901098901099,Paperless-ngx project located at /app/src with Django settings in /app/src/paperless/settings.py. Main Django manage.py at /app/src/manage.py. Project structure
pilot30-shuffle1,task-6905333b74f22949d97ba9dc,paperless-ngx/paperless-ngx,1,4,66,02a16ed3-a991-4443-8d51-057384d22824,paperless-ngx/paperless-ngx,False,0.06382978723404255,"Paperless-ngx document flow: (1) Documents enter via consumption directory (watched by inotify or polling via document_consumer management command), via email ("
pilot30-shuffle1,task-6905333b74f22949d97ba9dc,paperless-ngx/paperless-ngx,1,5,61,5d5c9d58-e222-4e53-bd63-9e9e1bd3416d,paperless-ngx/paperless-ngx,False,0.02702702702702703,"Paperless-ngx matching/organization system: Tags, Correspondents, and DocumentTypes all inherit from MatchingModel (name, match, matching_algorithm, is_insensit"
pilot30-shuffle1,task-6905333b74f22949d97ba9dd,paperless-ngx/paperless-ngx,1,1,73,93a1f8a5-d4d2-425a-bdab-d2938970d3da,paperless-ngx/paperless-ngx,False,0.04938271604938271,"Paperless-ngx document ingestion pipeline (detailed):

1. Consumer watches CONSUMPTION_DIR via inotify/polling. When a file appears, it calls tasks.consume_file"
pilot30-shuffle1,task-6905333b74f22949d97ba9dd,paperless-ngx/paperless-ngx,1,2,65,6514d228-adde-4b4e-a384-c15f303f703e,paperless-ngx/paperless-ngx,False,0.03571428571428571,"paperless-ngx project structure: src/documents/ (core document model, signals, management commands, migrations), src/paperless/ (main Django app), src/paperless"
pilot30-shuffle1,task-6905333b74f22949d97ba9dd,paperless-ngx/paperless-ngx,1,3,41,bce7aac9-797b-4958-b6a1-d05c8c5b8333,,False,0.022222222222222223,"ROOT CAUSE of document list pagination instability: The Document model has Meta.ordering = ('-created',) which serves as default sort. When OrderigFilter is use"
pilot30-shuffle1,task-6905333b74f22949d97ba9de,paperless-ngx/paperless-ngx,1,1,57,0375013e-1c19-423b-972d-b2c3de5078e1,paperless-ngx/paperless-ngx,False,0.05434782608695652,"Live test results for paperless-ngx multi-page PDF upload: POST to /api/documents/post_document/ with multipart/form-data returns HTTP 200 with body '""OK""' imme"
pilot30-shuffle1,task-6905333b74f22949d97ba9de,paperless-ngx/paperless-ngx,1,2,54,a9494f9b-4a0a-4525-85b9-ea9e76d6d51b,paperless-ngx/paperless-ngx,False,0.03278688524590164,"Live test media file names for paperless-ngx document with pk=1: Originals: originals/0000001.pdf (2512 bytes, original PDF), Archive: archive/0000001.pdf (8040"
pilot30-shuffle1,task-6905333b74f22949d97ba9de,paperless-ngx/paperless-ngx,1,4,54,5d5c9d58-e222-4e53-bd63-9e9e1bd3416d,paperless-ngx/paperless-ngx,False,0.032432432432432434,"Paperless-ngx matching/organization system: Tags, Correspondents, and DocumentTypes all inherit from MatchingModel (name, match, matching_algorithm, is_insensit"
pilot30-shuffle1,task-6905333b74f22949d97ba9de,paperless-ngx/paperless-ngx,1,5,58,02a16ed3-a991-4443-8d51-057384d22824,paperless-ngx/paperless-ngx,False,0.02575107296137339,"Paperless-ngx document flow: (1) Documents enter via consumption directory (watched by inotify or polling via document_consumer management command), via email ("
pilot30-shuffle1,task-6905333b74f22949d97ba9e0,paperless-ngx/paperless-ngx,1,1,40,6514d228-adde-4b4e-a384-c15f303f703e,paperless-ngx/paperless-ngx,False,0.017857142857142856,"paperless-ngx project structure: src/documents/ (core document model, signals, management commands, migrations), src/paperless/ (main Django app), src/paperless"
pilot30-shuffle1,task-6905333b74f22949d97ba9e0,paperless-ngx/paperless-ngx,1,2,50,93a1f8a5-d4d2-425a-bdab-d2938970d3da,paperless-ngx/paperless-ngx,False,0.0326530612244898,"Paperless-ngx document ingestion pipeline (detailed):

1. Consumer watches CONSUMPTION_DIR via inotify/polling. When a file appears, it calls tasks.consume_file"
pilot30-shuffle1,task-6905333b74f22949d97ba9e8,simple-login/app,1,1,57,cf81cacf-8521-4354-a495-1558ec932780,simple-login/app,False,0.016129032258064516,"Question 3: When migrations are run but init_app.py is skipped (SLDomain table empty), emails to @sl.local addresses are rejected. Forward phase (e.g. testuser@"
pilot30-shuffle1,task-6905333b74f22949d97ba9e8,simple-login/app,1,2,71,466f88e2-fec9-4d5f-a531-7c2726d2c53c,simple-login/app,False,0.07216494845360824,Email forwarding flow in SimpleLogin: The email_handler.py handles two phases: FORWARD and REPLY. Forward phase (contact sends to alias@domain): handle_forward(
pilot30-shuffle1,task-6905333b74f22949d97ba9e8,simple-login/app,1,3,61,a43bc44a-7582-4eb6-bcac-6bf820236162,simple-login/app,False,0.034653465346534656,"User registration flow in SimpleLogin: 1) User visits GET /register, sees form with email+password fields + hCaptcha if configured. 2) POST /register creates Us"
pilot30-shuffle1,task-6905333b74f22949d97ba9e8,simple-login/app,1,4,65,c249a3c4-8fea-48cb-9281-65c16a56048a,simple-login/app,False,0.0330188679245283,SimpleLogin architecture overview: The platform is an email alias/masking service. Core components: 1) server.py - Flask webapp on port 7777 with routes for aut
pilot30-shuffle1,task-6905333b74f22949d97ba9e8,simple-login/app,1,5,63,97334410-600b-4b4e-9879-992fb7dcf72b,simple-login/app,False,0.02577319587628866,SimpleLogin reply resolution flow: 1) handle() checks if rcpt_to is a reverse alias via is_reverse_alias() which does Contact.get_by(reply_email=rcpt_to) + doma
pilot30-shuffle1,task-6905333b74f22949d97baa1d,simple-login/app,1,1,39,9690fb9f-882a-4c6f-8f57-a6c665dfb5c9,,False,0.03669724770642202,"Question 1: When server.py starts with empty DB (no tables), opening login page GET /auth/login returns 200 OK because the GET request doesn't trigger DB querie"
pilot30-shuffle1,task-6905333b74f22949d97baa1d,simple-login/app,1,2,41,cf81cacf-8521-4354-a495-1558ec932780,simple-login/app,False,0.0,"Question 3: When migrations are run but init_app.py is skipped (SLDomain table empty), emails to @sl.local addresses are rejected. Forward phase (e.g. testuser@"
pilot30-shuffle1,task-6905333b74f22949d97baa1d,simple-login/app,1,3,55,97334410-600b-4b4e-9879-992fb7dcf72b,simple-login/app,False,0.017094017094017096,SimpleLogin reply resolution flow: 1) handle() checks if rcpt_to is a reverse alias via is_reverse_alias() which does Contact.get_by(reply_email=rcpt_to) + doma
pilot30-shuffle1,task-6905333b74f22949d97baa1d,simple-login/app,1,4,49,c249a3c4-8fea-48cb-9281-65c16a56048a,simple-login/app,False,0.05303030303030303,SimpleLogin architecture overview: The platform is an email alias/masking service. Core components: 1) server.py - Flask webapp on port 7777 with routes for aut
pilot30-shuffle1,task-6905333b74f22949d97baa1d,simple-login/app,1,5,49,a43bc44a-7582-4eb6-bcac-6bf820236162,simple-login/app,False,0.015748031496062992,"User registration flow in SimpleLogin: 1) User visits GET /register, sees form with email+password fields + hCaptcha if configured. 2) POST /register creates Us"
pilot30-shuffle2,task-6905333b74f22949d97ba9a4,simple-login/app,1,1,54,bc4ec481-3804-4612-9e31-dc9cd14e40eb,simple-login/app,False,0.014184397163120567,"SimpleLogin startup: Flask app created by create_app() in server.py. Production runs via gunicorn on 0.0.0.0:7777 (Dockerfile CMD), local dev via app.run(port=7"
pilot30-shuffle2,task-6905333b74f22949d97ba9a4,simple-login/app,1,2,57,559a37c7-3d1a-452a-b3c8-93ddd2a2a25c,simple-login/app,False,0.040983606557377046,"SimpleLogin API details: 1) Registration creates user with activated=False, notification=True (from User.create()). 2) Login of unactivated user returns HTTP 42"
pilot30-shuffle2,task-6905333b74f22949d97ba9a4,simple-login/app,1,3,54,cc5c0091-7a8f-4316-a8af-e40928c2f005,simple-login/app,False,0.021052631578947368,"SimpleLogin repo structure: main code in /app/app/ with models.py (124KB, core ORM models), email_handler.py (83KB, email processing pipeline), email_utils.py ("
pilot30-shuffle2,task-6905333b74f22949d97ba9a4,simple-login/app,1,4,53,2c83e685-b147-4c17-9eb0-ceb8c7dad387,simple-login/app,False,0.011235955056179775,"SimpleLogin repo has two bounce address formats: (1) Legacy format: bounce+{email_log_id}+@domain for forward phase, bounce_reply{email_log_id}+@domain for repl"
pilot30-shuffle2,task-6905333b74f22949d97ba9a4,simple-login/app,1,5,54,01fe1a1f-9d75-4f2d-815a-9b31c9feb339,simple-login/app,False,0.019230769230769232,SimpleLogin (app/) is a Flask email masking/proxy service. Key services: (1) Main Flask app (server.py→create_app()) runs on port 7777 via gunicorn. (2) Email h
pilot30-shuffle2,task-6905333b74f22949d97ba9a5,simple-login/app,1,1,59,e17b7996-c18c-46c2-a76f-05ad596cd92d,simple-login/app,False,0.10191082802547771,SimpleLogin alias creation flow - full end-to-end: Frontend (dashboard HTML template custom_alias.html or browser extension) sends either POST to /api/v2/alias/
pilot30-shuffle2,task-6905333b74f22949d97ba9a5,simple-login/app,1,2,57,df4a9ecf-460d-48de-a894-35950c3f986d,simple-login/app,False,0.028368794326241134,"Complete alias creation DB footprint: (1) Alias table: INSERT with user_id, email (unique), name, enabled=True, flags=0, custom_domain_id (nullable, auto-detect"
pilot30-shuffle2,task-6905333b74f22949d97ba9a5,simple-login/app,1,3,51,7746489a-2aed-4743-a5c9-c58ee6aeb994,simple-login/app,False,0.07086614173228346,"Email header forwarding behavior (/app/email_handler.py lines 791-810): In forward_email_to_mailbox(), headers_to_keep list includes: From, To, CC, Subject, Dat"
pilot30-shuffle2,task-6905333b74f22949d97ba9a5,simple-login/app,1,4,54,bc4ec481-3804-4612-9e31-dc9cd14e40eb,simple-login/app,False,0.04861111111111111,"SimpleLogin startup: Flask app created by create_app() in server.py. Production runs via gunicorn on 0.0.0.0:7777 (Dockerfile CMD), local dev via app.run(port=7"
pilot30-shuffle2,task-6905333b74f22949d97ba9a5,simple-login/app,1,5,52,2a702585-ffc9-4068-bcb5-9e8b795af0e4,simple-login/app,False,0.04672897196261682,"Anti-spoofing in reply phase: After resolving contact by reply_email, handle_reply() calls get_mailbox_from_mail_from(mail_from, alias) to verify the sender is "
pilot30-shuffle2,task-6905333b74f22949d97ba9a6,simple-login/app,1,1,58,3dadcfb7-8843-48f3-b428-6bed27a1596b,simple-login/app,False,0.041666666666666664,"Complete reply routing flow in SimpleLogin:
1. FORWARD PHASE (email from website to user's alias): handle_forward() creates/retrieves Contact by website_email ("
pilot30-shuffle2,task-6905333b74f22949d97ba9a6,simple-login/app,1,2,57,2a702585-ffc9-4068-bcb5-9e8b795af0e4,simple-login/app,False,0.02976190476190476,"Anti-spoofing in reply phase: After resolving contact by reply_email, handle_reply() calls get_mailbox_from_mail_from(mail_from, alias) to verify the sender is "
pilot30-shuffle2,task-6905333b74f22949d97ba9a6,simple-login/app,1,3,52,0406bee1-1ca8-474b-9b48-08135bf4f246,simple-login/app,False,0.04093567251461988,"Bounce handling differs by direction: FORWARD_PHASE bounce (mail to mailbox fails): email_log.bounced=True, bounced_mailbox_id set, refused_email created with S"
pilot30-shuffle2,task-6905333b74f22949d97ba9a6,simple-login/app,1,4,51,01fe1a1f-9d75-4f2d-815a-9b31c9feb339,simple-login/app,False,0.05421686746987952,SimpleLogin (app/) is a Flask email masking/proxy service. Key services: (1) Main Flask app (server.py→create_app()) runs on port 7777 via gunicorn. (2) Email h
pilot30-shuffle2,task-6905333b74f22949d97ba9a6,simple-login/app,1,5,58,18452a10-5171-49a8-8cb9-262edfa4b13e,simple-login/app,False,0.06607929515418502,"SimpleLogin email forward flow (email_handler.py):

1. ON NON-EXISTENT ALIAS: handle_forward() calls Alias.get_by(email=alias_address). If not found, tries try_"
pilot30-shuffle2,task-6905333b74f22949d97ba9a6,simple-login/app,2,1,61,de244d69-d86e-44a9-b55e-72b7119fe2bc,simple-login/app,False,0.08917197452229299,"SimpleLogin email privacy system: Fresh DB migration creates 79 unique tables total. The last TABLE created in migration order is ""user_audit_log"" (from migrati"
pilot30-shuffle2,task-6905333b74f22949d97ba9a6,simple-login/app,2,2,57,559a37c7-3d1a-452a-b3c8-93ddd2a2a25c,simple-login/app,False,0.17365269461077845,"SimpleLogin API details: 1) Registration creates user with activated=False, notification=True (from User.create()). 2) Login of unactivated user returns HTTP 42"
pilot30-shuffle2,task-6905333b74f22949d97ba9a6,simple-login/app,2,3,61,df4a9ecf-460d-48de-a894-35950c3f986d,simple-login/app,False,0.04040404040404041,"Complete alias creation DB footprint: (1) Alias table: INSERT with user_id, email (unique), name, enabled=True, flags=0, custom_domain_id (nullable, auto-detect"
pilot30-shuffle2,task-6905333b74f22949d97ba9a6,simple-login/app,2,4,56,62c90625-4e97-463d-bbc6-d37da6383fe6,simple-login/app,False,0.0958904109589041,"Complete alias creation error behavior analysis:

1. EXPIRED SUFFIX: check_suffix_signature catches BadSignature (incl. SignatureExpired) and returns None. The "
pilot30-shuffle2,task-6905333b74f22949d97ba9a6,simple-login/app,2,5,52,bc4ec481-3804-4612-9e31-dc9cd14e40eb,simple-login/app,False,0.09844559585492228,"SimpleLogin startup: Flask app created by create_app() in server.py. Production runs via gunicorn on 0.0.0.0:7777 (Dockerfile CMD), local dev via app.run(port=7"
pilot30-shuffle2,task-6905333b74f22949d97ba9a7,simple-login/app,1,1,53,18452a10-5171-49a8-8cb9-262edfa4b13e,simple-login/app,False,0.06451612903225806,"SimpleLogin email forward flow (email_handler.py):

1. ON NON-EXISTENT ALIAS: handle_forward() calls Alias.get_by(email=alias_address). If not found, tries try_"
pilot30-shuffle2,task-6905333b74f22949d97ba9a7,simple-login/app,2,1,47,18452a10-5171-49a8-8cb9-262edfa4b13e,simple-login/app,False,0.06451612903225806,"SimpleLogin email forward flow (email_handler.py):

1. ON NON-EXISTENT ALIAS: handle_forward() calls Alias.get_by(email=alias_address). If not found, tries try_"
pilot30-shuffle2,task-6905333b74f22949d97ba9a7,simple-login/app,3,1,64,4d9b7798-be65-42c8-a635-817b53d25957,simple-login/app,False,0.024793388429752067,Mailbox verification code limits (mailbox_utils.py): MAX_ACTIVATION_TRIES=3. Verification code in MailboxActivation table has a 'tries' column that increments o
pilot30-shuffle2,task-6905333b74f22949d97ba9a7,simple-login/app,3,2,51,fded2d82-b218-4187-9945-a86c666fd503,simple-login/app,False,0.049586776859504134,"Job lifecycle in SimpleLogin: Job model has states (JobState): ready=0, taken=1, done=2, error=3. Fields: name, payload, taken, run_at, state, attempts, taken_a"
pilot30-shuffle2,task-6905333b74f22949d97ba9a7,simple-login/app,3,3,55,15589053-135a-499c-a171-3bfa13c6c3aa,simple-login/app,False,0.09734513274336283,"SimpleLogin repo structure: main code in /app/app/ with models.py (124KB, core ORM models), email_handler.py (83KB, email processing pipeline), email_utils.py ("
pilot30-shuffle2,task-6905333b74f22949d97ba9a7,simple-login/app,3,4,59,6f9a5b6a-af96-4046-b079-6c525610765b,,False,0.024193548387096774,"VERP format for delivery failure: Three types in VerpType enum: bounce_forward=0, bounce_reply=1, transactional=2. Format: ""sl.{b32_payload}.{b32_signature}@{do"
pilot30-shuffle2,task-6905333b74f22949d97ba9a7,simple-login/app,3,5,54,0406bee1-1ca8-474b-9b48-08135bf4f246,simple-login/app,False,0.08064516129032258,"Bounce handling differs by direction: FORWARD_PHASE bounce (mail to mailbox fails): email_log.bounced=True, bounced_mailbox_id set, refused_email created with S"
pilot30-shuffle2,task-6905333b74f22949d97ba9a7,simple-login/app,3,6,48,18452a10-5171-49a8-8cb9-262edfa4b13e,simple-login/app,False,0.06451612903225806,"SimpleLogin email forward flow (email_handler.py):

1. ON NON-EXISTENT ALIAS: handle_forward() calls Alias.get_by(email=alias_address). If not found, tries try_"
pilot30-shuffle2,task-6905333b74f22949d97ba9a8,simple-login/app,1,1,62,15589053-135a-499c-a171-3bfa13c6c3aa,simple-login/app,False,0.024390243902439025,"SimpleLogin repo structure: main code in /app/app/ with models.py (124KB, core ORM models), email_handler.py (83KB, email processing pipeline), email_utils.py ("
pilot30-shuffle2,task-6905333b74f22949d97ba9a8,simple-login/app,1,2,58,2c83e685-b147-4c17-9eb0-ceb8c7dad387,simple-login/app,False,0.0273972602739726,"SimpleLogin repo has two bounce address formats: (1) Legacy format: bounce+{email_log_id}+@domain for forward phase, bounce_reply{email_log_id}+@domain for repl"
pilot30-shuffle2,task-6905333b74f22949d97ba9a8,simple-login/app,1,3,47,df4a9ecf-460d-48de-a894-35950c3f986d,simple-login/app,False,0.025210084033613446,"Complete alias creation DB footprint: (1) Alias table: INSERT with user_id, email (unique), name, enabled=True, flags=0, custom_domain_id (nullable, auto-detect"
pilot30-shuffle2,task-6905333b74f22949d97ba9a8,simple-login/app,1,4,51,18452a10-5171-49a8-8cb9-262edfa4b13e,simple-login/app,False,0.06756756756756757,"SimpleLogin email forward flow (email_handler.py):

1. ON NON-EXISTENT ALIAS: handle_forward() calls Alias.get_by(email=alias_address). If not found, tries try_"
pilot30-shuffle2,task-6905333b74f22949d97ba9a8,simple-login/app,1,5,51,fded2d82-b218-4187-9945-a86c666fd503,simple-login/app,False,0.04819277108433735,"Job lifecycle in SimpleLogin: Job model has states (JobState): ready=0, taken=1, done=2, error=3. Fields: name, payload, taken, run_at, state, attempts, taken_a"
pilot30-shuffle2,task-6905333b74f22949d97ba9a9,simple-login/app,1,1,63,18452a10-5171-49a8-8cb9-262edfa4b13e,simple-login/app,False,0.08092485549132948,"SimpleLogin email forward flow (email_handler.py):

1. ON NON-EXISTENT ALIAS: handle_forward() calls Alias.get_by(email=alias_address). If not found, tries try_"
pilot30-shuffle2,task-6905333b74f22949d97ba9a9,simple-login/app,1,2,52,0406bee1-1ca8-474b-9b48-08135bf4f246,simple-login/app,False,0.05128205128205128,"Bounce handling differs by direction: FORWARD_PHASE bounce (mail to mailbox fails): email_log.bounced=True, bounced_mailbox_id set, refused_email created with S"
pilot30-shuffle2,task-6905333b74f22949d97ba9a9,simple-login/app,1,3,57,15589053-135a-499c-a171-3bfa13c6c3aa,simple-login/app,False,0.046296296296296294,"SimpleLogin repo structure: main code in /app/app/ with models.py (124KB, core ORM models), email_handler.py (83KB, email processing pipeline), email_utils.py ("
pilot30-shuffle2,task-6905333b74f22949d97ba9a9,simple-login/app,1,4,48,fded2d82-b218-4187-9945-a86c666fd503,simple-login/app,False,0.02654867256637168,"Job lifecycle in SimpleLogin: Job model has states (JobState): ready=0, taken=1, done=2, error=3. Fields: name, payload, taken, run_at, state, attempts, taken_a"
pilot30-shuffle2,task-6905333b74f22949d97ba9a9,simple-login/app,1,5,43,6f9a5b6a-af96-4046-b079-6c525610765b,,False,0.017543859649122806,"VERP format for delivery failure: Three types in VerpType enum: bounce_forward=0, bounce_reply=1, transactional=2. Format: ""sl.{b32_payload}.{b32_signature}@{do"
pilot30-shuffle2,task-6905333b74f22949d97ba9a9,simple-login/app,2,1,75,bcbe75f6-308e-4d23-8bce-334be946ec30,simple-login/app,False,0.08783783783783784,"In SimpleLogin, the reply phase routing flow in handle_reply:
1. Contact is found by reply_email (reverse alias) lookup: Contact.get_by(reply_email=reply_email)"
pilot30-shuffle2,task-6905333b74f22949d97ba9a9,simple-login/app,2,2,61,18452a10-5171-49a8-8cb9-262edfa4b13e,simple-login/app,False,0.08092485549132948,"SimpleLogin email forward flow (email_handler.py):

1. ON NON-EXISTENT ALIAS: handle_forward() calls Alias.get_by(email=alias_address). If not found, tries try_"
pilot30-shuffle2,task-6905333b74f22949d97ba9a9,simple-login/app,2,3,47,6f9a5b6a-af96-4046-b079-6c525610765b,,False,0.017543859649122806,"VERP format for delivery failure: Three types in VerpType enum: bounce_forward=0, bounce_reply=1, transactional=2. Format: ""sl.{b32_payload}.{b32_signature}@{do"
pilot30-shuffle2,task-6905333b74f22949d97ba9a9,simple-login/app,2,4,58,15589053-135a-499c-a171-3bfa13c6c3aa,simple-login/app,False,0.046296296296296294,"SimpleLogin repo structure: main code in /app/app/ with models.py (124KB, core ORM models), email_handler.py (83KB, email processing pipeline), email_utils.py ("
pilot30-shuffle2,task-6905333b74f22949d97ba9a9,simple-login/app,2,5,54,0406bee1-1ca8-474b-9b48-08135bf4f246,simple-login/app,False,0.05128205128205128,"Bounce handling differs by direction: FORWARD_PHASE bounce (mail to mailbox fails): email_log.bounced=True, bounced_mailbox_id set, refused_email created with S"
pilot30-shuffle2,task-6905333b74f22949d97ba9aa,simple-login/app,1,1,71,01fe1a1f-9d75-4f2d-815a-9b31c9feb339,simple-login/app,False,0.06862745098039216,SimpleLogin (app/) is a Flask email masking/proxy service. Key services: (1) Main Flask app (server.py→create_app()) runs on port 7777 via gunicorn. (2) Email h
pilot30-shuffle2,task-6905333b74f22949d97ba9aa,simple-login/app,1,2,71,cc5c0091-7a8f-4316-a8af-e40928c2f005,simple-login/app,False,0.05263157894736842,"SimpleLogin repo structure: main code in /app/app/ with models.py (124KB, core ORM models), email_handler.py (83KB, email processing pipeline), email_utils.py ("
pilot30-shuffle2,task-6905333b74f22949d97ba9aa,simple-login/app,1,3,75,15589053-135a-499c-a171-3bfa13c6c3aa,simple-login/app,False,0.02,"SimpleLogin repo structure: main code in /app/app/ with models.py (124KB, core ORM models), email_handler.py (83KB, email processing pipeline), email_utils.py ("
pilot30-shuffle2,task-6905333b74f22949d97ba9aa,simple-login/app,1,4,58,fded2d82-b218-4187-9945-a86c666fd503,simple-login/app,False,0.039603960396039604,"Job lifecycle in SimpleLogin: Job model has states (JobState): ready=0, taken=1, done=2, error=3. Fields: name, payload, taken, run_at, state, attempts, taken_a"
pilot30-shuffle2,task-6905333b74f22949d97ba9aa,simple-login/app,1,5,57,bc4ec481-3804-4612-9e31-dc9cd14e40eb,simple-login/app,False,0.04285714285714286,"SimpleLogin startup: Flask app created by create_app() in server.py. Production runs via gunicorn on 0.0.0.0:7777 (Dockerfile CMD), local dev via app.run(port=7"
pilot30-shuffle2,task-6905333b74f22949d97ba9aa,simple-login/app,2,1,56,bc4ec481-3804-4612-9e31-dc9cd14e40eb,simple-login/app,False,0.04285714285714286,"SimpleLogin startup: Flask app created by create_app() in server.py. Production runs via gunicorn on 0.0.0.0:7777 (Dockerfile CMD), local dev via app.run(port=7"
pilot30-shuffle2,task-6905333b74f22949d97ba9aa,simple-login/app,2,2,56,2c83e685-b147-4c17-9eb0-ceb8c7dad387,simple-login/app,False,0.010869565217391304,"SimpleLogin repo has two bounce address formats: (1) Legacy format: bounce+{email_log_id}+@domain for forward phase, bounce_reply{email_log_id}+@domain for repl"
pilot30-shuffle2,task-6905333b74f22949d97ba9aa,simple-login/app,2,3,55,cc5c0091-7a8f-4316-a8af-e40928c2f005,simple-login/app,False,0.05263157894736842,"SimpleLogin repo structure: main code in /app/app/ with models.py (124KB, core ORM models), email_handler.py (83KB, email processing pipeline), email_utils.py ("
pilot30-shuffle2,task-6905333b74f22949d97ba9aa,simple-login/app,2,4,52,e17b7996-c18c-46c2-a76f-05ad596cd92d,simple-login/app,False,0.037037037037037035,SimpleLogin alias creation flow - full end-to-end: Frontend (dashboard HTML template custom_alias.html or browser extension) sends either POST to /api/v2/alias/
pilot30-shuffle2,task-6905333b74f22949d97ba9aa,simple-login/app,2,5,53,18452a10-5171-49a8-8cb9-262edfa4b13e,simple-login/app,False,0.060240963855421686,"SimpleLogin email forward flow (email_handler.py):

1. ON NON-EXISTENT ALIAS: handle_forward() calls Alias.get_by(email=alias_address). If not found, tries try_"
pilot30-shuffle2,task-6905333b74f22949d97ba9ab,simple-login/app,1,1,59,18452a10-5171-49a8-8cb9-262edfa4b13e,simple-login/app,False,0.07692307692307693,"SimpleLogin email forward flow (email_handler.py):

1. ON NON-EXISTENT ALIAS: handle_forward() calls Alias.get_by(email=alias_address). If not found, tries try_"
pilot30-shuffle2,task-6905333b74f22949d97ba9ab,simple-login/app,1,2,49,bcbe75f6-308e-4d23-8bce-334be946ec30,simple-login/app,False,0.03333333333333333,Final analysis complete: SimpleLogin reply-phase routing in email_handler.py. Core flow: handle() dispatches reply to handle_reply() by checking is_reverse_alia
pilot30-shuffle2,task-6905333b74f22949d97ba9ab,simple-login/app,1,3,49,15589053-135a-499c-a171-3bfa13c6c3aa,simple-login/app,False,0.030303030303030304,"SimpleLogin repo structure: main code in /app/app/ with models.py (124KB, core ORM models), email_handler.py (83KB, email processing pipeline), email_utils.py ("
pilot30-shuffle2,task-6905333b74f22949d97ba9ab,simple-login/app,1,4,41,0406bee1-1ca8-474b-9b48-08135bf4f246,simple-login/app,False,0.04285714285714286,"Bounce handling differs by direction: FORWARD_PHASE bounce (mail to mailbox fails): email_log.bounced=True, bounced_mailbox_id set, refused_email created with S"
pilot30-shuffle2,task-6905333b74f22949d97ba9ab,simple-login/app,1,5,44,fded2d82-b218-4187-9945-a86c666fd503,simple-login/app,False,0.045112781954887216,"Job lifecycle in SimpleLogin: Job model has states (JobState): ready=0, taken=1, done=2, error=3. Fields: name, payload, taken, run_at, state, attempts, taken_a"
pilot30-shuffle2,task-6905333b74f22949d97ba9ad,simple-login/app,1,1,60,bc4ec481-3804-4612-9e31-dc9cd14e40eb,simple-login/app,False,0.03870967741935484,"SimpleLogin startup: Flask app created by create_app() in server.py. Production runs via gunicorn on 0.0.0.0:7777 (Dockerfile CMD), local dev via app.run(port=7"
pilot30-shuffle2,task-6905333b74f22949d97ba9ad,simple-login/app,1,2,59,1ae639f7-1d32-4c31-a4ee-c834399a080e,simple-login/app,False,0.04032258064516129,"init_app.py (init_app.py) populates SLDomain table with EMAIL_DOMAIN (""sl.local"" by default) and any OTHER_ALIAS_DOMAINS. Function add_sl_domains() creates SLDo"
pilot30-shuffle2,task-6905333b74f22949d97ba9ad,simple-login/app,1,3,61,cc5c0091-7a8f-4316-a8af-e40928c2f005,simple-login/app,False,0.045454545454545456,"SimpleLogin repo structure: main code in /app/app/ with models.py (124KB, core ORM models), email_handler.py (83KB, email processing pipeline), email_utils.py ("
pilot30-shuffle2,task-6905333b74f22949d97ba9ad,simple-login/app,1,4,65,3dadcfb7-8843-48f3-b428-6bed27a1596b,simple-login/app,False,0.04929577464788732,"Complete reply routing flow in SimpleLogin:
1. FORWARD PHASE (email from website to user's alias): handle_forward() creates/retrieves Contact by website_email ("
pilot30-shuffle2,task-6905333b74f22949d97ba9ad,simple-login/app,1,5,67,e17b7996-c18c-46c2-a76f-05ad596cd92d,simple-login/app,False,0.05172413793103448,SimpleLogin alias creation flow - full end-to-end: Frontend (dashboard HTML template custom_alias.html or browser extension) sends either POST to /api/v2/alias/
pilot30-shuffle2,task-6905333b74f22949d97ba9ad,simple-login/app,2,1,67,01fe1a1f-9d75-4f2d-815a-9b31c9feb339,simple-login/app,False,0.056910569105691054,SimpleLogin has multiple services: (1) Flask web app (server.py) via gunicorn on port 7777 (Dockerfile CMD) or dev via app.run(port=7777); (2) Email handler (em
pilot30-shuffle2,task-6905333b74f22949d97ba9ad,simple-login/app,2,2,58,727a8b02-ffb4-4f96-a2ab-1f0806cf508c,simple-login/app,False,0.09929078014184398,"Background services and their log indicators: (1) job_runner.py: polls Job table every 10s, takes jobs with state=ready/run_at<=now, marks as taken/done, logs """
pilot30-shuffle2,task-6905333b74f22949d97ba9ad,simple-login/app,2,3,62,15589053-135a-499c-a171-3bfa13c6c3aa,simple-login/app,False,0.035398230088495575,"SimpleLogin repo structure: main code in /app/app/ with models.py (124KB, core ORM models), email_handler.py (83KB, email processing pipeline), email_utils.py ("
pilot30-shuffle2,task-6905333b74f22949d97ba9ad,simple-login/app,2,4,64,3dadcfb7-8843-48f3-b428-6bed27a1596b,simple-login/app,False,0.04929577464788732,"Complete reply routing flow in SimpleLogin:
1. FORWARD PHASE (email from website to user's alias): handle_forward() creates/retrieves Contact by website_email ("
pilot30-shuffle2,task-6905333b74f22949d97ba9ad,simple-login/app,2,5,63,18452a10-5171-49a8-8cb9-262edfa4b13e,simple-login/app,False,0.0670391061452514,"SimpleLogin email forward flow (email_handler.py):

1. ON NON-EXISTENT ALIAS: handle_forward() calls Alias.get_by(email=alias_address). If not found, tries try_"
pilot30-shuffle2,task-6905333b74f22949d97ba9ae,simple-login/app,1,1,73,18452a10-5171-49a8-8cb9-262edfa4b13e,simple-login/app,False,0.047619047619047616,"SimpleLogin email forward flow (email_handler.py):

1. ON NON-EXISTENT ALIAS: handle_forward() calls Alias.get_by(email=alias_address). If not found, tries try_"
pilot30-shuffle2,task-6905333b74f22949d97ba9ae,simple-login/app,1,2,68,bcbe75f6-308e-4d23-8bce-334be946ec30,simple-login/app,False,0.08333333333333333,Final analysis complete: SimpleLogin reply-phase routing in email_handler.py. Core flow: handle() dispatches reply to handle_reply() by checking is_reverse_alia
pilot30-shuffle2,task-6905333b74f22949d97ba9ae,simple-login/app,1,3,65,e17b7996-c18c-46c2-a76f-05ad596cd92d,simple-login/app,False,0.03825136612021858,SimpleLogin alias creation flow - full end-to-end: Frontend (dashboard HTML template custom_alias.html or browser extension) sends either POST to /api/v2/alias/
pilot30-shuffle2,task-6905333b74f22949d97ba9ae,simple-login/app,1,4,58,0406bee1-1ca8-474b-9b48-08135bf4f246,simple-login/app,False,0.06349206349206349,"Bounce handling differs by direction: FORWARD_PHASE bounce (mail to mailbox fails): email_log.bounced=True, bounced_mailbox_id set, refused_email created with S"
pilot30-shuffle2,task-6905333b74f22949d97ba9ae,simple-login/app,1,5,58,7746489a-2aed-4743-a5c9-c58ee6aeb994,simple-login/app,False,0.05517241379310345,"Email header forwarding behavior (/app/email_handler.py lines 791-810): In forward_email_to_mailbox(), headers_to_keep list includes: From, To, CC, Subject, Dat"
pilot30-shuffle2,task-6905333b74f22949d97ba9af,simple-login/app,1,1,59,cc5c0091-7a8f-4316-a8af-e40928c2f005,simple-login/app,False,0.02962962962962963,"SimpleLogin repo structure: main code in /app/app/ with models.py (124KB, core ORM models), email_handler.py (83KB, email processing pipeline), email_utils.py ("
pilot30-shuffle2,task-6905333b74f22949d97ba9af,simple-login/app,1,2,57,15589053-135a-499c-a171-3bfa13c6c3aa,simple-login/app,False,0.014388489208633094,"SimpleLogin repo structure: main code in /app/app/ with models.py (124KB, core ORM models), email_handler.py (83KB, email processing pipeline), email_utils.py ("
pilot30-shuffle2,task-6905333b74f22949d97ba9af,simple-login/app,1,3,52,df4a9ecf-460d-48de-a894-35950c3f986d,simple-login/app,False,0.03468208092485549,"Complete alias creation DB footprint: (1) Alias table: INSERT with user_id, email (unique), name, enabled=True, flags=0, custom_domain_id (nullable, auto-detect"
pilot30-shuffle2,task-6905333b74f22949d97ba9af,simple-login/app,1,4,49,bc4ec481-3804-4612-9e31-dc9cd14e40eb,simple-login/app,False,0.0755813953488372,"SimpleLogin startup: Flask app created by create_app() in server.py. Production runs via gunicorn on 0.0.0.0:7777 (Dockerfile CMD), local dev via app.run(port=7"
pilot30-shuffle2,task-6905333b74f22949d97ba9af,simple-login/app,1,5,51,2c83e685-b147-4c17-9eb0-ceb8c7dad387,simple-login/app,False,0.007633587786259542,"SimpleLogin repo has two bounce address formats: (1) Legacy format: bounce+{email_log_id}+@domain for forward phase, bounce_reply{email_log_id}+@domain for repl"
pilot30-shuffle2,task-6905333b74f22949d97ba9af,simple-login/app,2,1,64,1ae639f7-1d32-4c31-a4ee-c834399a080e,simple-login/app,False,0.06993006993006994,"init_app.py (init_app.py) populates SLDomain table with EMAIL_DOMAIN (""sl.local"" by default) and any OTHER_ALIAS_DOMAINS. Function add_sl_domains() creates SLDo"
pilot30-shuffle2,task-6905333b74f22949d97ba9af,simple-login/app,2,2,58,864cd725-654d-4473-a5ec-920928f5f690,,False,0.0962962962962963,When PostgreSQL is running but database has no tables and you submit login form POST to /auth/login: User.get_by(email) calls Session.query(User).filter_by(emai
pilot30-shuffle2,task-6905333b74f22949d97ba9af,simple-login/app,2,3,54,18452a10-5171-49a8-8cb9-262edfa4b13e,simple-login/app,False,0.043689320388349516,"SimpleLogin email forward flow (email_handler.py):

1. ON NON-EXISTENT ALIAS: handle_forward() calls Alias.get_by(email=alias_address). If not found, tries try_"
pilot30-shuffle2,task-6905333b74f22949d97ba9af,simple-login/app,2,4,51,cc5c0091-7a8f-4316-a8af-e40928c2f005,simple-login/app,False,0.02962962962962963,"SimpleLogin repo structure: main code in /app/app/ with models.py (124KB, core ORM models), email_handler.py (83KB, email processing pipeline), email_utils.py ("
pilot30-shuffle2,task-6905333b74f22949d97ba9af,simple-login/app,2,5,49,01fe1a1f-9d75-4f2d-815a-9b31c9feb339,simple-login/app,False,0.04964539007092199,SimpleLogin (app/) is a Flask email masking/proxy service. Key services: (1) Main Flask app (server.py→create_app()) runs on port 7777 via gunicorn. (2) Email h
pilot30-shuffle2,task-6905333b74f22949d97ba9b2,simple-login/app,1,1,61,0406bee1-1ca8-474b-9b48-08135bf4f246,simple-login/app,False,0.0379746835443038,"Bounce handling differs by direction: FORWARD_PHASE bounce (mail to mailbox fails): email_log.bounced=True, bounced_mailbox_id set, refused_email created with S"
pilot30-shuffle2,task-6905333b74f22949d97ba9b2,simple-login/app,1,2,60,15589053-135a-499c-a171-3bfa13c6c3aa,simple-login/app,False,0.03355704697986577,"SimpleLogin repo structure: main code in /app/app/ with models.py (124KB, core ORM models), email_handler.py (83KB, email processing pipeline), email_utils.py ("
pilot30-shuffle2,task-6905333b74f22949d97ba9b2,simple-login/app,1,3,57,18452a10-5171-49a8-8cb9-262edfa4b13e,simple-login/app,False,0.0410958904109589,"SimpleLogin email forward flow (email_handler.py):

1. ON NON-EXISTENT ALIAS: handle_forward() calls Alias.get_by(email=alias_address). If not found, tries try_"
pilot30-shuffle2,task-6905333b74f22949d97ba9b2,simple-login/app,1,4,53,6f9a5b6a-af96-4046-b079-6c525610765b,,False,0.03289473684210526,"VERP format for delivery failure: Three types in VerpType enum: bounce_forward=0, bounce_reply=1, transactional=2. Format: ""sl.{b32_payload}.{b32_signature}@{do"
pilot30-shuffle2,task-6905333b74f22949d97ba9b2,simple-login/app,1,5,56,bcbe75f6-308e-4d23-8bce-334be946ec30,simple-login/app,False,0.023668639053254437,Final analysis complete: SimpleLogin reply-phase routing in email_handler.py. Core flow: handle() dispatches reply to handle_reply() by checking is_reverse_alia
pilot30-shuffle2,task-6905333b74f22949d97ba9d0,paperless-ngx/paperless-ngx,1,1,56,1bbf34c1-5271-4a8a-8778-ab4acff0b949,paperless-ngx/paperless-ngx,False,0.025423728813559324,"In paperless-ngx, DocumentViewSet (views.py line 173-199) has: queryset = Document.objects.all(), get_queryset() returns Document.objects.distinct(), filter_bac"
pilot30-shuffle2,task-6905333b74f22949d97ba9d0,paperless-ngx/paperless-ngx,1,2,67,93adea52-6ae9-447a-90c1-280a9c21ba52,paperless-ngx/paperless-ngx,False,0.05555555555555555,"Background jobs in paperless-ngx:
- Framework: django-q with Redis as broker
- 3 processes run via supervisord: gunicorn (web), consumer (document_consumer mgmt"
pilot30-shuffle2,task-6905333b74f22949d97ba9d0,paperless-ngx/paperless-ngx,1,3,60,1b83850a-089f-4f33-b352-af65ef94e6c8,paperless-ngx/paperless-ngx,False,0.00909090909090909,"Paperless-ngx API authentication: TokenAuthentication (DRF rest_framework.authentication.TokenAuthentication) is used. The HTTP header is ""Authorization"" with f"
pilot30-shuffle2,task-6905333b74f22949d97ba9d0,paperless-ngx/paperless-ngx,1,4,57,8dac22c9-f08a-40d4-a272-3f7ef7c68419,paperless-ngx/paperless-ngx,False,0.0514018691588785,"Paperless-NGX document ingestion workflow:
1. File drops in CONSUMPTION_DIR → detected by either inotify (INotify, if available and CONSUMER_POLLING=0) or watch"
pilot30-shuffle2,task-6905333b74f22949d97ba9d0,paperless-ngx/paperless-ngx,1,5,57,66a590e8-7df6-401d-b1cf-1e02bde21804,paperless-ngx/paperless-ngx,False,0.011363636363636364,"Paperless-ngx settings.py REST_FRAMEWORK DEFAULT_AUTHENTICATION_CLASSES: [""rest_framework.authentication.BasicAuthentication"", ""rest_framework.authentication.Se"
pilot30-shuffle2,task-6905333b74f22949d97ba9d0,paperless-ngx/paperless-ngx,2,1,67,44a00966-e462-4e6f-a772-97201c193bc4,paperless-ngx/paperless-ngx,False,0.13953488372093023,"paperless-ngx task scheduling architecture (final comprehensive findings):

1. TASK FRAMEWORK: django-q (not Celery). No Celery beat. Uses redis as broker.
2. S"
pilot30-shuffle2,task-6905333b74f22949d97ba9d0,paperless-ngx/paperless-ngx,2,2,54,1bbf34c1-5271-4a8a-8778-ab4acff0b949,paperless-ngx/paperless-ngx,False,0.025423728813559324,"In paperless-ngx, DocumentViewSet (views.py line 173-199) has: queryset = Document.objects.all(), get_queryset() returns Document.objects.distinct(), filter_bac"
pilot30-shuffle2,task-6905333b74f22949d97ba9d0,paperless-ngx/paperless-ngx,2,3,61,93adea52-6ae9-447a-90c1-280a9c21ba52,paperless-ngx/paperless-ngx,False,0.05555555555555555,"Background jobs in paperless-ngx:
- Framework: django-q with Redis as broker
- 3 processes run via supervisord: gunicorn (web), consumer (document_consumer mgmt"
pilot30-shuffle2,task-6905333b74f22949d97ba9d0,paperless-ngx/paperless-ngx,2,4,59,495484ba-900e-4ff5-880a-465d1a2e11e3,paperless-ngx/paperless-ngx,False,0.038834951456310676,"Repository is paperless-ngx document management system. Key files: src/documents/classifier.py (ML pipeline), src/documents/consumer.py (document consumption/OC"
pilot30-shuffle2,task-6905333b74f22949d97ba9d0,paperless-ngx/paperless-ngx,2,5,42,37b63855-29d5-49bf-82ab-5371ced94d4a,,False,0.045454545454545456,"Key runtime log messages across the system: 1) File moves (handlers.py): logger.fatal(f""Document {document}: File {old_path} has gone.""), logger.warning(f""Docum"
pilot30-shuffle2,task-6905333b74f22949d97ba9d1,paperless-ngx/paperless-ngx,1,1,57,8dac22c9-f08a-40d4-a272-3f7ef7c68419,paperless-ngx/paperless-ngx,False,0.05533596837944664,"Paperless-NGX document ingestion workflow:
1. File drops in CONSUMPTION_DIR → detected by either inotify (INotify, if available and CONSUMER_POLLING=0) or watch"
pilot30-shuffle2,task-6905333b74f22949d97ba9d1,paperless-ngx/paperless-ngx,1,2,49,c191fd9d-e3df-4a03-95a1-087996bf64b0,paperless-ngx/paperless-ngx,False,0.05263157894736842,OCR pipeline in paperless-ngx: When image (no embedded text) is uploaded: 1) Consumer sends STARTING -> WORKING(parsing_document) -> OCRmyPDF runs -> text extra
pilot30-shuffle2,task-6905333b74f22949d97ba9d1,paperless-ngx/paperless-ngx,2,1,59,8dac22c9-f08a-40d4-a272-3f7ef7c68419,paperless-ngx/paperless-ngx,False,0.05533596837944664,"Paperless-NGX document ingestion workflow:
1. File drops in CONSUMPTION_DIR → detected by either inotify (INotify, if available and CONSUMER_POLLING=0) or watch"
pilot30-shuffle2,task-6905333b74f22949d97ba9d1,paperless-ngx/paperless-ngx,2,2,51,c191fd9d-e3df-4a03-95a1-087996bf64b0,paperless-ngx/paperless-ngx,False,0.05263157894736842,OCR pipeline in paperless-ngx: When image (no embedded text) is uploaded: 1) Consumer sends STARTING -> WORKING(parsing_document) -> OCRmyPDF runs -> text extra
pilot30-shuffle2,task-6905333b74f22949d97ba9d2,paperless-ngx/paperless-ngx,1,1,62,8dac22c9-f08a-40d4-a272-3f7ef7c68419,paperless-ngx/paperless-ngx,False,0.04477611940298507,"Paperless-NGX document ingestion workflow:
1. File drops in CONSUMPTION_DIR → detected by either inotify (INotify, if available and CONSUMER_POLLING=0) or watch"
pilot30-shuffle2,task-6905333b74f22949d97ba9d2,paperless-ngx/paperless-ngx,1,2,56,c191fd9d-e3df-4a03-95a1-087996bf64b0,paperless-ngx/paperless-ngx,False,0.0423728813559322,OCR pipeline in paperless-ngx: When image (no embedded text) is uploaded: 1) Consumer sends STARTING -> WORKING(parsing_document) -> OCRmyPDF runs -> text extra
pilot30-shuffle2,task-6905333b74f22949d97ba9d3,paperless-ngx/paperless-ngx,1,1,60,1bbf34c1-5271-4a8a-8778-ab4acff0b949,paperless-ngx/paperless-ngx,False,0.03389830508474576,"In paperless-ngx, DocumentViewSet (views.py line 173-199) has: queryset = Document.objects.all(), get_queryset() returns Document.objects.distinct(), filter_bac"
pilot30-shuffle2,task-6905333b74f22949d97ba9d3,paperless-ngx/paperless-ngx,1,2,77,8dac22c9-f08a-40d4-a272-3f7ef7c68419,paperless-ngx/paperless-ngx,False,0.06072874493927125,Paperless-NGX document ingestion pipeline comprehensive runtime flow: 1) Document appears in CONSUMPTION_DIR → detected by inotify (CLOSE_WRITE|MOVED_TO) or Pol
pilot30-shuffle2,task-6905333b74f22949d97ba9d3,paperless-ngx/paperless-ngx,1,3,68,495484ba-900e-4ff5-880a-465d1a2e11e3,paperless-ngx/paperless-ngx,False,0.09090909090909091,"Repository is paperless-ngx document management system. Key files: src/documents/classifier.py (ML pipeline), src/documents/consumer.py (document consumption/OC"
pilot30-shuffle2,task-6905333b74f22949d97ba9d3,paperless-ngx/paperless-ngx,1,4,65,c191fd9d-e3df-4a03-95a1-087996bf64b0,paperless-ngx/paperless-ngx,False,0.03731343283582089,OCR pipeline in paperless-ngx: When image (no embedded text) is uploaded: 1) Consumer sends STARTING -> WORKING(parsing_document) -> OCRmyPDF runs -> text extra
pilot30-shuffle2,task-6905333b74f22949d97ba9d3,paperless-ngx/paperless-ngx,1,5,66,e8fc1f1d-5ebc-4acf-92c9-0634ff6cf9f1,paperless-ngx/paperless-ngx,False,0.06428571428571428,Specific memory-intensive code paths in paperless-ngx: 1) tasks.py:bulk_update_documents() (line 270-280) loads ALL documents with Document.objects.filter(id__i
pilot30-shuffle2,task-6905333b74f22949d97ba9d4,paperless-ngx/paperless-ngx,1,1,46,37b63855-29d5-49bf-82ab-5371ced94d4a,,False,0.027972027972027972,"Key runtime log messages across the system: 1) File moves (handlers.py): logger.fatal(f""Document {document}: File {old_path} has gone.""), logger.warning(f""Docum"
pilot30-shuffle2,task-6905333b74f22949d97ba9d4,paperless-ngx/paperless-ngx,1,2,67,93adea52-6ae9-447a-90c1-280a9c21ba52,paperless-ngx/paperless-ngx,False,0.06382978723404255,"Background jobs in paperless-ngx:
- Framework: django-q with Redis as broker
- 3 processes run via supervisord: gunicorn (web), consumer (document_consumer mgmt"
pilot30-shuffle2,task-6905333b74f22949d97ba9d4,paperless-ngx/paperless-ngx,1,3,55,1bbf34c1-5271-4a8a-8778-ab4acff0b949,paperless-ngx/paperless-ngx,False,0.009433962264150943,"In paperless-ngx, DocumentViewSet (views.py line 173-199) has: queryset = Document.objects.all(), get_queryset() returns Document.objects.distinct(), filter_bac"
pilot30-shuffle2,task-6905333b74f22949d97ba9d4,paperless-ngx/paperless-ngx,1,4,60,8dac22c9-f08a-40d4-a272-3f7ef7c68419,paperless-ngx/paperless-ngx,False,0.03431372549019608,"Paperless-NGX document ingestion workflow:
1. File drops in CONSUMPTION_DIR → detected by either inotify (INotify, if available and CONSUMER_POLLING=0) or watch"
pilot30-shuffle2,task-6905333b74f22949d97ba9d4,paperless-ngx/paperless-ngx,1,5,58,66a590e8-7df6-401d-b1cf-1e02bde21804,paperless-ngx/paperless-ngx,False,0.013513513513513514,"Paperless-ngx settings.py REST_FRAMEWORK DEFAULT_AUTHENTICATION_CLASSES: [""rest_framework.authentication.BasicAuthentication"", ""rest_framework.authentication.Se"
pilot30-shuffle2,task-6905333b74f22949d97ba9d4,paperless-ngx/paperless-ngx,2,1,48,93adea52-6ae9-447a-90c1-280a9c21ba52,paperless-ngx/paperless-ngx,False,0.06382978723404255,"Background jobs in paperless-ngx:
- Framework: django-q with Redis as broker
- 3 processes run via supervisord: gunicorn (web), consumer (document_consumer mgmt"
pilot30-shuffle2,task-6905333b74f22949d97ba9d4,paperless-ngx/paperless-ngx,2,2,44,8dac22c9-f08a-40d4-a272-3f7ef7c68419,paperless-ngx/paperless-ngx,False,0.03431372549019608,"Paperless-NGX document ingestion workflow:
1. File drops in CONSUMPTION_DIR → detected by either inotify (INotify, if available and CONSUMER_POLLING=0) or watch"
pilot30-shuffle2,task-6905333b74f22949d97ba9d4,paperless-ngx/paperless-ngx,2,3,44,37b63855-29d5-49bf-82ab-5371ced94d4a,,False,0.027972027972027972,"Key runtime log messages across the system: 1) File moves (handlers.py): logger.fatal(f""Document {document}: File {old_path} has gone.""), logger.warning(f""Docum"
pilot30-shuffle2,task-6905333b74f22949d97ba9d4,paperless-ngx/paperless-ngx,2,4,47,8850b7a5-389d-40bf-8b6c-7b1f1f61f87e,,False,0.00980392156862745,"Sanity checker checks 1) thumbnail existence and readability, 2) original file existence + MD5 checksum comparison (doc.checksum vs actual md5 of file on disk),"
pilot30-shuffle2,task-6905333b74f22949d97ba9d4,paperless-ngx/paperless-ngx,2,5,39,1bbf34c1-5271-4a8a-8778-ab4acff0b949,paperless-ngx/paperless-ngx,False,0.009433962264150943,"In paperless-ngx, DocumentViewSet (views.py line 173-199) has: queryset = Document.objects.all(), get_queryset() returns Document.objects.distinct(), filter_bac"
pilot30-shuffle2,task-6905333b74f22949d97ba9d5,paperless-ngx/paperless-ngx,1,1,57,1bbf34c1-5271-4a8a-8778-ab4acff0b949,paperless-ngx/paperless-ngx,False,0.016666666666666666,"In paperless-ngx, DocumentViewSet (views.py line 173-199) has: queryset = Document.objects.all(), get_queryset() returns Document.objects.distinct(), filter_bac"
pilot30-shuffle2,task-6905333b74f22949d97ba9d5,paperless-ngx/paperless-ngx,1,2,66,495484ba-900e-4ff5-880a-465d1a2e11e3,paperless-ngx/paperless-ngx,False,0.04854368932038835,"Repository is paperless-ngx document management system. Key files: src/documents/classifier.py (ML pipeline), src/documents/consumer.py (document consumption/OC"
pilot30-shuffle2,task-6905333b74f22949d97ba9d5,paperless-ngx/paperless-ngx,1,3,68,8dac22c9-f08a-40d4-a272-3f7ef7c68419,paperless-ngx/paperless-ngx,False,0.041474654377880185,"Paperless-NGX document ingestion workflow:
1. File drops in CONSUMPTION_DIR → detected by either inotify (INotify, if available and CONSUMER_POLLING=0) or watch"
pilot30-shuffle2,task-6905333b74f22949d97ba9d5,paperless-ngx/paperless-ngx,1,4,62,c191fd9d-e3df-4a03-95a1-087996bf64b0,paperless-ngx/paperless-ngx,False,0.02962962962962963,OCR pipeline in paperless-ngx: When image (no embedded text) is uploaded: 1) Consumer sends STARTING -> WORKING(parsing_document) -> OCRmyPDF runs -> text extra
pilot30-shuffle2,task-6905333b74f22949d97ba9d5,paperless-ngx/paperless-ngx,1,5,39,37b63855-29d5-49bf-82ab-5371ced94d4a,,False,0.087248322147651,"Key runtime log messages across the system: 1) File moves (handlers.py): logger.fatal(f""Document {document}: File {old_path} has gone.""), logger.warning(f""Docum"
pilot30-shuffle2,task-6905333b74f22949d97ba9d6,paperless-ngx/paperless-ngx,1,1,59,8dac22c9-f08a-40d4-a272-3f7ef7c68419,paperless-ngx/paperless-ngx,False,0.0228310502283105,"Paperless-NGX document ingestion workflow:
1. File drops in CONSUMPTION_DIR → detected by either inotify (INotify, if available and CONSUMER_POLLING=0) or watch"
pilot30-shuffle2,task-6905333b74f22949d97ba9d6,paperless-ngx/paperless-ngx,2,1,63,c191fd9d-e3df-4a03-95a1-087996bf64b0,paperless-ngx/paperless-ngx,False,0.1322314049586777,OCR pipeline in paperless-ngx: When image (no embedded text) is uploaded: 1) Consumer sends STARTING -> WORKING(parsing_document) -> OCRmyPDF runs -> text extra
pilot30-shuffle2,task-6905333b74f22949d97ba9d6,paperless-ngx/paperless-ngx,2,2,42,8dac22c9-f08a-40d4-a272-3f7ef7c68419,paperless-ngx/paperless-ngx,False,0.0228310502283105,"Paperless-NGX document ingestion workflow:
1. File drops in CONSUMPTION_DIR → detected by either inotify (INotify, if available and CONSUMER_POLLING=0) or watch"
pilot30-shuffle2,task-6905333b74f22949d97ba9d7,paperless-ngx/paperless-ngx,1,1,46,93adea52-6ae9-447a-90c1-280a9c21ba52,paperless-ngx/paperless-ngx,False,0.027777777777777776,"Background jobs in paperless-ngx:
- Framework: django-q with Redis as broker
- 3 processes run via supervisord: gunicorn (web), consumer (document_consumer mgmt"
pilot30-shuffle2,task-6905333b74f22949d97ba9d7,paperless-ngx/paperless-ngx,1,2,43,c191fd9d-e3df-4a03-95a1-087996bf64b0,paperless-ngx/paperless-ngx,False,0.015037593984962405,OCR pipeline in paperless-ngx: When image (no embedded text) is uploaded: 1) Consumer sends STARTING -> WORKING(parsing_document) -> OCRmyPDF runs -> text extra
pilot30-shuffle2,task-6905333b74f22949d97ba9d7,paperless-ngx/paperless-ngx,1,3,45,8dac22c9-f08a-40d4-a272-3f7ef7c68419,paperless-ngx/paperless-ngx,False,0.06220095693779904,"Paperless-NGX document ingestion workflow:
1. File drops in CONSUMPTION_DIR → detected by either inotify (INotify, if available and CONSUMER_POLLING=0) or watch"
pilot30-shuffle2,task-6905333b74f22949d97ba9d7,paperless-ngx/paperless-ngx,1,4,43,486fdfcf-e185-453f-8cbb-49b6c29ae9ac,paperless-ngx/paperless-ngx,False,0.038834951456310676,"Document model fields in paperless-ngx (models.py):
- REQUIRED at creation (set in _store): title, content, mime_type, checksum, created, modified, storage_type"
pilot30-shuffle2,task-6905333b74f22949d97ba9d7,paperless-ngx/paperless-ngx,1,5,41,c7d6e991-35f3-450d-8161-cc5b9e54fc5a,,False,0.018518518518518517,"Duplicate detection in Consumer.pre_check_duplicate() uses MD5 checksum of the file content. Opens the file in rb mode, reads all bytes, computes hashlib.md5(f."
pilot30-shuffle2,task-6905333b74f22949d97ba9d8,paperless-ngx/paperless-ngx,1,1,48,37b63855-29d5-49bf-82ab-5371ced94d4a,,False,0.0718954248366013,"Key runtime log messages across the system: 1) File moves (handlers.py): logger.fatal(f""Document {document}: File {old_path} has gone.""), logger.warning(f""Docum"
pilot30-shuffle2,task-6905333b74f22949d97ba9d8,paperless-ngx/paperless-ngx,1,2,61,c191fd9d-e3df-4a03-95a1-087996bf64b0,paperless-ngx/paperless-ngx,False,0.044444444444444446,OCR pipeline in paperless-ngx: When image (no embedded text) is uploaded: 1) Consumer sends STARTING -> WORKING(parsing_document) -> OCRmyPDF runs -> text extra
pilot30-shuffle2,task-6905333b74f22949d97ba9d8,paperless-ngx/paperless-ngx,1,3,43,1bbf34c1-5271-4a8a-8778-ab4acff0b949,paperless-ngx/paperless-ngx,False,0.03333333333333333,"In paperless-ngx, DocumentViewSet (views.py line 173-199) has: queryset = Document.objects.all(), get_queryset() returns Document.objects.distinct(), filter_bac"
pilot30-shuffle2,task-6905333b74f22949d97ba9d8,paperless-ngx/paperless-ngx,1,4,58,55ac1b33-ba1d-42f5-811c-856c38e67d27,,False,0.05384615384615385,Classifier training optimization: DocumentClassifier.train() computes a SHA1 hash over all training data. The hash is built by iterating through Document.object
pilot30-shuffle2,task-6905333b74f22949d97ba9d8,paperless-ngx/paperless-ngx,1,5,47,8dac22c9-f08a-40d4-a272-3f7ef7c68419,paperless-ngx/paperless-ngx,False,0.07042253521126761,"Paperless-NGX document ingestion workflow:
1. File drops in CONSUMPTION_DIR → detected by either inotify (INotify, if available and CONSUMER_POLLING=0) or watch"
pilot30-shuffle2,task-6905333b74f22949d97ba9d9,paperless-ngx/paperless-ngx,1,1,72,93adea52-6ae9-447a-90c1-280a9c21ba52,paperless-ngx/paperless-ngx,False,0.04,"Background jobs in paperless-ngx:
- Framework: django-q with Redis as broker
- 3 processes run via supervisord: gunicorn (web), consumer (document_consumer mgmt"
pilot30-shuffle2,task-6905333b74f22949d97ba9d9,paperless-ngx/paperless-ngx,1,2,59,8dac22c9-f08a-40d4-a272-3f7ef7c68419,paperless-ngx/paperless-ngx,False,0.04878048780487805,"Paperless-NGX document ingestion workflow:
1. File drops in CONSUMPTION_DIR → detected by either inotify (INotify, if available and CONSUMER_POLLING=0) or watch"
pilot30-shuffle2,task-6905333b74f22949d97ba9d9,paperless-ngx/paperless-ngx,1,3,43,37b63855-29d5-49bf-82ab-5371ced94d4a,,False,0.03424657534246575,"Key runtime log messages across the system: 1) File moves (handlers.py): logger.fatal(f""Document {document}: File {old_path} has gone.""), logger.warning(f""Docum"
pilot30-shuffle2,task-6905333b74f22949d97ba9d9,paperless-ngx/paperless-ngx,1,4,55,486fdfcf-e185-453f-8cbb-49b6c29ae9ac,paperless-ngx/paperless-ngx,False,0.041666666666666664,"Document model fields in paperless-ngx (models.py):
- REQUIRED at creation (set in _store): title, content, mime_type, checksum, created, modified, storage_type"
pilot30-shuffle2,task-6905333b74f22949d97ba9d9,paperless-ngx/paperless-ngx,1,5,50,c191fd9d-e3df-4a03-95a1-087996bf64b0,paperless-ngx/paperless-ngx,False,0.03225806451612903,OCR pipeline in paperless-ngx: When image (no embedded text) is uploaded: 1) Consumer sends STARTING -> WORKING(parsing_document) -> OCRmyPDF runs -> text extra
pilot30-shuffle2,task-6905333b74f22949d97ba9d9,paperless-ngx/paperless-ngx,2,1,50,93adea52-6ae9-447a-90c1-280a9c21ba52,paperless-ngx/paperless-ngx,False,0.04,"Background jobs in paperless-ngx:
- Framework: django-q with Redis as broker
- 3 processes run via supervisord: gunicorn (web), consumer (document_consumer mgmt"
pilot30-shuffle2,task-6905333b74f22949d97ba9d9,paperless-ngx/paperless-ngx,2,2,45,8dac22c9-f08a-40d4-a272-3f7ef7c68419,paperless-ngx/paperless-ngx,False,0.04878048780487805,"Paperless-NGX document ingestion workflow:
1. File drops in CONSUMPTION_DIR → detected by either inotify (INotify, if available and CONSUMER_POLLING=0) or watch"
pilot30-shuffle2,task-6905333b74f22949d97ba9d9,paperless-ngx/paperless-ngx,2,3,32,c7d6e991-35f3-450d-8161-cc5b9e54fc5a,,False,0.03,"Duplicate detection in Consumer.pre_check_duplicate() uses MD5 checksum of the file content. Opens the file in rb mode, reads all bytes, computes hashlib.md5(f."
pilot30-shuffle2,task-6905333b74f22949d97ba9d9,paperless-ngx/paperless-ngx,2,4,30,6e2e91bb-9ad9-44a4-b438-88a4da0040da,,False,0.0234375,File move dance when tags change: update_filename_and_move_files is triggered by both m2m_changed on Document.tags.through AND post_save on Document. It acquire
pilot30-shuffle2,task-6905333b74f22949d97ba9d9,paperless-ngx/paperless-ngx,2,5,35,37b63855-29d5-49bf-82ab-5371ced94d4a,,False,0.03424657534246575,"Key runtime log messages across the system: 1) File moves (handlers.py): logger.fatal(f""Document {document}: File {old_path} has gone.""), logger.warning(f""Docum"
pilot30-shuffle2,task-6905333b74f22949d97ba9db,paperless-ngx/paperless-ngx,1,1,60,486fdfcf-e185-453f-8cbb-49b6c29ae9ac,paperless-ngx/paperless-ngx,False,0.0379746835443038,"Document model fields in paperless-ngx (models.py):
- REQUIRED at creation (set in _store): title, content, mime_type, checksum, created, modified, storage_type"
pilot30-shuffle2,task-6905333b74f22949d97ba9db,paperless-ngx/paperless-ngx,1,2,57,8dac22c9-f08a-40d4-a272-3f7ef7c68419,paperless-ngx/paperless-ngx,False,0.041044776119402986,"Paperless-NGX document ingestion workflow:
1. File drops in CONSUMPTION_DIR → detected by either inotify (INotify, if available and CONSUMER_POLLING=0) or watch"
pilot30-shuffle2,task-6905333b74f22949d97ba9db,paperless-ngx/paperless-ngx,1,3,54,93adea52-6ae9-447a-90c1-280a9c21ba52,paperless-ngx/paperless-ngx,False,0.03067484662576687,"Background jobs in paperless-ngx:
- Framework: django-q with Redis as broker
- 3 processes run via supervisord: gunicorn (web), consumer (document_consumer mgmt"
pilot30-shuffle2,task-6905333b74f22949d97ba9db,paperless-ngx/paperless-ngx,1,4,46,c191fd9d-e3df-4a03-95a1-087996bf64b0,paperless-ngx/paperless-ngx,False,0.026737967914438502,OCR pipeline in paperless-ngx: When image (no embedded text) is uploaded: 1) Consumer sends STARTING -> WORKING(parsing_document) -> OCRmyPDF runs -> text extra
pilot30-shuffle2,task-6905333b74f22949d97ba9db,paperless-ngx/paperless-ngx,2,1,55,8850b7a5-389d-40bf-8b6c-7b1f1f61f87e,,False,0.05555555555555555,"Sanity checker checks 1) thumbnail existence and readability, 2) original file existence + MD5 checksum comparison (doc.checksum vs actual md5 of file on disk),"
pilot30-shuffle2,task-6905333b74f22949d97ba9db,paperless-ngx/paperless-ngx,2,2,57,486fdfcf-e185-453f-8cbb-49b6c29ae9ac,paperless-ngx/paperless-ngx,False,0.0379746835443038,"Document model fields in paperless-ngx (models.py):
- REQUIRED at creation (set in _store): title, content, mime_type, checksum, created, modified, storage_type"
pilot30-shuffle2,task-6905333b74f22949d97ba9db,paperless-ngx/paperless-ngx,2,3,53,8dac22c9-f08a-40d4-a272-3f7ef7c68419,paperless-ngx/paperless-ngx,False,0.041044776119402986,"Paperless-NGX document ingestion workflow:
1. File drops in CONSUMPTION_DIR → detected by either inotify (INotify, if available and CONSUMER_POLLING=0) or watch"
pilot30-shuffle2,task-6905333b74f22949d97ba9db,paperless-ngx/paperless-ngx,2,4,44,c7d6e991-35f3-450d-8161-cc5b9e54fc5a,,False,0.056962025316455694,"Duplicate detection in Consumer.pre_check_duplicate() uses MD5 checksum of the file content. Opens the file in rb mode, reads all bytes, computes hashlib.md5(f."
pilot30-shuffle2,task-6905333b74f22949d97ba9db,paperless-ngx/paperless-ngx,2,5,53,93adea52-6ae9-447a-90c1-280a9c21ba52,paperless-ngx/paperless-ngx,False,0.03067484662576687,"Background jobs in paperless-ngx:
- Framework: django-q with Redis as broker
- 3 processes run via supervisord: gunicorn (web), consumer (document_consumer mgmt"
pilot30-shuffle2,task-6905333b74f22949d97ba9dc,paperless-ngx/paperless-ngx,1,1,58,1bbf34c1-5271-4a8a-8778-ab4acff0b949,paperless-ngx/paperless-ngx,False,0.04310344827586207,"In paperless-ngx, DocumentViewSet (views.py line 173-199) has: queryset = Document.objects.all(), get_queryset() returns Document.objects.distinct(), filter_bac"
pilot30-shuffle2,task-6905333b74f22949d97ba9dc,paperless-ngx/paperless-ngx,1,2,73,c191fd9d-e3df-4a03-95a1-087996bf64b0,paperless-ngx/paperless-ngx,False,0.06153846153846154,OCR pipeline in paperless-ngx: When image (no embedded text) is uploaded: 1) Consumer sends STARTING -> WORKING(parsing_document) -> OCRmyPDF runs -> text extra
pilot30-shuffle2,task-6905333b74f22949d97ba9dc,paperless-ngx/paperless-ngx,1,3,67,495484ba-900e-4ff5-880a-465d1a2e11e3,paperless-ngx/paperless-ngx,False,0.028846153846153848,"Repository is paperless-ngx document management system. Key files: src/documents/classifier.py (ML pipeline), src/documents/consumer.py (document consumption/OC"
pilot30-shuffle2,task-6905333b74f22949d97ba9dc,paperless-ngx/paperless-ngx,1,4,44,2f50afe3-d407-4869-86d9-448ae3445db1,,False,0.02459016393442623,Memory spike root cause: Document.content TextField loads full OCR text for every Document instance. Key code paths: 1) bulk_update_documents() in tasks.py load
pilot30-shuffle2,task-6905333b74f22949d97ba9dc,paperless-ngx/paperless-ngx,1,5,59,1f366881-e415-4959-8cb7-5c76135418cd,paperless-ngx/paperless-ngx,False,0.038461538461538464,Classifier training in paperless-ngx: train_classifier() is called via management command `manage.py document_create_classifier` or by scheduled django-q task (
pilot30-shuffle2,task-6905333b74f22949d97ba9dc,paperless-ngx/paperless-ngx,2,1,49,37b63855-29d5-49bf-82ab-5371ced94d4a,,False,0.025477707006369428,"Key runtime log messages across the system: 1) File moves (handlers.py): logger.fatal(f""Document {document}: File {old_path} has gone.""), logger.warning(f""Docum"
pilot30-shuffle2,task-6905333b74f22949d97ba9dc,paperless-ngx/paperless-ngx,2,2,46,2f50afe3-d407-4869-86d9-448ae3445db1,,False,0.02459016393442623,Memory spike root cause: Document.content TextField loads full OCR text for every Document instance. Key code paths: 1) bulk_update_documents() in tasks.py load
pilot30-shuffle2,task-6905333b74f22949d97ba9dc,paperless-ngx/paperless-ngx,2,3,54,c191fd9d-e3df-4a03-95a1-087996bf64b0,paperless-ngx/paperless-ngx,False,0.06153846153846154,OCR pipeline in paperless-ngx: When image (no embedded text) is uploaded: 1) Consumer sends STARTING -> WORKING(parsing_document) -> OCRmyPDF runs -> text extra
pilot30-shuffle2,task-6905333b74f22949d97ba9dc,paperless-ngx/paperless-ngx,2,4,46,495484ba-900e-4ff5-880a-465d1a2e11e3,paperless-ngx/paperless-ngx,False,0.028846153846153848,"Repository is paperless-ngx document management system. Key files: src/documents/classifier.py (ML pipeline), src/documents/consumer.py (document consumption/OC"
pilot30-shuffle2,task-6905333b74f22949d97ba9dc,paperless-ngx/paperless-ngx,2,5,45,1f366881-e415-4959-8cb7-5c76135418cd,paperless-ngx/paperless-ngx,False,0.038461538461538464,Classifier training in paperless-ngx: train_classifier() is called via management command `manage.py document_create_classifier` or by scheduled django-q task (
pilot30-shuffle2,task-6905333b74f22949d97ba9de,paperless-ngx/paperless-ngx,1,1,50,37b63855-29d5-49bf-82ab-5371ced94d4a,,False,0.03626943005181347,"Key runtime log messages across the system: 1) File moves (handlers.py): logger.fatal(f""Document {document}: File {old_path} has gone.""), logger.warning(f""Docum"
pilot30-shuffle2,task-6905333b74f22949d97ba9de,paperless-ngx/paperless-ngx,1,2,50,1bbf34c1-5271-4a8a-8778-ab4acff0b949,paperless-ngx/paperless-ngx,False,0.01910828025477707,"In paperless-ngx, DocumentViewSet (views.py line 173-199) has: queryset = Document.objects.all(), get_queryset() returns Document.objects.distinct(), filter_bac"
pilot30-shuffle2,task-6905333b74f22949d97ba9de,paperless-ngx/paperless-ngx,1,3,60,495484ba-900e-4ff5-880a-465d1a2e11e3,paperless-ngx/paperless-ngx,False,0.04285714285714286,"Repository is paperless-ngx document management system. Key files: src/documents/classifier.py (ML pipeline), src/documents/consumer.py (document consumption/OC"
pilot30-shuffle2,task-6905333b74f22949d97ba9de,paperless-ngx/paperless-ngx,1,4,57,8dac22c9-f08a-40d4-a272-3f7ef7c68419,paperless-ngx/paperless-ngx,False,0.03806228373702422,Paperless-NGX document ingestion pipeline comprehensive runtime flow: 1) Document appears in CONSUMPTION_DIR → detected by inotify (CLOSE_WRITE|MOVED_TO) or Pol
pilot30-shuffle2,task-6905333b74f22949d97ba9de,paperless-ngx/paperless-ngx,1,5,57,93adea52-6ae9-447a-90c1-280a9c21ba52,paperless-ngx/paperless-ngx,False,0.013245033112582781,"Background jobs in paperless-ngx:
- Framework: django-q with Redis as broker
- 3 processes run via supervisord: gunicorn (web), consumer (document_consumer mgmt"
pilot30-shuffle2,task-6905333b74f22949d97ba9de,paperless-ngx/paperless-ngx,2,1,68,2f50afe3-d407-4869-86d9-448ae3445db1,paperless-ngx/paperless-ngx,False,0.09289617486338798,Paperless-ngx memory spike root cause: The Document model has a TextField('content') that stores the full OCR-extracted text of every document. This field is lo
pilot30-shuffle2,task-6905333b74f22949d97ba9de,paperless-ngx/paperless-ngx,2,2,65,e8fc1f1d-5ebc-4acf-92c9-0634ff6cf9f1,paperless-ngx/paperless-ngx,False,0.0625,Specific memory-intensive code paths in paperless-ngx: 1) tasks.py:bulk_update_documents() (line 270-280) loads ALL documents with Document.objects.filter(id__i
pilot30-shuffle2,task-6905333b74f22949d97ba9de,paperless-ngx/paperless-ngx,2,3,56,486fdfcf-e185-453f-8cbb-49b6c29ae9ac,paperless-ngx/paperless-ngx,False,0.034722222222222224,"Document model fields in paperless-ngx (models.py):
- REQUIRED at creation (set in _store): title, content, mime_type, checksum, created, modified, storage_type"
pilot30-shuffle2,task-6905333b74f22949d97ba9e0,paperless-ngx/paperless-ngx,1,1,48,37b63855-29d5-49bf-82ab-5371ced94d4a,,False,0.03529411764705882,"Key runtime log messages across the system: 1) File moves (handlers.py): logger.fatal(f""Document {document}: File {old_path} has gone.""), logger.warning(f""Docum"
pilot30-shuffle2,task-6905333b74f22949d97ba9e0,paperless-ngx/paperless-ngx,1,2,61,5ee7dd7c-31ca-4876-bdad-6b7b0931e2d4,paperless-ngx/paperless-ngx,False,0.024193548387096774,"Paperless-ngx API pagination: The UnifiedSearchViewSet (registered as ""documents"") uses StandardPagination (PageNumberPagination subclass) with page_size=25, pa"
pilot30-shuffle2,task-6905333b74f22949d97ba9e0,paperless-ngx/paperless-ngx,1,3,45,1b83850a-089f-4f33-b352-af65ef94e6c8,paperless-ngx/paperless-ngx,False,0.03278688524590164,"Paperless-ngx API authentication: TokenAuthentication (DRF rest_framework.authentication.TokenAuthentication) is used. The HTTP header is ""Authorization"" with f"
pilot30-shuffle2,task-6905333b74f22949d97ba9e0,paperless-ngx/paperless-ngx,1,4,51,55ac1b33-ba1d-42f5-811c-856c38e67d27,,False,0.04929577464788732,Classifier training optimization: DocumentClassifier.train() computes a SHA1 hash over all training data. The hash is built by iterating through Document.object
pilot30-shuffle2,task-6905333b74f22949d97ba9e0,paperless-ngx/paperless-ngx,1,5,43,93adea52-6ae9-447a-90c1-280a9c21ba52,paperless-ngx/paperless-ngx,False,0.015748031496062992,"Background jobs in paperless-ngx:
- Framework: django-q with Redis as broker
- 3 processes run via supervisord: gunicorn (web), consumer (document_consumer mgmt"
pilot30-shuffle2,task-6905333b74f22949d97ba9e0,paperless-ngx/paperless-ngx,2,1,52,1bbf34c1-5271-4a8a-8778-ab4acff0b949,paperless-ngx/paperless-ngx,False,0.07086614173228346,"In paperless-ngx, DocumentViewSet (views.py line 173-199) has: queryset = Document.objects.all(), get_queryset() returns Document.objects.distinct(), filter_bac"
pilot30-shuffle2,task-6905333b74f22949d97ba9e0,paperless-ngx/paperless-ngx,2,2,47,37b63855-29d5-49bf-82ab-5371ced94d4a,,False,0.03529411764705882,"Key runtime log messages across the system: 1) File moves (handlers.py): logger.fatal(f""Document {document}: File {old_path} has gone.""), logger.warning(f""Docum"
pilot30-shuffle2,task-6905333b74f22949d97ba9e0,paperless-ngx/paperless-ngx,2,3,67,000e3291-61e5-43e5-9af1-723efa9a86ab,,False,0.10884353741496598,"Document list instability (duplicates, disappearing docs across pages) is caused by **unstable SQL ordering** when the default sort is on `created` (model Meta "
pilot30-shuffle2,task-6905333b74f22949d97ba9e0,paperless-ngx/paperless-ngx,2,4,61,762f3eba-9c5e-4be4-bd54-337942d2cd2e,paperless-ngx/paperless-ngx,False,0.10256410256410256,"The paperless-ngx API uses DRF with DjangoFilterBackend and OrderingFilter for DocumentViewSet. When filtering by tags (tags__id), a SQL JOIN is created with th"
pilot30-shuffle2,task-6905333b74f22949d97ba9e0,paperless-ngx/paperless-ngx,2,5,52,5ee7dd7c-31ca-4876-bdad-6b7b0931e2d4,paperless-ngx/paperless-ngx,False,0.024193548387096774,"Paperless-ngx API pagination: The UnifiedSearchViewSet (registered as ""documents"") uses StandardPagination (PageNumberPagination subclass) with page_size=25, pa"
pilot30-shuffle2,task-6905333b74f22949d97ba9e8,simple-login/app,1,1,64,e17b7996-c18c-46c2-a76f-05ad596cd92d,simple-login/app,False,0.05508474576271186,SimpleLogin alias creation flow - full end-to-end: Frontend (dashboard HTML template custom_alias.html or browser extension) sends either POST to /api/v2/alias/
pilot30-shuffle2,task-6905333b74f22949d97ba9e8,simple-login/app,1,2,70,18452a10-5171-49a8-8cb9-262edfa4b13e,simple-login/app,False,0.08898305084745763,"SimpleLogin email forward flow (email_handler.py):

1. ON NON-EXISTENT ALIAS: handle_forward() calls Alias.get_by(email=alias_address). If not found, tries try_"
pilot30-shuffle2,task-6905333b74f22949d97ba9e8,simple-login/app,1,3,61,15589053-135a-499c-a171-3bfa13c6c3aa,simple-login/app,False,0.03389830508474576,"SimpleLogin repo structure: main code in /app/app/ with models.py (124KB, core ORM models), email_handler.py (83KB, email processing pipeline), email_utils.py ("
pilot30-shuffle2,task-6905333b74f22949d97ba9e8,simple-login/app,1,4,56,bc4ec481-3804-4612-9e31-dc9cd14e40eb,simple-login/app,False,0.06074766355140187,"SimpleLogin startup: Flask app created by create_app() in server.py. Production runs via gunicorn on 0.0.0.0:7777 (Dockerfile CMD), local dev via app.run(port=7"
pilot30-shuffle2,task-6905333b74f22949d97ba9e8,simple-login/app,1,5,56,55f41ff0-0b0a-4f6b-a907-ddcaf41b92e8,simple-login/app,False,0.030303030303030304,"Complete bounce analysis of SimpleLogin. Two address formats: legacy (bounce+{ID}+@domain, no signature) and VERP (sl.{base32_payload}.{base32_signature}@domain"
pilot30-shuffle2,task-6905333b74f22949d97ba9e8,simple-login/app,2,1,63,c26d2664-ac7c-4b72-b1a9-db3666d83a0e,,False,0.0855614973262032,"Redis session storage: /app/app/session.py - Sessions stored in Redis with key format ""session:{uuid}"" (SESSION_PREFIX=""session""). Value is pickle.dumps(dict(se"
pilot30-shuffle2,task-6905333b74f22949d97ba9e8,simple-login/app,2,2,59,1b2cb11d-0fcd-45bc-b39a-f82ae0b94ded,,False,0.046153846153846156,"API auth without API key but with valid session: In /app/app/api/base.py authorize_request(), if no API key header is present but current_user.is_authenticated "
pilot30-shuffle2,task-6905333b74f22949d97ba9e8,simple-login/app,2,3,59,e17b7996-c18c-46c2-a76f-05ad596cd92d,simple-login/app,False,0.05508474576271186,SimpleLogin alias creation flow - full end-to-end: Frontend (dashboard HTML template custom_alias.html or browser extension) sends either POST to /api/v2/alias/
pilot30-shuffle2,task-6905333b74f22949d97ba9e8,simple-login/app,2,4,60,cc5c0091-7a8f-4316-a8af-e40928c2f005,simple-login/app,False,0.016853932584269662,"SimpleLogin repo structure: main code in /app/app/ with models.py (124KB, core ORM models), email_handler.py (83KB, email processing pipeline), email_utils.py ("
pilot30-shuffle2,task-6905333b74f22949d97ba9e8,simple-login/app,2,5,56,bcbe75f6-308e-4d23-8bce-334be946ec30,simple-login/app,False,0.046632124352331605,Final analysis complete: SimpleLogin reply-phase routing in email_handler.py. Core flow: handle() dispatches reply to handle_reply() by checking is_reverse_alia
pilot30-shuffle2,task-6905333b74f22949d97baa1d,simple-login/app,1,1,45,e17b7996-c18c-46c2-a76f-05ad596cd92d,simple-login/app,False,0.018072289156626505,SimpleLogin alias creation flow - full end-to-end: Frontend (dashboard HTML template custom_alias.html or browser extension) sends either POST to /api/v2/alias/
pilot30-shuffle2,task-6905333b74f22949d97baa1d,simple-login/app,1,2,49,15589053-135a-499c-a171-3bfa13c6c3aa,simple-login/app,False,0.019801980198019802,"SimpleLogin repo structure: main code in /app/app/ with models.py (124KB, core ORM models), email_handler.py (83KB, email processing pipeline), email_utils.py ("
pilot30-shuffle2,task-6905333b74f22949d97baa1d,simple-login/app,1,3,49,18452a10-5171-49a8-8cb9-262edfa4b13e,simple-login/app,False,0.017241379310344827,"SimpleLogin email forward flow (email_handler.py):

1. ON NON-EXISTENT ALIAS: handle_forward() calls Alias.get_by(email=alias_address). If not found, tries try_"
pilot30-shuffle2,task-6905333b74f22949d97baa1d,simple-login/app,1,4,49,bcbe75f6-308e-4d23-8bce-334be946ec30,simple-login/app,False,0.025210084033613446,Final analysis complete: SimpleLogin reply-phase routing in email_handler.py. Core flow: handle() dispatches reply to handle_reply() by checking is_reverse_alia
pilot30-shuffle2,task-6905333b74f22949d97baa1d,simple-login/app,1,5,39,0406bee1-1ca8-474b-9b48-08135bf4f246,simple-login/app,False,0.018018018018018018,"Bounce handling differs by direction: FORWARD_PHASE bounce (mail to mailbox fails): email_log.bounced=True, bounced_mailbox_id set, refused_email created with S"
pilot30-shuffle2,task-6905333b74f22949d97baa1d,simple-login/app,2,1,48,15589053-135a-499c-a171-3bfa13c6c3aa,simple-login/app,False,0.019801980198019802,"SimpleLogin repo structure: main code in /app/app/ with models.py (124KB, core ORM models), email_handler.py (83KB, email processing pipeline), email_utils.py ("
pilot30-shuffle2,task-6905333b74f22949d97baa1d,simple-login/app,2,2,47,bcbe75f6-308e-4d23-8bce-334be946ec30,simple-login/app,False,0.025210084033613446,Final analysis complete: SimpleLogin reply-phase routing in email_handler.py. Core flow: handle() dispatches reply to handle_reply() by checking is_reverse_alia
pilot30-shuffle2,task-6905333b74f22949d97baa1d,simple-login/app,2,3,42,e17b7996-c18c-46c2-a76f-05ad596cd92d,simple-login/app,False,0.018072289156626505,SimpleLogin alias creation flow - full end-to-end: Frontend (dashboard HTML template custom_alias.html or browser extension) sends either POST to /api/v2/alias/
pilot30-shuffle2,task-6905333b74f22949d97baa1d,simple-login/app,2,4,42,fded2d82-b218-4187-9945-a86c666fd503,simple-login/app,False,0.019230769230769232,"Job lifecycle in SimpleLogin: Job model has states (JobState): ready=0, taken=1, done=2, error=3. Fields: name, payload, taken, run_at, state, attempts, taken_a"
pilot30-shuffle2,task-6905333b74f22949d97baa1d,simple-login/app,2,5,36,0406bee1-1ca8-474b-9b48-08135bf4f246,simple-login/app,False,0.018018018018018018,"Bounce handling differs by direction: FORWARD_PHASE bounce (mail to mailbox fails): email_log.bounced=True, bounced_mailbox_id set, refused_email created with S"
