run_dir,task_id,occurrence,call_seq,note_rank,note_id,similarity,via,note_text_snippet,source_repository,note_timestamp,question,bucket,delta,llm_used,llm_used_confidence,llm_used_evidence
20260906T141944.964671697Z-openclaw-sweatlasqa-pilot30-amem-repo-sglang,task-6905333b74f22949d97ba9a4,1,2,1,bc974ad8-7249-4af6-90cb-050e52046d0f,66.91023,match,"SimpleLogin background jobs: cron.py runs scheduled tasks via command-line flags (-j): stats, notify_trial_end, notify_manual_subscription_end, notify_premium_end, delete_logs, delete_old_data, poll_apple_subscription, sanity_check, delete_old_monitoring, check_custom_domain, check_hibp, notify_hibp",simple-login/app,2026-09-06T14:27:34.320Z,"I'm trying to understand what actually happens when SimpleLogin is started locally in development environment. I'm wondering how the backend starts up in dev mode, how configuration is loaded, which log messages indicate that it's ready to accept requests, and what ports or endpoints it exposes. 

I’m interested in how a single authenticated request is handled by the app, where the request first enters the application, how the user identity is determined at runtime, and how that authentication context is carried through request handling. The entry point and user identification flow are my main concerns here. I also want to know whether the app automatically starts any background jobs or schedulers, or if there’s anything going on besides handling incoming requests.

I'm not looking for what the code says should happen, I want to know what actually gets printed when you run it. Please don’t modify any repository source files while investigating. Temporary scripts are fine if needed, but leave the codebase unchanged and clean up anything you create when you’re done.",tied,0.0,True,high,"The agent's final answer explicitly lists the specific background jobs (stats, notify_trial_end, check_hibp, etc.) and the command-line flag mechanism (-j) found in the retrieved note, confirming it used the note to answer the question about background jobs."
20260906T141944.964671697Z-openclaw-sweatlasqa-pilot30-amem-repo-sglang,task-6905333b74f22949d97ba9a4,1,2,2,0df40c30-0ba8-463c-8aeb-c12e30aa58cf,59.629035,match,"SimpleLogin configuration loading: `app/config.py` loads first. It reads optional .env file (via dotenv), then requires env vars URL, EMAIL_DOMAIN, SUPPORT_EMAIL, DB_URI, FLASK_SECRET. Prints "">>> URL: ..."" and "">>> init logging <<<"" to stdout. COLOR_LOG env var enables colored logs via coloredlogs.",simple-login/app,2026-09-06T14:25:17.586Z,"I'm trying to understand what actually happens when SimpleLogin is started locally in development environment. I'm wondering how the backend starts up in dev mode, how configuration is loaded, which log messages indicate that it's ready to accept requests, and what ports or endpoints it exposes. 

I’m interested in how a single authenticated request is handled by the app, where the request first enters the application, how the user identity is determined at runtime, and how that authentication context is carried through request handling. The entry point and user identification flow are my main concerns here. I also want to know whether the app automatically starts any background jobs or schedulers, or if there’s anything going on besides handling incoming requests.

I'm not looking for what the code says should happen, I want to know what actually gets printed when you run it. Please don’t modify any repository source files while investigating. Temporary scripts are fine if needed, but leave the codebase unchanged and clean up anything you create when you’re done.",tied,0.0,True,high,"The agent's final answer explicitly includes the specific log messages ('>>> URL:', '>>> init logging <<<') and the configuration file path ('app/config.py') mentioned in the retrieved note, indicating it used this information to construct the response."
20260906T141944.964671697Z-openclaw-sweatlasqa-pilot30-amem-repo-sglang,task-6905333b74f22949d97ba9a4,1,2,3,2c524f41-1a54-46f5-b762-a4583711b8b0,56.5046,match,"SimpleLogin startup: In dev mode, `python server.py` calls `local_main()` which sets config.COLOR_LOG=True, creates Flask app via `create_app()`, enables debug mode + flask-debugtoolbar, and runs on port 7777 with `app.run(debug=True, port=7777)`. In production, gunicorn serves wsgi:app on port 7777",simple-login/app,2026-09-06T14:24:45.073Z,"I'm trying to understand what actually happens when SimpleLogin is started locally in development environment. I'm wondering how the backend starts up in dev mode, how configuration is loaded, which log messages indicate that it's ready to accept requests, and what ports or endpoints it exposes. 

I’m interested in how a single authenticated request is handled by the app, where the request first enters the application, how the user identity is determined at runtime, and how that authentication context is carried through request handling. The entry point and user identification flow are my main concerns here. I also want to know whether the app automatically starts any background jobs or schedulers, or if there’s anything going on besides handling incoming requests.

I'm not looking for what the code says should happen, I want to know what actually gets printed when you run it. Please don’t modify any repository source files while investigating. Temporary scripts are fine if needed, but leave the codebase unchanged and clean up anything you create when you’re done.",tied,0.0,True,high,"The agent's final answer explicitly includes the specific startup sequence (`python server.py` → `local_main()` → `create_app()` → `app.run(debug=True, port=7777)`) and the port number (7777) which were the unique facts provided in the retrieved note."
20260906T141944.964671697Z-openclaw-sweatlasqa-pilot30-amem-repo-sglang,task-6905333b74f22949d97ba9a4,1,2,4,17c478e5-b9a7-4f3a-a5af-94b151c0fab4,57.43635,match,"SimpleLogin authentication: Web login is at `/auth/login` (GET/POST) - validates email+password against User.get_by(), checks disabled/deleted/activated status, calls `login_user()` via flask_login, sets session[""sudo_time""]. Session cookie is ""slapp"", valid 7 days. API auth is at `/api/auth/login` ",simple-login/app,2026-09-06T14:25:57.022Z,"I'm trying to understand what actually happens when SimpleLogin is started locally in development environment. I'm wondering how the backend starts up in dev mode, how configuration is loaded, which log messages indicate that it's ready to accept requests, and what ports or endpoints it exposes. 

I’m interested in how a single authenticated request is handled by the app, where the request first enters the application, how the user identity is determined at runtime, and how that authentication context is carried through request handling. The entry point and user identification flow are my main concerns here. I also want to know whether the app automatically starts any background jobs or schedulers, or if there’s anything going on besides handling incoming requests.

I'm not looking for what the code says should happen, I want to know what actually gets printed when you run it. Please don’t modify any repository source files while investigating. Temporary scripts are fine if needed, but leave the codebase unchanged and clean up anything you create when you’re done.",tied,0.0,False,high,"The agent's final answer and reasoning do not mention the specific endpoints `/auth/login` or `/api/auth/login`, the function `User.get_by()`, or the session key `sudo_time` details found in the retrieved note, indicating the note was not used to construct the response."
20260906T141944.964671697Z-openclaw-sweatlasqa-pilot30-amem-repo-sglang,task-6905333b74f22949d97ba9a4,1,2,5,459ce52f-f244-4683-8429-0950ae340760,57.53833,match,"SimpleLogin request flow: Entry point is `server.py` create_app(). Routes: / (index) redirects to dashboard or auth/login. Blueprints: /auth/* (login/logout/MFA), /dashboard/* (main UI), /api/* (API), /oauth/* and /oauth2/*, /internal/*, /developer/*, /phone/*, /discover/*, /.well-known/* (OpenID), ",simple-login/app,2026-09-06T14:26:34.359Z,"I'm trying to understand what actually happens when SimpleLogin is started locally in development environment. I'm wondering how the backend starts up in dev mode, how configuration is loaded, which log messages indicate that it's ready to accept requests, and what ports or endpoints it exposes. 

I’m interested in how a single authenticated request is handled by the app, where the request first enters the application, how the user identity is determined at runtime, and how that authentication context is carried through request handling. The entry point and user identification flow are my main concerns here. I also want to know whether the app automatically starts any background jobs or schedulers, or if there’s anything going on besides handling incoming requests.

I'm not looking for what the code says should happen, I want to know what actually gets printed when you run it. Please don’t modify any repository source files while investigating. Temporary scripts are fine if needed, but leave the codebase unchanged and clean up anything you create when you’re done.",tied,0.0,True,high,"The agent's final answer explicitly lists the specific route blueprints (e.g., /auth/*, /dashboard/*, /api/*, /oauth/*, /.well-known/*) that were detailed in the retrieved note, indicating the note's content was directly incorporated into the response."
20260906T141944.964671697Z-openclaw-sweatlasqa-pilot30-amem-repo-sglang,task-6905333b74f22949d97ba9a4,1,2,6,e8a36cc7-1929-459d-97bc-5f7eb7153956,56.03298,link,"SimpleLogin ports/endpoints: Web dashboard on port 7777 (dev: http://localhost:7777, prod: gunicorn). Health check at GET /health (returns 200 ""success""). Email handler SMTP on port 20381 (aiosmtpd). No other ports exposed. Static files served at /static/*, favicon at /favicon.ico. OpenID metadata a",simple-login/app,2026-09-06T14:27:59.449Z,"I'm trying to understand what actually happens when SimpleLogin is started locally in development environment. I'm wondering how the backend starts up in dev mode, how configuration is loaded, which log messages indicate that it's ready to accept requests, and what ports or endpoints it exposes. 

I’m interested in how a single authenticated request is handled by the app, where the request first enters the application, how the user identity is determined at runtime, and how that authentication context is carried through request handling. The entry point and user identification flow are my main concerns here. I also want to know whether the app automatically starts any background jobs or schedulers, or if there’s anything going on besides handling incoming requests.

I'm not looking for what the code says should happen, I want to know what actually gets printed when you run it. Please don’t modify any repository source files while investigating. Temporary scripts are fine if needed, but leave the codebase unchanged and clean up anything you create when you’re done.",tied,0.0,True,high,"The agent's final answer explicitly lists port 7777 for the web dashboard, port 20381 for the SMTP handler, and the /health endpoint returning 'success', which are the specific facts contained in the retrieved note."
20260906T141944.964671697Z-openclaw-sweatlasqa-pilot30-amem-repo-sglang,task-6905333b74f22949d97ba9a5,2,1,1,17c478e5-b9a7-4f3a-a5af-94b151c0fab4,46.147674,match,"SimpleLogin authentication: Web login is at `/auth/login` (GET/POST) - validates email+password against User.get_by(), checks disabled/deleted/activated status, calls `login_user()` via flask_login, sets session[""sudo_time""]. Session cookie is ""slapp"", valid 7 days. API auth is at `/api/auth/login` ",simple-login/app,2026-09-06T14:25:57.022Z,"I am debugging intermittent validation failures during custom alias creation that don't match the expected behavior, which seems related to how signed suffixes are verified. When attempting to create custom aliases with invalid or expired signed suffixes, what exact HTTP status codes and error messages appear in the API responses, and what corresponding validation log entries show up in the server console? Check whether any rate-limiting headers appear in the responses and what their actual values are. For successful alias creation attempts, what quota-related checks occur, what specific values get logged when the system verifies whether the user can create more aliases? Trace through the execution path to identify which component validates signed suffixes and enforces creation limits, and what conditions trigger rejection. Don't modify the repository code temporary test scripts or API calls are fine but keep the codebase unchanged.",improved,0.3076923076923077,False,high,"The retrieved note concerns web/API authentication endpoints and session handling, but the agent's subsequent actions and final answer focus entirely on alias creation logic, signed suffix validation, quota checks, and rate-limiting headers, with no reference to the authentication paths or session details mentioned in the note."
20260906T141944.964671697Z-openclaw-sweatlasqa-pilot30-amem-repo-sglang,task-6905333b74f22949d97ba9a5,2,1,2,bc974ad8-7249-4af6-90cb-050e52046d0f,37.710786,match,"SimpleLogin background jobs: cron.py runs scheduled tasks via command-line flags (-j): stats, notify_trial_end, notify_manual_subscription_end, notify_premium_end, delete_logs, delete_old_data, poll_apple_subscription, sanity_check, delete_old_monitoring, check_custom_domain, check_hibp, notify_hibp",simple-login/app,2026-09-06T14:27:34.320Z,"I am debugging intermittent validation failures during custom alias creation that don't match the expected behavior, which seems related to how signed suffixes are verified. When attempting to create custom aliases with invalid or expired signed suffixes, what exact HTTP status codes and error messages appear in the API responses, and what corresponding validation log entries show up in the server console? Check whether any rate-limiting headers appear in the responses and what their actual values are. For successful alias creation attempts, what quota-related checks occur, what specific values get logged when the system verifies whether the user can create more aliases? Trace through the execution path to identify which component validates signed suffixes and enforces creation limits, and what conditions trigger rejection. Don't modify the repository code temporary test scripts or API calls are fine but keep the codebase unchanged.",improved,0.3076923076923077,False,high,"The retrieved note about SimpleLogin background jobs (cron.py) is completely irrelevant to the agent's investigation of alias creation, signed suffix validation, and rate limiting; the agent's subsequent actions and final answer rely entirely on exploring alias-related code files (alias_suffix.py, models.py, etc.) and Flask-Limiter configuration, with no reference to the cron jobs or background tasks mentioned in the note."
20260906T141944.964671697Z-openclaw-sweatlasqa-pilot30-amem-repo-sglang,task-6905333b74f22949d97ba9a5,2,1,3,2c524f41-1a54-46f5-b762-a4583711b8b0,36.22808,match,"SimpleLogin startup: In dev mode, `python server.py` calls `local_main()` which sets config.COLOR_LOG=True, creates Flask app via `create_app()`, enables debug mode + flask-debugtoolbar, and runs on port 7777 with `app.run(debug=True, port=7777)`. In production, gunicorn serves wsgi:app on port 7777",simple-login/app,2026-09-06T14:24:45.073Z,"I am debugging intermittent validation failures during custom alias creation that don't match the expected behavior, which seems related to how signed suffixes are verified. When attempting to create custom aliases with invalid or expired signed suffixes, what exact HTTP status codes and error messages appear in the API responses, and what corresponding validation log entries show up in the server console? Check whether any rate-limiting headers appear in the responses and what their actual values are. For successful alias creation attempts, what quota-related checks occur, what specific values get logged when the system verifies whether the user can create more aliases? Trace through the execution path to identify which component validates signed suffixes and enforces creation limits, and what conditions trigger rejection. Don't modify the repository code temporary test scripts or API calls are fine but keep the codebase unchanged.",improved,0.3076923076923077,False,high,"The retrieved note describes the application startup configuration (dev vs prod modes, port, debug settings), but the agent's subsequent actions and final answer focus entirely on code inspection of alias validation, rate limiting, and quota logic, with no reference to startup scripts, `local_main()`, or port 7777 configuration."
20260906T141944.964671697Z-openclaw-sweatlasqa-pilot30-amem-repo-sglang,task-6905333b74f22949d97ba9a5,2,1,4,e8a36cc7-1929-459d-97bc-5f7eb7153956,36.0217,match,"SimpleLogin ports/endpoints: Web dashboard on port 7777 (dev: http://localhost:7777, prod: gunicorn). Health check at GET /health (returns 200 ""success""). Email handler SMTP on port 20381 (aiosmtpd). No other ports exposed. Static files served at /static/*, favicon at /favicon.ico. OpenID metadata a",simple-login/app,2026-09-06T14:27:59.449Z,"I am debugging intermittent validation failures during custom alias creation that don't match the expected behavior, which seems related to how signed suffixes are verified. When attempting to create custom aliases with invalid or expired signed suffixes, what exact HTTP status codes and error messages appear in the API responses, and what corresponding validation log entries show up in the server console? Check whether any rate-limiting headers appear in the responses and what their actual values are. For successful alias creation attempts, what quota-related checks occur, what specific values get logged when the system verifies whether the user can create more aliases? Trace through the execution path to identify which component validates signed suffixes and enforces creation limits, and what conditions trigger rejection. Don't modify the repository code temporary test scripts or API calls are fine but keep the codebase unchanged.",improved,0.3076923076923077,False,high,"The retrieved note contains only infrastructure details (ports, health check, static files) which are irrelevant to the question about alias validation logic, HTTP status codes, and rate-limiting headers; the agent's subsequent actions and final answer rely entirely on code inspection of alias-specific modules and configuration files, never referencing the port numbers or endpoints mentioned in the note."
20260906T141944.964671697Z-openclaw-sweatlasqa-pilot30-amem-repo-sglang,task-6905333b74f22949d97ba9a5,2,1,5,459ce52f-f244-4683-8429-0950ae340760,36.006767,match,"SimpleLogin request flow: Entry point is `server.py` create_app(). Routes: / (index) redirects to dashboard or auth/login. Blueprints: /auth/* (login/logout/MFA), /dashboard/* (main UI), /api/* (API), /oauth/* and /oauth2/*, /internal/*, /developer/*, /phone/*, /discover/*, /.well-known/* (OpenID), ",simple-login/app,2026-09-06T14:26:34.359Z,"I am debugging intermittent validation failures during custom alias creation that don't match the expected behavior, which seems related to how signed suffixes are verified. When attempting to create custom aliases with invalid or expired signed suffixes, what exact HTTP status codes and error messages appear in the API responses, and what corresponding validation log entries show up in the server console? Check whether any rate-limiting headers appear in the responses and what their actual values are. For successful alias creation attempts, what quota-related checks occur, what specific values get logged when the system verifies whether the user can create more aliases? Trace through the execution path to identify which component validates signed suffixes and enforces creation limits, and what conditions trigger rejection. Don't modify the repository code temporary test scripts or API calls are fine but keep the codebase unchanged.",improved,0.3076923076923077,False,high,"The retrieved note only describes the general application entry point and URL routing structure, whereas the agent's subsequent actions and final answer focus entirely on specific implementation details of alias validation, quota logic, and rate limiting headers found in files like alias_suffix.py, models.py, and extensions.py, none of which were referenced or derived from the generic routing note."
20260906T141944.964671697Z-openclaw-sweatlasqa-pilot30-amem-repo-sglang,task-6905333b74f22949d97ba9a5,2,1,6,0df40c30-0ba8-463c-8aeb-c12e30aa58cf,32.913804,link,"SimpleLogin configuration loading: `app/config.py` loads first. It reads optional .env file (via dotenv), then requires env vars URL, EMAIL_DOMAIN, SUPPORT_EMAIL, DB_URI, FLASK_SECRET. Prints "">>> URL: ..."" and "">>> init logging <<<"" to stdout. COLOR_LOG env var enables colored logs via coloredlogs.",simple-login/app,2026-09-06T14:25:17.586Z,"I am debugging intermittent validation failures during custom alias creation that don't match the expected behavior, which seems related to how signed suffixes are verified. When attempting to create custom aliases with invalid or expired signed suffixes, what exact HTTP status codes and error messages appear in the API responses, and what corresponding validation log entries show up in the server console? Check whether any rate-limiting headers appear in the responses and what their actual values are. For successful alias creation attempts, what quota-related checks occur, what specific values get logged when the system verifies whether the user can create more aliases? Trace through the execution path to identify which component validates signed suffixes and enforces creation limits, and what conditions trigger rejection. Don't modify the repository code temporary test scripts or API calls are fine but keep the codebase unchanged.",improved,0.3076923076923077,False,high,"The agent's subsequent actions and final answer focus entirely on alias validation, rate limiting, and quota logic, with no reference to the configuration loading process, environment variables, or logging initialization details described in the retrieved note."
20260906T141944.964671697Z-openclaw-sweatlasqa-pilot30-amem-repo-sglang,task-6905333b74f22949d97ba9d2,18,1,1,473b564e-7af5-42f4-a080-c585b8a43b3f,63.135564,match,"Paperless-NGX search index architecture:
- Uses Whoosh (pure Python) for search indexing, not Elasticsearch. Index stored in DATA_DIR/index/
- API document UPDATE is synchronous: DocumentViewSet.update() calls index.add_or_update_document() directly in the request thread before returning. Changes ar",paperless-ngx/paperless-ngx,2026-09-06T21:41:06.774Z,"I’m trying to get a big-picture understanding of how documents flow through the system. How does a new document usually enter paperless-ngx. Once a document is received, what are the main stages it goes through before it’s fully processed and available, are there any background jobs and what is used for background execution.

I’m also curious about the kind of information paperless stores for each document. What metadata fields are saved, and which ones are absolutely required versus optional or derived later during runtime-processing. Can you show with a runtime example?

Also I wonder how things like tags, correspondents, and document types are used together to organize documents in a practical way.

Please don’t make any changes to the repository itself. You can create temporary scripts for testing if needed but do clean them up once you're done.",improved,0.0909090909090909,False,high,"The retrieved note specifically discusses the Whoosh search index architecture and synchronous API updates, but the agent's final answer focuses entirely on the document consumption pipeline, Django-Q background jobs, and metadata fields, with no mention of Whoosh, Elasticsearch, or the specific index update mechanism described in the note."
20260906T141944.964671697Z-openclaw-sweatlasqa-pilot30-amem-repo-sglang,task-6905333b74f22949d97ba9d2,18,1,2,6895ba9b-89a4-41e4-b4ba-64bf2b5bb430,62.67832,match,"Paperless-NGX repo at /app. Top-level structure: src/ (Python backend), src-ui/ (frontend), docs/, docker/, scripts/. Search index sync is central to the system - uses Elasticsearch/OpenSearch for search indexing with Celery workers for async tasks.",paperless-ngx/paperless-ngx,2026-09-06T21:33:07.994Z,"I’m trying to get a big-picture understanding of how documents flow through the system. How does a new document usually enter paperless-ngx. Once a document is received, what are the main stages it goes through before it’s fully processed and available, are there any background jobs and what is used for background execution.

I’m also curious about the kind of information paperless stores for each document. What metadata fields are saved, and which ones are absolutely required versus optional or derived later during runtime-processing. Can you show with a runtime example?

Also I wonder how things like tags, correspondents, and document types are used together to organize documents in a practical way.

Please don’t make any changes to the repository itself. You can create temporary scripts for testing if needed but do clean them up once you're done.",improved,0.0909090909090909,False,high,"The agent's final answer explicitly states that the system uses 'Django-Q with Redis broker (not Celery)', which directly contradicts the retrieved note's claim that it 'uses Celery workers for async tasks', indicating the note was ignored in favor of the actual codebase findings."
20260906T141944.964671697Z-openclaw-sweatlasqa-pilot30-amem-repo-sglang,task-6905333b74f22949d97ba9d3,19,1,1,6895ba9b-89a4-41e4-b4ba-64bf2b5bb430,63.358116,match,"Paperless-NGX repo is located at /app with a top-level structure containing src/ (Python backend), src-ui/ (frontend), docs/, docker/, and scripts/. The system's central search index mechanism uses Whoosh (pure Python) for indexing, with the index stored in DATA_DIR/index/. Unlike the generic 'Djang",paperless-ngx/paperless-ngx,2026-09-06T21:33:07.994Z,"I am trying to understand how paperless-ngx processes documents at runtime before making any changes. Once the application is up and all of its services are running, I want to submit a test PDF and observe how the ingestion pipeline actually behaves. As the document moves through the system, which services are involved, and what sequence of events shows up in the logs? I also want to upload a few more documents and watch how the system reacts after each one. Does the machine learning classifier retrain automatically on every upload, or only under certain conditions, and what log messages make it clear when training is happening versus when the classifier stays idle? After a document finishes processing, I want to see where it ends up on disk, what directory structure and filename pattern paperless-ngx uses by default, and which database tables receive new rows as part of ingestion. You should not modify or edit any existing files in the repository, but you can create temporary scripts or test documents if they help with the investigation, as long as everything you create is cleaned up when you are done.",degraded,-0.1818181818181817,False,high,"The agent's subsequent actions are explicitly listed as '(none captured)', and the final answer provides a detailed technical explanation of the ingestion pipeline that contains no references to the specific file paths, directory structures, or library names (Whoosh, DATA_DIR) mentioned in the retrieved note."
20260906T141944.964671697Z-openclaw-sweatlasqa-pilot30-amem-repo-sglang,task-6905333b74f22949d97ba9d3,19,2,1,6895ba9b-89a4-41e4-b4ba-64bf2b5bb430,31.395003,match,"Paperless-NGX repo is located at /app with a top-level structure containing src/ (Python backend), src-ui/ (frontend), docs/, docker/, and scripts/. The system's central search index mechanism uses Whoosh (pure Python) for indexing, with the index stored in DATA_DIR/index/. Unlike the generic 'Djang",paperless-ngx/paperless-ngx,2026-09-06T21:33:07.994Z,"I am trying to understand how paperless-ngx processes documents at runtime before making any changes. Once the application is up and all of its services are running, I want to submit a test PDF and observe how the ingestion pipeline actually behaves. As the document moves through the system, which services are involved, and what sequence of events shows up in the logs? I also want to upload a few more documents and watch how the system reacts after each one. Does the machine learning classifier retrain automatically on every upload, or only under certain conditions, and what log messages make it clear when training is happening versus when the classifier stays idle? After a document finishes processing, I want to see where it ends up on disk, what directory structure and filename pattern paperless-ngx uses by default, and which database tables receive new rows as part of ingestion. You should not modify or edit any existing files in the repository, but you can create temporary scripts or test documents if they help with the investigation, as long as everything you create is cleaned up when you are done.",degraded,-0.1818181818181817,False,high,"The agent's subsequent actions involved reading numerous source files (consumer.py, signals/handlers.py, classifier.py, etc.) to construct the answer, but the retrieved note's specific claim about Whoosh and the DATA_DIR/index/ path was never referenced, paraphrased, or acted upon in the final answer or the reasoning snippets."
20260906T141944.965072498Z-openclaw-sweatlasqa-pilot30-amem-task-sglang,task-6905333b74f22949d97ba9a5,2,2,1,054d8c1e-1cc2-4af0-8ab8-ed6ce21c978a,67.878604,match,"Custom alias creation flow: 1) Rate limit check via @limiter.limit(ALIAS_LIMIT) defaults to ""100/day;50/hour;5/minute"" — if exceeded, returns 429 JSON {""error"": ""Rate limit exceeded""} for API endpoints, with no rate limit headers because headers_enabled=False in Limiter init. 2) Quota check via user",simple-login/app,2026-09-06T14:49:06.066Z,"I am debugging intermittent validation failures during custom alias creation that don't match the expected behavior, which seems related to how signed suffixes are verified. When attempting to create custom aliases with invalid or expired signed suffixes, what exact HTTP status codes and error messages appear in the API responses, and what corresponding validation log entries show up in the server console? Check whether any rate-limiting headers appear in the responses and what their actual values are. For successful alias creation attempts, what quota-related checks occur, what specific values get logged when the system verifies whether the user can create more aliases? Trace through the execution path to identify which component validates signed suffixes and enforces creation limits, and what conditions trigger rejection. Don't modify the repository code temporary test scripts or API calls are fine but keep the codebase unchanged.",improved,0.0769230769230769,True,high,"The agent's final answer explicitly includes the specific rate limit values ('100/day;50/hour;5/minute') and the detail about 'headers_enabled=False' resulting in no rate limit headers, which are unique facts present in the retrieved note and not generic knowledge."
20260906T141944.965072498Z-openclaw-sweatlasqa-pilot30-amem-task-sglang,task-6905333b74f22949d97ba9a5,2,2,2,82baf483-b56c-4ff8-b485-6c4f9d56370d,67.672443,match,"Quota checking in custom alias creation: user.can_create_new_alias() checks: (1) is_active() — user must be active; (2) disabled flag — user must not be disabled; (3) lifetime_or_active_subscription() — if premium/subscribed, unlimited aliases; (4) else checks Alias.count() < max_alias_for_free_acco",simple-login/app,2026-09-06T14:49:24.455Z,"I am debugging intermittent validation failures during custom alias creation that don't match the expected behavior, which seems related to how signed suffixes are verified. When attempting to create custom aliases with invalid or expired signed suffixes, what exact HTTP status codes and error messages appear in the API responses, and what corresponding validation log entries show up in the server console? Check whether any rate-limiting headers appear in the responses and what their actual values are. For successful alias creation attempts, what quota-related checks occur, what specific values get logged when the system verifies whether the user can create more aliases? Trace through the execution path to identify which component validates signed suffixes and enforces creation limits, and what conditions trigger rejection. Don't modify the repository code temporary test scripts or API calls are fine but keep the codebase unchanged.",improved,0.0769230769230769,True,high,"The agent's final answer explicitly details the specific checks performed by `can_create_new_alias()` (active status, disabled flag, subscription tier, and alias count limit) which directly mirrors the four conditions listed in the retrieved note."
20260906T141944.965072498Z-openclaw-sweatlasqa-pilot30-amem-task-sglang,task-6905333b74f22949d97ba9a5,2,2,3,39da3d58-0dd4-4a6e-a079-16b3514f14ec,56.49016,match,Custom alias creation uses two API endpoints: /api/v2/alias/custom/new (POST) and /api/v3/alias/custom/new (POST). Both are in /app/app/api/views/new_custom_alias.py. The v3 endpoint adds mailbox_ids support and name field. Both enforce rate limit via @limiter.limit(ALIAS_LIMIT) where ALIAS_LIMIT de,simple-login/app,2026-09-06T14:45:26.620Z,"I am debugging intermittent validation failures during custom alias creation that don't match the expected behavior, which seems related to how signed suffixes are verified. When attempting to create custom aliases with invalid or expired signed suffixes, what exact HTTP status codes and error messages appear in the API responses, and what corresponding validation log entries show up in the server console? Check whether any rate-limiting headers appear in the responses and what their actual values are. For successful alias creation attempts, what quota-related checks occur, what specific values get logged when the system verifies whether the user can create more aliases? Trace through the execution path to identify which component validates signed suffixes and enforces creation limits, and what conditions trigger rejection. Don't modify the repository code temporary test scripts or API calls are fine but keep the codebase unchanged.",improved,0.0769230769230769,True,high,"The agent's final answer explicitly cites the file path `/app/app/api/views/new_custom_alias.py` and the rate limiting decorator `@limiter.limit(ALIAS_LIMIT)` which were specific details provided in the retrieved note, confirming the note drove the identification of the validation component and rate limit configuration."
20260906T141944.965072498Z-openclaw-sweatlasqa-pilot30-amem-task-sglang,task-6905333b74f22949d97ba9a6,3,2,1,fa6fbeda-4387-4111-a41c-7a0cab59a589,55.33624,match,"Database schema: 76 model classes in models.py, each with __tablename__, creating 76 tables. The last table class defined is UserAuditLog (user_audit_log). Email handler port message: ""Listen for port <port>"" logged via LOG.i. Login for non-activated user returns {""error"": ""Account not activated""} w",simple-login/app,2026-09-06T15:30:45.964Z,"I'm trying to get this email privacy system with anonymous aliases running for the first time and I want to understand how all the pieces fit together during initialization.

The system has a web server, an email handler, background jobs, and some cron tasks. I need to set everything up from scratch and see what actually happens when it starts.

Here's what I'm trying to figure out:

When I run the database migrations on an empty PostgreSQL database, how many tables get created in total? And what's the exact name of the last table that gets created based on the migration output order?

For the web server startup, what's the log message that tells me it's actually ready to accept connections? I'm also curious how many milliseconds pass between the first log entry and that ready message.

The email handler can take a custom port. If I start it with port 25025, does the startup log confirm it's listening on that port? What message shows up exactly?

I want to test the registration flow. If I create a user account with email ""[testuser@example.com](mailto:testuser@example.com)"" and password ""testpass123"", then immediately try to login before activating it, what's the exact JSON error message the API returns and what HTTP status code comes with it? I'd also like to see the full curl command output. And when I query the database directly for that user, what boolean values do the activated and notification columns actually show?

Also, there are different alias limits for different account types. I want to verify how the system handles this dynamically. First, create a fresh user and call /api/user_info to see what max_alias_free_plan value the API actually returns in the JSON response. Then, experiment with changing the configuration - try setting a different limit value like 10, restart the server, create a second new user, and call /api/user_info again for that user. What are the exact API responses before and after the change? Do both users reflect the new limit or only the one created after the change?

I'm trying to understand the actual runtime behavior here, not just what the code suggests should happen. Don't modify any of the source files, but feel free to create test config files or .env files to experiment with different settings.",degraded,-0.1818181818181818,True,high,"The agent's final answer explicitly states that there are 76 tables and that `user_audit_log` is the last class defined, and identifies the email handler log message as 'Listen for port 25025', all of which are specific facts directly extracted from the retrieved note."
20260906T141944.965072498Z-openclaw-sweatlasqa-pilot30-amem-task-sglang,task-6905333b74f22949d97ba9a6,3,2,2,a2e31803-4110-4da9-a877-a91ace3bfc6e,50.272655,match,"The email privacy alias system (SimpleLogin) has 76 model classes in models.py, each with a __tablename__, meaning 76 tables are created during database initialization (alembic upgrade head or metadata.create_all). The last table class defined is UserAuditLog with __tablename__ = ""user_audit_log"" at",simple-login/app,2026-09-06T15:10:21.767Z,"I'm trying to get this email privacy system with anonymous aliases running for the first time and I want to understand how all the pieces fit together during initialization.

The system has a web server, an email handler, background jobs, and some cron tasks. I need to set everything up from scratch and see what actually happens when it starts.

Here's what I'm trying to figure out:

When I run the database migrations on an empty PostgreSQL database, how many tables get created in total? And what's the exact name of the last table that gets created based on the migration output order?

For the web server startup, what's the log message that tells me it's actually ready to accept connections? I'm also curious how many milliseconds pass between the first log entry and that ready message.

The email handler can take a custom port. If I start it with port 25025, does the startup log confirm it's listening on that port? What message shows up exactly?

I want to test the registration flow. If I create a user account with email ""[testuser@example.com](mailto:testuser@example.com)"" and password ""testpass123"", then immediately try to login before activating it, what's the exact JSON error message the API returns and what HTTP status code comes with it? I'd also like to see the full curl command output. And when I query the database directly for that user, what boolean values do the activated and notification columns actually show?

Also, there are different alias limits for different account types. I want to verify how the system handles this dynamically. First, create a fresh user and call /api/user_info to see what max_alias_free_plan value the API actually returns in the JSON response. Then, experiment with changing the configuration - try setting a different limit value like 10, restart the server, create a second new user, and call /api/user_info again for that user. What are the exact API responses before and after the change? Do both users reflect the new limit or only the one created after the change?

I'm trying to understand the actual runtime behavior here, not just what the code suggests should happen. Don't modify any of the source files, but feel free to create test config files or .env files to experiment with different settings.",degraded,-0.1818181818181818,True,high,"The agent's final answer explicitly states that 76 tables are created and identifies 'user_audit_log' as the last table class defined, which directly matches the specific facts (76 tables, UserAuditLog table name) provided in the retrieved note."
20260906T141944.965072498Z-openclaw-sweatlasqa-pilot30-amem-task-sglang,task-6905333b74f22949d97ba9a7,4,2,1,25051916-4f84-4a3c-bf55-701a0bc395c1,48.921782,match,"SimpleLogin is a Python codebase organized under /app with key directories: app/ (main application), app/email/ (email processing), app/handler/ (request handlers), app/jobs/ (scheduled background tasks), tasks/ (cron/async tasks), events/ (event processing), oneshot/ (one-time scripts), tests/ (tes",simple-login/app,2026-09-06T15:40:29.958Z,"I want to understand how SimpleLogin processes multi step workflows at runtime.

In scenarios where a mailbox verification code is submitted incorrectly multiple times in succession, what observable state changes and enforcement mechanisms does the running system apply? Trace the actual runtime behavior to determine what limits exist, how failed attempts are tracked, and what ultimately prevents further submissions.

For background tasks that are scheduled and later picked up for execution, trace the complete lifecycle from initial creation through final completion. If a task encounters an error during execution, what recovery or retry behavior is applied, and what observable state reflects that failure?

During email forwarding through an alias, what exact format is used for the special address generated to handle delivery failures? If a failure notification arrives at this address, trace how the system identifies the original email, what state changes are recorded, and how the handling behavior differs depending on the direction of the original message.

Temporary inspection or debugging tools may be used to observe runtime behavior, but source files should not be modified and any temporary artifacts should be cleaned up afterward.",degraded,-0.1538461538461538,False,high,"The retrieved note only provides a high-level directory structure of the SimpleLogin codebase and does not contain any specific runtime logic, function names, state transitions, or configuration values (such as `MAX_ACTIVATION_TRIES`, `Job.create()`, or VERP formats) that appear in the agent's final answer."
20260906T141944.965072498Z-openclaw-sweatlasqa-pilot30-amem-task-sglang,task-6905333b74f22949d97ba9a7,4,2,2,e1148e2d-2a03-48de-a91e-74728621f7a1,69.299394,match,"SimpleLogin email forwarding VERP format: Forward phase uses generate_verp_email(VerpType.bounce_forward, email_log.id, contact_domain) where VERP_PREFIX=""sl"", encoded as sl.{base32_payload}.{base32_signature}@domain. Old-style format: bounce+{email_log_id}+@{EMAIL_DOMAIN}. Reply phase uses generate",simple-login/app,2026-09-06T16:08:35.157Z,"I want to understand how SimpleLogin processes multi step workflows at runtime.

In scenarios where a mailbox verification code is submitted incorrectly multiple times in succession, what observable state changes and enforcement mechanisms does the running system apply? Trace the actual runtime behavior to determine what limits exist, how failed attempts are tracked, and what ultimately prevents further submissions.

For background tasks that are scheduled and later picked up for execution, trace the complete lifecycle from initial creation through final completion. If a task encounters an error during execution, what recovery or retry behavior is applied, and what observable state reflects that failure?

During email forwarding through an alias, what exact format is used for the special address generated to handle delivery failures? If a failure notification arrives at this address, trace how the system identifies the original email, what state changes are recorded, and how the handling behavior differs depending on the direction of the original message.

Temporary inspection or debugging tools may be used to observe runtime behavior, but source files should not be modified and any temporary artifacts should be cleaned up afterward.",degraded,-0.1538461538461538,True,high,"The agent's final answer explicitly details the VERP format structures (sl.{base32_payload}.{signature}@domain and bounce_reply+{email_log_id}+@domain) and the specific function calls/types (bounce_forward, bounce_reply) that were present in the retrieved note, indicating direct usage of this information to answer the third part of the question."
20260906T141944.965072498Z-openclaw-sweatlasqa-pilot30-amem-task-sglang,task-6905333b74f22949d97ba9a7,4,2,3,6765c77f-e8d9-4331-a2b0-906fb44f976e,60.035145,match,SimpleLogin mailbox verification: Uses MailboxActivation model with tries counter. MAX_ACTIVATION_TRIES = 3. verify_mailbox_code() checks: 1) tries >= 3 -> clear all activation codes and raise CannotVerifyError. 2) code older than 15 minutes -> clear codes and raise error. 3) wrong code -> increment,simple-login/app,2026-09-06T15:41:28.910Z,"I want to understand how SimpleLogin processes multi step workflows at runtime.

In scenarios where a mailbox verification code is submitted incorrectly multiple times in succession, what observable state changes and enforcement mechanisms does the running system apply? Trace the actual runtime behavior to determine what limits exist, how failed attempts are tracked, and what ultimately prevents further submissions.

For background tasks that are scheduled and later picked up for execution, trace the complete lifecycle from initial creation through final completion. If a task encounters an error during execution, what recovery or retry behavior is applied, and what observable state reflects that failure?

During email forwarding through an alias, what exact format is used for the special address generated to handle delivery failures? If a failure notification arrives at this address, trace how the system identifies the original email, what state changes are recorded, and how the handling behavior differs depending on the direction of the original message.

Temporary inspection or debugging tools may be used to observe runtime behavior, but source files should not be modified and any temporary artifacts should be cleaned up afterward.",degraded,-0.1538461538461538,True,high,"The agent's final answer explicitly cites the specific constants (MAX_ACTIVATION_TRIES = 3), the function name (verify_mailbox_code), the model (MailboxActivation), and the exact logic (clearing codes after 3 tries, 15-minute expiry) found in the retrieved note."
20260906T141944.965072498Z-openclaw-sweatlasqa-pilot30-amem-task-sglang,task-6905333b74f22949d97ba9a8,5,2,1,bedcb59d-f56c-4d17-9e1c-fe1ba25282c4,49.297816,match,"When PostgreSQL is unavailable, app.db.py raises sqlalchemy.exc.OperationalError wrapping psycopg2.OperationalError. The error occurs at module import time (engine.connect() in db.py), so the entire application fails to start/crash at import. Error messages: ""connection to server at 'localhost' fail",simple-login/app,2026-09-06T16:45:55.679Z,"I'm onboarding into the SimpleLogin codebase and need to understand how it actually behaves when running. I want to know what port the Flask app binds to and what the startup logs look like when it initializes. For the health check, what response body and status code does it return? When a user creates an alias through the API, what does the actual JSON response look like, and what ends up in the database, which table, and what values? I'm also curious about failure behavior. If PostgreSQL isn't available when the app starts, what error appears, and where does it break? I need to see actual runtime output, not just what the code says should happen. You can create temporary test scripts, but don't modify the repository and clean up afterward.",,,True,high,"The agent's final answer explicitly incorporates the note's specific claim that the application fails at 'module import time' due to the database connection attempt, using this to structure the 'Startup Logs' section and explain the initialization sequence."
20260906T141944.965072498Z-openclaw-sweatlasqa-pilot30-amem-task-sglang,task-6905333b74f22949d97ba9a8,5,2,2,12a8ff73-7d68-4005-8c03-0db07444e6e9,55.25483,match,"SimpleLogin Flask app binds to port 7777 (Dockerfile CMD: gunicorn wsgi:app -b 0.0.0.0:7777; local dev: app.run(port=7777)). The DB connection is established at import time in app/db.py via engine.connect(), not lazily.",simple-login/app,2026-09-06T16:46:03.623Z,"I'm onboarding into the SimpleLogin codebase and need to understand how it actually behaves when running. I want to know what port the Flask app binds to and what the startup logs look like when it initializes. For the health check, what response body and status code does it return? When a user creates an alias through the API, what does the actual JSON response look like, and what ends up in the database, which table, and what values? I'm also curious about failure behavior. If PostgreSQL isn't available when the app starts, what error appears, and where does it break? I need to see actual runtime output, not just what the code says should happen. You can create temporary test scripts, but don't modify the repository and clean up afterward.",,,True,high,The agent explicitly states 'my memories are consistent' and incorporates the specific port number (7777) and the detail about DB connection happening at import time (from the note) into its final answer's sections on Port and Startup Logs.
20260906T141944.965072498Z-openclaw-sweatlasqa-pilot30-amem-task-sglang,task-6905333b74f22949d97ba9a8,5,2,3,ec5c2ab0-9160-47ce-ac35-73b96ae95edd,51.29447,match,"API alias creation POST /api/alias/random/new returns 201 with JSON containing alias email, id, creation_date, creation_timestamp, enabled, note, name, nb_forward, nb_block, nb_reply, mailbox/mailboxes, support_pgp, disable_pgp, latest_activity, pinned. Alias is stored in the 'alias' table (SQLAlche",simple-login/app,2026-09-06T16:46:03.619Z,"I'm onboarding into the SimpleLogin codebase and need to understand how it actually behaves when running. I want to know what port the Flask app binds to and what the startup logs look like when it initializes. For the health check, what response body and status code does it return? When a user creates an alias through the API, what does the actual JSON response look like, and what ends up in the database, which table, and what values? I'm also curious about failure behavior. If PostgreSQL isn't available when the app starts, what error appears, and where does it break? I need to see actual runtime output, not just what the code says should happen. You can create temporary test scripts, but don't modify the repository and clean up afterward.",,,False,high,"The agent's final answer does not mention the specific JSON fields (alias email, id, creation_date, etc.) or the 'alias' table details provided in the retrieved note, indicating the note was not used to construct the response about alias creation."
20260906T141944.965072498Z-openclaw-sweatlasqa-pilot30-amem-task-sglang,task-6905333b74f22949d97ba9a8,5,2,4,932930b0-8921-4a3c-bc86-0df8810a5c7f,43.849152,match,"Health endpoint GET /health returns plain text ""success"" with status code 200 and Content-Type text/html; charset=utf-8 (from server.py line 214-215).",simple-login/app,2026-09-06T16:46:03.621Z,"I'm onboarding into the SimpleLogin codebase and need to understand how it actually behaves when running. I want to know what port the Flask app binds to and what the startup logs look like when it initializes. For the health check, what response body and status code does it return? When a user creates an alias through the API, what does the actual JSON response look like, and what ends up in the database, which table, and what values? I'm also curious about failure behavior. If PostgreSQL isn't available when the app starts, what error appears, and where does it break? I need to see actual runtime output, not just what the code says should happen. You can create temporary test scripts, but don't modify the repository and clean up afterward.",,,False,high,"The agent's final answer does not mention the health endpoint's response body ('success'), status code (200), or Content-Type (text/html; charset=utf-8) specified in the retrieved note, indicating the note was not used to construct the answer."
20260906T141944.965072498Z-openclaw-sweatlasqa-pilot30-amem-task-sglang,task-6905333b74f22949d97ba9aa,7,2,1,6b4e22df-a2a6-4a90-83bc-24a3d08abf56,67.41055,match,"SimpleLogin has three main runtime components:
1. Web Server (server.py): Flask app, runs on port 7777 via gunicorn. Entry: create_app(). Accessible at /auth/login for login, /dashboard for alias management. Flash messages confirm user actions (green for success, red for errors). Dashboard shows ali",simple-login/app,2026-09-06T17:28:48.270Z,"I'm new to SimpleLogin and trying to get everything running locally. Once the application starts, how can I tell that the web server, email handler, and job runner are actually up and responding? What should I see in the logs or dashboard UI that confirms users can sign in and manage their aliases?

After it's running, try performing some basic user actions like creating a new account, creating an alias, and having that alias receive an email. What happens when a new account interacts with aliases or tries to receive mail, and how does the system show that these actions were handled correctly? What should I see at runtime that confirms the behavior you would expect?

While the application is active, do the email handler and job runner automatically come online in the background to support email activity or data handling? What behavior suggests that these internal components are functioning as intended across different situations?

Do not modify the source code. You can create temporary testing data such as accounts or aliases but clean them up when you are done.",degraded,-0.0833333333333333,True,high,"The agent's final answer explicitly incorporates the specific details from the retrieved note, such as the web server running on port 7777 via gunicorn and the entry point create_app(), and structures the verification steps around the three components identified in the note."
20260906T141944.965072498Z-openclaw-sweatlasqa-pilot30-amem-task-sglang,task-6905333b74f22949d97ba9aa,7,2,2,35484f44-83af-427b-87d3-ea4a1022c8b9,60.31587,match,"SimpleLogin repository is a Flask-based Python application. Key entry points: server.py (Flask web server), email_handler.py (email processing handler), job_runner.py (background job processing), cron.py (scheduled tasks). Main app package in app/ with subpackages: dashboard, api, auth, email, jobs,",simple-login/app,2026-09-06T17:16:14.392Z,"I'm new to SimpleLogin and trying to get everything running locally. Once the application starts, how can I tell that the web server, email handler, and job runner are actually up and responding? What should I see in the logs or dashboard UI that confirms users can sign in and manage their aliases?

After it's running, try performing some basic user actions like creating a new account, creating an alias, and having that alias receive an email. What happens when a new account interacts with aliases or tries to receive mail, and how does the system show that these actions were handled correctly? What should I see at runtime that confirms the behavior you would expect?

While the application is active, do the email handler and job runner automatically come online in the background to support email activity or data handling? What behavior suggests that these internal components are functioning as intended across different situations?

Do not modify the source code. You can create temporary testing data such as accounts or aliases but clean them up when you are done.",degraded,-0.0833333333333333,True,high,"The agent's final answer explicitly lists the specific entry point filenames (server.py, email_handler.py, job_runner.py) and the main app package structure (app/ with subpackages like dashboard, api, auth, email, jobs) exactly as described in the retrieved note, using these identifiers to structure the verification steps."
20260906T141944.965072498Z-openclaw-sweatlasqa-pilot30-amem-task-sglang,task-6905333b74f22949d97ba9ab,8,2,1,f6f69481-4f8a-4618-b3ac-8386988672bd,72.100353,match,SimpleLogin alias creation flow: Frontend sends either POST /api/v2/alias/custom/new or POST /api/v3/alias/custom/new (with mailbox_ids support) or POST /api/alias/random/new. API uses api_bp Blueprint at /api prefix. Auth via Authentication header (api code) or cookie. Returns 201 on success with J,simple-login/app,2026-09-06T17:51:12.235Z,"I want to understand how SimpleLogin behaves during a normal alias-creation flow. To do that, run the full application locally using the standard development setup, login with any test user, and create a new alias while observing the system in real time.

As you go through this flow, watch the frontend and note exactly what request it sends to the backend when an alias is created. Then observe what the backend returns, including any status codes, payloads, or metadata that appear in the response. While the request is being processed, check what changes occur in the database. Identify which records are inserted or updated, how many tables are touched, and whether any related entities are created as part of the same operation.

Pay close attention to the logs to see whether the system triggers any background tasks, emits follow-up events, or performs additional work beyond the initial write. If anything fails, such as validation problems, DB errors, or network issues. Note how the error surfaces in the API response, logs, and resulting database state. Don't modify any of the repository source files while investigating. Feel free to create temporary scripts that's fine, but leave the actual codebase as you found it and ensure to clean up any temporary files or scripts you create when you're done.",degraded,-0.2142857142857142,True,high,"The agent's final answer explicitly lists the specific API endpoints (POST /api/v2/alias/custom/new, POST /api/v3/alias/custom/new, POST /api/alias/random/new) and authentication methods (API key header or session cookie) that were detailed in the retrieved note, indicating the note provided the structural facts for the response."
20260906T141944.965072498Z-openclaw-sweatlasqa-pilot30-amem-task-sglang,task-6905333b74f22949d97ba9ab,8,2,2,5aa7a699-ff70-419e-9fec-08b8b6827103,62.02897000000001,match,"Alias creation background tasks/events: 1) EventDispatcher.send_event() creates a SyncEvent record in sync_event table and fires a PostgreSQL NOTIFY on channel 'simplelogin_sync_events' (PostgresDispatcher). This sends alias_created protobuf event (id, email, note, enabled, created_at). 2) AliasAudi",simple-login/app,2026-09-06T17:52:40.545Z,"I want to understand how SimpleLogin behaves during a normal alias-creation flow. To do that, run the full application locally using the standard development setup, login with any test user, and create a new alias while observing the system in real time.

As you go through this flow, watch the frontend and note exactly what request it sends to the backend when an alias is created. Then observe what the backend returns, including any status codes, payloads, or metadata that appear in the response. While the request is being processed, check what changes occur in the database. Identify which records are inserted or updated, how many tables are touched, and whether any related entities are created as part of the same operation.

Pay close attention to the logs to see whether the system triggers any background tasks, emits follow-up events, or performs additional work beyond the initial write. If anything fails, such as validation problems, DB errors, or network issues. Note how the error surfaces in the API response, logs, and resulting database state. Don't modify any of the repository source files while investigating. Feel free to create temporary scripts that's fine, but leave the actual codebase as you found it and ensure to clean up any temporary files or scripts you create when you're done.",degraded,-0.2142857142857142,True,high,"The agent's final answer explicitly details the creation of a `sync_event` record and the firing of a PostgreSQL NOTIFY on channel 'simplelogin_sync_events', which are specific facts directly derived from the retrieved note."
20260906T141944.965072498Z-openclaw-sweatlasqa-pilot30-amem-task-sglang,task-6905333b74f22949d97ba9ab,8,2,3,b641a84b-7120-44bf-824a-e7aef56abaaa,58.98698,match,"Alias creation database impact: 1) Alias table - INSERT a new alias record with user_id, email, mailbox_id, note, name, enabled=True, flags=0, pinned=False, etc. 2) DailyMetric table - incremented nb_alias via get_or_create_today_metric().nb_alias += 1 (upsert on date). 3) User table - flags updated",simple-login/app,2026-09-06T17:51:37.424Z,"I want to understand how SimpleLogin behaves during a normal alias-creation flow. To do that, run the full application locally using the standard development setup, login with any test user, and create a new alias while observing the system in real time.

As you go through this flow, watch the frontend and note exactly what request it sends to the backend when an alias is created. Then observe what the backend returns, including any status codes, payloads, or metadata that appear in the response. While the request is being processed, check what changes occur in the database. Identify which records are inserted or updated, how many tables are touched, and whether any related entities are created as part of the same operation.

Pay close attention to the logs to see whether the system triggers any background tasks, emits follow-up events, or performs additional work beyond the initial write. If anything fails, such as validation problems, DB errors, or network issues. Note how the error surfaces in the API response, logs, and resulting database state. Don't modify any of the repository source files while investigating. Feel free to create temporary scripts that's fine, but leave the actual codebase as you found it and ensure to clean up any temporary files or scripts you create when you're done.",degraded,-0.2142857142857142,True,high,"The agent's final answer explicitly lists the `alias`, `daily_metric`, and `user` tables with the specific update logic (e.g., incrementing `nb_alias`) described in the retrieved note, indicating it used the note to structure the database impact section of its response."
20260906T141944.965072498Z-openclaw-sweatlasqa-pilot30-amem-task-sglang,task-6905333b74f22949d97ba9ac,9,2,1,61c53899-de9b-4a9c-90b9-b05c94f6e8d8,70.86845600000001,match,"SimpleLogin log messages: Success forward path: LOG.d(""Forward %s -> %s -> %s"", contact, alias, mailbox) → LOG.d(""Create %s for %s, %s, %s"", email_log, contact, user, mailbox) → LOG.d(""Forward mail from %s to %s, mail_options:%s, rcpt_options:%s"", contact.website_email, mailbox.email, ...) → returns",simple-login/app,2026-09-06T18:26:39.651Z,"I'm investigating a production issue where users report inconsistent behavior when emails are forwarded through SimpleLogin aliases. I need to trace the actual email processing flow to understand what's happening. When the email handler processes an incoming email to an alias, I want to observe, what is the exact log message text that appears when an email is successfully forwarded versus when it fails due to a non-existent alias, what specific SL Message-ID gets generated during forwarding and how does it differ from the original Message-ID, what is the exact From header value in the forwarded email after transformation including the reply-email address format, and what database records are created during a single forward operation show me the actual record IDs and timestamps. Trace through an actual email forward operation and capture these specific runtime values. I need to see actual generated values, not what the code logic suggests should happen. Just don't modify any source files while investigating, and clean up any test containers or DB instances you spin up.",improved,0.4,True,high,"The agent's final answer explicitly lists the exact `LOG.d()` format strings (e.g., `Forward %s -> %s -> %s`, `Create %s for %s...`) and the specific log message text for success and failure paths that were directly provided in the retrieved note."
20260906T141944.965072498Z-openclaw-sweatlasqa-pilot30-amem-task-sglang,task-6905333b74f22949d97ba9ac,9,2,2,ea34c295-9782-42b3-9959-5e36b34002fb,66.276634,match,"SimpleLogin email forwarding flow: When email arrives at alias@sl.co, handle() in email_handler.py routes it to handle_forward(). handle_forward() looks up the alias, creates or gets Contact (with website_email = original sender, reply_email = generated reverse-alias), creates EmailLog record, trans",simple-login/app,2026-09-06T18:25:01.783Z,"I'm investigating a production issue where users report inconsistent behavior when emails are forwarded through SimpleLogin aliases. I need to trace the actual email processing flow to understand what's happening. When the email handler processes an incoming email to an alias, I want to observe, what is the exact log message text that appears when an email is successfully forwarded versus when it fails due to a non-existent alias, what specific SL Message-ID gets generated during forwarding and how does it differ from the original Message-ID, what is the exact From header value in the forwarded email after transformation including the reply-email address format, and what database records are created during a single forward operation show me the actual record IDs and timestamps. Trace through an actual email forward operation and capture these specific runtime values. I need to see actual generated values, not what the code logic suggests should happen. Just don't modify any source files while investigating, and clean up any test containers or DB instances you spin up.",improved,0.4,True,high,"The agent's final answer explicitly details the database records (Contact and EmailLog) and the specific function flow (handle -> handle_forward) mentioned in the retrieved note, indicating the note provided the structural context for the trace."
20260906T141944.965072498Z-openclaw-sweatlasqa-pilot30-amem-task-sglang,task-6905333b74f22949d97ba9ac,9,2,3,8b42f1eb-9241-4767-b8fe-c6fc2ca0001c,65.030396,match,"SimpleLogin SL Message-ID generation: In reply phase (not forward), replace_original_message_id() uses Python's email.utils.make_msgid(str(email_log.id), alias_domain) to create SL message IDs like ""<178871860366.1107.8075462959657755690.42@sl.local>"". The original Message-ID from incoming email is ",simple-login/app,2026-09-06T18:25:22.594Z,"I'm investigating a production issue where users report inconsistent behavior when emails are forwarded through SimpleLogin aliases. I need to trace the actual email processing flow to understand what's happening. When the email handler processes an incoming email to an alias, I want to observe, what is the exact log message text that appears when an email is successfully forwarded versus when it fails due to a non-existent alias, what specific SL Message-ID gets generated during forwarding and how does it differ from the original Message-ID, what is the exact From header value in the forwarded email after transformation including the reply-email address format, and what database records are created during a single forward operation show me the actual record IDs and timestamps. Trace through an actual email forward operation and capture these specific runtime values. I need to see actual generated values, not what the code logic suggests should happen. Just don't modify any source files while investigating, and clean up any test containers or DB instances you spin up.",improved,0.4,True,high,"The agent's final answer explicitly includes the specific SL Message-ID string '<178871860366.1107.8075462959657755690.42@sl.local>' and the context that it is generated in the reply phase via `make_msgid()`, which are unique details found only in the retrieved note."
20260906T141944.965072498Z-openclaw-sweatlasqa-pilot30-amem-task-sglang,task-6905333b74f22949d97ba9ac,9,2,4,f285d343-6dea-4723-a6f0-9a669dd514d1,60.087574,match,"SimpleLogin VERP envelope sender: generate_verp_email(VerpType.bounce_forward, email_log_id, contact_domain) produces addresses like ""sl.lmycyibugiwcamrugyzdanjwlu.yz3tgbpytauqq@test.com"" — base32 encoded JSON of [verp_type=0, object_id, minutes_since_2022-01-01] + HMAC signature. The VERP prefix is",simple-login/app,2026-09-06T18:26:12.480Z,"I'm investigating a production issue where users report inconsistent behavior when emails are forwarded through SimpleLogin aliases. I need to trace the actual email processing flow to understand what's happening. When the email handler processes an incoming email to an alias, I want to observe, what is the exact log message text that appears when an email is successfully forwarded versus when it fails due to a non-existent alias, what specific SL Message-ID gets generated during forwarding and how does it differ from the original Message-ID, what is the exact From header value in the forwarded email after transformation including the reply-email address format, and what database records are created during a single forward operation show me the actual record IDs and timestamps. Trace through an actual email forward operation and capture these specific runtime values. I need to see actual generated values, not what the code logic suggests should happen. Just don't modify any source files while investigating, and clean up any test containers or DB instances you spin up.",improved,0.4,False,high,"The agent's final answer does not mention the specific VERP address format, the `generate_verp_email` function, or the base32-encoded JSON structure described in the retrieved note, indicating the note was not utilized to answer the specific questions about envelope senders or runtime values."
20260906T141944.965072498Z-openclaw-sweatlasqa-pilot30-amem-task-sglang,task-6905333b74f22949d97ba9ac,9,2,5,bcbf868b-079a-4316-b3a1-e42ab9619cbc,56.41422,match,"SimpleLogin Contact.new_addr() formats the From header during forward. Possible formats: ""John Wick - john at wick.com <reply@sl.co>"", ""John Wick - john(a)wick.com <reply@sl.co>"", ""John Wick <reply@sl.co>"", ""john at wick.com <reply@sl.co>"", or just ""reply@sl.co"" if sender_format=NO_NAME. The reply_e",simple-login/app,2026-09-06T18:25:48.643Z,"I'm investigating a production issue where users report inconsistent behavior when emails are forwarded through SimpleLogin aliases. I need to trace the actual email processing flow to understand what's happening. When the email handler processes an incoming email to an alias, I want to observe, what is the exact log message text that appears when an email is successfully forwarded versus when it fails due to a non-existent alias, what specific SL Message-ID gets generated during forwarding and how does it differ from the original Message-ID, what is the exact From header value in the forwarded email after transformation including the reply-email address format, and what database records are created during a single forward operation show me the actual record IDs and timestamps. Trace through an actual email forward operation and capture these specific runtime values. I need to see actual generated values, not what the code logic suggests should happen. Just don't modify any source files while investigating, and clean up any test containers or DB instances you spin up.",improved,0.4,True,high,"The final answer explicitly lists the five specific From header format variants (e.g., ""John Wick - john at wick.com <reply@sl.co>"") and the `Contact.new_addr()` function name, which are unique details found only in the retrieved note, confirming the agent used this note to construct the response."
20260906T141944.965072498Z-openclaw-sweatlasqa-pilot30-amem-task-sglang,task-6905333b74f22949d97ba9ad,10,2,1,08809279-783b-440c-b486-3cdcf79a11f6,61.68517,match,"SimpleLogin is an email alias service. Architecture: Flask web app (server.py: create_app) + Python SMTP handler (email_handler.py using aiosmtpd). Key services: Web frontend (Flask on port 7777), Email handler (aiosmtpd on configurable port 20381), Postfix as MTA, PostgreSQL, Redis (optional), S3-c",simple-login/app,2026-09-06T18:40:51.680Z,"I am setting up SimpleLogin for the first time and I want to confirm that the platform is actually working the way it should when everything is running locally. After starting the system what should I notice in the logs or UI that shows the app is ready to handle user authentication and alias based email activity?

Once it is running can you try walking through the typical product experience as if you were a new user signing up for the first time. What happens when a user registers verifies their address and tries to log in. What visible behavior confirms that the system is handling every step correctly and forwarding the user into the dashboard as expected?

I am also curious about what the application does behind the scenes during that flow. Are there any indicators that background jobs or internal services are doing their part to support email forwarding or identity verification. What should I expect to observe at runtime that tells me these moving pieces are active and talking to each other properly?

You can create anything temporary that you need for testing like new users or aliases but remove them when you are done and please do not make any changes to the source code.",improved,0.0909090909090909,True,high,"The agent's final answer explicitly references the specific ports (7777 for Flask, 20381 for aiosmtpd) and the component names (Flask web app, Email handler aiosmtpd) found in the retrieved note, using them to describe the expected log outputs and system readiness indicators."
20260906T141944.965072498Z-openclaw-sweatlasqa-pilot30-amem-task-sglang,task-6905333b74f22949d97ba9ad,10,2,2,74f798e8-1ec1-4645-9c6b-a8a50cd6d7e9,54.12526,match,"User registration flow: POST /register creates User with activated=False, sends ActivationCode to email. User clicks /activate?code=*** which sets activated=True, logs them in, sends welcome email, redirects to /dashboard. Login flow: POST /login checks password, checks activated flag, uses after_lo",simple-login/app,2026-09-06T18:40:51.688Z,"I am setting up SimpleLogin for the first time and I want to confirm that the platform is actually working the way it should when everything is running locally. After starting the system what should I notice in the logs or UI that shows the app is ready to handle user authentication and alias based email activity?

Once it is running can you try walking through the typical product experience as if you were a new user signing up for the first time. What happens when a user registers verifies their address and tries to log in. What visible behavior confirms that the system is handling every step correctly and forwarding the user into the dashboard as expected?

I am also curious about what the application does behind the scenes during that flow. Are there any indicators that background jobs or internal services are doing their part to support email forwarding or identity verification. What should I expect to observe at runtime that tells me these moving pieces are active and talking to each other properly?

You can create anything temporary that you need for testing like new users or aliases but remove them when you are done and please do not make any changes to the source code.",improved,0.0909090909090909,True,high,"The agent's final answer explicitly incorporates the specific logic from the retrieved note, such as the registration flow creating a user with `activated=False`, the activation endpoint setting `activated=True` and logging the user in, and the login flow checking the activated flag and using `after_login`."
20260906T141944.965072498Z-openclaw-sweatlasqa-pilot30-amem-task-sglang,task-6905333b74f22949d97ba9ad,10,2,3,7d104943-80e8-42c4-944e-0d7120fb9cc1,56.127894,match,"Email forwarding flow: email_handler.py handles SMTP. Forward phase: contact sends to alias@sl.co → aiosmtpd MailHandler._handle → handle_forward() → find alias → create Contact → forward_email_to_mailbox() (modifies headers, adds DKIM, uses VERP envelope sender) → sl_sendmail() via Postfix. Reply p",simple-login/app,2026-09-06T18:40:51.687Z,"I am setting up SimpleLogin for the first time and I want to confirm that the platform is actually working the way it should when everything is running locally. After starting the system what should I notice in the logs or UI that shows the app is ready to handle user authentication and alias based email activity?

Once it is running can you try walking through the typical product experience as if you were a new user signing up for the first time. What happens when a user registers verifies their address and tries to log in. What visible behavior confirms that the system is handling every step correctly and forwarding the user into the dashboard as expected?

I am also curious about what the application does behind the scenes during that flow. Are there any indicators that background jobs or internal services are doing their part to support email forwarding or identity verification. What should I expect to observe at runtime that tells me these moving pieces are active and talking to each other properly?

You can create anything temporary that you need for testing like new users or aliases but remove them when you are done and please do not make any changes to the source code.",improved,0.0909090909090909,False,high,"The agent's final answer describes the high-level user flow (registration, activation, login) and general system components (Flask, aiosmtpd, cron) but does not incorporate any specific technical details from the retrieved note, such as the file path `email_handler.py`, the class `MailHandler._handle`, the function `handle_forward()`, or the specific mechanisms like DKIM, VERP, and `sl_sendmail()` mentioned in the note."
20260906T141944.965072498Z-openclaw-sweatlasqa-pilot30-amem-task-sglang,task-6905333b74f22949d97ba9ad,10,2,4,13977d2a-4622-4e86-8c87-58588039d4f4,52.10633,match,"Log infrastructure: app/log.py creates logger ""SL"" with format including message_id, process, function, and source location. Uses coloredlogs when COLOR_LOG=true. Log levels: d=debug, i=info, w=warning, e=error. Server.py logs HTTP requests in after_request middleware. Email_handler.py logs every ph",simple-login/app,2026-09-06T18:40:52.150Z,"I am setting up SimpleLogin for the first time and I want to confirm that the platform is actually working the way it should when everything is running locally. After starting the system what should I notice in the logs or UI that shows the app is ready to handle user authentication and alias based email activity?

Once it is running can you try walking through the typical product experience as if you were a new user signing up for the first time. What happens when a user registers verifies their address and tries to log in. What visible behavior confirms that the system is handling every step correctly and forwarding the user into the dashboard as expected?

I am also curious about what the application does behind the scenes during that flow. Are there any indicators that background jobs or internal services are doing their part to support email forwarding or identity verification. What should I expect to observe at runtime that tells me these moving pieces are active and talking to each other properly?

You can create anything temporary that you need for testing like new users or aliases but remove them when you are done and please do not make any changes to the source code.",improved,0.0909090909090909,True,high,"The agent's final answer explicitly references the specific logger name 'SL', the log level abbreviations 'd/i/w/e', and the file path 'app/log.py' exactly as described in the retrieved note, indicating it used this information to describe the logging infrastructure."
20260906T141944.965072498Z-openclaw-sweatlasqa-pilot30-amem-task-sglang,task-6905333b74f22949d97ba9ad,10,2,5,16946261-c649-49db-807c-0b396e0a6488,50.81433,match,"Dashboard (app/dashboard/views/index.py): Shows stats (nb_alias, nb_forward, nb_reply, nb_block), lists aliases with pagination, allows creating random/custom aliases, disabling/deleting aliases. On first login shows intro. Key endpoints: POST /dashboard (create alias), /contacts/<id>/toggle (block/",simple-login/app,2026-09-06T18:40:51.691Z,"I am setting up SimpleLogin for the first time and I want to confirm that the platform is actually working the way it should when everything is running locally. After starting the system what should I notice in the logs or UI that shows the app is ready to handle user authentication and alias based email activity?

Once it is running can you try walking through the typical product experience as if you were a new user signing up for the first time. What happens when a user registers verifies their address and tries to log in. What visible behavior confirms that the system is handling every step correctly and forwarding the user into the dashboard as expected?

I am also curious about what the application does behind the scenes during that flow. Are there any indicators that background jobs or internal services are doing their part to support email forwarding or identity verification. What should I expect to observe at runtime that tells me these moving pieces are active and talking to each other properly?

You can create anything temporary that you need for testing like new users or aliases but remove them when you are done and please do not make any changes to the source code.",improved,0.0909090909090909,False,high,"The agent's final answer describes the general architecture, health checks, and user flow of SimpleLogin but does not incorporate any specific details from the retrieved note, such as the exact file path `app/dashboard/views/index.py`, the specific stats fields (`nb_alias`, `nb_forward`, etc.), or the specific endpoints (`POST /dashboard`, `/contacts/<id>/toggle`) mentioned in the note."
20260906T141944.965072498Z-openclaw-sweatlasqa-pilot30-amem-task-sglang,task-6905333b74f22949d97ba9ad,10,2,6,a5c78ad6-30af-4f2e-8cb5-5ef9bd6113ef,45.09815,link,"Background jobs (cron.py): stats, delete_logs, delete_old_monitoring, check_custom_domain, check_hibp, notify_hibp, poll_apple_subscription, notify_trial_end, notify_manual_subscription_end, notify_premium_end, delete_scheduled_users, send_undelivered_mails, clear_alias_audit_log, clear_user_audit_l",simple-login/app,2026-09-06T18:40:51.689Z,"I am setting up SimpleLogin for the first time and I want to confirm that the platform is actually working the way it should when everything is running locally. After starting the system what should I notice in the logs or UI that shows the app is ready to handle user authentication and alias based email activity?

Once it is running can you try walking through the typical product experience as if you were a new user signing up for the first time. What happens when a user registers verifies their address and tries to log in. What visible behavior confirms that the system is handling every step correctly and forwarding the user into the dashboard as expected?

I am also curious about what the application does behind the scenes during that flow. Are there any indicators that background jobs or internal services are doing their part to support email forwarding or identity verification. What should I expect to observe at runtime that tells me these moving pieces are active and talking to each other properly?

You can create anything temporary that you need for testing like new users or aliases but remove them when you are done and please do not make any changes to the source code.",improved,0.0909090909090909,False,high,"The agent's final answer lists 'Cron jobs' generally but does not mention any of the specific job names (e.g., delete_logs, check_hibp, poll_apple_subscription) provided in the retrieved note, indicating the note was not used to inform the specific details of the response."
20260906T141944.965072498Z-openclaw-sweatlasqa-pilot30-amem-task-sglang,task-6905333b74f22949d97ba9ae,11,2,1,a524d6a1-79e9-4fe8-829f-145096569118,72.49297,match,"CRITICAL FINDING: Contact.reply_email has NO unique constraint at the database level — only a regular (non-unique) index. The Contact model has UniqueConstraint(""alias_id"", ""website_email"") but not on reply_email. This means the collision check for reply_email is purely runtime (available_sl_email()",simple-login/app,2026-09-06T19:00:23.315Z,"I’d like to understand how SimpleLogin resolves inbound email replies to a contact and forwarding destination during normal alias usage, specifically in cases where a reply ends up being delivered to a different user than the alias owner. As inbound reply messages are processed, focus on how the system derives the reply email address and uses it to identify the associated contact. Observe the actual runtime values involved in this resolution, the extracted reply email, the contact (if any) that it resolves to, and the user or alias ultimately selected as the forwarding destination. Track how these values behave across multiple reply events. Note whether the same reply email ever resolves to different contacts over time, fails to resolve temporarily, or resolves correctly but later results in forwarding to a different user than expected. Use these observations to determine whether the reply-handling logic specifically the lookup of contacts by reply email exhibits any race conditions, uniqueness assumptions, or timing-related inconsistencies that could explain why a reply is routed to the wrong user. Describe the runtime values you observed during reply resolution and explain how those values lead to the observed behavior. Don’t modify any repository source files. If temporary scripts or tooling are needed to observe behavior, that’s fine, but clean them up afterward and leave the repository unchanged.",degraded,-0.0833333333333332,True,high,"The agent's final answer explicitly cites the specific database constraint details (lack of unique constraint on `reply_email`, presence of `UniqueConstraint` on `alias_id` and `website_email`) and the runtime collision check mechanism (`available_sl_email()`) found in the retrieved note as the core explanation for the misrouting behavior."
20260906T141944.965072498Z-openclaw-sweatlasqa-pilot30-amem-task-sglang,task-6905333b74f22949d97ba9ae,11,2,2,26084c08-5c23-4bb6-8a1c-c0b0920df4ba,62.61976,match,"Reply email resolution flow: 1) In forward phase, Contact.create() calls generate_reply_email() which calls available_sl_email() to check for collision, then creates contact. 2) In reply phase, handle_reply() receives rcpt_to as the reverse alias email, normalizes it with normalize_reply_email(), th",simple-login/app,2026-09-06T19:00:38.783Z,"I’d like to understand how SimpleLogin resolves inbound email replies to a contact and forwarding destination during normal alias usage, specifically in cases where a reply ends up being delivered to a different user than the alias owner. As inbound reply messages are processed, focus on how the system derives the reply email address and uses it to identify the associated contact. Observe the actual runtime values involved in this resolution, the extracted reply email, the contact (if any) that it resolves to, and the user or alias ultimately selected as the forwarding destination. Track how these values behave across multiple reply events. Note whether the same reply email ever resolves to different contacts over time, fails to resolve temporarily, or resolves correctly but later results in forwarding to a different user than expected. Use these observations to determine whether the reply-handling logic specifically the lookup of contacts by reply email exhibits any race conditions, uniqueness assumptions, or timing-related inconsistencies that could explain why a reply is routed to the wrong user. Describe the runtime values you observed during reply resolution and explain how those values lead to the observed behavior. Don’t modify any repository source files. If temporary scripts or tooling are needed to observe behavior, that’s fine, but clean them up afterward and leave the repository unchanged.",degraded,-0.0833333333333332,True,high,"The agent's final answer explicitly details the `generate_reply_email()` and `available_sl_email()` collision check mechanism described in the note, and uses this to explain the lack of database uniqueness constraints leading to misrouting."
20260906T141944.965072498Z-openclaw-sweatlasqa-pilot30-amem-task-sglang,task-6905333b74f22949d97ba9ae,11,2,3,0ffbec3d-eaf7-4ec4-905c-57a0b1aa98b3,50.447390000000006,match,"handle_reply() in email_handler.py: The reply flow starts with rcpt_to as the reply_email. It looks up Contact.get_by(reply_email=reply_email). The Contact model has a reply_email column (nullable=False, indexed). The contact determines the forwarding destination - the reply is sent to contact.websi",simple-login/app,2026-09-06T18:49:51.147Z,"I’d like to understand how SimpleLogin resolves inbound email replies to a contact and forwarding destination during normal alias usage, specifically in cases where a reply ends up being delivered to a different user than the alias owner. As inbound reply messages are processed, focus on how the system derives the reply email address and uses it to identify the associated contact. Observe the actual runtime values involved in this resolution, the extracted reply email, the contact (if any) that it resolves to, and the user or alias ultimately selected as the forwarding destination. Track how these values behave across multiple reply events. Note whether the same reply email ever resolves to different contacts over time, fails to resolve temporarily, or resolves correctly but later results in forwarding to a different user than expected. Use these observations to determine whether the reply-handling logic specifically the lookup of contacts by reply email exhibits any race conditions, uniqueness assumptions, or timing-related inconsistencies that could explain why a reply is routed to the wrong user. Describe the runtime values you observed during reply resolution and explain how those values lead to the observed behavior. Don’t modify any repository source files. If temporary scripts or tooling are needed to observe behavior, that’s fine, but clean them up afterward and leave the repository unchanged.",degraded,-0.0833333333333332,True,high,"The agent's final answer explicitly describes the `Contact.get_by(reply_email=...)` lookup mechanism and the `contact.website_email` forwarding destination, which are the specific functional details provided in the retrieved note, confirming the note drove the explanation of the resolution logic."
20260906T141944.965072498Z-openclaw-sweatlasqa-pilot30-amem-task-sglang,task-6905333b74f22949d97ba9ae,11,2,4,5a5cbc19-2bea-4731-896a-45a1745420c2,48.513532,match,"Repository: SimpleLogin (email alias/proxy service). Key files: email_handler.py (main email processing), app/email_utils.py, app/models.py (Contact, Alias, User models), app/contact_utils.py, cron.py. Email flows through email_handler.py as the main entry point for inbound email processing.",simple-login/app,2026-09-06T18:49:20.833Z,"I’d like to understand how SimpleLogin resolves inbound email replies to a contact and forwarding destination during normal alias usage, specifically in cases where a reply ends up being delivered to a different user than the alias owner. As inbound reply messages are processed, focus on how the system derives the reply email address and uses it to identify the associated contact. Observe the actual runtime values involved in this resolution, the extracted reply email, the contact (if any) that it resolves to, and the user or alias ultimately selected as the forwarding destination. Track how these values behave across multiple reply events. Note whether the same reply email ever resolves to different contacts over time, fails to resolve temporarily, or resolves correctly but later results in forwarding to a different user than expected. Use these observations to determine whether the reply-handling logic specifically the lookup of contacts by reply email exhibits any race conditions, uniqueness assumptions, or timing-related inconsistencies that could explain why a reply is routed to the wrong user. Describe the runtime values you observed during reply resolution and explain how those values lead to the observed behavior. Don’t modify any repository source files. If temporary scripts or tooling are needed to observe behavior, that’s fine, but clean them up afterward and leave the repository unchanged.",degraded,-0.0833333333333332,True,high,"The agent explicitly references the key files identified in the note (email_handler.py, app/email_utils.py, app/models.py, app/contact_utils.py) to locate the specific code sections for reply handling and contact resolution, and uses the model definitions from app/models.py to identify the lack of a unique constraint on reply_email."
20260906T141944.965072498Z-openclaw-sweatlasqa-pilot30-amem-task-sglang,task-6905333b74f22949d97ba9ae,11,2,5,ed5a8b85-1e81-4c11-89df-8248053f1eb9,46.87674,match,"normalize_reply_email() in email_validation.py: if reply_email contains non-ASCII chars, convert_to_id() is called which lowercases, removes accents via unidecode(), removes spaces. For other invalid chars not in _ALLOWED_CHARS (alphanumeric, _-+@), they are replaced with underscore. This means a re",simple-login/app,2026-09-06T19:00:54.231Z,"I’d like to understand how SimpleLogin resolves inbound email replies to a contact and forwarding destination during normal alias usage, specifically in cases where a reply ends up being delivered to a different user than the alias owner. As inbound reply messages are processed, focus on how the system derives the reply email address and uses it to identify the associated contact. Observe the actual runtime values involved in this resolution, the extracted reply email, the contact (if any) that it resolves to, and the user or alias ultimately selected as the forwarding destination. Track how these values behave across multiple reply events. Note whether the same reply email ever resolves to different contacts over time, fails to resolve temporarily, or resolves correctly but later results in forwarding to a different user than expected. Use these observations to determine whether the reply-handling logic specifically the lookup of contacts by reply email exhibits any race conditions, uniqueness assumptions, or timing-related inconsistencies that could explain why a reply is routed to the wrong user. Describe the runtime values you observed during reply resolution and explain how those values lead to the observed behavior. Don’t modify any repository source files. If temporary scripts or tooling are needed to observe behavior, that’s fine, but clean them up afterward and leave the repository unchanged.",degraded,-0.0833333333333332,True,high,"The agent's final answer explicitly discusses the `normalize_reply_email()` function and its deterministic behavior, which is the specific content of the retrieved note, indicating the note influenced the analysis of the reply resolution logic."
20260906T141944.965072498Z-openclaw-sweatlasqa-pilot30-amem-task-sglang,task-6905333b74f22949d97ba9af,12,2,1,46b3aa6f-4c91-453c-abc7-776f13a5d3a8,68.05428,match,"For SimpleLogin codebase at /app:
1. When database has no tables (empty DB, no migrations):
   - Login page GET works fine (no DB queries on GET)
   - DB connection is established at module import time (app/db.py line 12: engine.connect())
   - Any DB query on non-existent table raises ProgrammingEr",simple-login/app,2026-09-06T19:41:21.937Z,"I'm trying to get the development environment running locally for the first time, and the documentation isn't very clear about the startup order or what breaks if certain setup steps are skipped. I want to bring the whole stack up from scratch and note what actually happens along the way.

To start with, I want to see what happens if the database isn't fully set up yet. With PostgreSQL running and an empty database created (no tables, migrations not run), what error do I actually hit when I start the server with python [server.py](http://server.py) and then try to open the login page in the browser? I'm looking for the full Python exception that gets raised.

Once the database migrations and the initialization script (init\_[app.py](http://app.py)) have been run and everything is set up correctly, I need to understand which Python services must be running for the system to work. Start each required service and show me the exact log output that confirms it's running and ready to accept connections. I want to see the actual startup messages from stdout/stderr, not just what the code says I need to verify the services are actually binding to their ports and working.

I'm also curious about what happens if the initialization step is skipped. If I run the migrations but don't run init\_[app.py](http://app.py), the SLDomain table should be empty (no email domains configured). If I then start the email handler and simulate an incoming email addressed to any @sl.local address, what happens? What SMTP status code does the email handler return to the sender, and what does it log to explain the rejection?

I'm not changing or deleting any source files here I just want to observe the system's behavior. Temporary config files or small test scripts are fine if needed.",tied,0.0,True,high,"The agent's final answer for Scenario 1 explicitly states that the login page GET works fine and no exception is raised, which directly reflects the specific fact in the retrieved note ('Login page GET works fine (no DB queries on GET)'), and it correctly identifies that the error occurs later, aligning with the note's implication that the error is raised on DB queries, not import."
20260906T141944.965072498Z-openclaw-sweatlasqa-pilot30-amem-task-sglang,task-6905333b74f22949d97ba9d4,20,2,1,edae057c-4d7a-493a-8827-33399190c2fc,65.73282999999999,match,"Paperless-NGX runtime architecture: supervisord manages 3 processes - gunicorn (ASGI server on port 8000, 2 workers, Uvicorn-based), document_consumer (watches consume/ directory via inotify or polling), qcluster (Django-Q task queue workers). External services: Redis (broker), PostgreSQL/SQLite (DB",paperless-ngx/paperless-ngx,2026-09-06T21:59:55.630Z,"I want to understand how Paperless-NGX behaves at runtime once the system is up and idle, before I start making changes to the codebase. Get Paperless-NGX running at the specified commit. Once it's idle and stable, what background processes or tasks continue executing automatically? What are the actual log entries that appear periodically showing the system is healthy and ready? I need the specific log messages, their frequency, and what they indicate. 
Also, if you briefly interrupt and restart part of the system, what specific log messages confirm everything has reconnected and is operational again? What components or processes keep running continuously to maintain Paperless-NGX in a ready state, even when no documents are being processed? You may use temporary helper commands or inspection tools if needed, but don’t modify any source files and clean up any temporary artifacts when you’re done.",improved,0.1818181818181817,True,high,"The agent's final answer explicitly lists the three specific processes (gunicorn, document_consumer, qcluster) and their roles (ASGI server, directory watching, task queue) which directly mirror the components described in the retrieved note."
20260906T141944.965072498Z-openclaw-sweatlasqa-pilot30-amem-task-sglang,task-6905333b74f22949d97ba9d4,20,2,2,bbd5e750-f4a8-467e-81b2-75140464614f,53.82657,match,"Paperless-NGX repo at /app is a document management system. Main structure: src/ (Python Django backend), src-ui/ (frontend), docker/ (containerization), scripts/ (setup/deploy), gunicorn.conf.py (WSGI server), Pipfile (Python deps). Key components: Django app with Celery task queue, Redis, PostgreS",paperless-ngx/paperless-ngx,2026-09-06T21:54:16.004Z,"I want to understand how Paperless-NGX behaves at runtime once the system is up and idle, before I start making changes to the codebase. Get Paperless-NGX running at the specified commit. Once it's idle and stable, what background processes or tasks continue executing automatically? What are the actual log entries that appear periodically showing the system is healthy and ready? I need the specific log messages, their frequency, and what they indicate. 
Also, if you briefly interrupt and restart part of the system, what specific log messages confirm everything has reconnected and is operational again? What components or processes keep running continuously to maintain Paperless-NGX in a ready state, even when no documents are being processed? You may use temporary helper commands or inspection tools if needed, but don’t modify any source files and clean up any temporary artifacts when you’re done.",improved,0.1818181818181817,False,high,"The agent's final answer provides specific runtime details (supervisord, inotify, Django-Q tasks, healthcheck URLs) that are not present in the retrieved note, which only contained high-level structural information (repo layout, key components list), indicating the agent relied on its own knowledge or other sources rather than the specific content of this note."
20260906T141944.965072498Z-openclaw-sweatlasqa-pilot30-amem-task-sglang,task-6905333b74f22949d97ba9d5,21,2,1,b2e93681-2cea-4aeb-aeec-4b38b32bd31c,67.527103,match,"Paperless-NGX document ingestion pipeline flow: 1) File placed in CONSUMPTION_DIR → 2) document_consumer management command detects file via inotify or polling → 3) _consume() waits for file stability, checks extension, optionally creates tags from path → 4) async_task(""documents.tasks.consume_file""",paperless-ngx/paperless-ngx,2026-09-06T22:07:40.808Z,"I’m trying to understand how data moves through Paperless-NGX during normal document ingestion so I can get oriented before working on the codebase. When Paperless-NGX is running from this repository at the specified commit and a new document appears in the system, what observable runtime behavior shows how the document is detected and handed off for processing? What log messages, task names, or state changes indicate the transition from initial detection into parsing, classification, and indexing, and how does the system reflect progress or completion of each stage while the document is being processed? After processing finishes, what observable evidence shows where the document’s data ends up and how its final state is recorded? Based on what you can directly observe at runtime, how does Paperless-NGX track whether a document has already been processed or needs further work, and what behavior or logs indicate how the system avoids duplicate processing? Keep the explanation grounded in runtime observations rather than assumptions from reading the code alone. You may use temporary test files if helpful, but don’t modify any source files and clean up any temporary artifacts when you’re done.",degraded,-0.2142857142857143,True,high,"The agent's final answer explicitly lists 'Detection: inotify/polling, file stability wait, tag creation from path' as the first point, which directly mirrors the specific steps (1-3) detailed in the retrieved note, indicating the note's content was used to structure the explanation of the ingestion pipeline."
20260906T141944.965072498Z-openclaw-sweatlasqa-pilot30-amem-task-sglang,task-6905333b74f22949d97ba9d5,21,2,2,72bf481d-81a0-479d-93a9-5b79fd9222ac,67.08014,match,"Key loggers and log sources in Paperless-NGX: paperless.consumer (logging_name in Consumer class, LoggingMixin), paperless.tasks (tasks.py logger), paperless.parsing (DocumentParser base class), paperless.parsing.tesseract (RasterisedDocumentParser), paperless.parsing.tika (TikaDocumentParser), pape",paperless-ngx/paperless-ngx,2026-09-06T22:07:58.228Z,"I’m trying to understand how data moves through Paperless-NGX during normal document ingestion so I can get oriented before working on the codebase. When Paperless-NGX is running from this repository at the specified commit and a new document appears in the system, what observable runtime behavior shows how the document is detected and handed off for processing? What log messages, task names, or state changes indicate the transition from initial detection into parsing, classification, and indexing, and how does the system reflect progress or completion of each stage while the document is being processed? After processing finishes, what observable evidence shows where the document’s data ends up and how its final state is recorded? Based on what you can directly observe at runtime, how does Paperless-NGX track whether a document has already been processed or needs further work, and what behavior or logs indicate how the system avoids duplicate processing? Keep the explanation grounded in runtime observations rather than assumptions from reading the code alone. You may use temporary test files if helpful, but don’t modify any source files and clean up any temporary artifacts when you’re done.",degraded,-0.2142857142857143,False,high,"The agent's final answer and reasoning do not reference the specific logger names (e.g., 'paperless.consumer', 'paperless.tasks') or classes (e.g., 'LoggingMixin', 'DocumentParser') listed in the retrieved note, instead providing a general high-level summary of the pipeline without citing the specific logging infrastructure details found in the note."
20260906T141944.965072498Z-openclaw-sweatlasqa-pilot30-amem-task-sglang,task-6905333b74f22949d97ba9d5,21,2,3,914c541e-24e7-4410-be1c-48710b448c20,59.142053,match,"Progress/status messages in Paperless-NGX pipeline: Messages are sent via _send_progress through Channels WebSocket group ""status_updates"". Progress stages: 0/100 STARTING ""new_file"" → 20/100 WORKING ""parsing_document"" → 70/100 WORKING ""generating_thumbnail"" → 90/100 WORKING ""parse_date"" (if date ne",paperless-ngx/paperless-ngx,2026-09-06T22:07:40.809Z,"I’m trying to understand how data moves through Paperless-NGX during normal document ingestion so I can get oriented before working on the codebase. When Paperless-NGX is running from this repository at the specified commit and a new document appears in the system, what observable runtime behavior shows how the document is detected and handed off for processing? What log messages, task names, or state changes indicate the transition from initial detection into parsing, classification, and indexing, and how does the system reflect progress or completion of each stage while the document is being processed? After processing finishes, what observable evidence shows where the document’s data ends up and how its final state is recorded? Based on what you can directly observe at runtime, how does Paperless-NGX track whether a document has already been processed or needs further work, and what behavior or logs indicate how the system avoids duplicate processing? Keep the explanation grounded in runtime observations rather than assumptions from reading the code alone. You may use temporary test files if helpful, but don’t modify any source files and clean up any temporary artifacts when you’re done.",degraded,-0.2142857142857143,False,high,"The agent's final answer lists 'Progress tracking' as a general concept but does not include any of the specific details from the retrieved note, such as the specific percentage milestones (0/100, 20/100, etc.), the specific stage names ('new_file', 'parsing_document', etc.), or the mechanism ('Channels WebSocket group status_updates'), indicating the note was not used to construct the specific runtime observations requested."
20260906T141944.965072498Z-openclaw-sweatlasqa-pilot30-amem-task-sglang,task-6905333b74f22949d97ba9d5,21,2,4,35ba30fb-04b6-4383-8c75-b41636dfe9bf,42.461896,match,"Document data storage locations: ORIGINALS_DIR/MEDIA_ROOT/documents/originals/ — source document stored with generated filename (e.g., 0000001.pdf or based on PAPERLESS_FILENAME_FORMAT); ARCHIVE_DIR/MEDIA_ROOT/documents/archive/ — OCR'd archive PDF with .pdf extension; THUMBNAIL_DIR/MEDIA_ROOT/docum",paperless-ngx/paperless-ngx,2026-09-06T22:07:58.231Z,"I’m trying to understand how data moves through Paperless-NGX during normal document ingestion so I can get oriented before working on the codebase. When Paperless-NGX is running from this repository at the specified commit and a new document appears in the system, what observable runtime behavior shows how the document is detected and handed off for processing? What log messages, task names, or state changes indicate the transition from initial detection into parsing, classification, and indexing, and how does the system reflect progress or completion of each stage while the document is being processed? After processing finishes, what observable evidence shows where the document’s data ends up and how its final state is recorded? Based on what you can directly observe at runtime, how does Paperless-NGX track whether a document has already been processed or needs further work, and what behavior or logs indicate how the system avoids duplicate processing? Keep the explanation grounded in runtime observations rather than assumptions from reading the code alone. You may use temporary test files if helpful, but don’t modify any source files and clean up any temporary artifacts when you’re done.",degraded,-0.2142857142857143,False,high,"The agent's final answer and reasoning excerpts describe the document processing pipeline (detection, parsing, storage) but do not mention or utilize the specific file paths (ORIGINALS_DIR, ARCHIVE_DIR, THUMBNAIL_DIR) or storage location details provided in the retrieved note."
20260906T141944.965072498Z-openclaw-sweatlasqa-pilot30-amem-task-sglang,task-6905333b74f22949d97ba9d5,21,2,5,54b74a35-9eec-452c-813d-879797980a01,58.32181,match,"Duplicate detection in Paperless-NGX: pre_check_duplicate() reads file as bytes, computes MD5 checksum via hashlib.md5(), then queries Document.objects.filter(Q(checksum=checksum) | Q(archive_checksum=checksum)).exists(). If duplicate found: if CONSUMER_DELETE_DUPLICATES is True, deletes the incomin",paperless-ngx/paperless-ngx,2026-09-06T22:07:40.811Z,"I’m trying to understand how data moves through Paperless-NGX during normal document ingestion so I can get oriented before working on the codebase. When Paperless-NGX is running from this repository at the specified commit and a new document appears in the system, what observable runtime behavior shows how the document is detected and handed off for processing? What log messages, task names, or state changes indicate the transition from initial detection into parsing, classification, and indexing, and how does the system reflect progress or completion of each stage while the document is being processed? After processing finishes, what observable evidence shows where the document’s data ends up and how its final state is recorded? Based on what you can directly observe at runtime, how does Paperless-NGX track whether a document has already been processed or needs further work, and what behavior or logs indicate how the system avoids duplicate processing? Keep the explanation grounded in runtime observations rather than assumptions from reading the code alone. You may use temporary test files if helpful, but don’t modify any source files and clean up any temporary artifacts when you’re done.",degraded,-0.2142857142857143,True,high,"The agent's final answer explicitly includes 'Duplicate detection: MD5 checksum comparison against existing documents' and 'Duplicate avoidance: checksum constraints', which directly reflects the specific technical details (MD5, checksum comparison) provided in the retrieved note."
20260906T141944.965072498Z-openclaw-sweatlasqa-pilot30-amem-task-sglang,task-6905333b74f22949d97ba9d6,22,2,1,5a8f1f68-ac0c-4e2d-bff1-436c9dbcbc70,40.56396,match,"Paperless-ngx codebase is in /app/src/ with main Django apps: documents (core models, consumer, parsers, tasks, signals), paperless_tesseract (OCR parser using Tesseract), paperless_text (plain text extraction), paperless_tika (document parsing via Apache Tika), paperless_mail (email processing). Ke",paperless-ngx/paperless-ngx,2026-09-06T22:14:01.158Z,"I’m trying to get a practical understanding of how OCR behaves in paperless-ngx at runtime, especially in cases where it’s hard to tell what the system is actually doing. When I upload an image that has no embedded text, how can I see that OCR has started, and what does the document’s processing state look like while it’s running? I want to watch how background workers behave during this phase and understand what signals really indicate active OCR work. If I upload a similar image that already contains text, does the system skip OCR entirely, or does it still touch the OCR pipeline in some way, and how can I tell the difference after processing finishes? I also want to compare the final API responses for both cases to understand which fields show OCR-generated text versus existing text. Finally, when OCR produces weak or incomplete results, what actually happens to the document’s final state? Does it still count as fully processed, and how is that reflected in the saved metadata? Temporary scripts may be used for observation, but the repository itself should remain unchanged, and anything temporary should be cleaned up afterward.",degraded,-0.0999999999999999,False,high,"The agent's final answer provides high-level conceptual explanations of the OCR pipeline and API behavior without referencing the specific file paths (/app/src/) or app names (paperless_tesseract, etc.) listed in the retrieved note, indicating the note was not used to drive the specific details of the response."
20260906T141944.965072498Z-openclaw-sweatlasqa-pilot30-amem-task-sglang,task-6905333b74f22949d97ba9d7,23,2,1,899a6e48-2cda-4509-9eb4-2552663d0d9b,69.00869,match,"Paperless-ngx API authentication uses Django REST Framework's TokenAuthentication from rest_framework.authentication module. The header format is ""Authorization: Token &lt;key&gt;"" where key is a 40-char hex string. Tokens are stored in the rest_framework.authtoken.models.Token model (key=CharField ",paperless-ngx/paperless-ngx,2026-09-06T22:24:57.441Z,"I'm planning to integrate some external tools with the paperless API and need to understand how authentication works first. Get paperless running locally, create a test user, and generate an API token for them. Make an authenticated request to list documents. What's the exact HTTP header name and format paperless expects for the token, and what's the complete endpoint path? What does the JSON response look like, specifically what are the top level fields, and is pagination involved or does it dump everything at once? Try that same request without auth and tell me what status code and error message you get. Then trace through the Django code to find which authentication class handles token authentication and what model stores the tokens. Don't modify the codebase, creating test users, tokens, and any temporary files you need is fine, but leave the source code untouched and clean up any additional files or changes when you're done.",improved,0.0769230769230768,True,high,"The agent's final answer explicitly states the header format 'Authorization: Token <key>' and identifies the token model as 'rest_framework.authtoken.models.Token', which are the specific technical details provided in the retrieved note."
20260906T141944.965072498Z-openclaw-sweatlasqa-pilot30-amem-task-sglang,task-6905333b74f22949d97ba9d9,25,2,1,ebf74e78-d7e0-4700-bc62-5fe74607f4ec,75.84449,match,"paperless-ngx uses django-q (not Celery) as its task queue. The Q cluster is managed via `manage.py qcluster` command (run as the ""scheduler"" service in supervisord). Background jobs are triggered via `django_q.tasks.async_task()`. The broker is Redis (configured via PAPERLESS_REDIS env var). The we",paperless-ngx/paperless-ngx,2026-09-06T22:44:07.598Z,"I'm trying to understand how paperless-ngx actually handles background processing when it ingests documents. I want to see what happens at runtime, not just read the config files.

Can you help me make sense of how async work behaves in a live setup? I’m interested in what services are involved behind the scenes, how background jobs appear once they are created, and how the system tells the difference between work that is waiting and work that is actively being processed. I also want to understand where the task state ends up being stored and how you can tell, after the fact, what happened to a given job.

From the code perspective, I want to connect that runtime behavior back to its origin. Where are these background jobs actually triggered, and what part of the code is responsible for sending them into the queue? Don’t modify any repository source files. If you need to create temporary scripts or artifacts to observe behavior, that’s fine, but clean them up afterward and leave the codebase unchanged.",degraded,-0.2,True,high,"The agent's final answer explicitly states that Paperless-ngx uses django-q (not Celery) and mentions the qcluster process, which are specific facts contained in the retrieved note, indicating the note directly informed the architectural overview of the response."
20260906T141944.965072498Z-openclaw-sweatlasqa-pilot30-amem-task-sglang,task-6905333b74f22949d97ba9d9,25,2,2,e5984eee-cb3d-43e1-845f-449f8467855b,68.88032,match,"paperless-ngx background processing flow: 1) Files arrive in CONSUMPTION_DIR via copy/drop or API upload or email attachments. 2) document_consumer.py watches the dir (via inotify or polling) and calls async_task(""documents.tasks.consume_file"", ...) to enqueue work. 3) The qcluster scheduler picks u",paperless-ngx/paperless-ngx,2026-09-06T22:44:14.952Z,"I'm trying to understand how paperless-ngx actually handles background processing when it ingests documents. I want to see what happens at runtime, not just read the config files.

Can you help me make sense of how async work behaves in a live setup? I’m interested in what services are involved behind the scenes, how background jobs appear once they are created, and how the system tells the difference between work that is waiting and work that is actively being processed. I also want to understand where the task state ends up being stored and how you can tell, after the fact, what happened to a given job.

From the code perspective, I want to connect that runtime behavior back to its origin. Where are these background jobs actually triggered, and what part of the code is responsible for sending them into the queue? Don’t modify any repository source files. If you need to create temporary scripts or artifacts to observe behavior, that’s fine, but clean them up afterward and leave the codebase unchanged.",degraded,-0.2,True,high,"The agent's final answer explicitly details the specific components mentioned in the note (document_consumer.py, django-q, consume_file task) and expands on the flow described in the note to answer the user's question about runtime behavior and code origins."
20260906T141944.965072498Z-openclaw-sweatlasqa-pilot30-amem-task-sglang,task-6905333b74f22949d97ba9dd,28,2,1,b4e645bd-3e9a-4280-b779-9c20ddb94d10,78.31097,match,Paperless-NGX ingestion pipeline trace: 1) File drops in consumption directory → 2) document_consumer management command uses watchdog/inotify or polling to detect file → 3) Handler.on_created/on_moved fires _consume_wait_unmodified() to wait for file to be stable → 4) _consume() validates extension,paperless-ngx/paperless-ngx,2026-09-06T23:22:52.921Z,"I need to understand how Paperless-NGX processes a document from ingestion through indexing before I start working with the codebase. Set up the full environment and get all services running normally. Drop a small test file into the consumption directory and follow what happens. What log messages appear when the system first detects the file, what ingestion task gets triggered, and what additional tasks show up as the document moves through parsing, classification, and indexing? While the task is queued, check what the message broker is storing. What payload format or data structure represents the queued task? After processing completes, query the database to see where the document record is stored, which fields capture the parsed metadata, and where the system keeps a record of task execution or processing history.
Then trace the high-level codepath behind this workflow based on the behavior you observe. Starting from the part of the system that detects the new file, follow the chain of components involved in creating and submitting the ingestion task. Which part of the application is responsible for creating that task object, and what queuing framework does Paperless-NGX rely on to dispatch it? You may use temporary helper scripts or test files if needed, but don’t modify the actual source code, and clean up any temporary artifacts when you’re done.",degraded,-0.0999999999999999,True,high,"The agent's final answer explicitly incorporates specific details from the retrieved note, such as the `document_consumer` management command, the use of `watchdog/inotify`, and the `_consume_wait_unmodified()` step for file stability, which directly mirror the trace provided in the note."
20260906T141944.965072498Z-openclaw-sweatlasqa-pilot30-amem-task-sglang,task-6905333b74f22949d97ba9dd,28,2,2,a572b29d-6614-4780-94e4-d45317cab286,67.26135,match,"Paperless-NGX codebase structure: main app is in /app/src/ with a Django project. Key apps: documents (core), paperless_mail, paperless_tesseract, paperless_text, paperless_tika. The documents app contains consumer.py (file ingestion), tasks.py (task queue), classifiers.py, parsers.py, models.py, an",paperless-ngx/paperless-ngx,2026-09-06T23:16:43.525Z,"I need to understand how Paperless-NGX processes a document from ingestion through indexing before I start working with the codebase. Set up the full environment and get all services running normally. Drop a small test file into the consumption directory and follow what happens. What log messages appear when the system first detects the file, what ingestion task gets triggered, and what additional tasks show up as the document moves through parsing, classification, and indexing? While the task is queued, check what the message broker is storing. What payload format or data structure represents the queued task? After processing completes, query the database to see where the document record is stored, which fields capture the parsed metadata, and where the system keeps a record of task execution or processing history.
Then trace the high-level codepath behind this workflow based on the behavior you observe. Starting from the part of the system that detects the new file, follow the chain of components involved in creating and submitting the ingestion task. Which part of the application is responsible for creating that task object, and what queuing framework does Paperless-NGX rely on to dispatch it? You may use temporary helper scripts or test files if needed, but don’t modify the actual source code, and clean up any temporary artifacts when you’re done.",degraded,-0.0999999999999999,False,high,"The agent's final answer and reasoning do not reference the specific file paths (e.g., consumer.py, tasks.py) or app names (paperless_tesseract, paperless_tika) provided in the retrieved note, instead relying on general knowledge of the Paperless-NGX architecture to describe the workflow."
20260906T141944.965072498Z-openclaw-sweatlasqa-pilot30-amem-task-sglang,task-6905333b74f22949d97ba9de,29,2,1,3b6cf877-1b08-482c-bfc6-737b79c337f0,65.40595,match,"Paperless memory spike analysis: Key findings about memory usage patterns during document import:

1. DocumentSerializer has depth=1 (serialisers.py:221) - causes Django REST Framework to eagerly load ALL related objects (correspondent, tags, document_type) into nested dictionaries. The Document mod",paperless-ngx/paperless-ngx,2026-09-06T23:35:17.901Z,"I'm investigating a strange memory usage pattern in the Paperless document processing system. When the system imports documents, it sometimes consumes far more memory than expected for the metadata handling, but this doesn't happen consistently and seems to vary based on the document source or processing stage.

What I'm seeing is that memory usage spikes significantly during document import operations, particularly when metadata is being processed, but the spike seems disproportionate to the actual document size. The odd part is that this memory doesn't always get released back to the system in a timely manner, even after processing is complete. This seems unusual because these are mostly text documents with relatively small metadata - we're not dealing with massive image processing here.

Can you figure out what's causing these memory spikes? I'm curious whether there's something in the metadata handling that's creating unnecessary copies or holding references longer than needed, or if there's caching behavior that's accumulating data unexpectedly. What's different between the cases where memory spikes and cases where it doesn't? How does the behavior change with different document types or batch sizes?

I need to see actual runtime memory measurements during processing, understand which components or methods are responsible for holding onto memory, and get evidence showing whether this is normal Python garbage collection behavior or something problematic. Show me what patterns you can find and where the memory is actually going.

Don't modify any repository source files. You can create temporary test scripts or helper tools to reproduce and analyze the behavior, but clean them up and leave the codebase unchanged when done.",improved,0.1111111111111111,False,high,"The agent's final answer attributes the memory spike to `Document.content` being loaded through multiple code paths, whereas the retrieved note explicitly identified `DocumentSerializer` with `depth=1` as the cause for loading related objects; the agent did not mention the serializer, depth parameter, or the specific file path `serialisers.py:221` found in the note."
20260906T141944.965072498Z-openclaw-sweatlasqa-pilot30-amem-task-sglang,task-6905333b74f22949d97ba9de,29,2,2,7eb3c4dd-a4c4-4ab3-9949-0f53260f70f1,61.212564,match,"Memory spike root causes confirmed through code analysis:

PRIMARY: The Document.content TextField contains full extracted document text (can be hundreds of KB to MB for OCR'd PDFs). During document import, this text exists simultaneously as:
- Local variable in Consumer.try_consume_file()
- DB-stor",paperless-ngx/paperless-ngx,2026-09-06T23:39:17.268Z,"I'm investigating a strange memory usage pattern in the Paperless document processing system. When the system imports documents, it sometimes consumes far more memory than expected for the metadata handling, but this doesn't happen consistently and seems to vary based on the document source or processing stage.

What I'm seeing is that memory usage spikes significantly during document import operations, particularly when metadata is being processed, but the spike seems disproportionate to the actual document size. The odd part is that this memory doesn't always get released back to the system in a timely manner, even after processing is complete. This seems unusual because these are mostly text documents with relatively small metadata - we're not dealing with massive image processing here.

Can you figure out what's causing these memory spikes? I'm curious whether there's something in the metadata handling that's creating unnecessary copies or holding references longer than needed, or if there's caching behavior that's accumulating data unexpectedly. What's different between the cases where memory spikes and cases where it doesn't? How does the behavior change with different document types or batch sizes?

I need to see actual runtime memory measurements during processing, understand which components or methods are responsible for holding onto memory, and get evidence showing whether this is normal Python garbage collection behavior or something problematic. Show me what patterns you can find and where the memory is actually going.

Don't modify any repository source files. You can create temporary test scripts or helper tools to reproduce and analyze the behavior, but clean them up and leave the codebase unchanged when done.",improved,0.1111111111111111,True,high,"The agent's final answer explicitly identifies the `Document.content` TextField as the root cause and details how the full extracted text is retained through multiple code paths, directly mirroring the specific technical explanation provided in the retrieved note."
20260907T013422.077067776Z-openclaw-sweatlasqa-pilot30-shuffle1-amem-repo-sglang,task-6905333b74f22949d97ba9ac,1,2,1,466f88e2-fec9-4d5f-a531-7c2726d2c53c,65.716946,match,"SimpleLogin email forward flow: email_handler.handle() routes to handle_forward() for alias recipients. When alias exists, forward_email_to_mailbox() creates EmailLog with original Message-ID, generates reply_email (reverse-alias) via Contact.new_addr() which formats as ""name - email at domain <repl",simple-login/app,2026-09-07T02:20:06.604Z,"I'm investigating a production issue where users report inconsistent behavior when emails are forwarded through SimpleLogin aliases. I need to trace the actual email processing flow to understand what's happening. When the email handler processes an incoming email to an alias, I want to observe, what is the exact log message text that appears when an email is successfully forwarded versus when it fails due to a non-existent alias, what specific SL Message-ID gets generated during forwarding and how does it differ from the original Message-ID, what is the exact From header value in the forwarded email after transformation including the reply-email address format, and what database records are created during a single forward operation show me the actual record IDs and timestamps. Trace through an actual email forward operation and capture these specific runtime values. I need to see actual generated values, not what the code logic suggests should happen. Just don't modify any source files while investigating, and clean up any test containers or DB instances you spin up.",improved,0.4,True,high,"The agent's final answer explicitly references the `handle_forward()` routing and `Contact.new_addr()` formatting logic described in the note, specifically detailing the reverse-alias format and the creation of `EmailLog` and `Contact` records which aligns with the note's description of the forward flow."
20260907T013422.077067776Z-openclaw-sweatlasqa-pilot30-shuffle1-amem-repo-sglang,task-6905333b74f22949d97ba9ae,2,1,1,466f88e2-fec9-4d5f-a531-7c2726d2c53c,65.337056,match,"SimpleLogin email forward flow: email_handler.handle() routes to handle_forward() for alias recipients. When alias exists, forward_email_to_mailbox() creates EmailLog with original Message-ID, generates reply_email (reverse-alias) via Contact.new_addr() which formats as ""name - email at domain <repl",simple-login/app,2026-09-07T02:20:06.604Z,"I’d like to understand how SimpleLogin resolves inbound email replies to a contact and forwarding destination during normal alias usage, specifically in cases where a reply ends up being delivered to a different user than the alias owner. As inbound reply messages are processed, focus on how the system derives the reply email address and uses it to identify the associated contact. Observe the actual runtime values involved in this resolution, the extracted reply email, the contact (if any) that it resolves to, and the user or alias ultimately selected as the forwarding destination. Track how these values behave across multiple reply events. Note whether the same reply email ever resolves to different contacts over time, fails to resolve temporarily, or resolves correctly but later results in forwarding to a different user than expected. Use these observations to determine whether the reply-handling logic specifically the lookup of contacts by reply email exhibits any race conditions, uniqueness assumptions, or timing-related inconsistencies that could explain why a reply is routed to the wrong user. Describe the runtime values you observed during reply resolution and explain how those values lead to the observed behavior. Don’t modify any repository source files. If temporary scripts or tooling are needed to observe behavior, that’s fine, but clean them up afterward and leave the repository unchanged.",improved,0.1666666666666666,False,high,"The agent's subsequent actions are explicitly listed as '(none captured)', and the final answer is a generic confirmation of a file write operation that does not reference any specific details, code paths, or runtime values from the retrieved note about SimpleLogin's email handling flow."
20260907T013422.077067776Z-openclaw-sweatlasqa-pilot30-shuffle1-amem-repo-sglang,task-6905333b74f22949d97ba9ae,2,2,1,466f88e2-fec9-4d5f-a531-7c2726d2c53c,70.29401,match,"SimpleLogin email forward flow: email_handler.handle() routes to handle_forward() for alias recipients. When alias exists, forward_email_to_mailbox() creates EmailLog with original Message-ID, generates reply_email (reverse-alias) via Contact.new_addr() which formats as ""name - email at domain <repl",simple-login/app,2026-09-07T02:20:06.604Z,"I’d like to understand how SimpleLogin resolves inbound email replies to a contact and forwarding destination during normal alias usage, specifically in cases where a reply ends up being delivered to a different user than the alias owner. As inbound reply messages are processed, focus on how the system derives the reply email address and uses it to identify the associated contact. Observe the actual runtime values involved in this resolution, the extracted reply email, the contact (if any) that it resolves to, and the user or alias ultimately selected as the forwarding destination. Track how these values behave across multiple reply events. Note whether the same reply email ever resolves to different contacts over time, fails to resolve temporarily, or resolves correctly but later results in forwarding to a different user than expected. Use these observations to determine whether the reply-handling logic specifically the lookup of contacts by reply email exhibits any race conditions, uniqueness assumptions, or timing-related inconsistencies that could explain why a reply is routed to the wrong user. Describe the runtime values you observed during reply resolution and explain how those values lead to the observed behavior. Don’t modify any repository source files. If temporary scripts or tooling are needed to observe behavior, that’s fine, but clean them up afterward and leave the repository unchanged.",improved,0.1666666666666666,True,high,"The agent's final answer explicitly describes the resolution chain (`reply_email -> Contact.get_by -> contact.alias -> alias.user`) and mentions specific functions like `available_sl_email()` and `normalize_reply_email()` that were directly investigated in the shell commands following the retrieval of the note, confirming the note's content guided the specific code paths explored."
20260907T013422.077067776Z-openclaw-sweatlasqa-pilot30-shuffle1-amem-repo-sglang,task-6905333b74f22949d97ba9ae,2,3,1,97334410-600b-4b4e-9879-992fb7dcf72b,73.93269500000001,match,"SimpleLogin reply resolution flow: 1) handle() checks if rcpt_to is a reverse alias via is_reverse_alias() which does Contact.get_by(reply_email=rcpt_to) + domain/prefix check. 2) If reverse alias, handle_reply() is called. 3) handle_reply normalizes the reply_email via normalize_reply_email() (drop",simple-login/app,2026-09-07T02:44:42.630Z,"I’d like to understand how SimpleLogin resolves inbound email replies to a contact and forwarding destination during normal alias usage, specifically in cases where a reply ends up being delivered to a different user than the alias owner. As inbound reply messages are processed, focus on how the system derives the reply email address and uses it to identify the associated contact. Observe the actual runtime values involved in this resolution, the extracted reply email, the contact (if any) that it resolves to, and the user or alias ultimately selected as the forwarding destination. Track how these values behave across multiple reply events. Note whether the same reply email ever resolves to different contacts over time, fails to resolve temporarily, or resolves correctly but later results in forwarding to a different user than expected. Use these observations to determine whether the reply-handling logic specifically the lookup of contacts by reply email exhibits any race conditions, uniqueness assumptions, or timing-related inconsistencies that could explain why a reply is routed to the wrong user. Describe the runtime values you observed during reply resolution and explain how those values lead to the observed behavior. Don’t modify any repository source files. If temporary scripts or tooling are needed to observe behavior, that’s fine, but clean them up afterward and leave the repository unchanged.",improved,0.1666666666666666,True,high,"The agent's final answer explicitly describes the resolution chain `reply_email (rcpt_to) → Contact.get_by(reply_email=reply_email) → contact.alias → alias.user`, which directly mirrors the specific function calls and logic flow (`is_reverse_alias`, `Contact.get_by`, `handle_reply`) detailed in the retrieved note."
20260907T013422.077067776Z-openclaw-sweatlasqa-pilot30-shuffle1-amem-repo-sglang,task-6905333b74f22949d97ba9ae,2,3,2,466f88e2-fec9-4d5f-a531-7c2726d2c53c,74.96078,match,"SimpleLogin email forward flow: email_handler.handle() routes to handle_forward() for alias recipients. When alias exists, forward_email_to_mailbox() creates EmailLog with original Message-ID, generates reply_email (reverse-alias) via Contact.new_addr() which formats as ""name - email at domain <repl",simple-login/app,2026-09-07T02:20:06.604Z,"I’d like to understand how SimpleLogin resolves inbound email replies to a contact and forwarding destination during normal alias usage, specifically in cases where a reply ends up being delivered to a different user than the alias owner. As inbound reply messages are processed, focus on how the system derives the reply email address and uses it to identify the associated contact. Observe the actual runtime values involved in this resolution, the extracted reply email, the contact (if any) that it resolves to, and the user or alias ultimately selected as the forwarding destination. Track how these values behave across multiple reply events. Note whether the same reply email ever resolves to different contacts over time, fails to resolve temporarily, or resolves correctly but later results in forwarding to a different user than expected. Use these observations to determine whether the reply-handling logic specifically the lookup of contacts by reply email exhibits any race conditions, uniqueness assumptions, or timing-related inconsistencies that could explain why a reply is routed to the wrong user. Describe the runtime values you observed during reply resolution and explain how those values lead to the observed behavior. Don’t modify any repository source files. If temporary scripts or tooling are needed to observe behavior, that’s fine, but clean them up afterward and leave the repository unchanged.",improved,0.1666666666666666,True,high,"The agent's final answer explicitly references the specific function names and logic flow described in the note (e.g., `handle_forward`, `forward_email_to_mailbox`, `Contact.new_addr`, and the reverse-alias format), confirming it used the retrieved note to construct its explanation of the reply resolution mechanism."
20260907T013422.077067776Z-openclaw-sweatlasqa-pilot30-shuffle1-amem-repo-sglang,task-6905333b74f22949d97ba9ae,2,3,3,130196f2-637b-4735-b8b3-de4bd567c546,67.029464,match,"Alias transfer mechanism: transfer_alias() updates Contact.user_id, Alias.user_id, and other related tables. When an alias is transferred, the same reply_email continues to resolve to the same contact (now with new user_id). The contact lookup by reply_email always returns the same contact regardles",simple-login/app,2026-09-07T02:44:42.643Z,"I’d like to understand how SimpleLogin resolves inbound email replies to a contact and forwarding destination during normal alias usage, specifically in cases where a reply ends up being delivered to a different user than the alias owner. As inbound reply messages are processed, focus on how the system derives the reply email address and uses it to identify the associated contact. Observe the actual runtime values involved in this resolution, the extracted reply email, the contact (if any) that it resolves to, and the user or alias ultimately selected as the forwarding destination. Track how these values behave across multiple reply events. Note whether the same reply email ever resolves to different contacts over time, fails to resolve temporarily, or resolves correctly but later results in forwarding to a different user than expected. Use these observations to determine whether the reply-handling logic specifically the lookup of contacts by reply email exhibits any race conditions, uniqueness assumptions, or timing-related inconsistencies that could explain why a reply is routed to the wrong user. Describe the runtime values you observed during reply resolution and explain how those values lead to the observed behavior. Don’t modify any repository source files. If temporary scripts or tooling are needed to observe behavior, that’s fine, but clean them up afterward and leave the repository unchanged.",improved,0.1666666666666666,True,high,"The agent's final answer explicitly incorporates the note's specific claim that 'Alias transfers update both Contact.user_id and Alias.user_id atomically' and uses this to conclude that the resolution chain is stable, directly reflecting the note's assertion that 'the same reply_email continues to resolve to the same contact'."
20260907T013422.077067776Z-openclaw-sweatlasqa-pilot30-shuffle1-amem-repo-sglang,task-6905333b74f22949d97ba9ae,2,3,4,15011ff5-3ed5-4d87-a903-e2a92f2ce926,50.47577,match,"Contact creation race condition: In contact_utils.create_contact(), the function checks Contact.get_by(alias_id, website_email) then creates if not exists. The UniqueConstraint is on (alias_id, website_email). Reply_email is generated via generate_reply_email() which uses available_sl_email() for un",simple-login/app,2026-09-07T02:44:42.632Z,"I’d like to understand how SimpleLogin resolves inbound email replies to a contact and forwarding destination during normal alias usage, specifically in cases where a reply ends up being delivered to a different user than the alias owner. As inbound reply messages are processed, focus on how the system derives the reply email address and uses it to identify the associated contact. Observe the actual runtime values involved in this resolution, the extracted reply email, the contact (if any) that it resolves to, and the user or alias ultimately selected as the forwarding destination. Track how these values behave across multiple reply events. Note whether the same reply email ever resolves to different contacts over time, fails to resolve temporarily, or resolves correctly but later results in forwarding to a different user than expected. Use these observations to determine whether the reply-handling logic specifically the lookup of contacts by reply email exhibits any race conditions, uniqueness assumptions, or timing-related inconsistencies that could explain why a reply is routed to the wrong user. Describe the runtime values you observed during reply resolution and explain how those values lead to the observed behavior. Don’t modify any repository source files. If temporary scripts or tooling are needed to observe behavior, that’s fine, but clean them up afterward and leave the repository unchanged.",improved,0.1666666666666666,True,high,"The agent's final answer explicitly references the `Contact.get_by(alias_id, website_email)` logic and the `UniqueConstraint` on `(alias_id, website_email)` mentioned in the note, and uses the note's description of the race condition in `create_contact` to explain the lack of DB uniqueness constraints on `reply_email` and the TOCTOU gap."
20260907T013422.077067776Z-openclaw-sweatlasqa-pilot30-shuffle1-amem-repo-sglang,task-6905333b74f22949d97ba9af,3,1,1,15011ff5-3ed5-4d87-a903-e2a92f2ce926,37.33856,match,"Contact creation race condition: In contact_utils.create_contact(), the function checks Contact.get_by(alias_id, website_email) then creates if not exists. The UniqueConstraint is on (alias_id, website_email). Reply_email is generated via generate_reply_email() which uses available_sl_email() for un",simple-login/app,2026-09-07T02:44:42.632Z,"I'm trying to get the development environment running locally for the first time, and the documentation isn't very clear about the startup order or what breaks if certain setup steps are skipped. I want to bring the whole stack up from scratch and note what actually happens along the way.

To start with, I want to see what happens if the database isn't fully set up yet. With PostgreSQL running and an empty database created (no tables, migrations not run), what error do I actually hit when I start the server with python [server.py](http://server.py) and then try to open the login page in the browser? I'm looking for the full Python exception that gets raised.

Once the database migrations and the initialization script (init\_[app.py](http://app.py)) have been run and everything is set up correctly, I need to understand which Python services must be running for the system to work. Start each required service and show me the exact log output that confirms it's running and ready to accept connections. I want to see the actual startup messages from stdout/stderr, not just what the code says I need to verify the services are actually binding to their ports and working.

I'm also curious about what happens if the initialization step is skipped. If I run the migrations but don't run init\_[app.py](http://app.py), the SLDomain table should be empty (no email domains configured). If I then start the email handler and simulate an incoming email addressed to any @sl.local address, what happens? What SMTP status code does the email handler return to the sender, and what does it log to explain the rejection?

I'm not changing or deleting any source files here I just want to observe the system's behavior. Temporary config files or small test scripts are fine if needed.",tied,0.0,False,high,"The retrieved note discusses a contact creation race condition involving `Contact.get_by` and `UniqueConstraint`, which is topically unrelated to the user's questions about database initialization errors, service startup logs, and SLDomain email rejection codes; the agent's subsequent actions focused entirely on reading server, model, and email handler files to answer those specific questions, never referencing the contact creation logic."
20260907T013422.077067776Z-openclaw-sweatlasqa-pilot30-shuffle1-amem-repo-sglang,task-6905333b74f22949d97ba9af,3,1,2,97334410-600b-4b4e-9879-992fb7dcf72b,34.990728,match,"SimpleLogin reply resolution flow: 1) handle() checks if rcpt_to is a reverse alias via is_reverse_alias() which does Contact.get_by(reply_email=rcpt_to) + domain/prefix check. 2) If reverse alias, handle_reply() is called. 3) handle_reply normalizes the reply_email via normalize_reply_email() (drop",simple-login/app,2026-09-07T02:44:42.630Z,"I'm trying to get the development environment running locally for the first time, and the documentation isn't very clear about the startup order or what breaks if certain setup steps are skipped. I want to bring the whole stack up from scratch and note what actually happens along the way.

To start with, I want to see what happens if the database isn't fully set up yet. With PostgreSQL running and an empty database created (no tables, migrations not run), what error do I actually hit when I start the server with python [server.py](http://server.py) and then try to open the login page in the browser? I'm looking for the full Python exception that gets raised.

Once the database migrations and the initialization script (init\_[app.py](http://app.py)) have been run and everything is set up correctly, I need to understand which Python services must be running for the system to work. Start each required service and show me the exact log output that confirms it's running and ready to accept connections. I want to see the actual startup messages from stdout/stderr, not just what the code says I need to verify the services are actually binding to their ports and working.

I'm also curious about what happens if the initialization step is skipped. If I run the migrations but don't run init\_[app.py](http://app.py), the SLDomain table should be empty (no email domains configured). If I then start the email handler and simulate an incoming email addressed to any @sl.local address, what happens? What SMTP status code does the email handler return to the sender, and what does it log to explain the rejection?

I'm not changing or deleting any source files here I just want to observe the system's behavior. Temporary config files or small test scripts are fine if needed.",tied,0.0,False,high,"The agent's subsequent actions consist entirely of file exploration and code inspection (grep, cat, sed) to understand the codebase structure, and the final answer is a summary of findings that does not quote or apply the specific 'reply resolution flow' details from the retrieved note, which was only tangentially related to the email handler topic."
20260907T013422.077067776Z-openclaw-sweatlasqa-pilot30-shuffle1-amem-repo-sglang,task-6905333b74f22949d97ba9af,3,1,3,130196f2-637b-4735-b8b3-de4bd567c546,33.860856,match,"Alias transfer mechanism: transfer_alias() updates Contact.user_id, Alias.user_id, and other related tables. When an alias is transferred, the same reply_email continues to resolve to the same contact (now with new user_id). The contact lookup by reply_email always returns the same contact regardles",simple-login/app,2026-09-07T02:44:42.643Z,"I'm trying to get the development environment running locally for the first time, and the documentation isn't very clear about the startup order or what breaks if certain setup steps are skipped. I want to bring the whole stack up from scratch and note what actually happens along the way.

To start with, I want to see what happens if the database isn't fully set up yet. With PostgreSQL running and an empty database created (no tables, migrations not run), what error do I actually hit when I start the server with python [server.py](http://server.py) and then try to open the login page in the browser? I'm looking for the full Python exception that gets raised.

Once the database migrations and the initialization script (init\_[app.py](http://app.py)) have been run and everything is set up correctly, I need to understand which Python services must be running for the system to work. Start each required service and show me the exact log output that confirms it's running and ready to accept connections. I want to see the actual startup messages from stdout/stderr, not just what the code says I need to verify the services are actually binding to their ports and working.

I'm also curious about what happens if the initialization step is skipped. If I run the migrations but don't run init\_[app.py](http://app.py), the SLDomain table should be empty (no email domains configured). If I then start the email handler and simulate an incoming email addressed to any @sl.local address, what happens? What SMTP status code does the email handler return to the sender, and what does it log to explain the rejection?

I'm not changing or deleting any source files here I just want to observe the system's behavior. Temporary config files or small test scripts are fine if needed.",tied,0.0,False,high,"The retrieved note discusses an 'Alias transfer mechanism' and `transfer_alias()`, which is completely unrelated to the user's questions about database startup errors, service startup logs, or SLDomain email rejection logic; the agent's subsequent actions focused on reading `server.py`, `email_handler.py`, and `models.py` to answer the specific questions, ignoring the content of the retrieved note."
20260907T013422.077067776Z-openclaw-sweatlasqa-pilot30-shuffle1-amem-repo-sglang,task-6905333b74f22949d97ba9af,3,1,4,466f88e2-fec9-4d5f-a531-7c2726d2c53c,36.93024,match,"SimpleLogin email forward flow: email_handler.handle() routes to handle_forward() for alias recipients. When alias exists, forward_email_to_mailbox() creates EmailLog with original Message-ID, generates reply_email (reverse-alias) via Contact.new_addr() which formats as ""name - email at domain <repl",simple-login/app,2026-09-07T02:20:06.604Z,"I'm trying to get the development environment running locally for the first time, and the documentation isn't very clear about the startup order or what breaks if certain setup steps are skipped. I want to bring the whole stack up from scratch and note what actually happens along the way.

To start with, I want to see what happens if the database isn't fully set up yet. With PostgreSQL running and an empty database created (no tables, migrations not run), what error do I actually hit when I start the server with python [server.py](http://server.py) and then try to open the login page in the browser? I'm looking for the full Python exception that gets raised.

Once the database migrations and the initialization script (init\_[app.py](http://app.py)) have been run and everything is set up correctly, I need to understand which Python services must be running for the system to work. Start each required service and show me the exact log output that confirms it's running and ready to accept connections. I want to see the actual startup messages from stdout/stderr, not just what the code says I need to verify the services are actually binding to their ports and working.

I'm also curious about what happens if the initialization step is skipped. If I run the migrations but don't run init\_[app.py](http://app.py), the SLDomain table should be empty (no email domains configured). If I then start the email handler and simulate an incoming email addressed to any @sl.local address, what happens? What SMTP status code does the email handler return to the sender, and what does it log to explain the rejection?

I'm not changing or deleting any source files here I just want to observe the system's behavior. Temporary config files or small test scripts are fine if needed.",tied,0.0,False,high,"The agent's subsequent actions consist entirely of file exploration and code inspection (grep, cat, sed) to understand the codebase structure, and the final answer is a summary of findings that does not quote or rely on the specific 'SimpleLogin email forward flow' details from the retrieved note, but rather on the agent's own code analysis."
20260907T013422.077067776Z-openclaw-sweatlasqa-pilot30-shuffle1-amem-repo-sglang,task-6905333b74f22949d97ba9d3,16,2,1,93a1f8a5-d4d2-425a-bdab-d2938970d3da,50.57175,match,"Paperless-ngx document ingestion pipeline (detailed):

1. Consumer watches CONSUMPTION_DIR via inotify/polling. When a file appears, it calls tasks.consume_file() via django-q async_task.

2. consume_file() in tasks.py: scans for barcode page separators (if enabled), splits if found, otherwise calls",paperless-ngx/paperless-ngx,2026-09-07T10:05:30.867Z,"I am trying to understand how paperless-ngx processes documents at runtime before making any changes. Once the application is up and all of its services are running, I want to submit a test PDF and observe how the ingestion pipeline actually behaves. As the document moves through the system, which services are involved, and what sequence of events shows up in the logs? I also want to upload a few more documents and watch how the system reacts after each one. Does the machine learning classifier retrain automatically on every upload, or only under certain conditions, and what log messages make it clear when training is happening versus when the classifier stays idle? After a document finishes processing, I want to see where it ends up on disk, what directory structure and filename pattern paperless-ngx uses by default, and which database tables receive new rows as part of ingestion. You should not modify or edit any existing files in the repository, but you can create temporary scripts or test documents if they help with the investigation, as long as everything you create is cleaned up when you are done.",improved,0.2727272727272727,True,high,"The agent's final answer explicitly details the ingestion pipeline steps (consumer watching dir, async task, barcode splitting) and the specific classifier retraining logic (hourly schedule, early exit conditions) which are the core facts contained in the retrieved note."
20260907T013422.077067776Z-openclaw-sweatlasqa-pilot30-shuffle1-amem-repo-sglang,task-6905333b74f22949d97ba9d3,16,2,2,6514d228-adde-4b4e-a384-c15f303f703e,49.422443,match,"paperless-ngx project structure: src/documents/ (core document model, signals, management commands, migrations), src/paperless/ (main Django app), src/paperless_tesseract/ (OCR via tesseract), src/paperless_text/ (text extraction), src/paperless_tika/ (Tika-based extraction), src/paperless_mail/ (em",paperless-ngx/paperless-ngx,2026-09-07T09:59:08.470Z,"I am trying to understand how paperless-ngx processes documents at runtime before making any changes. Once the application is up and all of its services are running, I want to submit a test PDF and observe how the ingestion pipeline actually behaves. As the document moves through the system, which services are involved, and what sequence of events shows up in the logs? I also want to upload a few more documents and watch how the system reacts after each one. Does the machine learning classifier retrain automatically on every upload, or only under certain conditions, and what log messages make it clear when training is happening versus when the classifier stays idle? After a document finishes processing, I want to see where it ends up on disk, what directory structure and filename pattern paperless-ngx uses by default, and which database tables receive new rows as part of ingestion. You should not modify or edit any existing files in the repository, but you can create temporary scripts or test documents if they help with the investigation, as long as everything you create is cleaned up when you are done.",improved,0.2727272727272727,False,high,"The retrieved note only provided a high-level directory structure of the project, whereas the agent's final answer and subsequent shell commands relied on specific details found in migration files (e.g., `1001_auto_20201109_1636.py`) and source code logic that were not present in the retrieved note."
20260907T013422.077067776Z-openclaw-sweatlasqa-pilot30-shuffle1-amem-repo-sglang,task-6905333b74f22949d97ba9d7,19,1,1,6514d228-adde-4b4e-a384-c15f303f703e,50.52881,match,"paperless-ngx project structure: src/documents/ (core document model, signals, management commands, migrations), src/paperless/ (main Django app), src/paperless_tesseract/ (OCR via tesseract), src/paperless_text/ (text extraction), src/paperless_tika/ (Tika-based extraction), src/paperless_mail/ (em",paperless-ngx/paperless-ngx,2026-09-07T09:59:08.470Z,"I'm planning to integrate some external tools with the paperless API and need to understand how authentication works first. Get paperless running locally, create a test user, and generate an API token for them. Make an authenticated request to list documents. What's the exact HTTP header name and format paperless expects for the token, and what's the complete endpoint path? What does the JSON response look like, specifically what are the top level fields, and is pagination involved or does it dump everything at once? Try that same request without auth and tell me what status code and error message you get. Then trace through the Django code to find which authentication class handles token authentication and what model stores the tokens. Don't modify the codebase, creating test users, tokens, and any temporary files you need is fine, but leave the source code untouched and clean up any additional files or changes when you're done.",improved,0.0769230769230769,False,high,"The agent's subsequent actions (exploring file structures, reading settings, inspecting DRF source code) and final answer were derived from direct code inspection and standard Django REST Framework documentation, with no specific facts, paths, or claims from the retrieved note (which merely listed project directory names) appearing in or driving the agent's reasoning or output."
20260907T013422.077067776Z-openclaw-sweatlasqa-pilot30-shuffle1-amem-repo-sglang,task-6905333b74f22949d97ba9d7,19,1,2,93a1f8a5-d4d2-425a-bdab-d2938970d3da,48.895788,match,"Paperless-NGX ingestion architecture: File detection via two mechanisms in document_consumer.py management command - (1) inotify recursive (CONSUMER_POLLING=0 with inotifyrecursive installed) for real-time CLOSE_WRITE/MOVED_TO events, (2) PollingObserver with configurable interval (CONSUMER_POLLING>",paperless-ngx/paperless-ngx,2026-09-07T10:05:30.867Z,"I'm planning to integrate some external tools with the paperless API and need to understand how authentication works first. Get paperless running locally, create a test user, and generate an API token for them. Make an authenticated request to list documents. What's the exact HTTP header name and format paperless expects for the token, and what's the complete endpoint path? What does the JSON response look like, specifically what are the top level fields, and is pagination involved or does it dump everything at once? Try that same request without auth and tell me what status code and error message you get. Then trace through the Django code to find which authentication class handles token authentication and what model stores the tokens. Don't modify the codebase, creating test users, tokens, and any temporary files you need is fine, but leave the source code untouched and clean up any additional files or changes when you're done.",improved,0.0769230769230769,False,high,"The retrieved note discusses file ingestion architecture (inotify, polling), which is completely unrelated to the agent's subsequent actions of exploring authentication code, settings, and DRF token models, nor does it appear in the final answer."
20260907T013422.077067776Z-openclaw-sweatlasqa-pilot30-shuffle1-amem-repo-sglang,task-6905333b74f22949d97ba9d7,19,1,3,bce7aac9-797b-4958-b6a1-d05c8c5b8333,32.432356,match,"ROOT CAUSE of document list pagination instability: The Document model has Meta.ordering = ('-created',) which serves as default sort. When OrderigFilter is used (via ?ordering= param from UI), it REPLACES the model's default ordering with only the requested field. No secondary sort key (like ID) is",paperless-ngx/paperless-ngx,2026-09-07T10:23:16.792Z,"I'm planning to integrate some external tools with the paperless API and need to understand how authentication works first. Get paperless running locally, create a test user, and generate an API token for them. Make an authenticated request to list documents. What's the exact HTTP header name and format paperless expects for the token, and what's the complete endpoint path? What does the JSON response look like, specifically what are the top level fields, and is pagination involved or does it dump everything at once? Try that same request without auth and tell me what status code and error message you get. Then trace through the Django code to find which authentication class handles token authentication and what model stores the tokens. Don't modify the codebase, creating test users, tokens, and any temporary files you need is fine, but leave the source code untouched and clean up any additional files or changes when you're done.",improved,0.0769230769230769,False,high,"The retrieved note discusses document list pagination instability and ordering logic, but the agent's final answer and subsequent actions focus entirely on authentication mechanisms (headers, tokens, auth classes) and do not reference or utilize any information from the note regarding ordering or pagination instability."
20260907T013422.077067776Z-openclaw-sweatlasqa-pilot30-shuffle1-amem-repo-sglang,task-6905333b74f22949d97ba9dd,18,1,1,93a1f8a5-d4d2-425a-bdab-d2938970d3da,73.457396,match,"Paperless-ngx document ingestion pipeline (detailed):

1. Consumer watches CONSUMPTION_DIR via inotify/polling. When a file appears, it calls tasks.consume_file() via django-q async_task.

2. consume_file() in tasks.py: scans for barcode page separators (if enabled), splits if found, otherwise calls",paperless-ngx/paperless-ngx,2026-09-07T10:05:30.867Z,"I need to understand how Paperless-NGX processes a document from ingestion through indexing before I start working with the codebase. Set up the full environment and get all services running normally. Drop a small test file into the consumption directory and follow what happens. What log messages appear when the system first detects the file, what ingestion task gets triggered, and what additional tasks show up as the document moves through parsing, classification, and indexing? While the task is queued, check what the message broker is storing. What payload format or data structure represents the queued task? After processing completes, query the database to see where the document record is stored, which fields capture the parsed metadata, and where the system keeps a record of task execution or processing history.
Then trace the high-level codepath behind this workflow based on the behavior you observe. Starting from the part of the system that detects the new file, follow the chain of components involved in creating and submitting the ingestion task. Which part of the application is responsible for creating that task object, and what queuing framework does Paperless-NGX rely on to dispatch it? You may use temporary helper scripts or test files if needed, but don’t modify the actual source code, and clean up any temporary artifacts when you’re done.",,,True,high,"The agent's final answer explicitly details the ingestion pipeline steps (file detection via inotify, task queuing via django-q async_task, and the specific function consume_file) which directly mirror the specific technical claims and component names provided in the retrieved note."
20260907T013422.077067776Z-openclaw-sweatlasqa-pilot30-shuffle1-amem-repo-sglang,task-6905333b74f22949d97ba9dd,18,1,2,6514d228-adde-4b4e-a384-c15f303f703e,64.676976,match,"paperless-ngx project structure: src/documents/ (core document model, signals, management commands, migrations), src/paperless/ (main Django app), src/paperless_tesseract/ (OCR via tesseract), src/paperless_text/ (text extraction), src/paperless_tika/ (Tika-based extraction), src/paperless_mail/ (em",paperless-ngx/paperless-ngx,2026-09-07T09:59:08.470Z,"I need to understand how Paperless-NGX processes a document from ingestion through indexing before I start working with the codebase. Set up the full environment and get all services running normally. Drop a small test file into the consumption directory and follow what happens. What log messages appear when the system first detects the file, what ingestion task gets triggered, and what additional tasks show up as the document moves through parsing, classification, and indexing? While the task is queued, check what the message broker is storing. What payload format or data structure represents the queued task? After processing completes, query the database to see where the document record is stored, which fields capture the parsed metadata, and where the system keeps a record of task execution or processing history.
Then trace the high-level codepath behind this workflow based on the behavior you observe. Starting from the part of the system that detects the new file, follow the chain of components involved in creating and submitting the ingestion task. Which part of the application is responsible for creating that task object, and what queuing framework does Paperless-NGX rely on to dispatch it? You may use temporary helper scripts or test files if needed, but don’t modify the actual source code, and clean up any temporary artifacts when you’re done.",,,True,high,"The agent's subsequent shell commands directly target the specific directories and files mentioned in the note (e.g., `src/documents/`, `src/paperless/`, `src/paperless_tesseract/`, `src/paperless_text/`, `src/paperless_tika/`), and the final answer synthesizes information from these exact components to describe the workflow."
20260907T013422.077067776Z-openclaw-sweatlasqa-pilot30-shuffle1-amem-repo-sglang,task-6905333b74f22949d97ba9dd,18,1,3,bce7aac9-797b-4958-b6a1-d05c8c5b8333,40.66383,match,"ROOT CAUSE of document list pagination instability: The Document model has Meta.ordering = ('-created',) which serves as default sort. When OrderigFilter is used (via ?ordering= param from UI), it REPLACES the model's default ordering with only the requested field. No secondary sort key (like ID) is",paperless-ngx/paperless-ngx,2026-09-07T10:23:16.792Z,"I need to understand how Paperless-NGX processes a document from ingestion through indexing before I start working with the codebase. Set up the full environment and get all services running normally. Drop a small test file into the consumption directory and follow what happens. What log messages appear when the system first detects the file, what ingestion task gets triggered, and what additional tasks show up as the document moves through parsing, classification, and indexing? While the task is queued, check what the message broker is storing. What payload format or data structure represents the queued task? After processing completes, query the database to see where the document record is stored, which fields capture the parsed metadata, and where the system keeps a record of task execution or processing history.
Then trace the high-level codepath behind this workflow based on the behavior you observe. Starting from the part of the system that detects the new file, follow the chain of components involved in creating and submitting the ingestion task. Which part of the application is responsible for creating that task object, and what queuing framework does Paperless-NGX rely on to dispatch it? You may use temporary helper scripts or test files if needed, but don’t modify the actual source code, and clean up any temporary artifacts when you’re done.",,,False,high,"The retrieved note discusses a specific bug regarding document list pagination and ordering filters, which is completely unrelated to the document ingestion workflow, task queuing, or file detection mechanisms that the agent investigated and described in its final answer."
20260907T013422.077067776Z-openclaw-sweatlasqa-pilot30-shuffle1-amem-repo-sglang,task-6905333b74f22949d97ba9e0,17,1,1,6514d228-adde-4b4e-a384-c15f303f703e,40.452245,match,"paperless-ngx project structure: src/documents/ (core document model, signals, management commands, migrations), src/paperless/ (main Django app), src/paperless_tesseract/ (OCR via tesseract), src/paperless_text/ (text extraction), src/paperless_tika/ (Tika-based extraction), src/paperless_mail/ (em",paperless-ngx/paperless-ngx,2026-09-07T09:59:08.470Z,"I am trying to figure out why the documents list can feel haunted during normal browsing, where paging through the documents view with a couple of common filters enabled can make the same document show up twice across neighboring pages or disappear for a page and then come back even though nobody is editing anything and the sort order looks unchanged. It gets stranger when the viewer is not an all powerful admin and visibility is shaped by sharing rules, because the glitch seems to depend on what the user is allowed to see rather than what exists. Is the backend producing duplicates that get collapsed somewhere later, is pagination happening before any de duplication, or is the ordering quietly unstable when multiple rows tie on the primary sort key? I want to watch what the API actually returns across consecutive page requests, and line that up with what the UI thinks pagination means until the exact condition that destabilizes the list becomes clear. Temporary scripts may be used for observation, but the repository itself should remain unchanged and anything temporary should be cleaned up afterward.",degraded,-0.25,False,high,"The retrieved note only provided a high-level directory structure of the project, whereas the agent's subsequent actions and final answer relied on specific file contents (e.g., `documents/models.py`, `documents/views.py`) and code analysis to identify the root cause (unstable SQL ordering), with no reference to the structural paths mentioned in the note."
20260907T013422.077067776Z-openclaw-sweatlasqa-pilot30-shuffle1-amem-repo-sglang,task-6905333b74f22949d97ba9e0,17,1,2,93a1f8a5-d4d2-425a-bdab-d2938970d3da,49.996245,match,"Paperless-ngx document ingestion pipeline (detailed):

1. Consumer watches CONSUMPTION_DIR via inotify/polling. When a file appears, it calls tasks.consume_file() via django-q async_task.

2. consume_file() in tasks.py: scans for barcode page separators (if enabled), splits if found, otherwise calls",paperless-ngx/paperless-ngx,2026-09-07T10:05:30.867Z,"I am trying to figure out why the documents list can feel haunted during normal browsing, where paging through the documents view with a couple of common filters enabled can make the same document show up twice across neighboring pages or disappear for a page and then come back even though nobody is editing anything and the sort order looks unchanged. It gets stranger when the viewer is not an all powerful admin and visibility is shaped by sharing rules, because the glitch seems to depend on what the user is allowed to see rather than what exists. Is the backend producing duplicates that get collapsed somewhere later, is pagination happening before any de duplication, or is the ordering quietly unstable when multiple rows tie on the primary sort key? I want to watch what the API actually returns across consecutive page requests, and line that up with what the UI thinks pagination means until the exact condition that destabilizes the list becomes clear. Temporary scripts may be used for observation, but the repository itself should remain unchanged and anything temporary should be cleaned up afterward.",degraded,-0.25,False,high,"The retrieved note describes the document ingestion pipeline (consumer, tasks.consume_file), but the agent's subsequent actions and final answer focus entirely on API pagination, viewsets, ordering filters, and SQL stability, with no reference to ingestion, consumers, or the pipeline logic described in the note."
20260907T013422.077076453Z-openclaw-sweatlasqa-pilot30-shuffle1-amem-task-sglang,task-6905333b74f22949d97ba9a4,12,2,1,5c4bed0d-c5ef-40a8-a284-6bca2b9ae910,69.394743,match,"SimpleLogin background jobs: 1) cron.py - scheduled jobs via crontab.yml (stats daily, delete monitoring, check custom domains, HIBP checks, notification reminders, cleanup tokens, audit logs) - runs via yacron scheduler. 2) job_runner.py - polls Job table every 10s for onboarding emails, batch impo",simple-login/app,2026-09-07T06:12:14.764Z,"I'm trying to understand what actually happens when SimpleLogin is started locally in development environment. I'm wondering how the backend starts up in dev mode, how configuration is loaded, which log messages indicate that it's ready to accept requests, and what ports or endpoints it exposes. 

I’m interested in how a single authenticated request is handled by the app, where the request first enters the application, how the user identity is determined at runtime, and how that authentication context is carried through request handling. The entry point and user identification flow are my main concerns here. I also want to know whether the app automatically starts any background jobs or schedulers, or if there’s anything going on besides handling incoming requests.

I'm not looking for what the code says should happen, I want to know what actually gets printed when you run it. Please don’t modify any repository source files while investigating. Temporary scripts are fine if needed, but leave the codebase unchanged and clean up anything you create when you’re done.",degraded,-0.0999999999999999,True,high,"The agent's final answer explicitly details the background jobs (cron.py, job_runner.py, yacron scheduler, polling interval) which are the specific facts contained in the retrieved note, indicating the note was used to construct that section of the response."
20260907T013422.077076453Z-openclaw-sweatlasqa-pilot30-shuffle1-amem-task-sglang,task-6905333b74f22949d97ba9a4,12,2,2,b5967d3d-57fd-4ec2-8cdd-95f9422d5bcb,64.568883,match,"SimpleLogin request flow: Flask app entry point is server.py local_main() (dev) or wsgi:app (prod). Requests enter via Flask routing with blueprints: /auth (login/logout), /dashboard (web UI), /api (REST API), /internal (integrations), /oauth /oauth2 (OAuth2/OpenID). The / route redirects authentica",simple-login/app,2026-09-07T06:11:12.197Z,"I'm trying to understand what actually happens when SimpleLogin is started locally in development environment. I'm wondering how the backend starts up in dev mode, how configuration is loaded, which log messages indicate that it's ready to accept requests, and what ports or endpoints it exposes. 

I’m interested in how a single authenticated request is handled by the app, where the request first enters the application, how the user identity is determined at runtime, and how that authentication context is carried through request handling. The entry point and user identification flow are my main concerns here. I also want to know whether the app automatically starts any background jobs or schedulers, or if there’s anything going on besides handling incoming requests.

I'm not looking for what the code says should happen, I want to know what actually gets printed when you run it. Please don’t modify any repository source files while investigating. Temporary scripts are fine if needed, but leave the codebase unchanged and clean up anything you create when you’re done.",degraded,-0.0999999999999999,True,high,"The agent's final answer explicitly lists the specific Flask blueprints (/auth, /dashboard, /api, /internal, /oauth) and the entry point function `local_main()` which are the unique factual details contained in the retrieved note, indicating the note directly informed the structure and content of the response."
20260907T013422.077076453Z-openclaw-sweatlasqa-pilot30-shuffle1-amem-task-sglang,task-6905333b74f22949d97ba9a4,12,2,3,0d269476-9656-484d-9b52-261bf3a47c53,60.565376,match,"SimpleLogin user identification: Flask-Login loads user via `load_user(alternative_id)` callback in server.py, looking up User.get_by(alternative_id=...) where alternative_id is a UUID stored in users table. API auth uses `authorize_request()` in app/api/base.py which reads ""Authentication"" header, ",simple-login/app,2026-09-07T06:13:11.278Z,"I'm trying to understand what actually happens when SimpleLogin is started locally in development environment. I'm wondering how the backend starts up in dev mode, how configuration is loaded, which log messages indicate that it's ready to accept requests, and what ports or endpoints it exposes. 

I’m interested in how a single authenticated request is handled by the app, where the request first enters the application, how the user identity is determined at runtime, and how that authentication context is carried through request handling. The entry point and user identification flow are my main concerns here. I also want to know whether the app automatically starts any background jobs or schedulers, or if there’s anything going on besides handling incoming requests.

I'm not looking for what the code says should happen, I want to know what actually gets printed when you run it. Please don’t modify any repository source files while investigating. Temporary scripts are fine if needed, but leave the codebase unchanged and clean up anything you create when you’re done.",degraded,-0.0999999999999999,True,high,"The agent's final answer explicitly details the user identification flow using Flask-Login's `load_user()` callback and the `alternative_id` UUID lookup mechanism, which directly mirrors the specific technical claims found in the retrieved note."
20260907T013422.077076453Z-openclaw-sweatlasqa-pilot30-shuffle1-amem-task-sglang,task-6905333b74f22949d97ba9a4,12,2,4,cc87515c-d677-4309-8753-6f93b1a020fc,57.104677,match,"SimpleLogin startup: local dev uses server.py local_main() which sets config.COLOR_LOG=True, creates Flask app via create_app(), enables Flask-DebugToolbar, runs app.run(debug=True, port=7777). Production uses gunicorn wsgi:app -b 0.0.0.0:7777. Config is loaded from CONFIG env var (path to .env) or ",simple-login/app,2026-09-07T06:10:24.758Z,"I'm trying to understand what actually happens when SimpleLogin is started locally in development environment. I'm wondering how the backend starts up in dev mode, how configuration is loaded, which log messages indicate that it's ready to accept requests, and what ports or endpoints it exposes. 

I’m interested in how a single authenticated request is handled by the app, where the request first enters the application, how the user identity is determined at runtime, and how that authentication context is carried through request handling. The entry point and user identification flow are my main concerns here. I also want to know whether the app automatically starts any background jobs or schedulers, or if there’s anything going on besides handling incoming requests.

I'm not looking for what the code says should happen, I want to know what actually gets printed when you run it. Please don’t modify any repository source files while investigating. Temporary scripts are fine if needed, but leave the codebase unchanged and clean up anything you create when you’re done.",degraded,-0.0999999999999999,True,high,"The agent's final answer explicitly incorporates the specific details from the retrieved note, including the entry point `local_main()`, the creation of the Flask app via `create_app()`, the specific port `7777`, and the configuration loading mechanism via the `CONFIG` env var, which were the key facts provided in the note."
20260907T013422.077076453Z-openclaw-sweatlasqa-pilot30-shuffle1-amem-task-sglang,task-6905333b74f22949d97ba9a7,15,2,1,e896f11d-7dbc-40eb-accc-0bb4b36ddff9,71.38531,match,"Email forwarding uses VERP (Variable Envelope Return Path) bounce addresses. Forward phase: mail_from set to generate_verp_email(VerpType.bounce_forward, email_log.id, contact_domain) - format: sl.{base32_payload}.{base32_sig}@{domain}. Reply phase: mail_from set to generate_verp_email(VerpType.boun",simple-login/app,2026-09-07T08:04:27.354Z,"I want to understand how SimpleLogin processes multi step workflows at runtime.

In scenarios where a mailbox verification code is submitted incorrectly multiple times in succession, what observable state changes and enforcement mechanisms does the running system apply? Trace the actual runtime behavior to determine what limits exist, how failed attempts are tracked, and what ultimately prevents further submissions.

For background tasks that are scheduled and later picked up for execution, trace the complete lifecycle from initial creation through final completion. If a task encounters an error during execution, what recovery or retry behavior is applied, and what observable state reflects that failure?

During email forwarding through an alias, what exact format is used for the special address generated to handle delivery failures? If a failure notification arrives at this address, trace how the system identifies the original email, what state changes are recorded, and how the handling behavior differs depending on the direction of the original message.

Temporary inspection or debugging tools may be used to observe runtime behavior, but source files should not be modified and any temporary artifacts should be cleaned up afterward.",tied,0.0,True,high,"The agent's final answer explicitly includes the VERP address format `sl.{base32_payload}.{base32_sig}@domain` and the structure of the payload, which are specific details contained in the retrieved note."
20260907T013422.077076453Z-openclaw-sweatlasqa-pilot30-shuffle1-amem-task-sglang,task-6905333b74f22949d97ba9a7,15,2,2,7b42750e-5b6d-4386-be12-cac2dfaaeec9,63.45883,match,"Bounce handling: When a bounce arrives at VERP address, get_verp_info_from_email parses it to extract verp_type and email_log_id. handle_bounce() checks email_log.is_reply to determine direction. Forward phase bounce (is_reply=False): calls handle_bounce_forward_phase() which creates RefusedEmail, s",simple-login/app,2026-09-07T08:05:11.267Z,"I want to understand how SimpleLogin processes multi step workflows at runtime.

In scenarios where a mailbox verification code is submitted incorrectly multiple times in succession, what observable state changes and enforcement mechanisms does the running system apply? Trace the actual runtime behavior to determine what limits exist, how failed attempts are tracked, and what ultimately prevents further submissions.

For background tasks that are scheduled and later picked up for execution, trace the complete lifecycle from initial creation through final completion. If a task encounters an error during execution, what recovery or retry behavior is applied, and what observable state reflects that failure?

During email forwarding through an alias, what exact format is used for the special address generated to handle delivery failures? If a failure notification arrives at this address, trace how the system identifies the original email, what state changes are recorded, and how the handling behavior differs depending on the direction of the original message.

Temporary inspection or debugging tools may be used to observe runtime behavior, but source files should not be modified and any temporary artifacts should be cleaned up afterward.",tied,0.0,True,high,"The agent's final answer explicitly details the VERP address format and the logic for checking `EmailLog.is_reply` to determine bounce direction, which are the specific facts contained in the retrieved note."
20260907T013422.077076453Z-openclaw-sweatlasqa-pilot30-shuffle1-amem-task-sglang,task-6905333b74f22949d97ba9a7,15,2,3,d7b83344-9ca5-4df9-84c5-6dc59226b4f6,55.177283,match,"Mailbox verification uses MailboxActivation model with MAX_ACTIVATION_TRIES=3 limit. Each failed code attempt increments activation.tries by 1. After 3 failed attempts, the activation code is cleared (clear_activation_codes_for_mailbox) and user must request a new code. Codes also expire after 15 mi",simple-login/app,2026-09-07T08:03:28.168Z,"I want to understand how SimpleLogin processes multi step workflows at runtime.

In scenarios where a mailbox verification code is submitted incorrectly multiple times in succession, what observable state changes and enforcement mechanisms does the running system apply? Trace the actual runtime behavior to determine what limits exist, how failed attempts are tracked, and what ultimately prevents further submissions.

For background tasks that are scheduled and later picked up for execution, trace the complete lifecycle from initial creation through final completion. If a task encounters an error during execution, what recovery or retry behavior is applied, and what observable state reflects that failure?

During email forwarding through an alias, what exact format is used for the special address generated to handle delivery failures? If a failure notification arrives at this address, trace how the system identifies the original email, what state changes are recorded, and how the handling behavior differs depending on the direction of the original message.

Temporary inspection or debugging tools may be used to observe runtime behavior, but source files should not be modified and any temporary artifacts should be cleaned up afterward.",tied,0.0,True,high,"The agent's final answer explicitly cites the `MailboxActivation` model, the `MAX_ACTIVATION_TRIES=3` limit, and the 15-minute expiration, which are the specific facts contained in the retrieved note."
20260907T013422.077076453Z-openclaw-sweatlasqa-pilot30-shuffle1-amem-task-sglang,task-6905333b74f22949d97ba9a7,15,2,4,a4d42071-4e5b-43fb-a127-f86cd1f17ff1,41.728115,match,"Job lifecycle: Job model has states: ready(0), taken(1), done(2), error(3). Jobs are created via Job.create(), picked up by job_runner.py every 10s via get_jobs_to_run(). A job is picked if state=ready OR (state=taken AND taken_at > 30min ago AND attempts < 5). Once picked, state becomes taken, atte",simple-login/app,2026-09-07T08:03:55.640Z,"I want to understand how SimpleLogin processes multi step workflows at runtime.

In scenarios where a mailbox verification code is submitted incorrectly multiple times in succession, what observable state changes and enforcement mechanisms does the running system apply? Trace the actual runtime behavior to determine what limits exist, how failed attempts are tracked, and what ultimately prevents further submissions.

For background tasks that are scheduled and later picked up for execution, trace the complete lifecycle from initial creation through final completion. If a task encounters an error during execution, what recovery or retry behavior is applied, and what observable state reflects that failure?

During email forwarding through an alias, what exact format is used for the special address generated to handle delivery failures? If a failure notification arrives at this address, trace how the system identifies the original email, what state changes are recorded, and how the handling behavior differs depending on the direction of the original message.

Temporary inspection or debugging tools may be used to observe runtime behavior, but source files should not be modified and any temporary artifacts should be cleaned up afterward.",tied,0.0,True,high,"The agent's final answer explicitly incorporates the specific job states (ready, taken, done, error), the 10-second pickup interval, and the retry conditions (taken > 30min, attempts < 5) directly from the retrieved note."
20260907T013422.077076453Z-openclaw-sweatlasqa-pilot30-shuffle1-amem-task-sglang,task-6905333b74f22949d97ba9a9,13,2,1,e1f7304b-2b0f-4435-b949-5f070e01e11d,64.96439000000001,match,"SimpleLogin alias reply routing analysis: The email_handler.py main entry is handle() which dispatches to handle_reply() when rcpt_to is a reverse alias. handle_reply() resolves contact via Contact.get_by(reply_email=normalized_reply_email), then sends to contact.website_email. Key functions: get_ma",simple-login/app,2026-09-07T06:42:24.338Z,"I'm running into unexpected behavior in the alias reply-handling flow of SimpleLogin and I want to determine whether it's a real issue or just a misunderstanding of how the pipeline works. When a user replies to an email that was forwarded through an alias, the backend is supposed to receive the inbound message, identify which alias it belongs to, and relay it back to the correct recipient, but in my local tests some replies appear to be routed to the wrong user even though the logs show the alias being recognized. Using the development environment, simulate an inbound email reply and trace the runtime flow end-to-end: observe which part of the system handles the incoming message, how the alias is resolved to a user, and what user ID the system ultimately decides to forward the reply to. Based on this live execution trace, explain the actual data flow and identify the most likely point in the pipeline where an incorrect routing decision could originate. You can create temporary scripts or logs that's fine but clean them up and leave the codebase as you found it.",improved,0.0999999999999999,True,high,"The agent's final answer explicitly references the specific file `email_handler.py` and function `handle_reply()` mentioned in the note, and builds its entire diagnostic logic around the interaction between `handle()` dispatching to `handle_reply()` and the `Contact.get_by` resolution described in the note."
20260907T013422.077076453Z-openclaw-sweatlasqa-pilot30-shuffle1-amem-task-sglang,task-6905333b74f22949d97ba9a9,13,2,2,1a7f8612-7525-4a45-a480-1644edcf5061,50.46793,match,Alias transfer in alias_utils.py updates Contact.user_id (line 463-465) BEFORE alias.user_id (line 506). Mailboxes are updated in between (lines 476-482). This means alias.user resolves to the old user until the last step. EmailLog.user_id is set to contact.user_id at creation time and is NOT update,simple-login/app,2026-09-07T06:42:56.654Z,"I'm running into unexpected behavior in the alias reply-handling flow of SimpleLogin and I want to determine whether it's a real issue or just a misunderstanding of how the pipeline works. When a user replies to an email that was forwarded through an alias, the backend is supposed to receive the inbound message, identify which alias it belongs to, and relay it back to the correct recipient, but in my local tests some replies appear to be routed to the wrong user even though the logs show the alias being recognized. Using the development environment, simulate an inbound email reply and trace the runtime flow end-to-end: observe which part of the system handles the incoming message, how the alias is resolved to a user, and what user ID the system ultimately decides to forward the reply to. Based on this live execution trace, explain the actual data flow and identify the most likely point in the pipeline where an incorrect routing decision could originate. You can create temporary scripts or logs that's fine but clean them up and leave the codebase as you found it.",improved,0.0999999999999999,False,high,"The agent's final answer attributes the bug to a normalization order issue in `email_handler.py` (lines 984 and `is_reverse_alias`), which is completely unrelated to the specific timing and field update sequence (Contact.user_id vs alias.user_id) described in the retrieved note."
20260907T013422.077076453Z-openclaw-sweatlasqa-pilot30-shuffle1-amem-task-sglang,task-6905333b74f22949d97ba9aa,8,2,1,3ac1cb25-9a70-448a-ba9d-5427026021b0,60.36849,match,"SimpleLogin repo structure: main components are server.py (web server), email_handler.py (email processing), job_runner.py (background jobs), cron.py (scheduled tasks), event_listener.py. App code lives in /app/app/. Uses Flask, PostgreSQL, Redis. Key directories: app/ (Flask app), templates/, stati",simple-login/app,2026-09-07T04:26:27.103Z,"I'm new to SimpleLogin and trying to get everything running locally. Once the application starts, how can I tell that the web server, email handler, and job runner are actually up and responding? What should I see in the logs or dashboard UI that confirms users can sign in and manage their aliases?

After it's running, try performing some basic user actions like creating a new account, creating an alias, and having that alias receive an email. What happens when a new account interacts with aliases or tries to receive mail, and how does the system show that these actions were handled correctly? What should I see at runtime that confirms the behavior you would expect?

While the application is active, do the email handler and job runner automatically come online in the background to support email activity or data handling? What behavior suggests that these internal components are functioning as intended across different situations?

Do not modify the source code. You can create temporary testing data such as accounts or aliases but clean them up when you are done.",degraded,-0.1666666666666666,False,high,"The retrieved note only provided a high-level directory structure and file names, whereas the final answer contains specific runtime details (ports, log messages, health endpoints) that were not present in the note, indicating the agent relied on external knowledge or other sources rather than the retrieved note."
20260907T013422.077076453Z-openclaw-sweatlasqa-pilot30-shuffle1-amem-task-sglang,task-6905333b74f22949d97ba9ab,9,2,1,8d43cd3a-600e-4328-9d72-54db96d0e372,72.12333699999999,match,"SimpleLogin alias creation flow: The system has 3 API endpoints for alias creation: POST /api/alias/random/new (for random aliases), POST /api/v2/alias/custom/new (for custom aliases v2), POST /api/v3/alias/custom/new (for custom aliases v3 with mailbox_ids). The main dashboard also has POST /custom",simple-login/app,2026-09-07T04:51:36.174Z,"I want to understand how SimpleLogin behaves during a normal alias-creation flow. To do that, run the full application locally using the standard development setup, login with any test user, and create a new alias while observing the system in real time.

As you go through this flow, watch the frontend and note exactly what request it sends to the backend when an alias is created. Then observe what the backend returns, including any status codes, payloads, or metadata that appear in the response. While the request is being processed, check what changes occur in the database. Identify which records are inserted or updated, how many tables are touched, and whether any related entities are created as part of the same operation.

Pay close attention to the logs to see whether the system triggers any background tasks, emits follow-up events, or performs additional work beyond the initial write. If anything fails, such as validation problems, DB errors, or network issues. Note how the error surfaces in the API response, logs, and resulting database state. Don't modify any of the repository source files while investigating. Feel free to create temporary scripts that's fine, but leave the actual codebase as you found it and ensure to clean up any temporary files or scripts you create when you're done.",improved,0.0714285714285714,True,high,"The agent's final answer explicitly lists the specific API endpoints mentioned in the retrieved note (POST /api/alias/random/new, POST /api/v3/alias/custom/new) and references the dashboard form, demonstrating direct usage of the note's content to structure the analysis."
20260907T013422.077076453Z-openclaw-sweatlasqa-pilot30-shuffle1-amem-task-sglang,task-6905333b74f22949d97ba9ab,9,2,2,47cad12b-c19d-4a87-8348-2f8ee7f36237,61.39003,match,"Database tables touched during alias creation:
1. alias - INSERT (the main alias record)
2. daily_metric - UPDATE nb_alias counter (created if not exists for today)
3. alias_audit_log - INSERT (audit log entry with action ""create"")
4. sync_event - INSERT (event payload for partner sync via PostgresD",simple-login/app,2026-09-07T04:51:49.943Z,"I want to understand how SimpleLogin behaves during a normal alias-creation flow. To do that, run the full application locally using the standard development setup, login with any test user, and create a new alias while observing the system in real time.

As you go through this flow, watch the frontend and note exactly what request it sends to the backend when an alias is created. Then observe what the backend returns, including any status codes, payloads, or metadata that appear in the response. While the request is being processed, check what changes occur in the database. Identify which records are inserted or updated, how many tables are touched, and whether any related entities are created as part of the same operation.

Pay close attention to the logs to see whether the system triggers any background tasks, emits follow-up events, or performs additional work beyond the initial write. If anything fails, such as validation problems, DB errors, or network issues. Note how the error surfaces in the API response, logs, and resulting database state. Don't modify any of the repository source files while investigating. Feel free to create temporary scripts that's fine, but leave the actual codebase as you found it and ensure to clean up any temporary files or scripts you create when you're done.",improved,0.0714285714285714,True,high,"The agent's final answer explicitly lists the same four database tables (alias, daily_metric, alias_audit_log, sync_event) and their specific operations (INSERT/UPDATE) as described in the retrieved note, indicating it used the note to structure the database section of its response."
20260907T013422.077076453Z-openclaw-sweatlasqa-pilot30-shuffle1-amem-task-sglang,task-6905333b74f22949d97ba9ac,1,2,1,f6a5fd98-f2b8-4803-8ceb-fad12556617d,71.242505,match,"SL Message-ID generation: Only during reply phase via make_msgid(str(email_log.id), alias_domain), format is like ""<{timestamp}.{random}.{email_log_id}@{alias_domain}>"". Original Message-ID is preserved in forward phase. During reply phase, the original MESSAGE_ID is deleted and replaced by SL Messa",simple-login/app,2026-09-07T02:00:40.853Z,"I'm investigating a production issue where users report inconsistent behavior when emails are forwarded through SimpleLogin aliases. I need to trace the actual email processing flow to understand what's happening. When the email handler processes an incoming email to an alias, I want to observe, what is the exact log message text that appears when an email is successfully forwarded versus when it fails due to a non-existent alias, what specific SL Message-ID gets generated during forwarding and how does it differ from the original Message-ID, what is the exact From header value in the forwarded email after transformation including the reply-email address format, and what database records are created during a single forward operation show me the actual record IDs and timestamps. Trace through an actual email forward operation and capture these specific runtime values. I need to see actual generated values, not what the code logic suggests should happen. Just don't modify any source files while investigating, and clean up any test containers or DB instances you spin up.",tied,0.0,True,high,"The agent's final answer explicitly states that the SL Message-ID is only generated during the reply phase via `make_msgid(str(email_log.id), alias_domain)` and that the original Message-ID is preserved in the forward phase, which directly mirrors the specific technical details provided in the retrieved note."
20260907T013422.077076453Z-openclaw-sweatlasqa-pilot30-shuffle1-amem-task-sglang,task-6905333b74f22949d97ba9ac,1,2,2,b056f7b2-6908-4499-b639-70cb60cff724,70.59276,match,"SimpleLogin email flow:
1. Forward phase (handle_forward): When email arrives at alias@SL, lookup alias. If alias doesn't exist, try auto-create. If still no alias, return 550 (E515). Log: ""alias {addr} not exist. Try to see if it can be created on the fly"" then ""alias {addr} cannot be created on-th",simple-login/app,2026-09-07T01:52:15.147Z,"I'm investigating a production issue where users report inconsistent behavior when emails are forwarded through SimpleLogin aliases. I need to trace the actual email processing flow to understand what's happening. When the email handler processes an incoming email to an alias, I want to observe, what is the exact log message text that appears when an email is successfully forwarded versus when it fails due to a non-existent alias, what specific SL Message-ID gets generated during forwarding and how does it differ from the original Message-ID, what is the exact From header value in the forwarded email after transformation including the reply-email address format, and what database records are created during a single forward operation show me the actual record IDs and timestamps. Trace through an actual email forward operation and capture these specific runtime values. I need to see actual generated values, not what the code logic suggests should happen. Just don't modify any source files while investigating, and clean up any test containers or DB instances you spin up.",tied,0.0,True,high,"The agent's final answer explicitly includes the specific log message text 'alias {addr} not exist. Try to see if it can be created on the fly' and the error code E515, which are unique details found in the retrieved note and not present in the question."
20260907T013422.077076453Z-openclaw-sweatlasqa-pilot30-shuffle1-amem-task-sglang,task-6905333b74f22949d97ba9ac,1,2,3,984cae09-a2ce-47d4-8234-ac63826b6ba7,57.68532,match,"SimpleLogin is a Python application (not Django/Flask directly, uses its own app structure). Main email processing happens in email_handler.py. Key files: email_handler.py (83KB), cron.py (46KB), server.py, job_runner.py, tasks/ directory, app/ directory, tests/ directory. Uses Alembic for migration",simple-login/app,2026-09-07T01:34:58.079Z,"I'm investigating a production issue where users report inconsistent behavior when emails are forwarded through SimpleLogin aliases. I need to trace the actual email processing flow to understand what's happening. When the email handler processes an incoming email to an alias, I want to observe, what is the exact log message text that appears when an email is successfully forwarded versus when it fails due to a non-existent alias, what specific SL Message-ID gets generated during forwarding and how does it differ from the original Message-ID, what is the exact From header value in the forwarded email after transformation including the reply-email address format, and what database records are created during a single forward operation show me the actual record IDs and timestamps. Trace through an actual email forward operation and capture these specific runtime values. I need to see actual generated values, not what the code logic suggests should happen. Just don't modify any source files while investigating, and clean up any test containers or DB instances you spin up.",tied,0.0,False,high,"The agent's subsequent actions consisted solely of writing and verifying a static answer file without executing any shell commands to inspect the source code (e.g., `grep`, `cat`, or `find` on `email_handler.py`), meaning the retrieved note's specific file path and structural claims were never utilized to derive the answer."
20260907T013422.077076453Z-openclaw-sweatlasqa-pilot30-shuffle1-amem-task-sglang,task-6905333b74f22949d97ba9ad,4,2,1,76cd4d95-31d6-4a88-9ae9-97c1b9edc663,66.18121000000001,match,"SimpleLogin is a Python Flask app with PostgreSQL, aiosmtpd for email handling. Key entry points: server.py creates Flask app with routes; email_handler.py runs aiosmtpd SMTP server on port 20381 for incoming email forwarding; cron.py runs scheduled jobs (stats, trial notifications, domain checks, H",simple-login/app,2026-09-07T03:11:38.906Z,"I am setting up SimpleLogin for the first time and I want to confirm that the platform is actually working the way it should when everything is running locally. After starting the system what should I notice in the logs or UI that shows the app is ready to handle user authentication and alias based email activity?

Once it is running can you try walking through the typical product experience as if you were a new user signing up for the first time. What happens when a user registers verifies their address and tries to log in. What visible behavior confirms that the system is handling every step correctly and forwarding the user into the dashboard as expected?

I am also curious about what the application does behind the scenes during that flow. Are there any indicators that background jobs or internal services are doing their part to support email forwarding or identity verification. What should I expect to observe at runtime that tells me these moving pieces are active and talking to each other properly?

You can create anything temporary that you need for testing like new users or aliases but remove them when you are done and please do not make any changes to the source code.",improved,0.1818181818181817,True,high,"The agent's final answer explicitly references the specific file names (server.py, email_handler.py, cron.py) and the specific port number (20381) mentioned in the retrieved note, using them to structure the explanation of system readiness and background services."
20260907T013422.077076453Z-openclaw-sweatlasqa-pilot30-shuffle1-amem-task-sglang,task-6905333b74f22949d97ba9ad,4,2,2,df59f57d-7390-4265-bb23-99a806bca160,62.487143,match,"User registration flow: POST /auth/register validates email/password, creates User record in DB with activated=False, creates default Mailbox linked to user email, auto-creates a ""simplelogin-newsletter"" alias, sends activation email via send_activation_email() which creates ActivationCode (1h expir",simple-login/app,2026-09-07T03:12:16.442Z,"I am setting up SimpleLogin for the first time and I want to confirm that the platform is actually working the way it should when everything is running locally. After starting the system what should I notice in the logs or UI that shows the app is ready to handle user authentication and alias based email activity?

Once it is running can you try walking through the typical product experience as if you were a new user signing up for the first time. What happens when a user registers verifies their address and tries to log in. What visible behavior confirms that the system is handling every step correctly and forwarding the user into the dashboard as expected?

I am also curious about what the application does behind the scenes during that flow. Are there any indicators that background jobs or internal services are doing their part to support email forwarding or identity verification. What should I expect to observe at runtime that tells me these moving pieces are active and talking to each other properly?

You can create anything temporary that you need for testing like new users or aliases but remove them when you are done and please do not make any changes to the source code.",improved,0.1818181818181817,True,high,"The agent's final answer explicitly incorporates specific details from the retrieved note, such as the creation of the 'simplelogin-newsletter' alias, the user record being created with 'activated=False', and the 1-hour expiry of the activation code, which were not present in the initial question."
20260907T013422.077076453Z-openclaw-sweatlasqa-pilot30-shuffle1-amem-task-sglang,task-6905333b74f22949d97ba9ad,4,2,3,53312551-424b-4c9b-b317-be77ce7162ef,63.111115,match,"Background jobs: User.create() schedules 3 onboarding jobs (JOB_ONBOARDING_1 at day 1, JOB_ONBOARDING_2 at day 2, JOB_ONBOARDING_4 at day 3) which send tip emails via job_runner.py. cron.py runs scheduled tasks: stats, notify_trial_end, delete_logs, sanity_check, check_custom_domain, check_hibp, cle",simple-login/app,2026-09-07T03:13:35.876Z,"I am setting up SimpleLogin for the first time and I want to confirm that the platform is actually working the way it should when everything is running locally. After starting the system what should I notice in the logs or UI that shows the app is ready to handle user authentication and alias based email activity?

Once it is running can you try walking through the typical product experience as if you were a new user signing up for the first time. What happens when a user registers verifies their address and tries to log in. What visible behavior confirms that the system is handling every step correctly and forwarding the user into the dashboard as expected?

I am also curious about what the application does behind the scenes during that flow. Are there any indicators that background jobs or internal services are doing their part to support email forwarding or identity verification. What should I expect to observe at runtime that tells me these moving pieces are active and talking to each other properly?

You can create anything temporary that you need for testing like new users or aliases but remove them when you are done and please do not make any changes to the source code.",improved,0.1818181818181817,False,high,"The agent's final answer and reasoning do not mention the specific onboarding job schedule (days 1, 2, 4) or the specific list of cron tasks (stats, notify_trial_end, etc.) found in the retrieved note, instead providing a generic description of background services without utilizing the specific details from the note."
20260907T013422.077076453Z-openclaw-sweatlasqa-pilot30-shuffle1-amem-task-sglang,task-6905333b74f22949d97ba9ad,4,2,4,c370b2be-f501-41ac-8f16-7411c5cff495,55.153346000000006,match,"Email forwarding architecture: email_handler.py uses aiosmtpd Controller(MailHandler, port=20381). handle(envelope, msg) processes incoming mail. For forward phase: finds alias by rcpt_to, creates Contact if new sender, creates EmailLog record, forwards to user's mailboxes via sl_sendmail (SMTP), mo",simple-login/app,2026-09-07T03:12:55.386Z,"I am setting up SimpleLogin for the first time and I want to confirm that the platform is actually working the way it should when everything is running locally. After starting the system what should I notice in the logs or UI that shows the app is ready to handle user authentication and alias based email activity?

Once it is running can you try walking through the typical product experience as if you were a new user signing up for the first time. What happens when a user registers verifies their address and tries to log in. What visible behavior confirms that the system is handling every step correctly and forwarding the user into the dashboard as expected?

I am also curious about what the application does behind the scenes during that flow. Are there any indicators that background jobs or internal services are doing their part to support email forwarding or identity verification. What should I expect to observe at runtime that tells me these moving pieces are active and talking to each other properly?

You can create anything temporary that you need for testing like new users or aliases but remove them when you are done and please do not make any changes to the source code.",improved,0.1818181818181817,True,high,"The agent's final answer explicitly references the specific port (20381) and the log message ('Start mail controller 0.0.0.0 20381') for the SMTP handler, which are details directly derived from the retrieved note about `email_handler.py` using `aiosmtpd Controller(MailHandler, port=20381)`."
20260907T013422.077076453Z-openclaw-sweatlasqa-pilot30-shuffle1-amem-task-sglang,task-6905333b74f22949d97ba9ae,2,2,1,a7b86b61-66aa-4070-b016-b608a2ab0f93,74.266136,match,"SimpleLogin reply handling key findings:
1. Contact.get_by(reply_email=...) uses filter_by().first() which returns ONLY the first matching row - not necessarily the correct contact.
2. Contact table has NO unique constraint on reply_email - only on (alias_id, website_email). The reply_email column h",simple-login/app,2026-09-07T02:17:57.604Z,"I’d like to understand how SimpleLogin resolves inbound email replies to a contact and forwarding destination during normal alias usage, specifically in cases where a reply ends up being delivered to a different user than the alias owner. As inbound reply messages are processed, focus on how the system derives the reply email address and uses it to identify the associated contact. Observe the actual runtime values involved in this resolution, the extracted reply email, the contact (if any) that it resolves to, and the user or alias ultimately selected as the forwarding destination. Track how these values behave across multiple reply events. Note whether the same reply email ever resolves to different contacts over time, fails to resolve temporarily, or resolves correctly but later results in forwarding to a different user than expected. Use these observations to determine whether the reply-handling logic specifically the lookup of contacts by reply email exhibits any race conditions, uniqueness assumptions, or timing-related inconsistencies that could explain why a reply is routed to the wrong user. Describe the runtime values you observed during reply resolution and explain how those values lead to the observed behavior. Don’t modify any repository source files. If temporary scripts or tooling are needed to observe behavior, that’s fine, but clean them up afterward and leave the repository unchanged.",improved,0.0833333333333333,True,high,"The agent's final answer explicitly incorporates the note's specific technical claims, such as the lack of a unique constraint on `reply_email` and the non-deterministic behavior of `Contact.get_by(reply_email=...)` using `.first()`, which directly explain the routing issues described in the question."
20260907T013422.077076453Z-openclaw-sweatlasqa-pilot30-shuffle1-amem-task-sglang,task-6905333b74f22949d97ba9ae,2,2,2,55bf7c35-6f0b-4a1e-9532-146ee7ff2f2a,52.931195,match,"SimpleLogin codebase structure: main app at /app, key files include email_handler.py (email processing), app/models.py (data models), app/contact_utils.py (contact handling), app/email_utils.py, app/alias_utils.py. Also has app/handler/ and app/email/ subdirectories. Uses Python/Flask with SQLAlchem",simple-login/app,2026-09-07T02:06:49.983Z,"I’d like to understand how SimpleLogin resolves inbound email replies to a contact and forwarding destination during normal alias usage, specifically in cases where a reply ends up being delivered to a different user than the alias owner. As inbound reply messages are processed, focus on how the system derives the reply email address and uses it to identify the associated contact. Observe the actual runtime values involved in this resolution, the extracted reply email, the contact (if any) that it resolves to, and the user or alias ultimately selected as the forwarding destination. Track how these values behave across multiple reply events. Note whether the same reply email ever resolves to different contacts over time, fails to resolve temporarily, or resolves correctly but later results in forwarding to a different user than expected. Use these observations to determine whether the reply-handling logic specifically the lookup of contacts by reply email exhibits any race conditions, uniqueness assumptions, or timing-related inconsistencies that could explain why a reply is routed to the wrong user. Describe the runtime values you observed during reply resolution and explain how those values lead to the observed behavior. Don’t modify any repository source files. If temporary scripts or tooling are needed to observe behavior, that’s fine, but clean them up afterward and leave the repository unchanged.",improved,0.0833333333333333,True,high,"The agent's final answer explicitly references the specific file paths and module names (email_handler.py, app/contact_utils.py, app/models.py) provided in the retrieved note to structure its analysis of the reply resolution flow and identify the race conditions."
20260907T013422.077076453Z-openclaw-sweatlasqa-pilot30-shuffle1-amem-task-sglang,task-6905333b74f22949d97ba9af,3,2,1,5b3eedf4-cd8f-42b5-b607-43033bb5e5e8,62.68718,match,"SimpleLogin codebase in /app. Key services: (1) Flask web server (server.py, port 7777 local) - serves web UI; (2) email_handler.py (aiosmtpd controller, default port 20381) - SMTP server receiving emails; (3) job_runner.py - scheduled job processor; (4) event_listener.py - event processing from Pos",simple-login/app,2026-09-07T02:41:11.274Z,"I'm trying to get the development environment running locally for the first time, and the documentation isn't very clear about the startup order or what breaks if certain setup steps are skipped. I want to bring the whole stack up from scratch and note what actually happens along the way.

To start with, I want to see what happens if the database isn't fully set up yet. With PostgreSQL running and an empty database created (no tables, migrations not run), what error do I actually hit when I start the server with python [server.py](http://server.py) and then try to open the login page in the browser? I'm looking for the full Python exception that gets raised.

Once the database migrations and the initialization script (init\_[app.py](http://app.py)) have been run and everything is set up correctly, I need to understand which Python services must be running for the system to work. Start each required service and show me the exact log output that confirms it's running and ready to accept connections. I want to see the actual startup messages from stdout/stderr, not just what the code says I need to verify the services are actually binding to their ports and working.

I'm also curious about what happens if the initialization step is skipped. If I run the migrations but don't run init\_[app.py](http://app.py), the SLDomain table should be empty (no email domains configured). If I then start the email handler and simulate an incoming email addressed to any @sl.local address, what happens? What SMTP status code does the email handler return to the sender, and what does it log to explain the rejection?

I'm not changing or deleting any source files here I just want to observe the system's behavior. Temporary config files or small test scripts are fine if needed.",improved,0.0769230769230768,True,high,"The agent's final answer explicitly lists the four key services (Flask server, email_handler, job_runner, event_listener) and their specific ports (7777, 20381) and behaviors, which directly correspond to the details provided in the retrieved note."
20260907T013422.077076453Z-openclaw-sweatlasqa-pilot30-shuffle1-amem-task-sglang,task-6905333b74f22949d97ba9af,3,2,2,453916ea-0e66-48ef-a05e-e681915123f0,45.578164,match,"When database tables don't exist: GET /login renders successfully (no DB query). POST /login triggers User.get_by() which raises sqlalchemy.exc.OperationalError: (psycopg2.errors.UndefinedTable) relation ""users"" does not exist. Flask error handler catches it, logs via LOG.e(e), and renders error/500",simple-login/app,2026-09-07T02:50:07.503Z,"I'm trying to get the development environment running locally for the first time, and the documentation isn't very clear about the startup order or what breaks if certain setup steps are skipped. I want to bring the whole stack up from scratch and note what actually happens along the way.

To start with, I want to see what happens if the database isn't fully set up yet. With PostgreSQL running and an empty database created (no tables, migrations not run), what error do I actually hit when I start the server with python [server.py](http://server.py) and then try to open the login page in the browser? I'm looking for the full Python exception that gets raised.

Once the database migrations and the initialization script (init\_[app.py](http://app.py)) have been run and everything is set up correctly, I need to understand which Python services must be running for the system to work. Start each required service and show me the exact log output that confirms it's running and ready to accept connections. I want to see the actual startup messages from stdout/stderr, not just what the code says I need to verify the services are actually binding to their ports and working.

I'm also curious about what happens if the initialization step is skipped. If I run the migrations but don't run init\_[app.py](http://app.py), the SLDomain table should be empty (no email domains configured). If I then start the email handler and simulate an incoming email addressed to any @sl.local address, what happens? What SMTP status code does the email handler return to the sender, and what does it log to explain the rejection?

I'm not changing or deleting any source files here I just want to observe the system's behavior. Temporary config files or small test scripts are fine if needed.",improved,0.0769230769230768,True,high,"The agent's final answer explicitly reproduces the specific exception details (sqlalchemy.exc.OperationalError, psycopg2.errors.UndefinedTable, relation 'users' does not exist) and the behavior of the GET /login endpoint (succeeds) exactly as described in the retrieved note."
20260907T013422.077076453Z-openclaw-sweatlasqa-pilot30-shuffle1-amem-task-sglang,task-6905333b74f22949d97ba9b2,11,2,1,6eef4a02-8d5a-4ab1-96fa-7b9a6d827a78,73.83063399999999,match,SimpleLogin bounce system has two address formats: (1) Old format: bounce+{email_log_id}+@domain - parsed by parse_id_from_bounce() which uses simple string find() between first and last +. No cryptographic validation. (2) New VERP format: sl.{base32_payload}.{base32_signature}@domain - verified wit,simple-login/app,2026-09-07T05:51:33.337Z,"I'm investigating a potential information leakage issue in SimpleLogin's bounce email handling system. I've noticed that the codebase appears to support two different address formats for processing email bounces, what looks like an older format with the email log ID visible in plain text and a newer format that seems to use some kind of signature verification.

I wonder how bounces are routed, I'm seeing that emails sent to addresses like bounce+12345+@domain seem to be processed differently than those using the newer signed format. What concerns me is whether an external attacker could craft bounce emails to these older-style addresses and learn something by observing the SMTP responses.

I'm curious what's actually happening under the hood here, where the security boundaries really are, and what slips through without cryptographic validation. I wonder what exact SMTP responses come back when probing different scenarios, such as hitting a valid ID versus an invalid one, and what happens when something doesn't quite meet the bounce validation requirements. I don't want theoretical explanations of what the code should do, I want to see actual evidence of how the system behaves in practice.

What also puzzles me is the bounce detection itself. What makes the system accept something as a bounce in the first place? What criteria does it check? Could an attacker who controls the SMTP envelope and headers spoof those criteria? I'm curious what happens when those checks pass versus when they don't. And beyond just valid versus invalid, I wonder if the response codes reveal more than just whether an ID exists.

Don't modify any source files in the repository. You can create test scripts to observe the actual behavior, but clean them up when finished.",improved,0.1111111111111111,True,high,"The agent's final answer explicitly references the specific function name `parse_id_from_bounce()` and the parsing logic (extracting text between `+` signs) and the lack of cryptographic validation, which are the unique facts provided in the retrieved note."
20260907T013422.077076453Z-openclaw-sweatlasqa-pilot30-shuffle1-amem-task-sglang,task-6905333b74f22949d97ba9b2,11,2,2,60345a6a-4c07-4564-95b2-87f56de2b23a,49.56439,match,"Bounce detection (is_bounce function) checks: envelope.mail_from == ""<>"" AND msg.get_content_type() == ""multipart/report"". Both are attacker-controllable. Out-of-office detection checks msg[""Auto-Submitted""] header for ""auto-replied"" or ""auto-generated"" - also attacker-controllable. If a message to ",simple-login/app,2026-09-07T05:52:09.201Z,"I'm investigating a potential information leakage issue in SimpleLogin's bounce email handling system. I've noticed that the codebase appears to support two different address formats for processing email bounces, what looks like an older format with the email log ID visible in plain text and a newer format that seems to use some kind of signature verification.

I wonder how bounces are routed, I'm seeing that emails sent to addresses like bounce+12345+@domain seem to be processed differently than those using the newer signed format. What concerns me is whether an external attacker could craft bounce emails to these older-style addresses and learn something by observing the SMTP responses.

I'm curious what's actually happening under the hood here, where the security boundaries really are, and what slips through without cryptographic validation. I wonder what exact SMTP responses come back when probing different scenarios, such as hitting a valid ID versus an invalid one, and what happens when something doesn't quite meet the bounce validation requirements. I don't want theoretical explanations of what the code should do, I want to see actual evidence of how the system behaves in practice.

What also puzzles me is the bounce detection itself. What makes the system accept something as a bounce in the first place? What criteria does it check? Could an attacker who controls the SMTP envelope and headers spoof those criteria? I'm curious what happens when those checks pass versus when they don't. And beyond just valid versus invalid, I wonder if the response codes reveal more than just whether an ID exists.

Don't modify any source files in the repository. You can create test scripts to observe the actual behavior, but clean them up when finished.",improved,0.1111111111111111,True,high,"The agent's final answer explicitly states that bounce detection checks `envelope.mail_from == ""<>""` and `Content-Type: multipart/report`, which are the exact conditions specified in the retrieved note, indicating the note directly informed the security analysis."
20260907T013422.077076453Z-openclaw-sweatlasqa-pilot30-shuffle1-amem-task-sglang,task-6905333b74f22949d97ba9d2,20,2,1,41e5b657-9d36-471a-8043-6a2efbcb338e,69.77744,match,"paperless-ngx tags/correspondents/document_types organization: All three share MatchingModel base class with: name, match pattern (regex/string), matching_algorithm (ANY/ALL/LITERAL/REGEX/FUZZY/AUTO), is_insensitive. Tags additionally have color field and is_inbox_tag flag (inbox tags auto-apply to ",paperless-ngx/paperless-ngx,2026-09-07T10:07:43.521Z,"I’m trying to get a big-picture understanding of how documents flow through the system. How does a new document usually enter paperless-ngx. Once a document is received, what are the main stages it goes through before it’s fully processed and available, are there any background jobs and what is used for background execution.

I’m also curious about the kind of information paperless stores for each document. What metadata fields are saved, and which ones are absolutely required versus optional or derived later during runtime-processing. Can you show with a runtime example?

Also I wonder how things like tags, correspondents, and document types are used together to organize documents in a practical way.

Please don’t make any changes to the repository itself. You can create temporary scripts for testing if needed but do clean them up once you're done.",improved,0.0909090909090909,True,high,"The agent's final answer explicitly states that Tags, correspondents, and document types share the `MatchingModel` base class with specific fields (`name`, `match`, `matching_algorithm`) and notes the extra `is_inbox_tag` flag on tags, which directly mirrors the specific technical details provided in the retrieved note."
20260907T013422.077076453Z-openclaw-sweatlasqa-pilot30-shuffle1-amem-task-sglang,task-6905333b74f22949d97ba9d2,20,2,2,42a21b72-16ae-4b53-8406-1f2ab0cccf5c,69.002193,match,"paperless-ngx document lifecycle: 1) Document enters via 3 paths: consumption directory (watched by document_consumer management command via inotify/polling), API upload (PostDocumentView), or email attachments (paperless_mail). 2) Each path calls async_task(""documents.tasks.consume_file"", ...) via ",paperless-ngx/paperless-ngx,2026-09-07T10:07:23.991Z,"I’m trying to get a big-picture understanding of how documents flow through the system. How does a new document usually enter paperless-ngx. Once a document is received, what are the main stages it goes through before it’s fully processed and available, are there any background jobs and what is used for background execution.

I’m also curious about the kind of information paperless stores for each document. What metadata fields are saved, and which ones are absolutely required versus optional or derived later during runtime-processing. Can you show with a runtime example?

Also I wonder how things like tags, correspondents, and document types are used together to organize documents in a practical way.

Please don’t make any changes to the repository itself. You can create temporary scripts for testing if needed but do clean them up once you're done.",improved,0.0909090909090909,True,high,"The agent's final answer explicitly lists the three document entry paths (consumption directory, API upload, email attachments) and mentions the `consume_file` task, which are the specific facts contained in the retrieved note."
20260907T013422.077076453Z-openclaw-sweatlasqa-pilot30-shuffle1-amem-task-sglang,task-6905333b74f22949d97ba9d2,20,2,3,fbfa9631-7589-4aa8-9c19-1c5ae83f2c40,60.8911,match,"paperless-ngx Document model metadata fields: REQUIRED at creation: content (TextField, extracted OCR text, defaults to blank), mime_type (CharField, set by magic library), checksum (md5, unique, computed from original), storage_type (defaults unencrypted). AUTO/DERIVED: created (auto-set from parse",paperless-ngx/paperless-ngx,2026-09-07T10:07:33.585Z,"I’m trying to get a big-picture understanding of how documents flow through the system. How does a new document usually enter paperless-ngx. Once a document is received, what are the main stages it goes through before it’s fully processed and available, are there any background jobs and what is used for background execution.

I’m also curious about the kind of information paperless stores for each document. What metadata fields are saved, and which ones are absolutely required versus optional or derived later during runtime-processing. Can you show with a runtime example?

Also I wonder how things like tags, correspondents, and document types are used together to organize documents in a practical way.

Please don’t make any changes to the repository itself. You can create temporary scripts for testing if needed but do clean them up once you're done.",improved,0.0909090909090909,True,high,"The agent's final answer explicitly lists 'content, mime_type, checksum' as required-at-creation metadata, which directly mirrors the specific fields and their classification (REQUIRED at creation) provided in the retrieved note."
20260907T013422.077076453Z-openclaw-sweatlasqa-pilot30-shuffle1-amem-task-sglang,task-6905333b74f22949d97ba9d3,16,2,1,a6254605-e8b6-4770-9b22-34a7063813c4,45.79927,match,"paperless-ngx repository is at /app. Key directories: src/documents (main Django app for document processing), src/paperless_text, src/paperless_tesseract (OCR), src/paperless_tika (PDF text extraction), src/paperless_mail (email parsing), src-ui (Angular frontend), docker/, docs/.",paperless-ngx/paperless-ngx,2026-09-07T08:10:44.931Z,"I am trying to understand how paperless-ngx processes documents at runtime before making any changes. Once the application is up and all of its services are running, I want to submit a test PDF and observe how the ingestion pipeline actually behaves. As the document moves through the system, which services are involved, and what sequence of events shows up in the logs? I also want to upload a few more documents and watch how the system reacts after each one. Does the machine learning classifier retrain automatically on every upload, or only under certain conditions, and what log messages make it clear when training is happening versus when the classifier stays idle? After a document finishes processing, I want to see where it ends up on disk, what directory structure and filename pattern paperless-ngx uses by default, and which database tables receive new rows as part of ingestion. You should not modify or edit any existing files in the repository, but you can create temporary scripts or test documents if they help with the investigation, as long as everything you create is cleaned up when you are done.",degraded,-0.1818181818181818,False,high,"The agent's final answer provides a high-level conceptual summary of the paperless-ngx pipeline without referencing any specific file paths, directory structures, or module names (e.g., src/documents, src/paperless_tesseract) that were explicitly detailed in the retrieved note, indicating the note was not used to drive the specific content of the answer."
20260907T013422.077076453Z-openclaw-sweatlasqa-pilot30-shuffle1-amem-task-sglang,task-6905333b74f22949d97ba9d4,29,2,1,97dee762-88f8-44c6-bbb9-677900d3f08b,68.43922,match,"Paperless-NGX architecture: Docker-based Django app managed by supervisord with 3 main processes: 1) gunicorn (ASGI web server using UvicornWorker), 2) consumer (document_consumer management command for file consumption), 3) scheduler (qcluster for Celery/async task queue). Key modules: documents/co",paperless-ngx/paperless-ngx,2026-09-07T12:19:37.649Z,"I want to understand how Paperless-NGX behaves at runtime once the system is up and idle, before I start making changes to the codebase. Get Paperless-NGX running at the specified commit. Once it's idle and stable, what background processes or tasks continue executing automatically? What are the actual log entries that appear periodically showing the system is healthy and ready? I need the specific log messages, their frequency, and what they indicate. 
Also, if you briefly interrupt and restart part of the system, what specific log messages confirm everything has reconnected and is operational again? What components or processes keep running continuously to maintain Paperless-NGX in a ready state, even when no documents are being processed? You may use temporary helper commands or inspection tools if needed, but don’t modify any source files and clean up any temporary artifacts when you’re done.",degraded,-0.1818181818181817,True,high,"The agent's final answer explicitly lists the three main processes (gunicorn, consumer, scheduler) and their specific roles (ASGI web server, document consumption, async task queue) which directly mirror the structural information provided in the retrieved note."
20260907T013422.077076453Z-openclaw-sweatlasqa-pilot30-shuffle1-amem-task-sglang,task-6905333b74f22949d97ba9d4,29,2,2,90d30831-7dfd-41e3-8c3d-1e48f6ab9f35,67.55469,match,"Paperless-NGX 1.7.0 (commit 542221a38) runs on Docker with supervisord managing 3 processes: 1) gunicorn (ASGI web server on port 8000, 2 workers, UvicornWorker class, logs ""Server is ready. Spawning workers"" via gunicorn.when_ready callback), 2) consumer (document_consumer management command, watch",paperless-ngx/paperless-ngx,2026-09-07T12:31:39.089Z,"I want to understand how Paperless-NGX behaves at runtime once the system is up and idle, before I start making changes to the codebase. Get Paperless-NGX running at the specified commit. Once it's idle and stable, what background processes or tasks continue executing automatically? What are the actual log entries that appear periodically showing the system is healthy and ready? I need the specific log messages, their frequency, and what they indicate. 
Also, if you briefly interrupt and restart part of the system, what specific log messages confirm everything has reconnected and is operational again? What components or processes keep running continuously to maintain Paperless-NGX in a ready state, even when no documents are being processed? You may use temporary helper commands or inspection tools if needed, but don’t modify any source files and clean up any temporary artifacts when you’re done.",degraded,-0.1818181818181817,True,high,"The agent's final answer explicitly incorporates the specific version (1.7.0), commit hash (542221a38), and the three managed processes (gunicorn, consumer, scheduler) identified in the retrieved note, using these details to structure the runtime behavior analysis."
20260907T013422.077076453Z-openclaw-sweatlasqa-pilot30-shuffle1-amem-task-sglang,task-6905333b74f22949d97ba9d5,30,2,1,1a7c3e1c-32ad-48c7-bd0a-dbcdba33956d,72.50551,match,Paperless-NGX document ingestion pipeline: 1) File detected via management command document_consumer.py using inotify/polling/file-watching on CONSUMPTION_DIR; 2) File queued as Django-Q async task (consume_file in tasks.py) with task_name=os.path.basename(filepath)[:100]; 3) Consumer.try_consume_fi,paperless-ngx/paperless-ngx,2026-09-07T13:08:40.478Z,"I’m trying to understand how data moves through Paperless-NGX during normal document ingestion so I can get oriented before working on the codebase. When Paperless-NGX is running from this repository at the specified commit and a new document appears in the system, what observable runtime behavior shows how the document is detected and handed off for processing? What log messages, task names, or state changes indicate the transition from initial detection into parsing, classification, and indexing, and how does the system reflect progress or completion of each stage while the document is being processed? After processing finishes, what observable evidence shows where the document’s data ends up and how its final state is recorded? Based on what you can directly observe at runtime, how does Paperless-NGX track whether a document has already been processed or needs further work, and what behavior or logs indicate how the system avoids duplicate processing? Keep the explanation grounded in runtime observations rather than assumptions from reading the code alone. You may use temporary test files if helpful, but don’t modify any source files and clean up any temporary artifacts when you’re done.",,,True,high,"The agent's final answer explicitly incorporates specific details from the retrieved note, such as the use of `document_consumer.py`, the mechanism of inotify/polling on `CONSUMPTION_DIR`, and the queuing of the `consume_file` task in Django-Q, which directly mirrors the facts presented in the note."
20260907T013422.077076453Z-openclaw-sweatlasqa-pilot30-shuffle1-amem-task-sglang,task-6905333b74f22949d97ba9d9,21,2,1,7df1eac8-626c-4ace-aaf6-2da8217b2bbf,72.32562,match,"paperless-ngx background ingestion architecture: The main async task is documents.tasks.consume_file(), called via django_q.tasks.async_task. This function handles barcode splitting, delegates to Consumer.try_consume_file() for parsing/OCR/thumbnail/document creation, and sends progress updates via ",paperless-ngx/paperless-ngx,2026-09-07T10:15:46.078Z,"I'm trying to understand how paperless-ngx actually handles background processing when it ingests documents. I want to see what happens at runtime, not just read the config files.

Can you help me make sense of how async work behaves in a live setup? I’m interested in what services are involved behind the scenes, how background jobs appear once they are created, and how the system tells the difference between work that is waiting and work that is actively being processed. I also want to understand where the task state ends up being stored and how you can tell, after the fact, what happened to a given job.

From the code perspective, I want to connect that runtime behavior back to its origin. Where are these background jobs actually triggered, and what part of the code is responsible for sending them into the queue? Don’t modify any repository source files. If you need to create temporary scripts or artifacts to observe behavior, that’s fine, but clean them up afterward and leave the codebase unchanged.",degraded,-0.3,True,high,"The agent's final answer explicitly identifies `documents.tasks.consume_file` as the main async task and mentions `async_task`, directly reflecting the specific function names and mechanism described in the retrieved note."
20260907T013422.077076453Z-openclaw-sweatlasqa-pilot30-shuffle1-amem-task-sglang,task-6905333b74f22949d97ba9d9,21,2,2,6476e226-2076-49af-a856-1010d147371c,70.14719000000001,match,"paperless-ngx uses Django Q (not Celery) as its task queue backend. The broker is Redis (configurable via PAPERLESS_REDIS env var, default redis://localhost:6379). Key Django Q settings: name=""paperless"", workers from TASK_WORKERS (default based on CPU count), retry=PAPERLESS_WORKER_RETRY, timeout=P",paperless-ngx/paperless-ngx,2026-09-07T10:15:39.186Z,"I'm trying to understand how paperless-ngx actually handles background processing when it ingests documents. I want to see what happens at runtime, not just read the config files.

Can you help me make sense of how async work behaves in a live setup? I’m interested in what services are involved behind the scenes, how background jobs appear once they are created, and how the system tells the difference between work that is waiting and work that is actively being processed. I also want to understand where the task state ends up being stored and how you can tell, after the fact, what happened to a given job.

From the code perspective, I want to connect that runtime behavior back to its origin. Where are these background jobs actually triggered, and what part of the code is responsible for sending them into the queue? Don’t modify any repository source files. If you need to create temporary scripts or artifacts to observe behavior, that’s fine, but clean them up afterward and leave the codebase unchanged.",degraded,-0.3,True,high,"The agent's final answer explicitly states that Paperless-ngx uses Django Q (not Celery) backed by Redis, which is the specific technical detail provided in the retrieved note, and this forms the foundation of the subsequent explanation about the `qcluster` process and task storage."
20260907T013422.077076453Z-openclaw-sweatlasqa-pilot30-shuffle1-amem-task-sglang,task-6905333b74f22949d97ba9d9,21,2,3,394f1c01-ea6b-4295-ada9-6752311f841f,66.67539000000001,match,paperless-ngx supervision: Docker uses supervisord with 3 processes: 1) gunicorn (WSGI/ASGI server for Django REST API + WebSocket) 2) consumer (document_consumer management command watching CONSUMPTION_DIR) 3) scheduler (qcluster management command running Django Q workers). The qcluster command ma,paperless-ngx/paperless-ngx,2026-09-07T10:16:18.583Z,"I'm trying to understand how paperless-ngx actually handles background processing when it ingests documents. I want to see what happens at runtime, not just read the config files.

Can you help me make sense of how async work behaves in a live setup? I’m interested in what services are involved behind the scenes, how background jobs appear once they are created, and how the system tells the difference between work that is waiting and work that is actively being processed. I also want to understand where the task state ends up being stored and how you can tell, after the fact, what happened to a given job.

From the code perspective, I want to connect that runtime behavior back to its origin. Where are these background jobs actually triggered, and what part of the code is responsible for sending them into the queue? Don’t modify any repository source files. If you need to create temporary scripts or artifacts to observe behavior, that’s fine, but clean them up afterward and leave the codebase unchanged.",degraded,-0.3,True,high,"The agent's final answer explicitly lists the three supervisord processes (gunicorn, consumer, scheduler/qcluster) and their roles, which directly mirrors the specific details provided in the retrieved note."
20260907T013422.077076453Z-openclaw-sweatlasqa-pilot30-shuffle1-amem-task-sglang,task-6905333b74f22949d97ba9d9,21,2,4,ee597733-0e16-4b1c-bfb1-293ce4b76dca,62.685037,match,"paperless-ngx post-consumption signals (document_consumption_finished): When a document is consumed, this Django signal fires connected handlers in apps.py: add_inbox_tags (adds inbox tags), set_correspondent (auto-match from classifier), set_document_type (auto-match), set_tags (auto-tag), set_log_",paperless-ngx/paperless-ngx,2026-09-07T10:16:11.899Z,"I'm trying to understand how paperless-ngx actually handles background processing when it ingests documents. I want to see what happens at runtime, not just read the config files.

Can you help me make sense of how async work behaves in a live setup? I’m interested in what services are involved behind the scenes, how background jobs appear once they are created, and how the system tells the difference between work that is waiting and work that is actively being processed. I also want to understand where the task state ends up being stored and how you can tell, after the fact, what happened to a given job.

From the code perspective, I want to connect that runtime behavior back to its origin. Where are these background jobs actually triggered, and what part of the code is responsible for sending them into the queue? Don’t modify any repository source files. If you need to create temporary scripts or artifacts to observe behavior, that’s fine, but clean them up afterward and leave the codebase unchanged.",degraded,-0.3,True,high,"The final answer explicitly details the 'document_consumption_finished' signal and lists the specific synchronous handlers (inbox tagging, ML matching, etc.) described in the retrieved note, indicating the agent used this specific information to explain the post-consumption behavior."
20260907T013422.077076453Z-openclaw-sweatlasqa-pilot30-shuffle1-amem-task-sglang,task-6905333b74f22949d97ba9d9,21,2,5,fafd86e9-78d8-4b77-a307-d14b9f42071b,51.26275,match,"Django Q task state storage: tasks are stored in the ORM (PostgreSQL/SQLite) via the django_q.Task model. The OrmQ model holds the waiting queue (key, payload, lock). Task states are: in OrmQ queue = waiting; picked up by worker = in progress; completed/failed = in django_q.Task (success=True/False)",paperless-ngx/paperless-ngx,2026-09-07T10:15:58.769Z,"I'm trying to understand how paperless-ngx actually handles background processing when it ingests documents. I want to see what happens at runtime, not just read the config files.

Can you help me make sense of how async work behaves in a live setup? I’m interested in what services are involved behind the scenes, how background jobs appear once they are created, and how the system tells the difference between work that is waiting and work that is actively being processed. I also want to understand where the task state ends up being stored and how you can tell, after the fact, what happened to a given job.

From the code perspective, I want to connect that runtime behavior back to its origin. Where are these background jobs actually triggered, and what part of the code is responsible for sending them into the queue? Don’t modify any repository source files. If you need to create temporary scripts or artifacts to observe behavior, that’s fine, but clean them up afterward and leave the codebase unchanged.",degraded,-0.3,True,high,The final answer explicitly details the storage locations for task states (waiting in `django_q.orm_q` and completed/failed in `django_q.task`) which directly mirrors the specific technical claims and table names provided in the retrieved note.
20260907T013422.077076453Z-openclaw-sweatlasqa-pilot30-shuffle1-amem-task-sglang,task-6905333b74f22949d97ba9dc,25,2,1,3f8e7d51-9c8f-4bb3-90ac-780137495c3c,71.64283,match,"Paperless-ngx document upload flow: 1) POST to /api/documents/post_document/ returns HTTP 200 ""OK"" immediately (async), writing temp file to SCRATCH_DIR with prefix ""paperless-upload-"". 2) async_task calls documents.tasks.consume_file -> Consumer().try_consume_file() which runs: STARTING/new_file ->",paperless-ngx/paperless-ngx,2026-09-07T10:49:50.846Z,"I'm getting inconsistent OCR results when testing paperless-ngx locally with multi-page PDFs and need to understand the processing behavior better. Get the development environment running normally (create admin user if needed during setup), then upload a multi-page PDF through the standard interface that requires OCR processing. What HTTP response status and message do you receive immediately after upload submission? As processing happens, what key log patterns appear that show the document moving through different stages, including the OCRmyPDF invocation parameters? After processing finishes, what do the generated archive PDF and thumbnail filenames look like in the media storage area? Check the document record in the database - what fields are actually stored (not filesystem-only metadata) and what values appear for the processed document? No file modifications or permanent changes allowed, clean up any test files completely when done.",degraded,-0.125,True,high,"The agent's final answer explicitly states the HTTP 200 'OK' response and the async nature of the upload, which are specific facts contained in the retrieved note, and it correctly identifies the initial processing stages mentioned in the note."
20260907T013422.077076453Z-openclaw-sweatlasqa-pilot30-shuffle1-amem-task-sglang,task-6905333b74f22949d97ba9dc,25,2,2,014d51f1-4be4-4248-b260-d3d6a00d67a7,62.87376999999999,match,"Paperless-ngx repository located at /app. Key source directories: src/documents/ (core models/views/consumer), src/paperless_tesseract/ (OCR processing), src/paperless_text/ (text parser), src/paperless_tika/ (Tika parser), src/paperless/ (Django project settings).",paperless-ngx/paperless-ngx,2026-09-07T10:45:35.990Z,"I'm getting inconsistent OCR results when testing paperless-ngx locally with multi-page PDFs and need to understand the processing behavior better. Get the development environment running normally (create admin user if needed during setup), then upload a multi-page PDF through the standard interface that requires OCR processing. What HTTP response status and message do you receive immediately after upload submission? As processing happens, what key log patterns appear that show the document moving through different stages, including the OCRmyPDF invocation parameters? After processing finishes, what do the generated archive PDF and thumbnail filenames look like in the media storage area? Check the document record in the database - what fields are actually stored (not filesystem-only metadata) and what values appear for the processed document? No file modifications or permanent changes allowed, clean up any test files completely when done.",degraded,-0.125,True,high,"The agent explicitly references the repository location `/app` and the specific source directory structure (`src/documents/`, `src/paperless_tesseract/`, etc.) mentioned in the note to frame its analysis of the codebase, indicating it used the note to orient its investigation of the project structure."
20260907T111756.126345861Z-openclaw-sweatlasqa-pilot30-shuffle2-amem-task-sglang,task-6905333b74f22949d97ba9a4,14,2,1,be18efea-c1bf-46d2-b6e5-2ab7d60893f5,61.66686,match,"SimpleLogin is a Python Flask web application for email alias masking. The main web app (server.py) uses create_app() to build the Flask app with ProxyFix for nginx, registers 9 blueprints (auth, monitor, dashboard, developer, phone, oauth, onboarding, discover, internal, api). Debug mode runs on po",simple-login/app,2026-09-07T16:50:44.342Z,"I'm trying to understand what actually happens when SimpleLogin is started locally in development environment. I'm wondering how the backend starts up in dev mode, how configuration is loaded, which log messages indicate that it's ready to accept requests, and what ports or endpoints it exposes. 

I’m interested in how a single authenticated request is handled by the app, where the request first enters the application, how the user identity is determined at runtime, and how that authentication context is carried through request handling. The entry point and user identification flow are my main concerns here. I also want to know whether the app automatically starts any background jobs or schedulers, or if there’s anything going on besides handling incoming requests.

I'm not looking for what the code says should happen, I want to know what actually gets printed when you run it. Please don’t modify any repository source files while investigating. Temporary scripts are fine if needed, but leave the codebase unchanged and clean up anything you create when you’re done.",,,False,high,"The agent's subsequent actions consist solely of a reasoning snippet stating it will write the answer, followed by the final answer which is identical to that reasoning snippet, indicating the agent failed to generate the actual response and did not incorporate any specific details from the retrieved note."
20260907T111756.126345861Z-openclaw-sweatlasqa-pilot30-shuffle2-amem-task-sglang,task-6905333b74f22949d97ba9a4,14,2,2,e3cff17e-9427-4bc9-897a-ec928b7e91b8,56.23333,match,"Startup sequence: config.py loads .env file (via dotenv), then config.py prints "">>> init logging <<<"" and "">>> URL: <url>"". Log module prints "">>> init logging <<<"". Flask server creates app, sets up DB URI, secret key, sessions, extensions (login_manager, flask_limiter), blueprints, admin panel, P",simple-login/app,2026-09-07T16:50:48.319Z,"I'm trying to understand what actually happens when SimpleLogin is started locally in development environment. I'm wondering how the backend starts up in dev mode, how configuration is loaded, which log messages indicate that it's ready to accept requests, and what ports or endpoints it exposes. 

I’m interested in how a single authenticated request is handled by the app, where the request first enters the application, how the user identity is determined at runtime, and how that authentication context is carried through request handling. The entry point and user identification flow are my main concerns here. I also want to know whether the app automatically starts any background jobs or schedulers, or if there’s anything going on besides handling incoming requests.

I'm not looking for what the code says should happen, I want to know what actually gets printed when you run it. Please don’t modify any repository source files while investigating. Temporary scripts are fine if needed, but leave the codebase unchanged and clean up anything you create when you’re done.",,,False,high,"The agent's subsequent actions and final answer consist only of a placeholder statement ('Now let me write the comprehensive answer:') and do not contain any specific details, log messages, or configuration paths from the retrieved note, indicating the note was not actually utilized to generate the response."
20260907T111756.126345861Z-openclaw-sweatlasqa-pilot30-shuffle2-amem-task-sglang,task-6905333b74f22949d97ba9a4,14,2,3,a710ca87-eba1-41a0-8160-b68bc6ad7cac,47.713855,match,"Ports and endpoints: Web app on 7777 (gunicorn in production, flask debug dev server on 7777). Email handler SMTP on configurable port (default 20381 via argparse -p). Health check endpoint: GET /health returns ""success"" 200. Blueprints: /auth/* (login, register, oauth), /dashboard/* (user dashboard",simple-login/app,2026-09-07T16:51:36.464Z,"I'm trying to understand what actually happens when SimpleLogin is started locally in development environment. I'm wondering how the backend starts up in dev mode, how configuration is loaded, which log messages indicate that it's ready to accept requests, and what ports or endpoints it exposes. 

I’m interested in how a single authenticated request is handled by the app, where the request first enters the application, how the user identity is determined at runtime, and how that authentication context is carried through request handling. The entry point and user identification flow are my main concerns here. I also want to know whether the app automatically starts any background jobs or schedulers, or if there’s anything going on besides handling incoming requests.

I'm not looking for what the code says should happen, I want to know what actually gets printed when you run it. Please don’t modify any repository source files while investigating. Temporary scripts are fine if needed, but leave the codebase unchanged and clean up anything you create when you’re done.",,,False,high,"The agent's subsequent actions and final answer consist solely of a placeholder statement ('Now let me write the comprehensive answer:') and do not contain any of the specific facts from the retrieved note, such as port 7777, port 20381, or the /health endpoint."
20260907T111756.126345861Z-openclaw-sweatlasqa-pilot30-shuffle2-amem-task-sglang,task-6905333b74f22949d97ba9a4,14,2,4,e3927497-b1b8-4297-ae16-a74df0b1043c,40.688032,link,"Authentication flow: web requests first hit server.py before_request handler which records start_time and extracts slref ref_code. For web pages, flask_login handles auth via session cookie (slapp). The login_manager uses load_user() which fetches User by alternative_id from DB, checks disabled/is_a",simple-login/app,2026-09-07T16:50:44.343Z,"I'm trying to understand what actually happens when SimpleLogin is started locally in development environment. I'm wondering how the backend starts up in dev mode, how configuration is loaded, which log messages indicate that it's ready to accept requests, and what ports or endpoints it exposes. 

I’m interested in how a single authenticated request is handled by the app, where the request first enters the application, how the user identity is determined at runtime, and how that authentication context is carried through request handling. The entry point and user identification flow are my main concerns here. I also want to know whether the app automatically starts any background jobs or schedulers, or if there’s anything going on besides handling incoming requests.

I'm not looking for what the code says should happen, I want to know what actually gets printed when you run it. Please don’t modify any repository source files while investigating. Temporary scripts are fine if needed, but leave the codebase unchanged and clean up anything you create when you’re done.",,,False,high,"The agent's subsequent actions and final answer consist only of a placeholder statement ('Now let me write the comprehensive answer:') and do not contain any specific details, file paths, or logic from the retrieved note regarding the authentication flow, server.py, or slref."
20260907T111756.126345861Z-openclaw-sweatlasqa-pilot30-shuffle2-amem-task-sglang,task-6905333b74f22949d97ba9a4,14,2,5,8ea6130b-43cf-4c25-9028-1c16ec5d24f0,46.270502,link,"Background jobs: 1) job_runner.py - runs every 10s polling Job table for tasks like onboarding emails, batch imports, account deletion, mailbox deletion, domain deletion, user reports. 2) cron.py - CLI scheduled tasks (stats, delete_logs, check_custom_domain, check_hibp, notify_hibp, poll_apple, etc",simple-login/app,2026-09-07T16:51:33.985Z,"I'm trying to understand what actually happens when SimpleLogin is started locally in development environment. I'm wondering how the backend starts up in dev mode, how configuration is loaded, which log messages indicate that it's ready to accept requests, and what ports or endpoints it exposes. 

I’m interested in how a single authenticated request is handled by the app, where the request first enters the application, how the user identity is determined at runtime, and how that authentication context is carried through request handling. The entry point and user identification flow are my main concerns here. I also want to know whether the app automatically starts any background jobs or schedulers, or if there’s anything going on besides handling incoming requests.

I'm not looking for what the code says should happen, I want to know what actually gets printed when you run it. Please don’t modify any repository source files while investigating. Temporary scripts are fine if needed, but leave the codebase unchanged and clean up anything you create when you’re done.",,,False,high,"The agent's subsequent actions and final answer consist solely of a placeholder statement ('Now let me write the comprehensive answer:') and do not contain any information from the retrieved note regarding background jobs, job_runner.py, or cron.py."
20260907T111756.126345861Z-openclaw-sweatlasqa-pilot30-shuffle2-amem-task-sglang,task-6905333b74f22949d97ba9a5,12,2,1,07d47e05-7250-4afd-8669-0431622f3063,63.37044,match,"Alias creation validation flow: check_suffix_signature catches BadSignature internally and returns None for both expired and tampered signatures. API v2/v3 return 412 with ""Alias creation time is expired, please retry"" and log ""Alias creation time expired for {user}"" when signature is invalid/expire",simple-login/app,2026-09-07T15:53:57.558Z,"I am debugging intermittent validation failures during custom alias creation that don't match the expected behavior, which seems related to how signed suffixes are verified. When attempting to create custom aliases with invalid or expired signed suffixes, what exact HTTP status codes and error messages appear in the API responses, and what corresponding validation log entries show up in the server console? Check whether any rate-limiting headers appear in the responses and what their actual values are. For successful alias creation attempts, what quota-related checks occur, what specific values get logged when the system verifies whether the user can create more aliases? Trace through the execution path to identify which component validates signed suffixes and enforces creation limits, and what conditions trigger rejection. Don't modify the repository code temporary test scripts or API calls are fine but keep the codebase unchanged.",improved,0.0769230769230768,True,high,"The agent's final answer explicitly states that `check_suffix_signature()` returns `None` for both expired and tampered signatures and that the API returns HTTP 412 with the specific message 'Alias creation time is expired', which directly matches the facts provided in the retrieved note."
20260907T111756.126345861Z-openclaw-sweatlasqa-pilot30-shuffle2-amem-task-sglang,task-6905333b74f22949d97ba9a5,12,2,2,20a4db8c-5b7a-4817-8bc5-63a2963fd5f4,49.098265000000005,match,"Codebase is a Python Flask app (SimpleLogin-like email alias service). Key alias-related files: app/alias_suffix.py (signed suffixes), app/alias_utils.py (alias creation logic), app/api/ (API handlers), app/errors.py (error handling), app/rate_limiter.py (rate limiting).",simple-login/app,2026-09-07T15:40:54.894Z,"I am debugging intermittent validation failures during custom alias creation that don't match the expected behavior, which seems related to how signed suffixes are verified. When attempting to create custom aliases with invalid or expired signed suffixes, what exact HTTP status codes and error messages appear in the API responses, and what corresponding validation log entries show up in the server console? Check whether any rate-limiting headers appear in the responses and what their actual values are. For successful alias creation attempts, what quota-related checks occur, what specific values get logged when the system verifies whether the user can create more aliases? Trace through the execution path to identify which component validates signed suffixes and enforces creation limits, and what conditions trigger rejection. Don't modify the repository code temporary test scripts or API calls are fine but keep the codebase unchanged.",improved,0.0769230769230768,True,high,"The agent's final answer explicitly references the specific file `app/alias_suffix.py` and the function `check_suffix_signature()` identified in the retrieved note, and uses the note's description of the codebase structure to frame the analysis of the signature validation flaw."
20260907T111756.126345861Z-openclaw-sweatlasqa-pilot30-shuffle2-amem-task-sglang,task-6905333b74f22949d97ba9aa,11,2,1,8630e7f8-8496-4c5c-866c-ed6f0a04793a,61.63883,match,"Email handler logs: On start ""Listen for port 20381"" (LOG.i). On receiving email ""New message, mail from X, rctp tos Y"" (LOG.i). On completion ""Finish mail_from X, rcpt_tos Y, takes Z seconds with return code 'W'<<=="" (LOG.i). Uses LOG format with message_id tracking for email lifecycle.",simple-login/app,2026-09-07T15:34:18.017Z,"I'm new to SimpleLogin and trying to get everything running locally. Once the application starts, how can I tell that the web server, email handler, and job runner are actually up and responding? What should I see in the logs or dashboard UI that confirms users can sign in and manage their aliases?

After it's running, try performing some basic user actions like creating a new account, creating an alias, and having that alias receive an email. What happens when a new account interacts with aliases or tries to receive mail, and how does the system show that these actions were handled correctly? What should I see at runtime that confirms the behavior you would expect?

While the application is active, do the email handler and job runner automatically come online in the background to support email activity or data handling? What behavior suggests that these internal components are functioning as intended across different situations?

Do not modify the source code. You can create temporary testing data such as accounts or aliases but clean them up when you are done.",tied,0.0,True,high,"The agent's final answer explicitly includes the specific log messages and format described in the retrieved note (e.g., 'Listen for port 20381', 'New message, mail from X, rctp tos Y', and the specific completion log string with return code), indicating it used the note to construct the verification steps for the email handler."
20260907T111756.126345861Z-openclaw-sweatlasqa-pilot30-shuffle2-amem-task-sglang,task-6905333b74f22949d97ba9aa,11,2,2,14c45bd7-5bf9-4ed8-95ab-d5836a32effb,63.02997,match,"SimpleLogin has 3 main components: 1) server.py - Flask web app on port 7777 (dashboard/UI for aliases), 2) email_handler.py - aiosmtpd SMTP server on port 20381 (handles email forwarding/reply), 3) job_runner.py - background scheduler that polls the Job table every 10s for onboarding, batch import,",simple-login/app,2026-09-07T15:34:18.019Z,"I'm new to SimpleLogin and trying to get everything running locally. Once the application starts, how can I tell that the web server, email handler, and job runner are actually up and responding? What should I see in the logs or dashboard UI that confirms users can sign in and manage their aliases?

After it's running, try performing some basic user actions like creating a new account, creating an alias, and having that alias receive an email. What happens when a new account interacts with aliases or tries to receive mail, and how does the system show that these actions were handled correctly? What should I see at runtime that confirms the behavior you would expect?

While the application is active, do the email handler and job runner automatically come online in the background to support email activity or data handling? What behavior suggests that these internal components are functioning as intended across different situations?

Do not modify the source code. You can create temporary testing data such as accounts or aliases but clean them up when you are done.",tied,0.0,True,high,"The agent's final answer explicitly lists the three components (server.py, email_handler.py, job_runner.py) and their specific ports (7777, 20381) and behaviors (polling every 10s) exactly as described in the retrieved note, using this structure to organize the verification steps."
20260907T111756.126345861Z-openclaw-sweatlasqa-pilot30-shuffle2-amem-task-sglang,task-6905333b74f22949d97ba9aa,11,2,3,613b41a7-40b8-495b-baa8-9f9156f5a683,51.055527,match,"Email forwarding flow: When email arrives at alias@domain, MailHandler._handle creates a unique message_id, calls handle() which calls handle_forward(). Forward looks up alias, creates contact from sender, forwards to user's mailbox(es) with reverse-alias headers, DKIM signing, and VERP. EmailLog re",simple-login/app,2026-09-07T15:34:18.008Z,"I'm new to SimpleLogin and trying to get everything running locally. Once the application starts, how can I tell that the web server, email handler, and job runner are actually up and responding? What should I see in the logs or dashboard UI that confirms users can sign in and manage their aliases?

After it's running, try performing some basic user actions like creating a new account, creating an alias, and having that alias receive an email. What happens when a new account interacts with aliases or tries to receive mail, and how does the system show that these actions were handled correctly? What should I see at runtime that confirms the behavior you would expect?

While the application is active, do the email handler and job runner automatically come online in the background to support email activity or data handling? What behavior suggests that these internal components are functioning as intended across different situations?

Do not modify the source code. You can create temporary testing data such as accounts or aliases but clean them up when you are done.",tied,0.0,False,high,"The agent's final answer describes high-level UI flows, HTTP endpoints, and general log messages (e.g., 'Listen for port 20381', 'Take job X') but does not mention any of the specific technical details from the retrieved note, such as `MailHandler._handle`, `handle_forward()`, `reverse-alias headers`, `DKIM signing`, or `VERP`."
20260907T111756.126345861Z-openclaw-sweatlasqa-pilot30-shuffle2-amem-task-sglang,task-6905333b74f22949d97ba9aa,11,2,4,32bcfd61-e28a-4340-bc7c-4a32179fb485,59.63055000000001,match,"Job runner logs: On start it enters the main loop. On finding jobs: ""Take job X"" (LOG.d). Processes jobs by name (JOB_ONBOARDING_1/2/4, JOB_BATCH_IMPORT, JOB_DELETE_ACCOUNT, JOB_DELETE_MAILBOX, JOB_SEND_USER_REPORT, etc). Polls every 10 seconds via time.sleep(10).",simple-login/app,2026-09-07T15:34:18.025Z,"I'm new to SimpleLogin and trying to get everything running locally. Once the application starts, how can I tell that the web server, email handler, and job runner are actually up and responding? What should I see in the logs or dashboard UI that confirms users can sign in and manage their aliases?

After it's running, try performing some basic user actions like creating a new account, creating an alias, and having that alias receive an email. What happens when a new account interacts with aliases or tries to receive mail, and how does the system show that these actions were handled correctly? What should I see at runtime that confirms the behavior you would expect?

While the application is active, do the email handler and job runner automatically come online in the background to support email activity or data handling? What behavior suggests that these internal components are functioning as intended across different situations?

Do not modify the source code. You can create temporary testing data such as accounts or aliases but clean them up when you are done.",tied,0.0,True,high,"The agent's final answer explicitly includes the specific log message 'DEBUG - ""Take job X""' and the polling interval 'every 10 seconds' for the Job Runner, which are unique details found only in the retrieved note."
20260907T111756.126345861Z-openclaw-sweatlasqa-pilot30-shuffle2-amem-task-sglang,task-6905333b74f22949d97ba9aa,11,2,5,dff2ff87-70ce-4896-bea4-1429843fb5b0,53.12731000000001,match,"SMTP status codes: E200=""250 Message accepted"", E209=""250 SL E209 Email Loop"", E502=""550 SL E502 Email not exist"", E504=""550 SL E504 Account disabled"", E519=""550 SL E519 Email detected as spam"". The email_handler.py imports status module with all these codes.",simple-login/app,2026-09-07T15:34:18.019Z,"I'm new to SimpleLogin and trying to get everything running locally. Once the application starts, how can I tell that the web server, email handler, and job runner are actually up and responding? What should I see in the logs or dashboard UI that confirms users can sign in and manage their aliases?

After it's running, try performing some basic user actions like creating a new account, creating an alias, and having that alias receive an email. What happens when a new account interacts with aliases or tries to receive mail, and how does the system show that these actions were handled correctly? What should I see at runtime that confirms the behavior you would expect?

While the application is active, do the email handler and job runner automatically come online in the background to support email activity or data handling? What behavior suggests that these internal components are functioning as intended across different situations?

Do not modify the source code. You can create temporary testing data such as accounts or aliases but clean them up when you are done.",tied,0.0,False,high,"The agent's final answer describes the general behavior and log messages of the email handler but does not reference the specific SMTP status codes (E200, E209, E502, etc.) or the `status module` import details provided in the retrieved note, indicating the note was not utilized to construct the response."
20260907T111756.126345861Z-openclaw-sweatlasqa-pilot30-shuffle2-amem-task-sglang,task-6905333b74f22949d97ba9aa,11,2,6,d4ff9b1e-674c-4c42-ae50-4e21f88d9daa,49.067938,link,"Web server health check: GET /health returns ""success"" with 200 status. The dashboard is at /dashboard/ and requires login. Auth routes at /auth/login and /auth/register. Registration sends activation email. Login redirects authenticated users to dashboard.",simple-login/app,2026-09-07T15:34:18.018Z,"I'm new to SimpleLogin and trying to get everything running locally. Once the application starts, how can I tell that the web server, email handler, and job runner are actually up and responding? What should I see in the logs or dashboard UI that confirms users can sign in and manage their aliases?

After it's running, try performing some basic user actions like creating a new account, creating an alias, and having that alias receive an email. What happens when a new account interacts with aliases or tries to receive mail, and how does the system show that these actions were handled correctly? What should I see at runtime that confirms the behavior you would expect?

While the application is active, do the email handler and job runner automatically come online in the background to support email activity or data handling? What behavior suggests that these internal components are functioning as intended across different situations?

Do not modify the source code. You can create temporary testing data such as accounts or aliases but clean them up when you are done.",tied,0.0,True,high,"The agent's final answer explicitly lists the health check endpoint '/health' returning 'success' with 200 status, the dashboard path '/dashboard/', and auth routes '/auth/login' and '/auth/register', which are specific details found in the retrieved note."
20260907T111756.126345861Z-openclaw-sweatlasqa-pilot30-shuffle2-amem-task-sglang,task-6905333b74f22949d97ba9aa,11,2,7,1e03ce5e-eba8-4174-b86d-34d9b9e32c82,44.495255,link,"Alias creation flow: Users can create random aliases (form ""create-random-email"" on dashboard index) or custom aliases (/dashboard/custom_alias). Random aliases use word or uuid schemes. Dashboard shows stats: nb_alias, nb_forward, nb_reply, nb_block. After creation, flash success message and redire",simple-login/app,2026-09-07T15:34:18.021Z,"I'm new to SimpleLogin and trying to get everything running locally. Once the application starts, how can I tell that the web server, email handler, and job runner are actually up and responding? What should I see in the logs or dashboard UI that confirms users can sign in and manage their aliases?

After it's running, try performing some basic user actions like creating a new account, creating an alias, and having that alias receive an email. What happens when a new account interacts with aliases or tries to receive mail, and how does the system show that these actions were handled correctly? What should I see at runtime that confirms the behavior you would expect?

While the application is active, do the email handler and job runner automatically come online in the background to support email activity or data handling? What behavior suggests that these internal components are functioning as intended across different situations?

Do not modify the source code. You can create temporary testing data such as accounts or aliases but clean them up when you are done.",tied,0.0,True,high,"The agent's final answer explicitly references the specific dashboard paths ('create-random-email', '/dashboard/custom_alias') and the specific statistics displayed ('nb_alias, nb_forward, nb_reply, nb_block') mentioned in the retrieved note, indicating it used this information to describe the alias creation flow and dashboard verification."
20260907T111756.126345861Z-openclaw-sweatlasqa-pilot30-shuffle2-amem-task-sglang,task-6905333b74f22949d97ba9ab,4,2,1,430d959a-133a-42ba-91c3-aaa292ba81f0,66.025335,match,"Validation and error handling for alias creation: 1) Quota check: user.can_create_new_alias() checks free plan limit (MAX_NB_EMAIL_FREE_PLAN, default 5); returns 400 with message about plan upgrade. 2) Rate limiting: flask-limiter with ALIAS_LIMIT config, returns 429. 3) Parallel lock: Redis-based c",simple-login/app,2026-09-07T13:38:24.774Z,"I want to understand how SimpleLogin behaves during a normal alias-creation flow. To do that, run the full application locally using the standard development setup, login with any test user, and create a new alias while observing the system in real time.

As you go through this flow, watch the frontend and note exactly what request it sends to the backend when an alias is created. Then observe what the backend returns, including any status codes, payloads, or metadata that appear in the response. While the request is being processed, check what changes occur in the database. Identify which records are inserted or updated, how many tables are touched, and whether any related entities are created as part of the same operation.

Pay close attention to the logs to see whether the system triggers any background tasks, emits follow-up events, or performs additional work beyond the initial write. If anything fails, such as validation problems, DB errors, or network issues. Note how the error surfaces in the API response, logs, and resulting database state. Don't modify any of the repository source files while investigating. Feel free to create temporary scripts that's fine, but leave the actual codebase as you found it and ensure to clean up any temporary files or scripts you create when you're done.",improved,0.2857142857142857,False,high,"The agent's final answer describes specific database tables (e.g., `daily_metric`, `alias_audit_log`, `sync_event`) and API endpoints that are not mentioned in the retrieved note, which only covers quota checks, rate limiting, and parallel locks; the note's specific constraints were not reflected in the detailed technical findings."
20260907T111756.126345861Z-openclaw-sweatlasqa-pilot30-shuffle2-amem-task-sglang,task-6905333b74f22949d97ba9ab,4,2,2,a166b218-eb9b-4c71-8fa0-6a0d6a1e566c,65.252876,match,"SimpleLogin alias creation flow: The system supports 3 alias creation paths (API and Dashboard). API endpoints: POST /api/alias/random/new (random), POST /api/v2/alias/custom/new (custom v2), POST /api/v3/alias/custom/new (custom v3 with multiple mailboxes). Dashboard: POST /dashboard/custom_alias (",simple-login/app,2026-09-07T13:34:58.368Z,"I want to understand how SimpleLogin behaves during a normal alias-creation flow. To do that, run the full application locally using the standard development setup, login with any test user, and create a new alias while observing the system in real time.

As you go through this flow, watch the frontend and note exactly what request it sends to the backend when an alias is created. Then observe what the backend returns, including any status codes, payloads, or metadata that appear in the response. While the request is being processed, check what changes occur in the database. Identify which records are inserted or updated, how many tables are touched, and whether any related entities are created as part of the same operation.

Pay close attention to the logs to see whether the system triggers any background tasks, emits follow-up events, or performs additional work beyond the initial write. If anything fails, such as validation problems, DB errors, or network issues. Note how the error surfaces in the API response, logs, and resulting database state. Don't modify any of the repository source files while investigating. Feel free to create temporary scripts that's fine, but leave the actual codebase as you found it and ensure to clean up any temporary files or scripts you create when you're done.",improved,0.2857142857142857,True,high,"The agent's final answer explicitly lists the specific API endpoints (e.g., `/api/alias/random/new`, `/dashboard/custom_alias`) and the distinction between API and Dashboard entry points that were directly provided in the retrieved note, indicating the note served as the structural basis for the response."
20260907T111756.126345861Z-openclaw-sweatlasqa-pilot30-shuffle2-amem-task-sglang,task-6905333b74f22949d97ba9ab,4,2,3,6a5c97d2-ee04-4dbe-9827-0298d7ade2e4,63.483894,match,"During alias creation, the Alias.create() method (models.py line ~1630) is the core. It: 1) Validates rate limits per user, 2) Sanitizes email, 3) Checks DeletedAlias and DomainDeletedAlias tables, 4) Auto-detects custom domain, 5) Adds the Alias to Session, 6) Updates DailyMetric nb_alias counter, ",simple-login/app,2026-09-07T13:35:17.254Z,"I want to understand how SimpleLogin behaves during a normal alias-creation flow. To do that, run the full application locally using the standard development setup, login with any test user, and create a new alias while observing the system in real time.

As you go through this flow, watch the frontend and note exactly what request it sends to the backend when an alias is created. Then observe what the backend returns, including any status codes, payloads, or metadata that appear in the response. While the request is being processed, check what changes occur in the database. Identify which records are inserted or updated, how many tables are touched, and whether any related entities are created as part of the same operation.

Pay close attention to the logs to see whether the system triggers any background tasks, emits follow-up events, or performs additional work beyond the initial write. If anything fails, such as validation problems, DB errors, or network issues. Note how the error surfaces in the API response, logs, and resulting database state. Don't modify any of the repository source files while investigating. Feel free to create temporary scripts that's fine, but leave the actual codebase as you found it and ensure to clean up any temporary files or scripts you create when you're done.",improved,0.2857142857142857,False,high,"The agent's final answer does not mention the specific `Alias.create()` method, the file `models.py`, or the specific line number `~1630` cited in the note, nor does it explicitly reference the `DeletedAlias` or `DomainDeletedAlias` tables mentioned in the note, suggesting the note was not the primary driver for the specific details provided in the answer."
20260907T111756.126345861Z-openclaw-sweatlasqa-pilot30-shuffle2-amem-task-sglang,task-6905333b74f22949d97ba9ab,4,2,4,4de68ee8-3036-4a7c-b791-5ae50f060ecd,62.00664,match,"Alias creation API responses: Success (201) returns JSON with ""alias"" field (email string) plus serialize_alias_info_v2() which includes: id, email, creation_date, creation_timestamp, enabled, note, name, nb_forward, nb_block, nb_reply, mailbox (id+email), mailboxes (array), support_pgp, disable_pgp",simple-login/app,2026-09-07T13:36:07.527Z,"I want to understand how SimpleLogin behaves during a normal alias-creation flow. To do that, run the full application locally using the standard development setup, login with any test user, and create a new alias while observing the system in real time.

As you go through this flow, watch the frontend and note exactly what request it sends to the backend when an alias is created. Then observe what the backend returns, including any status codes, payloads, or metadata that appear in the response. While the request is being processed, check what changes occur in the database. Identify which records are inserted or updated, how many tables are touched, and whether any related entities are created as part of the same operation.

Pay close attention to the logs to see whether the system triggers any background tasks, emits follow-up events, or performs additional work beyond the initial write. If anything fails, such as validation problems, DB errors, or network issues. Note how the error surfaces in the API response, logs, and resulting database state. Don't modify any of the repository source files while investigating. Feel free to create temporary scripts that's fine, but leave the actual codebase as you found it and ensure to clean up any temporary files or scripts you create when you're done.",improved,0.2857142857142857,True,high,"The final answer explicitly lists the specific fields returned in the 201 success response (id, creation_date, nb_forward, nb_block, nb_reply, mailbox info, PGP settings) which directly correspond to the `serialize_alias_info_v2()` details provided in the retrieved note."
20260907T111756.126345861Z-openclaw-sweatlasqa-pilot30-shuffle2-amem-task-sglang,task-6905333b74f22949d97ba9ab,4,2,5,a26bedbe-4531-46e1-94af-05de8d450417,59.79063,match,"Background tasks during alias creation: EventDispatcher.send_event() writes a protobuf event (AliasCreated) to sync_event table and fires a PostgreSQL NOTIFY on ""simplelogin_sync_events"" channel. The PostgresDispatcher stores via SyncEvent.create() then executes ""NOTIFY simplelogin_sync_events, '{in",simple-login/app,2026-09-07T13:36:59.652Z,"I want to understand how SimpleLogin behaves during a normal alias-creation flow. To do that, run the full application locally using the standard development setup, login with any test user, and create a new alias while observing the system in real time.

As you go through this flow, watch the frontend and note exactly what request it sends to the backend when an alias is created. Then observe what the backend returns, including any status codes, payloads, or metadata that appear in the response. While the request is being processed, check what changes occur in the database. Identify which records are inserted or updated, how many tables are touched, and whether any related entities are created as part of the same operation.

Pay close attention to the logs to see whether the system triggers any background tasks, emits follow-up events, or performs additional work beyond the initial write. If anything fails, such as validation problems, DB errors, or network issues. Note how the error surfaces in the API response, logs, and resulting database state. Don't modify any of the repository source files while investigating. Feel free to create temporary scripts that's fine, but leave the actual codebase as you found it and ensure to clean up any temporary files or scripts you create when you're done.",improved,0.2857142857142857,True,high,"The agent's final answer explicitly mentions the `sync_event` table insertion and the PostgreSQL NOTIFY on `simplelogin_sync_events`, which are the specific technical details provided in the retrieved note."
20260907T111756.126345861Z-openclaw-sweatlasqa-pilot30-shuffle2-amem-task-sglang,task-6905333b74f22949d97ba9ae,10,2,1,207c8a91-84e4-4c31-b11a-e75f3e233a06,68.73428,match,"The `reply_email` column in Contact table has `index=True` but is NOT unique (created with `unique=False` in migration). `Contact.get_by(reply_email=...)` uses `.first()` which is non-deterministic when duplicates exist. The unique constraint is only on `(alias_id, website_email)`. When `include_sen",simple-login/app,2026-09-07T15:20:46.999Z,"I’d like to understand how SimpleLogin resolves inbound email replies to a contact and forwarding destination during normal alias usage, specifically in cases where a reply ends up being delivered to a different user than the alias owner. As inbound reply messages are processed, focus on how the system derives the reply email address and uses it to identify the associated contact. Observe the actual runtime values involved in this resolution, the extracted reply email, the contact (if any) that it resolves to, and the user or alias ultimately selected as the forwarding destination. Track how these values behave across multiple reply events. Note whether the same reply email ever resolves to different contacts over time, fails to resolve temporarily, or resolves correctly but later results in forwarding to a different user than expected. Use these observations to determine whether the reply-handling logic specifically the lookup of contacts by reply email exhibits any race conditions, uniqueness assumptions, or timing-related inconsistencies that could explain why a reply is routed to the wrong user. Describe the runtime values you observed during reply resolution and explain how those values lead to the observed behavior. Don’t modify any repository source files. If temporary scripts or tooling are needed to observe behavior, that’s fine, but clean them up afterward and leave the repository unchanged.",degraded,-0.0833333333333332,True,high,"The agent's final answer explicitly cites the specific details from the retrieved note, including that the `reply_email` column has `index=True` but is not unique, that `Contact.get_by` uses `.first()`, and that the unique constraint is on `(alias_id, website_email)`, directly using these facts to explain the non-deterministic behavior."
20260907T111756.126345861Z-openclaw-sweatlasqa-pilot30-shuffle2-amem-task-sglang,task-6905333b74f22949d97ba9ae,10,2,2,2591a73f-edd1-466a-91ed-dc8193e4ca7d,68.5047,match,"SimpleLogin reply resolution flow: In handle_reply(), the rcpt_to address (a reverse-alias like xxx@sl.co) is used as reply_email to look up Contact via Contact.get_by(reply_email=reply_email). The reply_email column is indexed but NOT unique - it has unique=False. The unique constraint is on (alias",simple-login/app,2026-09-07T15:19:56.399Z,"I’d like to understand how SimpleLogin resolves inbound email replies to a contact and forwarding destination during normal alias usage, specifically in cases where a reply ends up being delivered to a different user than the alias owner. As inbound reply messages are processed, focus on how the system derives the reply email address and uses it to identify the associated contact. Observe the actual runtime values involved in this resolution, the extracted reply email, the contact (if any) that it resolves to, and the user or alias ultimately selected as the forwarding destination. Track how these values behave across multiple reply events. Note whether the same reply email ever resolves to different contacts over time, fails to resolve temporarily, or resolves correctly but later results in forwarding to a different user than expected. Use these observations to determine whether the reply-handling logic specifically the lookup of contacts by reply email exhibits any race conditions, uniqueness assumptions, or timing-related inconsistencies that could explain why a reply is routed to the wrong user. Describe the runtime values you observed during reply resolution and explain how those values lead to the observed behavior. Don’t modify any repository source files. If temporary scripts or tooling are needed to observe behavior, that’s fine, but clean them up afterward and leave the repository unchanged.",degraded,-0.0833333333333332,True,high,"The agent's final answer explicitly incorporates the note's specific technical details, such as the `Contact.get_by(reply_email=...)` lookup, the fact that the `reply_email` column is indexed but not unique (`unique=False`), and the distinction that the unique constraint applies to `(alias_id, website_email)` instead, which directly drives the analysis of the race condition."
20260907T111756.126345861Z-openclaw-sweatlasqa-pilot30-shuffle2-amem-task-sglang,task-6905333b74f22949d97ba9af,9,2,1,79f7e60e-560d-4900-96f9-73b32ef2f38e,68.712527,match,"SimpleLogin codebase in /app: Flask web app (server.py) + SMTP email handler (email_handler.py). Key services: Flask server (port 7777), SMTP handler (port 20381), cron.py, event_listener.py, monitoring.py. Database: PostgreSQL via SQLAlchemy. Models defined in app/models.py with SLDomain model for ",simple-login/app,2026-09-07T15:02:01.506Z,"I'm trying to get the development environment running locally for the first time, and the documentation isn't very clear about the startup order or what breaks if certain setup steps are skipped. I want to bring the whole stack up from scratch and note what actually happens along the way.

To start with, I want to see what happens if the database isn't fully set up yet. With PostgreSQL running and an empty database created (no tables, migrations not run), what error do I actually hit when I start the server with python [server.py](http://server.py) and then try to open the login page in the browser? I'm looking for the full Python exception that gets raised.

Once the database migrations and the initialization script (init\_[app.py](http://app.py)) have been run and everything is set up correctly, I need to understand which Python services must be running for the system to work. Start each required service and show me the exact log output that confirms it's running and ready to accept connections. I want to see the actual startup messages from stdout/stderr, not just what the code says I need to verify the services are actually binding to their ports and working.

I'm also curious about what happens if the initialization step is skipped. If I run the migrations but don't run init\_[app.py](http://app.py), the SLDomain table should be empty (no email domains configured). If I then start the email handler and simulate an incoming email addressed to any @sl.local address, what happens? What SMTP status code does the email handler return to the sender, and what does it log to explain the rejection?

I'm not changing or deleting any source files here I just want to observe the system's behavior. Temporary config files or small test scripts are fine if needed.",degraded,-0.0769230769230769,True,high,"The agent's final answer explicitly lists the specific services (Flask server, SMTP email handler, cron.py, event_listener.py, monitoring.py) and their respective ports (7777, 20381) and file names (server.py, email_handler.py) that were provided in the retrieved note, indicating it used this information to structure the response regarding required services."
20260907T111756.126345861Z-openclaw-sweatlasqa-pilot30-shuffle2-amem-task-sglang,task-6905333b74f22949d97ba9d0,26,2,1,2c567f4b-c0ed-41b3-a400-9cc9a0b77ad7,78.32692999999999,match,"paperless-ngx has 3 recurring scheduled tasks registered via Django-Q migrations (not Celery beat): 1) train_classifier - HOURLY (migration 1001, func: documents.tasks.train_classifier), 2) index_optimize - DAILY (migration 1001, func: documents.tasks.index_optimize), 3) sanity_check - WEEKLY (migra",paperless-ngx/paperless-ngx,2026-09-07T20:00:13.905Z,"I'm evaluating paperless-ngx architecture and need to understand what background maintenance happens automatically. Set up the development environment, what periodic tasks are registered with the task scheduler, and where is the schedule configuration defined? Find the sanity checker; what does it validate, what log output does it produce, and how often does it run? Is there automatic index optimization or database cleanup? Check if there's a task that handles failed document retries or stuck processing jobs. Look at the Celery beat schedule configuration and list all recurring tasks with their intervals. Trace through the code to find where periodic tasks are defined and registered. What happens if a scheduled task fails; is there retry logic or alerting? Are there any tasks that run on startup versus strictly on schedule? Query the database to see if there's a table tracking task execution history or scheduled job state. What controls whether these maintenance features are enabled or disabled? Don't modify source code; observing system behavior is fine, clean up any test artifacts when done.",tied,0.0,True,high,"The agent's final answer explicitly lists the three specific tasks (train_classifier, index_optimize, sanity_check) and their intervals (hourly, daily, weekly) along with the fact that they are registered via Django-Q migrations, which are the exact details provided in the retrieved note."
20260907T111756.126345861Z-openclaw-sweatlasqa-pilot30-shuffle2-amem-task-sglang,task-6905333b74f22949d97ba9d0,26,2,2,d18d4909-5e25-403b-b541-8e52127a72ba,76.99643,match,"paperless-ngx uses Django-Q (not Celery) as its task queue. The Q_CLUSTER configuration is defined in /app/src/paperless/settings.py lines 449-457 with: catch_up=False, recycle=1, retry=timeout+10s, timeout=1800s default, workers from CPU count, Redis as broker. Three Docker processes run via superv",paperless-ngx/paperless-ngx,2026-09-07T19:59:55.209Z,"I'm evaluating paperless-ngx architecture and need to understand what background maintenance happens automatically. Set up the development environment, what periodic tasks are registered with the task scheduler, and where is the schedule configuration defined? Find the sanity checker; what does it validate, what log output does it produce, and how often does it run? Is there automatic index optimization or database cleanup? Check if there's a task that handles failed document retries or stuck processing jobs. Look at the Celery beat schedule configuration and list all recurring tasks with their intervals. Trace through the code to find where periodic tasks are defined and registered. What happens if a scheduled task fails; is there retry logic or alerting? Are there any tasks that run on startup versus strictly on schedule? Query the database to see if there's a table tracking task execution history or scheduled job state. What controls whether these maintenance features are enabled or disabled? Don't modify source code; observing system behavior is fine, clean up any test artifacts when done.",tied,0.0,True,high,"The agent's final answer explicitly states that Paperless-ngx uses Django-Q instead of Celery and references the specific configuration file path and settings (catch_up=False, Redis broker) found in the retrieved note, which directly corrected the premise of the user's question regarding Celery."
20260907T111756.126345861Z-openclaw-sweatlasqa-pilot30-shuffle2-amem-task-sglang,task-6905333b74f22949d97ba9d0,26,2,3,b9fe5925-c96d-4bc4-8d66-f271d1cec4d7,69.00439,match,"Startup tasks in paperless-ngx: (1) docker-prepare.sh runs search_index() which reindexes the Whoosh index if version mismatch, (2) superuser creation if PAPERLESS_ADMIN_USER set, (3) database migrations via manage.py migrate. No startup Django signals/hooks register periodic tasks. All recurring ta",paperless-ngx/paperless-ngx,2026-09-07T20:01:17.932Z,"I'm evaluating paperless-ngx architecture and need to understand what background maintenance happens automatically. Set up the development environment, what periodic tasks are registered with the task scheduler, and where is the schedule configuration defined? Find the sanity checker; what does it validate, what log output does it produce, and how often does it run? Is there automatic index optimization or database cleanup? Check if there's a task that handles failed document retries or stuck processing jobs. Look at the Celery beat schedule configuration and list all recurring tasks with their intervals. Trace through the code to find where periodic tasks are defined and registered. What happens if a scheduled task fails; is there retry logic or alerting? Are there any tasks that run on startup versus strictly on schedule? Query the database to see if there's a table tracking task execution history or scheduled job state. What controls whether these maintenance features are enabled or disabled? Don't modify source code; observing system behavior is fine, clean up any test artifacts when done.",tied,0.0,False,high,"The agent's final answer explicitly states that 'No startup Django signals/hooks register periodic tasks' is incorrect by identifying Django-Q as the scheduler and listing specific recurring tasks, while the retrieved note's specific details about startup scripts (docker-prepare.sh, superuser creation) were not incorporated into the final answer's description of background maintenance or task scheduling."
20260907T111756.126345861Z-openclaw-sweatlasqa-pilot30-shuffle2-amem-task-sglang,task-6905333b74f22949d97ba9d0,26,2,4,ae90ae87-5dbb-4c5c-9a6e-490d76c878ea,60.269046,match,"paperless-ngx repository is at /app. Main source is in /app/src/ with Django-based structure. Key packages: paperless (core), documents, paperless_mail, paperless_tesseract, paperless_text, paperless_tika.",paperless-ngx/paperless-ngx,2026-09-07T19:49:30.681Z,"I'm evaluating paperless-ngx architecture and need to understand what background maintenance happens automatically. Set up the development environment, what periodic tasks are registered with the task scheduler, and where is the schedule configuration defined? Find the sanity checker; what does it validate, what log output does it produce, and how often does it run? Is there automatic index optimization or database cleanup? Check if there's a task that handles failed document retries or stuck processing jobs. Look at the Celery beat schedule configuration and list all recurring tasks with their intervals. Trace through the code to find where periodic tasks are defined and registered. What happens if a scheduled task fails; is there retry logic or alerting? Are there any tasks that run on startup versus strictly on schedule? Query the database to see if there's a table tracking task execution history or scheduled job state. What controls whether these maintenance features are enabled or disabled? Don't modify source code; observing system behavior is fine, clean up any test artifacts when done.",tied,0.0,False,high,"The agent's final answer and reasoning rely on internal knowledge or other sources to identify Django-Q and specific task details, while the retrieved note only provided the repository path and package names, which were not explicitly cited, paraphrased, or acted upon in the final output."
20260907T111756.126345861Z-openclaw-sweatlasqa-pilot30-shuffle2-amem-task-sglang,task-6905333b74f22949d97ba9d0,26,2,5,1ceaf9cf-38dc-45e7-9403-a50dd6b08e72,59.06937,match,"Django-Q stores task execution history in the Task model (django_q.Task table) with fields: id, name, func, args, kwargs, result, group, started, stopped, success, attempt_count. Schedule state is stored in Schedule model with: name, func, schedule_type (O/I/H/D/W/M/Q/Y/C), minutes, repeats, next_ru",paperless-ngx/paperless-ngx,2026-09-07T20:00:55.877Z,"I'm evaluating paperless-ngx architecture and need to understand what background maintenance happens automatically. Set up the development environment, what periodic tasks are registered with the task scheduler, and where is the schedule configuration defined? Find the sanity checker; what does it validate, what log output does it produce, and how often does it run? Is there automatic index optimization or database cleanup? Check if there's a task that handles failed document retries or stuck processing jobs. Look at the Celery beat schedule configuration and list all recurring tasks with their intervals. Trace through the code to find where periodic tasks are defined and registered. What happens if a scheduled task fails; is there retry logic or alerting? Are there any tasks that run on startup versus strictly on schedule? Query the database to see if there's a table tracking task execution history or scheduled job state. What controls whether these maintenance features are enabled or disabled? Don't modify source code; observing system behavior is fine, clean up any test artifacts when done.",tied,0.0,True,high,"The agent's final answer explicitly states that Django-Q tracks execution history in `django_q_task` and failures in `django_q_failure` tables, which directly reflects the specific table names and field details (Task model, Schedule model) provided in the retrieved note."
20260907T111756.126345861Z-openclaw-sweatlasqa-pilot30-shuffle2-amem-task-sglang,task-6905333b74f22949d97ba9d0,26,2,6,7cfff154-b07a-46d4-9b94-eb3d5c775bf6,43.34631,link,"Sanity checker validates: (1) Thumbnail files exist and are readable, (2) Original document files exist, readable, and MD5 checksum matches stored checksum, (3) Archive version files exist, readable, and archive checksum matches, (4) Archive file/integrity consistency (checksum present iff filename ",paperless-ngx/paperless-ngx,2026-09-07T20:00:28.816Z,"I'm evaluating paperless-ngx architecture and need to understand what background maintenance happens automatically. Set up the development environment, what periodic tasks are registered with the task scheduler, and where is the schedule configuration defined? Find the sanity checker; what does it validate, what log output does it produce, and how often does it run? Is there automatic index optimization or database cleanup? Check if there's a task that handles failed document retries or stuck processing jobs. Look at the Celery beat schedule configuration and list all recurring tasks with their intervals. Trace through the code to find where periodic tasks are defined and registered. What happens if a scheduled task fails; is there retry logic or alerting? Are there any tasks that run on startup versus strictly on schedule? Query the database to see if there's a table tracking task execution history or scheduled job state. What controls whether these maintenance features are enabled or disabled? Don't modify source code; observing system behavior is fine, clean up any test artifacts when done.",tied,0.0,True,high,"The agent's final answer explicitly lists the specific validation checks performed by the sanity checker (thumbnails, originals, archive files, checksums) which directly correspond to the detailed list provided in the retrieved note."
20260907T111756.126345861Z-openclaw-sweatlasqa-pilot30-shuffle2-amem-task-sglang,task-6905333b74f22949d97ba9d9,21,3,1,85930e17-9817-486f-bcf8-f90b719df9ec,71.628857,match,"Paperless-ngx uses django-q (NOT Celery) as its task queue. django-q v1.3.9 is used with a Redis broker at redis://localhost:6379. The Q_CLUSTER config defines workers (default sqrt(cpu_count)), timeout (1800s), and retry. Tasks are dispatched via async_task() from django_q.tasks.",paperless-ngx/paperless-ngx,2026-09-07T18:26:59.297Z,"I'm trying to understand how paperless-ngx actually handles background processing when it ingests documents. I want to see what happens at runtime, not just read the config files.

Can you help me make sense of how async work behaves in a live setup? I’m interested in what services are involved behind the scenes, how background jobs appear once they are created, and how the system tells the difference between work that is waiting and work that is actively being processed. I also want to understand where the task state ends up being stored and how you can tell, after the fact, what happened to a given job.

From the code perspective, I want to connect that runtime behavior back to its origin. Where are these background jobs actually triggered, and what part of the code is responsible for sending them into the queue? Don’t modify any repository source files. If you need to create temporary scripts or artifacts to observe behavior, that’s fine, but clean them up afterward and leave the codebase unchanged.",improved,0.2,True,high,"The agent's final answer explicitly states that Paperless-ngx uses django-q (not Celery) with Redis as the broker, directly reflecting the specific technical details provided in the retrieved note."
20260907T111756.126345861Z-openclaw-sweatlasqa-pilot30-shuffle2-amem-task-sglang,task-6905333b74f22949d97ba9d9,21,3,2,46441b20-c5ed-4271-b313-6a0ae28a4f2c,65.92063999999999,match,"Django-q worker lifecycle: The Q Cluster process starts a Sentinel which spawns: worker pool (multiprocessing), a pusher (pulls tasks from Redis broker into in-process queue), a monitor (moves completed tasks from result queue to Django DB), and the sentinel itself (guard loop). Workers pick tasks f",paperless-ngx/paperless-ngx,2026-09-07T18:27:33.255Z,"I'm trying to understand how paperless-ngx actually handles background processing when it ingests documents. I want to see what happens at runtime, not just read the config files.

Can you help me make sense of how async work behaves in a live setup? I’m interested in what services are involved behind the scenes, how background jobs appear once they are created, and how the system tells the difference between work that is waiting and work that is actively being processed. I also want to understand where the task state ends up being stored and how you can tell, after the fact, what happened to a given job.

From the code perspective, I want to connect that runtime behavior back to its origin. Where are these background jobs actually triggered, and what part of the code is responsible for sending them into the queue? Don’t modify any repository source files. If you need to create temporary scripts or artifacts to observe behavior, that’s fine, but clean them up afterward and leave the codebase unchanged.",improved,0.2,True,high,"The agent's final answer explicitly describes the django-q worker lifecycle components (Sentinel, pusher, monitor, worker pool) and their specific responsibilities (pulling from Redis, moving results to DB), which directly mirrors the details provided in the retrieved note."
20260907T111756.126345861Z-openclaw-sweatlasqa-pilot30-shuffle2-amem-task-sglang,task-6905333b74f22949d97ba9d9,21,3,3,9415b2d0-7e6b-4f31-96a1-94db06ea3bdc,51.61256,match,"Supervisord manages three processes: gunicorn (Django web server), consumer (document_consumer.py watching consumption directory), and scheduler (python3 manage.py qcluster - the django-q worker cluster). Redis is the message broker for django-q. The Q Cluster status is stored in Redis with signed p",paperless-ngx/paperless-ngx,2026-09-07T18:28:44.674Z,"I'm trying to understand how paperless-ngx actually handles background processing when it ingests documents. I want to see what happens at runtime, not just read the config files.

Can you help me make sense of how async work behaves in a live setup? I’m interested in what services are involved behind the scenes, how background jobs appear once they are created, and how the system tells the difference between work that is waiting and work that is actively being processed. I also want to understand where the task state ends up being stored and how you can tell, after the fact, what happened to a given job.

From the code perspective, I want to connect that runtime behavior back to its origin. Where are these background jobs actually triggered, and what part of the code is responsible for sending them into the queue? Don’t modify any repository source files. If you need to create temporary scripts or artifacts to observe behavior, that’s fine, but clean them up afterward and leave the codebase unchanged.",improved,0.2,True,high,"The agent's final answer explicitly identifies 'django-q' and 'Redis' as the background processing system and broker, which are the specific components named in the retrieved note, and builds the entire architectural explanation around these facts."
20260907T111756.126345861Z-openclaw-sweatlasqa-pilot30-shuffle2-amem-task-sglang,task-6905333b74f22949d97ba9d9,21,3,4,234654e4-0878-45b6-b1e7-d0848a9a4daf,48.419088,match,"Post-consume pipeline: When a document finishes consuming, the Consumer class sends a document_consumption_finished signal. Handlers in signals/handlers.py process it via a chain: add_inbox_tags, set_correspondent (ML matching), set_document_type (ML matching), set_tags (ML matching), set_log_entry ",paperless-ngx/paperless-ngx,2026-09-07T18:28:28.325Z,"I'm trying to understand how paperless-ngx actually handles background processing when it ingests documents. I want to see what happens at runtime, not just read the config files.

Can you help me make sense of how async work behaves in a live setup? I’m interested in what services are involved behind the scenes, how background jobs appear once they are created, and how the system tells the difference between work that is waiting and work that is actively being processed. I also want to understand where the task state ends up being stored and how you can tell, after the fact, what happened to a given job.

From the code perspective, I want to connect that runtime behavior back to its origin. Where are these background jobs actually triggered, and what part of the code is responsible for sending them into the queue? Don’t modify any repository source files. If you need to create temporary scripts or artifacts to observe behavior, that’s fine, but clean them up afterward and leave the codebase unchanged.",improved,0.2,False,high,"The agent's final answer focuses entirely on the `django-q` task queue mechanism (async_task, qcluster, Redis broker) and does not mention the `Consumer` class, the `document_consumption_finished` signal, or the specific signal handlers (`add_inbox_tags`, etc.) described in the retrieved note."
20260907T111756.126345861Z-openclaw-sweatlasqa-pilot30-shuffle2-amem-task-sglang,task-6905333b74f22949d97ba9d9,21,3,5,a80c269f-68e5-4a0e-987d-1115beb47012,41.10649,match,"Document ingestion triggers: 1) DocumentConsumer management command (document_consumer.py) watches the consumption dir via inotify/polling and calls async_task(""documents.tasks.consume_file"", filepath, ...) when files appear. 2) PostDocumentView API endpoint (views.py POST /documents/) receives file",paperless-ngx/paperless-ngx,2026-09-07T18:27:09.814Z,"I'm trying to understand how paperless-ngx actually handles background processing when it ingests documents. I want to see what happens at runtime, not just read the config files.

Can you help me make sense of how async work behaves in a live setup? I’m interested in what services are involved behind the scenes, how background jobs appear once they are created, and how the system tells the difference between work that is waiting and work that is actively being processed. I also want to understand where the task state ends up being stored and how you can tell, after the fact, what happened to a given job.

From the code perspective, I want to connect that runtime behavior back to its origin. Where are these background jobs actually triggered, and what part of the code is responsible for sending them into the queue? Don’t modify any repository source files. If you need to create temporary scripts or artifacts to observe behavior, that’s fine, but clean them up afterward and leave the codebase unchanged.",improved,0.2,,,"unparseable judge JSON: '{\n  ""used"": true,\n  ""confidence"": ""high"",\n  ""evidence"": ""The agent\'s final answer explicitly incorporates the specific file paths (`document_consumer.py`, `views.py`) and function calls (`async_task(""documents.tasks.consume_file"", ...)`) mentioned in the retrieved note to explain the task origins.""\n}'"
20260907T111756.126345861Z-openclaw-sweatlasqa-pilot30-shuffle2-amem-task-sglang,task-6905333b74f22949d97ba9d9,21,3,6,1b0a46f0-a702-40a8-b429-2adb0b6e252a,46.28076,link,"Consumer progress tracking: The Consumer class sends real-time progress updates via Django Channels WebSocket (group ""status_updates"") through the status channel layer. Messages include: STARTING, WORKING (with progress 20-80%), SUCCESS, FAILED. The task_id is a UUID passed from the API/management c",paperless-ngx/paperless-ngx,2026-09-07T18:27:58.572Z,"I'm trying to understand how paperless-ngx actually handles background processing when it ingests documents. I want to see what happens at runtime, not just read the config files.

Can you help me make sense of how async work behaves in a live setup? I’m interested in what services are involved behind the scenes, how background jobs appear once they are created, and how the system tells the difference between work that is waiting and work that is actively being processed. I also want to understand where the task state ends up being stored and how you can tell, after the fact, what happened to a given job.

From the code perspective, I want to connect that runtime behavior back to its origin. Where are these background jobs actually triggered, and what part of the code is responsible for sending them into the queue? Don’t modify any repository source files. If you need to create temporary scripts or artifacts to observe behavior, that’s fine, but clean them up afterward and leave the codebase unchanged.",improved,0.2,False,high,"The agent's final answer focuses entirely on django-q architecture, Redis brokers, and ORM storage, completely omitting the specific details from the retrieved note regarding Django Channels WebSocket progress updates, the 'status_updates' group, and the specific message types (STARTING, WORKING, etc.)."
20260907T111756.126345861Z-openclaw-sweatlasqa-pilot30-shuffle2-amem-task-sglang,task-6905333b74f22949d97ba9dd,16,2,1,167d0e09-299e-4eff-b5b6-d449e478e976,71.441627,match,"Paperless-NGX uses Django Q (not Celery) as its task queuing framework. Configured in settings.py as Q_CLUSTER with redis://localhost:6379 as broker. Task model fields: id (CharField), name (CharField), func (CharField), hook (CharField), args (PickledObjectField), kwargs (PickledObjectField), resul",paperless-ngx/paperless-ngx,2026-09-07T17:32:52.963Z,"I need to understand how Paperless-NGX processes a document from ingestion through indexing before I start working with the codebase. Set up the full environment and get all services running normally. Drop a small test file into the consumption directory and follow what happens. What log messages appear when the system first detects the file, what ingestion task gets triggered, and what additional tasks show up as the document moves through parsing, classification, and indexing? While the task is queued, check what the message broker is storing. What payload format or data structure represents the queued task? After processing completes, query the database to see where the document record is stored, which fields capture the parsed metadata, and where the system keeps a record of task execution or processing history.
Then trace the high-level codepath behind this workflow based on the behavior you observe. Starting from the part of the system that detects the new file, follow the chain of components involved in creating and submitting the ingestion task. Which part of the application is responsible for creating that task object, and what queuing framework does Paperless-NGX rely on to dispatch it? You may use temporary helper scripts or test files if needed, but don’t modify the actual source code, and clean up any temporary artifacts when you’re done.",improved,0.0999999999999999,True,high,"The agent's final answer explicitly states that Paperless-NGX uses Django Q (not Celery) as its task queue and Redis as the broker, which directly matches the specific technical details provided in the retrieved note."
20260907T111756.126345861Z-openclaw-sweatlasqa-pilot30-shuffle2-amem-task-sglang,task-6905333b74f22949d97ba9dd,16,2,2,74141c7d-700d-4388-a7eb-ff4bf668192a,62.447680000000005,match,"Document ingestion workflow: 1) File detected in CONSUMPTION_DIR by document_consumer.py management command (uses inotify on Linux or polling/watchdog). 2) Management command calls async_task(""documents.tasks.consume_file"", filepath) which queues a Django Q task. 3) django-q worker picks up the task",paperless-ngx/paperless-ngx,2026-09-07T17:32:53.263Z,"I need to understand how Paperless-NGX processes a document from ingestion through indexing before I start working with the codebase. Set up the full environment and get all services running normally. Drop a small test file into the consumption directory and follow what happens. What log messages appear when the system first detects the file, what ingestion task gets triggered, and what additional tasks show up as the document moves through parsing, classification, and indexing? While the task is queued, check what the message broker is storing. What payload format or data structure represents the queued task? After processing completes, query the database to see where the document record is stored, which fields capture the parsed metadata, and where the system keeps a record of task execution or processing history.
Then trace the high-level codepath behind this workflow based on the behavior you observe. Starting from the part of the system that detects the new file, follow the chain of components involved in creating and submitting the ingestion task. Which part of the application is responsible for creating that task object, and what queuing framework does Paperless-NGX rely on to dispatch it? You may use temporary helper scripts or test files if needed, but don’t modify the actual source code, and clean up any temporary artifacts when you’re done.",improved,0.0999999999999999,True,high,"The agent's final answer explicitly identifies `document_consumer.py` as the component detecting files and `django_q.tasks.async_task` as the mechanism for queuing, directly mirroring the specific file path and function call details provided in the retrieved note."
20260907T111756.126345861Z-openclaw-sweatlasqa-pilot30-shuffle2-amem-task-sglang,task-6905333b74f22949d97ba9dd,16,2,3,26919177-646e-42ab-8616-e75d7b7be882,38.52269,match,"Document model fields: correspondent, title, content (TextField for parsed text), mime_type, tags (ManyToMany to Tag), checksum (MD5, unique), archive_checksum, created, modified (auto_now), storage_type, added (auto_now), filename (FilePathField), archive_filename, archive_serial_number. Log model:",paperless-ngx/paperless-ngx,2026-09-07T17:32:52.960Z,"I need to understand how Paperless-NGX processes a document from ingestion through indexing before I start working with the codebase. Set up the full environment and get all services running normally. Drop a small test file into the consumption directory and follow what happens. What log messages appear when the system first detects the file, what ingestion task gets triggered, and what additional tasks show up as the document moves through parsing, classification, and indexing? While the task is queued, check what the message broker is storing. What payload format or data structure represents the queued task? After processing completes, query the database to see where the document record is stored, which fields capture the parsed metadata, and where the system keeps a record of task execution or processing history.
Then trace the high-level codepath behind this workflow based on the behavior you observe. Starting from the part of the system that detects the new file, follow the chain of components involved in creating and submitting the ingestion task. Which part of the application is responsible for creating that task object, and what queuing framework does Paperless-NGX rely on to dispatch it? You may use temporary helper scripts or test files if needed, but don’t modify the actual source code, and clean up any temporary artifacts when you’re done.",improved,0.0999999999999999,False,high,"The final answer describes the ingestion workflow, task queue structure, and database fields (like `correspondent`, `title`, `mime_type`) but does not mention or utilize the specific 'Log model' fields or the `archive_checksum`/`storage_type` details explicitly listed in the retrieved note, indicating the note was likely irrelevant to the specific codepath tracing performed."
20260907T111756.126345861Z-openclaw-sweatlasqa-pilot30-shuffle2-amem-task-sglang,task-6905333b74f22949d97ba9de,28,2,1,d1067f68-7d20-485b-b786-fd3e08e58b32,68.53103,match,"Code references for memory issues in Paperless-ngx:
- DocumentSerializer (serialisers.py:201-235): depth=1, includes 'content' TextField in Meta.fields
- SearchResultSerializer (views.py:362-376): loads full Document via Document.objects.get(id=instance[""id""]) for each search hit, then calls super()",paperless-ngx/paperless-ngx,2026-09-07T20:42:07.441Z,"I'm investigating a strange memory usage pattern in the Paperless document processing system. When the system imports documents, it sometimes consumes far more memory than expected for the metadata handling, but this doesn't happen consistently and seems to vary based on the document source or processing stage.

What I'm seeing is that memory usage spikes significantly during document import operations, particularly when metadata is being processed, but the spike seems disproportionate to the actual document size. The odd part is that this memory doesn't always get released back to the system in a timely manner, even after processing is complete. This seems unusual because these are mostly text documents with relatively small metadata - we're not dealing with massive image processing here.

Can you figure out what's causing these memory spikes? I'm curious whether there's something in the metadata handling that's creating unnecessary copies or holding references longer than needed, or if there's caching behavior that's accumulating data unexpectedly. What's different between the cases where memory spikes and cases where it doesn't? How does the behavior change with different document types or batch sizes?

I need to see actual runtime memory measurements during processing, understand which components or methods are responsible for holding onto memory, and get evidence showing whether this is normal Python garbage collection behavior or something problematic. Show me what patterns you can find and where the memory is actually going.

Don't modify any repository source files. You can create temporary test scripts or helper tools to reproduce and analyze the behavior, but clean them up and leave the codebase unchanged when done.",degraded,-0.2222222222222222,True,high,"The final answer explicitly cites the specific code references from the retrieved note, mentioning 'DocumentSerializer (depth=1)' and 'SearchResultSerializer loads the full Document per search hit' with the logic 'Document.objects.get(id=...)', which directly mirrors the file paths and code snippets provided in the note."
20260907T111756.126345861Z-openclaw-sweatlasqa-pilot30-shuffle2-amem-task-sglang,task-6905333b74f22949d97ba9de,28,2,2,24c08adf-749d-4a64-a366-0da7c2150206,64.588964,match,"Memory test results: 305KB document showed 0.14 MB serializer delta (content included), 0.02 MB SearchResultSerializer delta (full doc load), 0.19 MB classifier delta (438.9 KB content held). With many large documents, these compound significantly. depth=1 serializer includes content, tags (as list)",paperless-ngx/paperless-ngx,2026-09-07T20:42:54.786Z,"I'm investigating a strange memory usage pattern in the Paperless document processing system. When the system imports documents, it sometimes consumes far more memory than expected for the metadata handling, but this doesn't happen consistently and seems to vary based on the document source or processing stage.

What I'm seeing is that memory usage spikes significantly during document import operations, particularly when metadata is being processed, but the spike seems disproportionate to the actual document size. The odd part is that this memory doesn't always get released back to the system in a timely manner, even after processing is complete. This seems unusual because these are mostly text documents with relatively small metadata - we're not dealing with massive image processing here.

Can you figure out what's causing these memory spikes? I'm curious whether there's something in the metadata handling that's creating unnecessary copies or holding references longer than needed, or if there's caching behavior that's accumulating data unexpectedly. What's different between the cases where memory spikes and cases where it doesn't? How does the behavior change with different document types or batch sizes?

I need to see actual runtime memory measurements during processing, understand which components or methods are responsible for holding onto memory, and get evidence showing whether this is normal Python garbage collection behavior or something problematic. Show me what patterns you can find and where the memory is actually going.

Don't modify any repository source files. You can create temporary test scripts or helper tools to reproduce and analyze the behavior, but clean them up and leave the codebase unchanged when done.",degraded,-0.2222222222222222,False,high,"The agent's final answer lists general architectural causes for memory spikes (e.g., TextField inclusion, classifier accumulation) but does not cite or utilize the specific quantitative data points (0.14 MB, 0.02 MB, 0.19 MB) or the specific finding about 'depth=1 serializer includes content' from the retrieved note, indicating the note was not actively used to derive the specific evidence in the answer."
20260907T111756.126345861Z-openclaw-sweatlasqa-pilot30-shuffle2-amem-task-sglang,task-6905333b74f22949d97ba9e8,8,2,1,3a71daa4-e4c3-487d-9aeb-ac1cd2276b22,66.481006,match,"SimpleLogin alias transfer token (app/dashboard/views/alias_transfer.py line 59): expiration is set to arrow.utcnow().shift(hours=24), meaning 24 hours. The token is validated at line 115-117: alias.transfer_token_expiration < arrow.utcnow() means expired. Transfer tokens are HMAC-SHA3_224 hashed (l",simple-login/app,2026-09-07T14:47:51.311Z,"I've been investigating SimpleLogin's authentication and noticed some behaviors I need to verify by actually observing the running system.

When I'm logged into the web interface and make API calls without an API key header, the requests seem to work. I need to confirm what HTTP status code actually comes back and what the response body structure looks like ,not what the code says should happen, but what actually happens when you try it.There's also something odd when trying to access privileged operations with just a browser session. The HTTP status code I get back isn't a standard authorization error, and the error message is unusual. What specific status code and exact error message text does the system actually return in this scenario?

For sessions, I want to understand what the stored session data actually looks like when you examine it directly in storage. Capture the raw bytes from the storage backend and show me what format they're in, what keys are present in the deserialized data for an authenticated session, and how the session key itself is structured.I'm also curious about session identifier behavior during authentication. If you capture the session ID from your cookie before login, then go through the login flow, does that identifier value stay the same or get replaced with a new one? I need to see the actual before and after values to know for sure.

On the email forwarding side, I want to know what happens to specific headers when a message passes through. If an incoming email has a custom X-header, a Received header, and a Reply-To header, which of those three actually make it through to the forwarded message and which get stripped? Send an actual test email and examine the result.

For the alias creation tokens, they clearly expire after some time window. I want to experimentally verify what that window is by testing whether a token works immediately, then waiting and testing if it still works, until you find the boundary where it stops working.

I also noticed that the API tracks usage statistics for API keys. When you make several API calls with the same key, what fields get updated in the database and what are the actual values you observe after making the calls?Finally, when a login attempt fails with wrong credentials, what specific log messages appear and what HTTP response details come back? I want to see the actual logged output and response, not just what the code says should happen.

Show me evidence from actually running the system rather than just reading the code. Don't modify any source files in the repository, but you can create test scripts to observe behavior - just clean them up afterward.",improved,0.0666666666666666,True,high,"The agent's final answer explicitly states the 24-hour expiration window and HMAC-SHA3_224 hashing for alias transfer tokens, which are specific facts contained in the retrieved note."
20260907T111756.126345861Z-openclaw-sweatlasqa-pilot30-shuffle2-amem-task-sglang,task-6905333b74f22949d97ba9e8,8,2,2,b0621b73-b845-49ad-b101-10cd4c0702de,65.92541,match,"SimpleLogin email forwarding headers (app/email_handler.py lines 793-810): delete_all_headers_except() strips all headers EXCEPT: From, To, Cc, Subject, Date, Message-ID, References, In-Reply-To, X-SL-Queue-Id, List-Unsubscribe, List-Unsubscribe-Post, MIME-Version, content-type, content-disposition,",simple-login/app,2026-09-07T14:47:20.609Z,"I've been investigating SimpleLogin's authentication and noticed some behaviors I need to verify by actually observing the running system.

When I'm logged into the web interface and make API calls without an API key header, the requests seem to work. I need to confirm what HTTP status code actually comes back and what the response body structure looks like ,not what the code says should happen, but what actually happens when you try it.There's also something odd when trying to access privileged operations with just a browser session. The HTTP status code I get back isn't a standard authorization error, and the error message is unusual. What specific status code and exact error message text does the system actually return in this scenario?

For sessions, I want to understand what the stored session data actually looks like when you examine it directly in storage. Capture the raw bytes from the storage backend and show me what format they're in, what keys are present in the deserialized data for an authenticated session, and how the session key itself is structured.I'm also curious about session identifier behavior during authentication. If you capture the session ID from your cookie before login, then go through the login flow, does that identifier value stay the same or get replaced with a new one? I need to see the actual before and after values to know for sure.

On the email forwarding side, I want to know what happens to specific headers when a message passes through. If an incoming email has a custom X-header, a Received header, and a Reply-To header, which of those three actually make it through to the forwarded message and which get stripped? Send an actual test email and examine the result.

For the alias creation tokens, they clearly expire after some time window. I want to experimentally verify what that window is by testing whether a token works immediately, then waiting and testing if it still works, until you find the boundary where it stops working.

I also noticed that the API tracks usage statistics for API keys. When you make several API calls with the same key, what fields get updated in the database and what are the actual values you observe after making the calls?Finally, when a login attempt fails with wrong credentials, what specific log messages appear and what HTTP response details come back? I want to see the actual logged output and response, not just what the code says should happen.

Show me evidence from actually running the system rather than just reading the code. Don't modify any source files in the repository, but you can create test scripts to observe behavior - just clean them up afterward.",improved,0.0666666666666666,True,high,"The agent's final answer explicitly lists the specific headers that survive email forwarding (From, To, Cc, Subject, Date, Message-ID, References, In-Reply-To, List-Unsubscribe, etc.), which directly matches the exhaustive list provided in the retrieved note, confirming the note was used to determine the header stripping behavior."
20260907T111756.126345861Z-openclaw-sweatlasqa-pilot30-shuffle2-amem-task-sglang,task-6905333b74f22949d97ba9e8,8,2,3,f1ef09d6-b0f3-4812-b28b-58af951697ed,66.40558,match,"SimpleLogin API auth (app/api/base.py): When API call has no valid API key header AND user is not authenticated via browser session, returns HTTP 401 with JSON body {""error"": ""Wrong api key""}. If user IS authenticated via browser session, the request succeeds (user is extracted from session via Flas",simple-login/app,2026-09-07T14:45:39.291Z,"I've been investigating SimpleLogin's authentication and noticed some behaviors I need to verify by actually observing the running system.

When I'm logged into the web interface and make API calls without an API key header, the requests seem to work. I need to confirm what HTTP status code actually comes back and what the response body structure looks like ,not what the code says should happen, but what actually happens when you try it.There's also something odd when trying to access privileged operations with just a browser session. The HTTP status code I get back isn't a standard authorization error, and the error message is unusual. What specific status code and exact error message text does the system actually return in this scenario?

For sessions, I want to understand what the stored session data actually looks like when you examine it directly in storage. Capture the raw bytes from the storage backend and show me what format they're in, what keys are present in the deserialized data for an authenticated session, and how the session key itself is structured.I'm also curious about session identifier behavior during authentication. If you capture the session ID from your cookie before login, then go through the login flow, does that identifier value stay the same or get replaced with a new one? I need to see the actual before and after values to know for sure.

On the email forwarding side, I want to know what happens to specific headers when a message passes through. If an incoming email has a custom X-header, a Received header, and a Reply-To header, which of those three actually make it through to the forwarded message and which get stripped? Send an actual test email and examine the result.

For the alias creation tokens, they clearly expire after some time window. I want to experimentally verify what that window is by testing whether a token works immediately, then waiting and testing if it still works, until you find the boundary where it stops working.

I also noticed that the API tracks usage statistics for API keys. When you make several API calls with the same key, what fields get updated in the database and what are the actual values you observe after making the calls?Finally, when a login attempt fails with wrong credentials, what specific log messages appear and what HTTP response details come back? I want to see the actual logged output and response, not just what the code says should happen.

Show me evidence from actually running the system rather than just reading the code. Don't modify any source files in the repository, but you can create test scripts to observe behavior - just clean them up afterward.",improved,0.0666666666666666,True,high,"The agent's final answer explicitly states the HTTP 401 status and the specific JSON error message '{""error"": ""Wrong api key""}' for unauthenticated API calls, which matches the specific claim in the retrieved note, and also correctly notes the exception for browser-authenticated users as described in the note."
20260907T111756.126345861Z-openclaw-sweatlasqa-pilot30-shuffle2-amem-task-sglang,task-6905333b74f22949d97ba9e8,8,2,4,45f43f99-f485-43ff-9a62-331431f68d90,56.522470000000006,match,"SimpleLogin session storage (app/session.py): Uses Redis with pickle serialization. Session key format in Redis is ""session:{uuid4}"". The signed cookie name is ""slapp"" (app/config.py line 199). ServerSession stores session_id as uuid4 string. When opening session: if no valid cookie found, creates n",simple-login/app,2026-09-07T14:46:06.967Z,"I've been investigating SimpleLogin's authentication and noticed some behaviors I need to verify by actually observing the running system.

When I'm logged into the web interface and make API calls without an API key header, the requests seem to work. I need to confirm what HTTP status code actually comes back and what the response body structure looks like ,not what the code says should happen, but what actually happens when you try it.There's also something odd when trying to access privileged operations with just a browser session. The HTTP status code I get back isn't a standard authorization error, and the error message is unusual. What specific status code and exact error message text does the system actually return in this scenario?

For sessions, I want to understand what the stored session data actually looks like when you examine it directly in storage. Capture the raw bytes from the storage backend and show me what format they're in, what keys are present in the deserialized data for an authenticated session, and how the session key itself is structured.I'm also curious about session identifier behavior during authentication. If you capture the session ID from your cookie before login, then go through the login flow, does that identifier value stay the same or get replaced with a new one? I need to see the actual before and after values to know for sure.

On the email forwarding side, I want to know what happens to specific headers when a message passes through. If an incoming email has a custom X-header, a Received header, and a Reply-To header, which of those three actually make it through to the forwarded message and which get stripped? Send an actual test email and examine the result.

For the alias creation tokens, they clearly expire after some time window. I want to experimentally verify what that window is by testing whether a token works immediately, then waiting and testing if it still works, until you find the boundary where it stops working.

I also noticed that the API tracks usage statistics for API keys. When you make several API calls with the same key, what fields get updated in the database and what are the actual values you observe after making the calls?Finally, when a login attempt fails with wrong credentials, what specific log messages appear and what HTTP response details come back? I want to see the actual logged output and response, not just what the code says should happen.

Show me evidence from actually running the system rather than just reading the code. Don't modify any source files in the repository, but you can create test scripts to observe behavior - just clean them up afterward.",improved,0.0666666666666666,True,high,"The agent's final answer explicitly includes the specific Redis key format ('session:{uuid4}') and cookie name ('slapp') found in the retrieved note, confirming it used the note to describe the session storage structure."
20260907T111756.126345861Z-openclaw-sweatlasqa-pilot30-shuffle2-amem-task-sglang,task-6905333b74f22949d97ba9e8,8,2,5,de57d163-d635-414a-8dc4-744cfa8a15c0,60.32005,match,"SimpleLogin web login (app/auth/views/login.py): On wrong credentials, returns HTTP 200 with the login page re-rendered, flash message ""Email or password incorrect"", and triggers LoginEvent with ActionType.failed. On disabled account, returns 200 with flash message ""Your account is disabled..."" and ",simple-login/app,2026-09-07T14:48:34.031Z,"I've been investigating SimpleLogin's authentication and noticed some behaviors I need to verify by actually observing the running system.

When I'm logged into the web interface and make API calls without an API key header, the requests seem to work. I need to confirm what HTTP status code actually comes back and what the response body structure looks like ,not what the code says should happen, but what actually happens when you try it.There's also something odd when trying to access privileged operations with just a browser session. The HTTP status code I get back isn't a standard authorization error, and the error message is unusual. What specific status code and exact error message text does the system actually return in this scenario?

For sessions, I want to understand what the stored session data actually looks like when you examine it directly in storage. Capture the raw bytes from the storage backend and show me what format they're in, what keys are present in the deserialized data for an authenticated session, and how the session key itself is structured.I'm also curious about session identifier behavior during authentication. If you capture the session ID from your cookie before login, then go through the login flow, does that identifier value stay the same or get replaced with a new one? I need to see the actual before and after values to know for sure.

On the email forwarding side, I want to know what happens to specific headers when a message passes through. If an incoming email has a custom X-header, a Received header, and a Reply-To header, which of those three actually make it through to the forwarded message and which get stripped? Send an actual test email and examine the result.

For the alias creation tokens, they clearly expire after some time window. I want to experimentally verify what that window is by testing whether a token works immediately, then waiting and testing if it still works, until you find the boundary where it stops working.

I also noticed that the API tracks usage statistics for API keys. When you make several API calls with the same key, what fields get updated in the database and what are the actual values you observe after making the calls?Finally, when a login attempt fails with wrong credentials, what specific log messages appear and what HTTP response details come back? I want to see the actual logged output and response, not just what the code says should happen.

Show me evidence from actually running the system rather than just reading the code. Don't modify any source files in the repository, but you can create test scripts to observe behavior - just clean them up afterward.",improved,0.0666666666666666,True,high,"The agent's final answer explicitly states that a failed web login returns HTTP 200 with the flash message 'Email or password incorrect', which matches the specific details provided in the retrieved note."
20260907T111756.126345861Z-openclaw-sweatlasqa-pilot30-shuffle2-amem-task-sglang,task-6905333b74f22949d97ba9e8,8,2,6,9defc3ac-aab3-48f1-8c09-9ed1aa7ea5cf,56.24722,link,"SimpleLogin API key tracking (app/api/base.py lines 29-31): Each API call increments api_key.times += 1 and sets api_key.last_used = arrow.now(). The ApiKey model (app/models.py line 2350) stores: code (60-char random string), name, last_used (ArrowType), times (Integer default 0), sudo_mode_at (Arr",simple-login/app,2026-09-07T14:46:33.764Z,"I've been investigating SimpleLogin's authentication and noticed some behaviors I need to verify by actually observing the running system.

When I'm logged into the web interface and make API calls without an API key header, the requests seem to work. I need to confirm what HTTP status code actually comes back and what the response body structure looks like ,not what the code says should happen, but what actually happens when you try it.There's also something odd when trying to access privileged operations with just a browser session. The HTTP status code I get back isn't a standard authorization error, and the error message is unusual. What specific status code and exact error message text does the system actually return in this scenario?

For sessions, I want to understand what the stored session data actually looks like when you examine it directly in storage. Capture the raw bytes from the storage backend and show me what format they're in, what keys are present in the deserialized data for an authenticated session, and how the session key itself is structured.I'm also curious about session identifier behavior during authentication. If you capture the session ID from your cookie before login, then go through the login flow, does that identifier value stay the same or get replaced with a new one? I need to see the actual before and after values to know for sure.

On the email forwarding side, I want to know what happens to specific headers when a message passes through. If an incoming email has a custom X-header, a Received header, and a Reply-To header, which of those three actually make it through to the forwarded message and which get stripped? Send an actual test email and examine the result.

For the alias creation tokens, they clearly expire after some time window. I want to experimentally verify what that window is by testing whether a token works immediately, then waiting and testing if it still works, until you find the boundary where it stops working.

I also noticed that the API tracks usage statistics for API keys. When you make several API calls with the same key, what fields get updated in the database and what are the actual values you observe after making the calls?Finally, when a login attempt fails with wrong credentials, what specific log messages appear and what HTTP response details come back? I want to see the actual logged output and response, not just what the code says should happen.

Show me evidence from actually running the system rather than just reading the code. Don't modify any source files in the repository, but you can create test scripts to observe behavior - just clean them up afterward.",improved,0.0666666666666666,True,high,"The agent's final answer explicitly states that API key usage tracking involves incrementing `times` and setting `last_used`, which directly mirrors the specific field updates (`api_key.times += 1` and `api_key.last_used = arrow.now()`) described in the retrieved note."
20260907T111756.126345861Z-openclaw-sweatlasqa-pilot30-shuffle2-amem-task-sglang,task-6905333b74f22949d97baa1d,5,2,1,3957bcc0-ba04-43bd-804a-88a958e025b6,64.46717,match,"Session corruption behavior in SimpleLogin: When Redis session data is corrupted/malformed, pickle.loads() raises UnpicklingError or EOFError. The bare ""except Exception: pass"" in open_session() silently catches it, and open_session falls through to return ServerSession(session_id=str(uuid.uuid4()))",simple-login/app,2026-09-07T14:06:58.201Z,"I’m testing the SimpleLogin repository and trying to understand how server-side session handling behaves at runtime, especially when stored session data is turned back into Python objects. I want to see what normal sessions look like as users log in and out and then what actually happens if the session data in Redis is corrupted or malformed. Does the next request fail, silently reset the session, or surface an error, and what shows up in responses or logs when that happens? I’m trying to understand where the boundary lies between a harmless reset and a real deserialization risk, based on what you can observe while the system is running rather than theory alone. If an attacker could tamper with session bytes but not forge the signed session ID, does that meaningfully change the risk, and how does the runtime behavior support that conclusion? Temporary scripts may be used for observation, but the repository itself should remain unchanged, and anything temporary should be cleaned up afterward.",degraded,-0.25,True,high,"The agent's final answer explicitly incorporates the specific details from the retrieved note, stating that `pickle.loads()` raises `UnpicklingError` or `EOFError`, that `open_session()` uses a bare `except Exception: pass` to silently catch it, and that it returns a new `ServerSession` with a fresh UUID, which directly mirrors the facts provided in the note."
20260907T111756.126345861Z-openclaw-sweatlasqa-pilot30-shuffle2-amem-task-sglang,task-6905333b74f22949d97baa1d,5,2,2,ce6726dd-c70e-4167-86f7-730ae9e70fd3,69.382226,match,"Session deserialization risk boundary in SimpleLogin: The itsdangerous.Signer on the session cookie ID is the critical security boundary. If an attacker can only tamper Redis bytes but CANNOT forge the signed session_id (no secret_key), the worst case is a harmless session reset (user logged out). T",simple-login/app,2026-09-07T14:07:16.520Z,"I’m testing the SimpleLogin repository and trying to understand how server-side session handling behaves at runtime, especially when stored session data is turned back into Python objects. I want to see what normal sessions look like as users log in and out and then what actually happens if the session data in Redis is corrupted or malformed. Does the next request fail, silently reset the session, or surface an error, and what shows up in responses or logs when that happens? I’m trying to understand where the boundary lies between a harmless reset and a real deserialization risk, based on what you can observe while the system is running rather than theory alone. If an attacker could tamper with session bytes but not forge the signed session ID, does that meaningfully change the risk, and how does the runtime behavior support that conclusion? Temporary scripts may be used for observation, but the repository itself should remain unchanged, and anything temporary should be cleaned up afterward.",degraded,-0.25,True,high,The agent's final answer explicitly restates the core conclusion from the retrieved note—that the `itsdangerous.Signer` is the critical security boundary and that tampering without the secret key results only in a harmless session reset rather than a deserialization risk.
20260907T111756.126345861Z-openclaw-sweatlasqa-pilot30-shuffle2-amem-task-sglang,task-6905333b74f22949d97baa1d,5,2,3,4faa634c-66ce-4a67-967d-2a53939a9505,56.522405,match,"SimpleLogin (app/) session system: RedisSessionStore (app/session.py) is a custom Flask SessionInterface that stores session data as pickled dicts in Redis, signed by itsdangerous.Signer on the session cookie ID. Key methods: open_session() extracts the signed session_id from cookie, looks up pickle",simple-login/app,2026-09-07T14:06:41.206Z,"I’m testing the SimpleLogin repository and trying to understand how server-side session handling behaves at runtime, especially when stored session data is turned back into Python objects. I want to see what normal sessions look like as users log in and out and then what actually happens if the session data in Redis is corrupted or malformed. Does the next request fail, silently reset the session, or surface an error, and what shows up in responses or logs when that happens? I’m trying to understand where the boundary lies between a harmless reset and a real deserialization risk, based on what you can observe while the system is running rather than theory alone. If an attacker could tamper with session bytes but not forge the signed session ID, does that meaningfully change the risk, and how does the runtime behavior support that conclusion? Temporary scripts may be used for observation, but the repository itself should remain unchanged, and anything temporary should be cleaned up afterward.",degraded,-0.25,True,high,"The agent's final answer explicitly references specific details from the retrieved note, such as the use of `RedisSessionStore`, `pickle.loads()`, `itsdangerous.Signer`, and the behavior of `open_session()` in `app/session.py`, which directly informed the explanation of the harmless reset mechanism and security boundary."
20260907T111756.126379309Z-openclaw-sweatlasqa-pilot30-shuffle2-amem-repo-sglang,task-6905333b74f22949d97ba9a7,2,1,1,18452a10-5171-49a8-8cb9-262edfa4b13e,53.14409,match,"SimpleLogin email forward flow (email_handler.py):

1. ON NON-EXISTENT ALIAS: handle_forward() calls Alias.get_by(email=alias_address). If not found, tries try_auto_create(). If that fails too, returns [(False, status.E515)] which is ""550 SL E515 Email not exist"". LOG: ""alias %s not exist. Try to se",simple-login/app,2026-09-07T11:38:29.234Z,"I want to understand how SimpleLogin processes multi step workflows at runtime.

In scenarios where a mailbox verification code is submitted incorrectly multiple times in succession, what observable state changes and enforcement mechanisms does the running system apply? Trace the actual runtime behavior to determine what limits exist, how failed attempts are tracked, and what ultimately prevents further submissions.

For background tasks that are scheduled and later picked up for execution, trace the complete lifecycle from initial creation through final completion. If a task encounters an error during execution, what recovery or retry behavior is applied, and what observable state reflects that failure?

During email forwarding through an alias, what exact format is used for the special address generated to handle delivery failures? If a failure notification arrives at this address, trace how the system identifies the original email, what state changes are recorded, and how the handling behavior differs depending on the direction of the original message.

Temporary inspection or debugging tools may be used to observe runtime behavior, but source files should not be modified and any temporary artifacts should be cleaned up afterward.",improved,0.0769230769230768,False,high,"The agent's final answer does not mention the specific error code (E515/550 SL E515) or the `try_auto_create` logic described in the retrieved note, nor does it reference the `email_handler.py` file path; instead, it provides a general summary of verification limits, task states, and VERP formats that were not derived from the specific content of the retrieved note."
20260907T111756.126379309Z-openclaw-sweatlasqa-pilot30-shuffle2-amem-repo-sglang,task-6905333b74f22949d97ba9a7,2,2,1,18452a10-5171-49a8-8cb9-262edfa4b13e,46.81638,match,"SimpleLogin email forward flow (email_handler.py):

1. ON NON-EXISTENT ALIAS: handle_forward() calls Alias.get_by(email=alias_address). If not found, tries try_auto_create(). If that fails too, returns [(False, status.E515)] which is ""550 SL E515 Email not exist"". LOG: ""alias %s not exist. Try to se",simple-login/app,2026-09-07T11:38:29.234Z,"I want to understand how SimpleLogin processes multi step workflows at runtime.

In scenarios where a mailbox verification code is submitted incorrectly multiple times in succession, what observable state changes and enforcement mechanisms does the running system apply? Trace the actual runtime behavior to determine what limits exist, how failed attempts are tracked, and what ultimately prevents further submissions.

For background tasks that are scheduled and later picked up for execution, trace the complete lifecycle from initial creation through final completion. If a task encounters an error during execution, what recovery or retry behavior is applied, and what observable state reflects that failure?

During email forwarding through an alias, what exact format is used for the special address generated to handle delivery failures? If a failure notification arrives at this address, trace how the system identifies the original email, what state changes are recorded, and how the handling behavior differs depending on the direction of the original message.

Temporary inspection or debugging tools may be used to observe runtime behavior, but source files should not be modified and any temporary artifacts should be cleaned up afterward.",improved,0.0769230769230768,False,high,"The agent's subsequent actions and final answer focus entirely on mailbox verification, job lifecycle, and VERP bounce handling, while the retrieved note specifically describes the 'non-existent alias' error flow (E515), which is neither referenced in the agent's reasoning nor included in the final answer."
20260907T111756.126379309Z-openclaw-sweatlasqa-pilot30-shuffle2-amem-repo-sglang,task-6905333b74f22949d97ba9d1,18,1,1,8dac22c9-f08a-40d4-a272-3f7ef7c68419,56.995,match,"Paperless-NGX document ingestion workflow:
1. File drops in CONSUMPTION_DIR → detected by either inotify (INotify, if available and CONSUMER_POLLING=0) or watchdog PollingObserver (if CONSUMER_POLLING>0)
2. document_consumer.py (management command) uses Handler.on_created/on_moved to spawn thread th",paperless-ngx/paperless-ngx,2026-09-07T18:03:28.159Z,"I want to understand how Paperless-NGX keeps its search index synchronized with document changes before I start working with this codebase. With the full environment running, I'm curious what actually happens at runtime when a document gets modified after it's already been ingested. If I change an existing document's title through the API to something unique and then search for that exact new title within a few seconds, does the document appear in results immediately, or do I need to wait for background processing to complete? While making this change, I want to watch what happens in the background task worker process specifically to see whether any job gets picked up in response to the edit, or whether the update completes entirely within the API request before returning. Something I particularly want to explore is what happens if a document's title gets updates directly in the database using a raw SQL statement rather than through the API. After making that direct change and searching for the new title, does the document appear in search results, or does the index remain stale? If it stays stale, I want to know whether there is a way to force the system to reconcile the index with the current database state, and what observable effect that reconciliation process has on the worker logs and task queue. I'm also wondering how the system would behave if the search index became corrupted or deleted entirely while documents still exist in the database. After removing the index files and triggering whatever recovery mechanism exists, how long does reconstruction take for a small set of documents, and what processing activity is visible during that rebuild? The goal is to understand whether the system can self-heal from index inconsistencies or whether manual intervention is always required. You may create temporary test documents for observation, but don't modify any source files and clean up test artifacts when finished.",tied,0.0,False,high,"The retrieved note describes the file ingestion workflow (CONSUMPTION_DIR, inotify, document_consumer.py), but the agent's subsequent actions and final answer focus entirely on API-based document updates, Django signals (post_save), and the document_index management command, with no reference to the consumption directory or file drop mechanisms mentioned in the note."
20260907T111756.126379309Z-openclaw-sweatlasqa-pilot30-shuffle2-amem-repo-sglang,task-6905333b74f22949d97ba9d1,18,1,2,c191fd9d-e3df-4a03-95a1-087996bf64b0,49.220157,match,"OCR pipeline in paperless-ngx: When image (no embedded text) is uploaded: 1) Consumer sends STARTING -> WORKING(parsing_document) -> OCRmyPDF runs -> text extracted via sidecar file (ocrmypdf produces OCR'd PDF) -> archive_path set, text populated. For PDF with existing text: 1) extract_text() calls",paperless-ngx/paperless-ngx,2026-09-07T18:13:28.427Z,"I want to understand how Paperless-NGX keeps its search index synchronized with document changes before I start working with this codebase. With the full environment running, I'm curious what actually happens at runtime when a document gets modified after it's already been ingested. If I change an existing document's title through the API to something unique and then search for that exact new title within a few seconds, does the document appear in results immediately, or do I need to wait for background processing to complete? While making this change, I want to watch what happens in the background task worker process specifically to see whether any job gets picked up in response to the edit, or whether the update completes entirely within the API request before returning. Something I particularly want to explore is what happens if a document's title gets updates directly in the database using a raw SQL statement rather than through the API. After making that direct change and searching for the new title, does the document appear in search results, or does the index remain stale? If it stays stale, I want to know whether there is a way to force the system to reconcile the index with the current database state, and what observable effect that reconciliation process has on the worker logs and task queue. I'm also wondering how the system would behave if the search index became corrupted or deleted entirely while documents still exist in the database. After removing the index files and triggering whatever recovery mechanism exists, how long does reconstruction take for a small set of documents, and what processing activity is visible during that rebuild? The goal is to understand whether the system can self-heal from index inconsistencies or whether manual intervention is always required. You may create temporary test documents for observation, but don't modify any source files and clean up test artifacts when finished.",tied,0.0,False,high,"The retrieved note describes the OCR pipeline for new document ingestion, but the agent's subsequent actions and final answer focus entirely on signal handlers, API views, and reindexing commands for existing documents, with no reference to OCR, parsing_document, or sidecar files found in the note."
20260907T111756.126379309Z-openclaw-sweatlasqa-pilot30-shuffle2-amem-repo-sglang,task-6905333b74f22949d97ba9d1,18,2,1,8dac22c9-f08a-40d4-a272-3f7ef7c68419,59.3024,match,"Paperless-NGX document ingestion workflow:
1. File drops in CONSUMPTION_DIR → detected by either inotify (INotify, if available and CONSUMER_POLLING=0) or watchdog PollingObserver (if CONSUMER_POLLING>0)
2. document_consumer.py (management command) uses Handler.on_created/on_moved to spawn thread th",paperless-ngx/paperless-ngx,2026-09-07T18:03:28.159Z,"I want to understand how Paperless-NGX keeps its search index synchronized with document changes before I start working with this codebase. With the full environment running, I'm curious what actually happens at runtime when a document gets modified after it's already been ingested. If I change an existing document's title through the API to something unique and then search for that exact new title within a few seconds, does the document appear in results immediately, or do I need to wait for background processing to complete? While making this change, I want to watch what happens in the background task worker process specifically to see whether any job gets picked up in response to the edit, or whether the update completes entirely within the API request before returning. Something I particularly want to explore is what happens if a document's title gets updates directly in the database using a raw SQL statement rather than through the API. After making that direct change and searching for the new title, does the document appear in search results, or does the index remain stale? If it stays stale, I want to know whether there is a way to force the system to reconcile the index with the current database state, and what observable effect that reconciliation process has on the worker logs and task queue. I'm also wondering how the system would behave if the search index became corrupted or deleted entirely while documents still exist in the database. After removing the index files and triggering whatever recovery mechanism exists, how long does reconstruction take for a small set of documents, and what processing activity is visible during that rebuild? The goal is to understand whether the system can self-heal from index inconsistencies or whether manual intervention is always required. You may create temporary test documents for observation, but don't modify any source files and clean up test artifacts when finished.",tied,0.0,False,high,"The retrieved note describes the file ingestion workflow (CONSUMPTION_DIR, inotify, document_consumer.py), but the agent's final answer focuses on API updates, bulk edits, raw SQL, and index corruption, never referencing the ingestion workflow, file drops, or the specific components mentioned in the note."
20260907T111756.126379309Z-openclaw-sweatlasqa-pilot30-shuffle2-amem-repo-sglang,task-6905333b74f22949d97ba9d1,18,2,2,c191fd9d-e3df-4a03-95a1-087996bf64b0,50.62692,match,"OCR pipeline in paperless-ngx: When image (no embedded text) is uploaded: 1) Consumer sends STARTING -> WORKING(parsing_document) -> OCRmyPDF runs -> text extracted via sidecar file (ocrmypdf produces OCR'd PDF) -> archive_path set, text populated. For PDF with existing text: 1) extract_text() calls",paperless-ngx/paperless-ngx,2026-09-07T18:13:28.427Z,"I want to understand how Paperless-NGX keeps its search index synchronized with document changes before I start working with this codebase. With the full environment running, I'm curious what actually happens at runtime when a document gets modified after it's already been ingested. If I change an existing document's title through the API to something unique and then search for that exact new title within a few seconds, does the document appear in results immediately, or do I need to wait for background processing to complete? While making this change, I want to watch what happens in the background task worker process specifically to see whether any job gets picked up in response to the edit, or whether the update completes entirely within the API request before returning. Something I particularly want to explore is what happens if a document's title gets updates directly in the database using a raw SQL statement rather than through the API. After making that direct change and searching for the new title, does the document appear in search results, or does the index remain stale? If it stays stale, I want to know whether there is a way to force the system to reconcile the index with the current database state, and what observable effect that reconciliation process has on the worker logs and task queue. I'm also wondering how the system would behave if the search index became corrupted or deleted entirely while documents still exist in the database. After removing the index files and triggering whatever recovery mechanism exists, how long does reconstruction take for a small set of documents, and what processing activity is visible during that rebuild? The goal is to understand whether the system can self-heal from index inconsistencies or whether manual intervention is always required. You may create temporary test documents for observation, but don't modify any source files and clean up test artifacts when finished.",tied,0.0,False,high,"The retrieved note describes the OCR pipeline and text extraction process for uploaded documents, but the agent's final answer focuses entirely on search index synchronization mechanisms (API vs. SQL vs. reindexing) and never references OCR, text extraction, or the specific workflow details contained in the note."
20260907T111756.126379309Z-openclaw-sweatlasqa-pilot30-shuffle2-amem-repo-sglang,task-6905333b74f22949d97ba9d2,19,1,1,8dac22c9-f08a-40d4-a272-3f7ef7c68419,61.802304,match,"Paperless-NGX document ingestion workflow:
1. File drops in CONSUMPTION_DIR → detected by either inotify (INotify, if available and CONSUMER_POLLING=0) or watchdog PollingObserver (if CONSUMER_POLLING>0)
2. document_consumer.py (management command) uses Handler.on_created/on_moved to spawn thread th",paperless-ngx/paperless-ngx,2026-09-07T18:03:28.159Z,"I’m trying to get a big-picture understanding of how documents flow through the system. How does a new document usually enter paperless-ngx. Once a document is received, what are the main stages it goes through before it’s fully processed and available, are there any background jobs and what is used for background execution.

I’m also curious about the kind of information paperless stores for each document. What metadata fields are saved, and which ones are absolutely required versus optional or derived later during runtime-processing. Can you show with a runtime example?

Also I wonder how things like tags, correspondents, and document types are used together to organize documents in a practical way.

Please don’t make any changes to the repository itself. You can create temporary scripts for testing if needed but do clean them up once you're done.",degraded,-0.1818181818181817,True,high,"The agent's final answer explicitly details the document ingestion workflow (file drop into CONSUMPTION_DIR, detection via inotify/polling) and the specific settings (CONSUMER_POLLING, INOTIFY) mentioned in the retrieved note, confirming it used the note to structure its explanation of the entry process."
20260907T111756.126379309Z-openclaw-sweatlasqa-pilot30-shuffle2-amem-repo-sglang,task-6905333b74f22949d97ba9d2,19,1,2,c191fd9d-e3df-4a03-95a1-087996bf64b0,55.951643,match,"OCR pipeline in paperless-ngx: When image (no embedded text) is uploaded: 1) Consumer sends STARTING -> WORKING(parsing_document) -> OCRmyPDF runs -> text extracted via sidecar file (ocrmypdf produces OCR'd PDF) -> archive_path set, text populated. For PDF with existing text: 1) extract_text() calls",paperless-ngx/paperless-ngx,2026-09-07T18:13:28.427Z,"I’m trying to get a big-picture understanding of how documents flow through the system. How does a new document usually enter paperless-ngx. Once a document is received, what are the main stages it goes through before it’s fully processed and available, are there any background jobs and what is used for background execution.

I’m also curious about the kind of information paperless stores for each document. What metadata fields are saved, and which ones are absolutely required versus optional or derived later during runtime-processing. Can you show with a runtime example?

Also I wonder how things like tags, correspondents, and document types are used together to organize documents in a practical way.

Please don’t make any changes to the repository itself. You can create temporary scripts for testing if needed but do clean them up once you're done.",degraded,-0.1818181818181817,False,high,"The agent's final answer provides a high-level summary of the pipeline and metadata structure that does not reflect the specific technical details from the retrieved note (such as the specific state transitions 'STARTING -> WORKING(parsing_document)' or the mechanism of 'text extracted via sidecar file'), indicating the note was likely ignored in favor of direct code inspection."
20260907T111756.126379309Z-openclaw-sweatlasqa-pilot30-shuffle2-amem-repo-sglang,task-6905333b74f22949d97ba9d6,17,1,1,8dac22c9-f08a-40d4-a272-3f7ef7c68419,58.8951,match,"Paperless-NGX document ingestion workflow:
1. File drops in CONSUMPTION_DIR → detected by either inotify (INotify, if available and CONSUMER_POLLING=0) or watchdog PollingObserver (if CONSUMER_POLLING>0)
2. document_consumer.py (management command) uses Handler.on_created/on_moved to spawn thread th",paperless-ngx/paperless-ngx,2026-09-07T18:03:28.159Z,"I’m trying to get a practical understanding of how OCR behaves in paperless-ngx at runtime, especially in cases where it’s hard to tell what the system is actually doing. When I upload an image that has no embedded text, how can I see that OCR has started, and what does the document’s processing state look like while it’s running? I want to watch how background workers behave during this phase and understand what signals really indicate active OCR work. If I upload a similar image that already contains text, does the system skip OCR entirely, or does it still touch the OCR pipeline in some way, and how can I tell the difference after processing finishes? I also want to compare the final API responses for both cases to understand which fields show OCR-generated text versus existing text. Finally, when OCR produces weak or incomplete results, what actually happens to the document’s final state? Does it still count as fully processed, and how is that reflected in the saved metadata? Temporary scripts may be used for observation, but the repository itself should remain unchanged, and anything temporary should be cleaned up afterward.",tied,0.0,False,high,"The agent's subsequent actions consisted of broad file exploration and reading multiple source files, and the final answer was derived from this general codebase analysis rather than utilizing the specific details (inotify vs polling, Handler.on_created/on_moved) contained in the retrieved note, which are not referenced or acted upon in the final response."
20260907T111756.126379309Z-openclaw-sweatlasqa-pilot30-shuffle2-amem-repo-sglang,task-6905333b74f22949d97ba9d6,17,2,1,c191fd9d-e3df-4a03-95a1-087996bf64b0,62.520146,match,"OCR pipeline in paperless-ngx: When image (no embedded text) is uploaded: 1) Consumer sends STARTING -> WORKING(parsing_document) -> OCRmyPDF runs -> text extracted via sidecar file (ocrmypdf produces OCR'd PDF) -> archive_path set, text populated. For PDF with existing text: 1) extract_text() calls",paperless-ngx/paperless-ngx,2026-09-07T18:13:28.427Z,"I’m trying to get a practical understanding of how OCR behaves in paperless-ngx at runtime, especially in cases where it’s hard to tell what the system is actually doing. When I upload an image that has no embedded text, how can I see that OCR has started, and what does the document’s processing state look like while it’s running? I want to watch how background workers behave during this phase and understand what signals really indicate active OCR work. If I upload a similar image that already contains text, does the system skip OCR entirely, or does it still touch the OCR pipeline in some way, and how can I tell the difference after processing finishes? I also want to compare the final API responses for both cases to understand which fields show OCR-generated text versus existing text. Finally, when OCR produces weak or incomplete results, what actually happens to the document’s final state? Does it still count as fully processed, and how is that reflected in the saved metadata? Temporary scripts may be used for observation, but the repository itself should remain unchanged, and anything temporary should be cleaned up afterward.",tied,0.0,True,high,"The agent's final answer explicitly references the specific processing states ('STARTING', 'WORKING', 'parsing_document') and the sidecar file mechanism described in the retrieved note, indicating it used the note to structure the explanation of the OCR pipeline."
20260907T111756.126379309Z-openclaw-sweatlasqa-pilot30-shuffle2-amem-repo-sglang,task-6905333b74f22949d97ba9d6,17,2,2,8dac22c9-f08a-40d4-a272-3f7ef7c68419,42.403388,match,"Paperless-NGX document ingestion workflow:
1. File drops in CONSUMPTION_DIR → detected by either inotify (INotify, if available and CONSUMER_POLLING=0) or watchdog PollingObserver (if CONSUMER_POLLING>0)
2. document_consumer.py (management command) uses Handler.on_created/on_moved to spawn thread th",paperless-ngx/paperless-ngx,2026-09-07T18:03:28.159Z,"I’m trying to get a practical understanding of how OCR behaves in paperless-ngx at runtime, especially in cases where it’s hard to tell what the system is actually doing. When I upload an image that has no embedded text, how can I see that OCR has started, and what does the document’s processing state look like while it’s running? I want to watch how background workers behave during this phase and understand what signals really indicate active OCR work. If I upload a similar image that already contains text, does the system skip OCR entirely, or does it still touch the OCR pipeline in some way, and how can I tell the difference after processing finishes? I also want to compare the final API responses for both cases to understand which fields show OCR-generated text versus existing text. Finally, when OCR produces weak or incomplete results, what actually happens to the document’s final state? Does it still count as fully processed, and how is that reflected in the saved metadata? Temporary scripts may be used for observation, but the repository itself should remain unchanged, and anything temporary should be cleaned up afterward.",tied,0.0,False,high,"The retrieved note describes the file ingestion workflow (inotify/watchdog and document_consumer.py), but the agent's final answer focuses entirely on OCR modes, WebSocket status updates, Django-Q workers, and API fields, with no mention of the ingestion detection mechanisms or file paths specified in the note."
20260907T111756.126379309Z-openclaw-sweatlasqa-pilot30-shuffle2-amem-repo-sglang,task-6905333b74f22949d97ba9db,20,1,1,486fdfcf-e185-453f-8cbb-49b6c29ae9ac,59.93426,match,"Document model fields in paperless-ngx (models.py):
- REQUIRED at creation (set in _store): title, content, mime_type, checksum, created, modified, storage_type, filename
- SET LATER during processing: correspondent, document_type, tags, archive_filename, archive_checksum, archive_serial_number
- NO",paperless-ngx/paperless-ngx,2026-09-07T18:34:48.514Z,"I'm onboarding into the Paperless-NGX repository and I'm curious about the hidden choreography that happens when the system is actually running. When a document's tags change and the filename format includes tags in the directory structure, files apparently relocate themselves. I wonder what log messages actually appear during that dance, and what the before and after paths look like in practice. There's supposedly a rollback safety net if something goes wrong during a file move, but I can't tell from reading the code whether it truly recovers or just promises to, what actually happens to files when a move fails partway through? Beyond file handling, there are other runtime mysteries I want to explore. The classifier's behavior puzzles me, sometimes training finishes instantly, other times it takes much longer. I want to trigger both scenarios and see the actual log messages that explain why training was skipped versus why it proceeded with full retraining, including whatever hash or checksum the system uses to detect changes. Duplicate detection feels like magic, two files that look completely different can still be rejected as duplicates, and I want to see the actual checksums being compared at that moment of judgment. The sanity checker intrigues me as well, what does its output actually look like when an archive is healthy versus when something has gone wrong, and can I see the specific hash values it compares when it discovers a mismatch? I also wonder about ghost files, whether orphaned files really linger in the media folder and what the system actually reports when it finds them. I need to see real runtime evidence for all of this; actual paths, actual checksums, actual log messages. Temporary scripts may be used for observation, but the repository itself should remain unchanged and anything temporary cleaned up afterward.",tied,0.0,False,high,"The agent's subsequent actions involved searching for and reading various source files (file_handling.py, models.py, etc.) to answer the question, but the specific content of the retrieved note regarding Document model fields (REQUIRED vs SET LATER) was never explicitly referenced, quoted, or used to drive the specific logic in the final answer, which was derived from the direct code inspection of the files the agent chose to read."
20260907T111756.126379309Z-openclaw-sweatlasqa-pilot30-shuffle2-amem-repo-sglang,task-6905333b74f22949d97ba9db,20,1,2,8dac22c9-f08a-40d4-a272-3f7ef7c68419,56.58184000000001,match,"Paperless-NGX document ingestion workflow:
1. File drops in CONSUMPTION_DIR → detected by either inotify (INotify, if available and CONSUMER_POLLING=0) or watchdog PollingObserver (if CONSUMER_POLLING>0)
2. document_consumer.py (management command) uses Handler.on_created/on_moved to spawn thread th",paperless-ngx/paperless-ngx,2026-09-07T18:03:28.159Z,"I'm onboarding into the Paperless-NGX repository and I'm curious about the hidden choreography that happens when the system is actually running. When a document's tags change and the filename format includes tags in the directory structure, files apparently relocate themselves. I wonder what log messages actually appear during that dance, and what the before and after paths look like in practice. There's supposedly a rollback safety net if something goes wrong during a file move, but I can't tell from reading the code whether it truly recovers or just promises to, what actually happens to files when a move fails partway through? Beyond file handling, there are other runtime mysteries I want to explore. The classifier's behavior puzzles me, sometimes training finishes instantly, other times it takes much longer. I want to trigger both scenarios and see the actual log messages that explain why training was skipped versus why it proceeded with full retraining, including whatever hash or checksum the system uses to detect changes. Duplicate detection feels like magic, two files that look completely different can still be rejected as duplicates, and I want to see the actual checksums being compared at that moment of judgment. The sanity checker intrigues me as well, what does its output actually look like when an archive is healthy versus when something has gone wrong, and can I see the specific hash values it compares when it discovers a mismatch? I also wonder about ghost files, whether orphaned files really linger in the media folder and what the system actually reports when it finds them. I need to see real runtime evidence for all of this; actual paths, actual checksums, actual log messages. Temporary scripts may be used for observation, but the repository itself should remain unchanged and anything temporary cleaned up afterward.",tied,0.0,False,high,"The retrieved note only describes the initial file ingestion detection (inotify/watchdog) and thread spawning, whereas the agent's final answer focuses on post-ingestion behaviors like tag-based file relocation, classifier hashing, and duplicate detection, which are not covered by the note and were derived from the subsequent file reads."
20260907T111756.126379309Z-openclaw-sweatlasqa-pilot30-shuffle2-amem-repo-sglang,task-6905333b74f22949d97ba9db,20,1,3,93adea52-6ae9-447a-90c1-280a9c21ba52,53.741896,match,"Background jobs in paperless-ngx:
- Framework: django-q with Redis as broker
- 3 processes run via supervisord: gunicorn (web), consumer (document_consumer mgmt cmd), scheduler (qcluster)
- async_task used to enqueue: documents.tasks.consume_file (from file drops or email), paperless_mail.tasks.proc",paperless-ngx/paperless-ngx,2026-09-07T18:35:11.993Z,"I'm onboarding into the Paperless-NGX repository and I'm curious about the hidden choreography that happens when the system is actually running. When a document's tags change and the filename format includes tags in the directory structure, files apparently relocate themselves. I wonder what log messages actually appear during that dance, and what the before and after paths look like in practice. There's supposedly a rollback safety net if something goes wrong during a file move, but I can't tell from reading the code whether it truly recovers or just promises to, what actually happens to files when a move fails partway through? Beyond file handling, there are other runtime mysteries I want to explore. The classifier's behavior puzzles me, sometimes training finishes instantly, other times it takes much longer. I want to trigger both scenarios and see the actual log messages that explain why training was skipped versus why it proceeded with full retraining, including whatever hash or checksum the system uses to detect changes. Duplicate detection feels like magic, two files that look completely different can still be rejected as duplicates, and I want to see the actual checksums being compared at that moment of judgment. The sanity checker intrigues me as well, what does its output actually look like when an archive is healthy versus when something has gone wrong, and can I see the specific hash values it compares when it discovers a mismatch? I also wonder about ghost files, whether orphaned files really linger in the media folder and what the system actually reports when it finds them. I need to see real runtime evidence for all of this; actual paths, actual checksums, actual log messages. Temporary scripts may be used for observation, but the repository itself should remain unchanged and anything temporary cleaned up afterward.",tied,0.0,False,high,"The retrieved note about Django-Q background jobs and supervisord processes was never referenced in the agent's reasoning, shell commands, or final answer, which focused entirely on synchronous file handling, classifier logic, and database checksums rather than the asynchronous task queue infrastructure described in the note."
20260907T111756.126379309Z-openclaw-sweatlasqa-pilot30-shuffle2-amem-repo-sglang,task-6905333b74f22949d97ba9db,20,1,4,c191fd9d-e3df-4a03-95a1-087996bf64b0,46.0324,match,"OCR pipeline in paperless-ngx: When image (no embedded text) is uploaded: 1) Consumer sends STARTING -> WORKING(parsing_document) -> OCRmyPDF runs -> text extracted via sidecar file (ocrmypdf produces OCR'd PDF) -> archive_path set, text populated. For PDF with existing text: 1) extract_text() calls",paperless-ngx/paperless-ngx,2026-09-07T18:13:28.427Z,"I'm onboarding into the Paperless-NGX repository and I'm curious about the hidden choreography that happens when the system is actually running. When a document's tags change and the filename format includes tags in the directory structure, files apparently relocate themselves. I wonder what log messages actually appear during that dance, and what the before and after paths look like in practice. There's supposedly a rollback safety net if something goes wrong during a file move, but I can't tell from reading the code whether it truly recovers or just promises to, what actually happens to files when a move fails partway through? Beyond file handling, there are other runtime mysteries I want to explore. The classifier's behavior puzzles me, sometimes training finishes instantly, other times it takes much longer. I want to trigger both scenarios and see the actual log messages that explain why training was skipped versus why it proceeded with full retraining, including whatever hash or checksum the system uses to detect changes. Duplicate detection feels like magic, two files that look completely different can still be rejected as duplicates, and I want to see the actual checksums being compared at that moment of judgment. The sanity checker intrigues me as well, what does its output actually look like when an archive is healthy versus when something has gone wrong, and can I see the specific hash values it compares when it discovers a mismatch? I also wonder about ghost files, whether orphaned files really linger in the media folder and what the system actually reports when it finds them. I need to see real runtime evidence for all of this; actual paths, actual checksums, actual log messages. Temporary scripts may be used for observation, but the repository itself should remain unchanged and anything temporary cleaned up afterward.",tied,0.0,False,high,"The retrieved note describes the OCR pipeline and text extraction process, but the agent's subsequent actions and final answer focus entirely on file handling, classifier hashing, duplicate detection, and sanity checking, with no mention of OCR, text extraction, or the specific workflow details contained in the note."
20260914T035338.436341279Z-openclaw-sweatlasqa-pilot30-shuffle1-amem-global-sglang,task-6905333b74f22949d97ba9ac,1,2,1,ccc0679b-1976-46e6-9de9-6e9fe28d809a,66.48475,match,"SimpleLogin email forwarding flow:

1. handle() receives SMTP envelope and message, determines forward vs reply based on recipient
2. For forward: handle_forward() looks up alias by rcpt_to email; if alias not found, calls try_auto_create()
3. If alias not found AND can't auto-create: returns [(Fals",simple-login/app,2026-09-14T04:16:29.022Z,"I'm investigating a production issue where users report inconsistent behavior when emails are forwarded through SimpleLogin aliases. I need to trace the actual email processing flow to understand what's happening. When the email handler processes an incoming email to an alias, I want to observe, what is the exact log message text that appears when an email is successfully forwarded versus when it fails due to a non-existent alias, what specific SL Message-ID gets generated during forwarding and how does it differ from the original Message-ID, what is the exact From header value in the forwarded email after transformation including the reply-email address format, and what database records are created during a single forward operation show me the actual record IDs and timestamps. Trace through an actual email forward operation and capture these specific runtime values. I need to see actual generated values, not what the code logic suggests should happen. Just don't modify any source files while investigating, and clean up any test containers or DB instances you spin up.",,,False,high,"The agent's subsequent actions consist solely of a generic statement to write the final answer, with no shell commands, code inspection, or specific details from the retrieved note (such as function names like `handle_forward` or logic about `try_auto_create`) appearing in the final output or actions."
20260914T035338.436341279Z-openclaw-sweatlasqa-pilot30-shuffle1-amem-global-sglang,task-6905333b74f22949d97ba9ac,1,2,2,50b46470-6669-4a2f-bc8c-4151733514ff,71.29634,match,"Exact log messages from SimpleLogin email_handler.py:

SUCCESSFUL FORWARD:
- Line 740: LOG.d(""Create %s for %s, %s, %s"", email_log, contact, user, mailbox) → resolves to ""Create <EmailLog {id}> for <Contact {id} {email} {alias_id}>, <User {id}>, <Mailbox {email}>""
- Line 867: LOG.d(""From header, new",simple-login/app,2026-09-14T04:27:51.326Z,"I'm investigating a production issue where users report inconsistent behavior when emails are forwarded through SimpleLogin aliases. I need to trace the actual email processing flow to understand what's happening. When the email handler processes an incoming email to an alias, I want to observe, what is the exact log message text that appears when an email is successfully forwarded versus when it fails due to a non-existent alias, what specific SL Message-ID gets generated during forwarding and how does it differ from the original Message-ID, what is the exact From header value in the forwarded email after transformation including the reply-email address format, and what database records are created during a single forward operation show me the actual record IDs and timestamps. Trace through an actual email forward operation and capture these specific runtime values. I need to see actual generated values, not what the code logic suggests should happen. Just don't modify any source files while investigating, and clean up any test containers or DB instances you spin up.",,,False,high,"The agent's subsequent actions and final answer consist only of meta-commentary ('Now let me write the final comprehensive answer:') and do not contain any of the specific log message formats, file paths, or technical details from the retrieved note, nor do they reflect any investigation or execution of commands to capture runtime values."
20260914T035338.436341279Z-openclaw-sweatlasqa-pilot30-shuffle1-amem-global-sglang,task-6905333b74f22949d97ba9ae,2,1,1,ccc0679b-1976-46e6-9de9-6e9fe28d809a,69.22012600000001,match,"SimpleLogin email forwarding flow:

1. handle() receives SMTP envelope and message, determines forward vs reply based on recipient
2. For forward: handle_forward() looks up alias by rcpt_to email; if alias not found, calls try_auto_create()
3. If alias not found AND can't auto-create: returns [(Fals",simple-login/app,2026-09-14T04:16:29.022Z,"I’d like to understand how SimpleLogin resolves inbound email replies to a contact and forwarding destination during normal alias usage, specifically in cases where a reply ends up being delivered to a different user than the alias owner. As inbound reply messages are processed, focus on how the system derives the reply email address and uses it to identify the associated contact. Observe the actual runtime values involved in this resolution, the extracted reply email, the contact (if any) that it resolves to, and the user or alias ultimately selected as the forwarding destination. Track how these values behave across multiple reply events. Note whether the same reply email ever resolves to different contacts over time, fails to resolve temporarily, or resolves correctly but later results in forwarding to a different user than expected. Use these observations to determine whether the reply-handling logic specifically the lookup of contacts by reply email exhibits any race conditions, uniqueness assumptions, or timing-related inconsistencies that could explain why a reply is routed to the wrong user. Describe the runtime values you observed during reply resolution and explain how those values lead to the observed behavior. Don’t modify any repository source files. If temporary scripts or tooling are needed to observe behavior, that’s fine, but clean them up afterward and leave the repository unchanged.",improved,0.1666666666666666,True,high,"The agent's final answer explicitly details the reply resolution logic (extracting rcpt_to, using Contact.get_by, and determining forwarding via contact.alias) which directly corresponds to the flow described in the retrieved note, and the agent's subsequent shell commands specifically targeted the functions and files mentioned in that note (e.g., handle_reply, Contact.get_by, email_handler.py)."
20260914T035338.436341279Z-openclaw-sweatlasqa-pilot30-shuffle1-amem-global-sglang,task-6905333b74f22949d97ba9ae,2,1,2,50b46470-6669-4a2f-bc8c-4151733514ff,64.35581,match,"Exact log messages from SimpleLogin email_handler.py:

SUCCESSFUL FORWARD:
- Line 740: LOG.d(""Create %s for %s, %s, %s"", email_log, contact, user, mailbox) → resolves to ""Create <EmailLog {id}> for <Contact {id} {email} {alias_id}>, <User {id}>, <Mailbox {email}>""
- Line 867: LOG.d(""From header, new",simple-login/app,2026-09-14T04:27:51.326Z,"I’d like to understand how SimpleLogin resolves inbound email replies to a contact and forwarding destination during normal alias usage, specifically in cases where a reply ends up being delivered to a different user than the alias owner. As inbound reply messages are processed, focus on how the system derives the reply email address and uses it to identify the associated contact. Observe the actual runtime values involved in this resolution, the extracted reply email, the contact (if any) that it resolves to, and the user or alias ultimately selected as the forwarding destination. Track how these values behave across multiple reply events. Note whether the same reply email ever resolves to different contacts over time, fails to resolve temporarily, or resolves correctly but later results in forwarding to a different user than expected. Use these observations to determine whether the reply-handling logic specifically the lookup of contacts by reply email exhibits any race conditions, uniqueness assumptions, or timing-related inconsistencies that could explain why a reply is routed to the wrong user. Describe the runtime values you observed during reply resolution and explain how those values lead to the observed behavior. Don’t modify any repository source files. If temporary scripts or tooling are needed to observe behavior, that’s fine, but clean them up afterward and leave the repository unchanged.",improved,0.1666666666666666,True,high,"The agent's final answer explicitly references the specific log line format and line number (Line 740) mentioned in the retrieved note, and the note's mention of 'reverse_alias' and 'reply_email' directly guided the agent's grep searches and subsequent analysis of the contact resolution logic."
20260914T035338.436341279Z-openclaw-sweatlasqa-pilot30-shuffle1-amem-global-sglang,task-6905333b74f22949d97ba9ae,2,2,1,ccc0679b-1976-46e6-9de9-6e9fe28d809a,59.83872,match,"SimpleLogin email forwarding flow:

1. handle() receives SMTP envelope and message, determines forward vs reply based on recipient
2. For forward: handle_forward() looks up alias by rcpt_to email; if alias not found, calls try_auto_create()
3. If alias not found AND can't auto-create: returns [(Fals",simple-login/app,2026-09-14T04:16:29.022Z,"I’d like to understand how SimpleLogin resolves inbound email replies to a contact and forwarding destination during normal alias usage, specifically in cases where a reply ends up being delivered to a different user than the alias owner. As inbound reply messages are processed, focus on how the system derives the reply email address and uses it to identify the associated contact. Observe the actual runtime values involved in this resolution, the extracted reply email, the contact (if any) that it resolves to, and the user or alias ultimately selected as the forwarding destination. Track how these values behave across multiple reply events. Note whether the same reply email ever resolves to different contacts over time, fails to resolve temporarily, or resolves correctly but later results in forwarding to a different user than expected. Use these observations to determine whether the reply-handling logic specifically the lookup of contacts by reply email exhibits any race conditions, uniqueness assumptions, or timing-related inconsistencies that could explain why a reply is routed to the wrong user. Describe the runtime values you observed during reply resolution and explain how those values lead to the observed behavior. Don’t modify any repository source files. If temporary scripts or tooling are needed to observe behavior, that’s fine, but clean them up afterward and leave the repository unchanged.",improved,0.1666666666666666,False,high,"The retrieved note only describes the 'forward' flow (handle_forward, try_auto_create) and cuts off before mentioning replies, whereas the agent's final answer and reasoning focus entirely on the 'reply' flow (handle_reply, Contact.get_by), indicating the note provided no relevant information for the specific question asked."
20260914T035338.436341279Z-openclaw-sweatlasqa-pilot30-shuffle1-amem-global-sglang,task-6905333b74f22949d97ba9ae,2,2,2,475e2c95-af0c-4fd3-92a7-0bc6a3835bb3,55.39701,match,"Contact table has UniqueConstraint(""alias_id"", ""website_email"") but NO unique constraint on reply_email. The reply_email column has a non-unique index (unique=False). The generate_reply_email function attempts to create a unique reply_email by checking available_sl_email(), which checks if the email",,2026-09-14T04:51:56.353Z,"I’d like to understand how SimpleLogin resolves inbound email replies to a contact and forwarding destination during normal alias usage, specifically in cases where a reply ends up being delivered to a different user than the alias owner. As inbound reply messages are processed, focus on how the system derives the reply email address and uses it to identify the associated contact. Observe the actual runtime values involved in this resolution, the extracted reply email, the contact (if any) that it resolves to, and the user or alias ultimately selected as the forwarding destination. Track how these values behave across multiple reply events. Note whether the same reply email ever resolves to different contacts over time, fails to resolve temporarily, or resolves correctly but later results in forwarding to a different user than expected. Use these observations to determine whether the reply-handling logic specifically the lookup of contacts by reply email exhibits any race conditions, uniqueness assumptions, or timing-related inconsistencies that could explain why a reply is routed to the wrong user. Describe the runtime values you observed during reply resolution and explain how those values lead to the observed behavior. Don’t modify any repository source files. If temporary scripts or tooling are needed to observe behavior, that’s fine, but clean them up afterward and leave the repository unchanged.",improved,0.1666666666666666,True,high,"The agent's final answer explicitly cites the lack of a unique constraint on `reply_email` and the use of a non-unique index, which are specific facts from the retrieved note, and uses this to explain the behavior of the `.first()` lookup."
20260914T035338.436341279Z-openclaw-sweatlasqa-pilot30-shuffle1-amem-global-sglang,task-6905333b74f22949d97ba9ae,2,2,3,d5c66f52-1951-4440-a0bc-08a7bb0e2e95,65.591997,match,"SimpleLogin reply resolution mechanism: In the reply phase, when an email arrives with rcpt_to being a reverse-alias, handle_reply() resolves the contact via Contact.get_by(reply_email=normalize_reply_email(rcpt_to)). The reply_email is derived directly from the SMTP envelope's rcpt_to field. The co",simple-login/app,2026-09-14T04:49:57.846Z,"I’d like to understand how SimpleLogin resolves inbound email replies to a contact and forwarding destination during normal alias usage, specifically in cases where a reply ends up being delivered to a different user than the alias owner. As inbound reply messages are processed, focus on how the system derives the reply email address and uses it to identify the associated contact. Observe the actual runtime values involved in this resolution, the extracted reply email, the contact (if any) that it resolves to, and the user or alias ultimately selected as the forwarding destination. Track how these values behave across multiple reply events. Note whether the same reply email ever resolves to different contacts over time, fails to resolve temporarily, or resolves correctly but later results in forwarding to a different user than expected. Use these observations to determine whether the reply-handling logic specifically the lookup of contacts by reply email exhibits any race conditions, uniqueness assumptions, or timing-related inconsistencies that could explain why a reply is routed to the wrong user. Describe the runtime values you observed during reply resolution and explain how those values lead to the observed behavior. Don’t modify any repository source files. If temporary scripts or tooling are needed to observe behavior, that’s fine, but clean them up afterward and leave the repository unchanged.",improved,0.1666666666666666,True,high,"The agent's final answer explicitly cites the specific function `handle_reply()`, the method `Contact.get_by(reply_email=...)`, and the logic of deriving the reply email from the SMTP envelope's `rcpt_to` field, which are the exact details provided in the retrieved note."
20260914T035338.436341279Z-openclaw-sweatlasqa-pilot30-shuffle1-amem-global-sglang,task-6905333b74f22949d97ba9ae,2,2,4,50b46470-6669-4a2f-bc8c-4151733514ff,57.23282,match,"Exact log messages from SimpleLogin email_handler.py:

SUCCESSFUL FORWARD:
- Line 740: LOG.d(""Create %s for %s, %s, %s"", email_log, contact, user, mailbox) → resolves to ""Create <EmailLog {id}> for <Contact {id} {email} {alias_id}>, <User {id}>, <Mailbox {email}>""
- Line 867: LOG.d(""From header, new",simple-login/app,2026-09-14T04:27:51.326Z,"I’d like to understand how SimpleLogin resolves inbound email replies to a contact and forwarding destination during normal alias usage, specifically in cases where a reply ends up being delivered to a different user than the alias owner. As inbound reply messages are processed, focus on how the system derives the reply email address and uses it to identify the associated contact. Observe the actual runtime values involved in this resolution, the extracted reply email, the contact (if any) that it resolves to, and the user or alias ultimately selected as the forwarding destination. Track how these values behave across multiple reply events. Note whether the same reply email ever resolves to different contacts over time, fails to resolve temporarily, or resolves correctly but later results in forwarding to a different user than expected. Use these observations to determine whether the reply-handling logic specifically the lookup of contacts by reply email exhibits any race conditions, uniqueness assumptions, or timing-related inconsistencies that could explain why a reply is routed to the wrong user. Describe the runtime values you observed during reply resolution and explain how those values lead to the observed behavior. Don’t modify any repository source files. If temporary scripts or tooling are needed to observe behavior, that’s fine, but clean them up afterward and leave the repository unchanged.",improved,0.1666666666666666,True,high,"The agent's final answer explicitly references the specific log message format and line number (Line 740) from the retrieved note to describe the successful forward flow, and the note's context of analyzing `email_handler.py` logs directly informed the agent's investigation into the reply resolution logic."
20260914T035338.436341279Z-openclaw-sweatlasqa-pilot30-shuffle1-amem-global-sglang,task-6905333b74f22949d97ba9af,3,1,1,ccc0679b-1976-46e6-9de9-6e9fe28d809a,52.49759,match,"SimpleLogin email forwarding flow:

1. handle() receives SMTP envelope and message, determines forward vs reply based on recipient
2. For forward: handle_forward() looks up alias by rcpt_to email; if alias not found, calls try_auto_create()
3. If alias not found AND can't auto-create: returns [(Fals",simple-login/app,2026-09-14T04:16:29.022Z,"I'm trying to get the development environment running locally for the first time, and the documentation isn't very clear about the startup order or what breaks if certain setup steps are skipped. I want to bring the whole stack up from scratch and note what actually happens along the way.

To start with, I want to see what happens if the database isn't fully set up yet. With PostgreSQL running and an empty database created (no tables, migrations not run), what error do I actually hit when I start the server with python [server.py](http://server.py) and then try to open the login page in the browser? I'm looking for the full Python exception that gets raised.

Once the database migrations and the initialization script (init\_[app.py](http://app.py)) have been run and everything is set up correctly, I need to understand which Python services must be running for the system to work. Start each required service and show me the exact log output that confirms it's running and ready to accept connections. I want to see the actual startup messages from stdout/stderr, not just what the code says I need to verify the services are actually binding to their ports and working.

I'm also curious about what happens if the initialization step is skipped. If I run the migrations but don't run init\_[app.py](http://app.py), the SLDomain table should be empty (no email domains configured). If I then start the email handler and simulate an incoming email addressed to any @sl.local address, what happens? What SMTP status code does the email handler return to the sender, and what does it log to explain the rejection?

I'm not changing or deleting any source files here I just want to observe the system's behavior. Temporary config files or small test scripts are fine if needed.",degraded,-0.1538461538461538,False,high,"The agent's final answer regarding the SLDomain/email rejection logic (returning 550 because the alias doesn't exist) contradicts the specific logic described in the retrieved note (which states the handler calls `try_auto_create()` if the alias is not found), indicating the agent derived its answer from other code analysis rather than using the note's facts."
20260914T035338.436341279Z-openclaw-sweatlasqa-pilot30-shuffle1-amem-global-sglang,task-6905333b74f22949d97ba9af,3,1,2,475e2c95-af0c-4fd3-92a7-0bc6a3835bb3,51.39251,match,"Contact table has UniqueConstraint(""alias_id"", ""website_email"") but NO unique constraint on reply_email. The reply_email column has a non-unique index (unique=False). The generate_reply_email function attempts to create a unique reply_email by checking available_sl_email(), which checks if the email",,2026-09-14T04:51:56.353Z,"I'm trying to get the development environment running locally for the first time, and the documentation isn't very clear about the startup order or what breaks if certain setup steps are skipped. I want to bring the whole stack up from scratch and note what actually happens along the way.

To start with, I want to see what happens if the database isn't fully set up yet. With PostgreSQL running and an empty database created (no tables, migrations not run), what error do I actually hit when I start the server with python [server.py](http://server.py) and then try to open the login page in the browser? I'm looking for the full Python exception that gets raised.

Once the database migrations and the initialization script (init\_[app.py](http://app.py)) have been run and everything is set up correctly, I need to understand which Python services must be running for the system to work. Start each required service and show me the exact log output that confirms it's running and ready to accept connections. I want to see the actual startup messages from stdout/stderr, not just what the code says I need to verify the services are actually binding to their ports and working.

I'm also curious about what happens if the initialization step is skipped. If I run the migrations but don't run init\_[app.py](http://app.py), the SLDomain table should be empty (no email domains configured). If I then start the email handler and simulate an incoming email addressed to any @sl.local address, what happens? What SMTP status code does the email handler return to the sender, and what does it log to explain the rejection?

I'm not changing or deleting any source files here I just want to observe the system's behavior. Temporary config files or small test scripts are fine if needed.",degraded,-0.1538461538461538,False,high,"The retrieved note regarding the Contact table's UniqueConstraint and reply_email logic is completely irrelevant to the user's questions about database startup errors, required services, and SLDomain/email handling, and none of these specific details appear in the agent's subsequent exploration or final answer."
20260914T035338.436341279Z-openclaw-sweatlasqa-pilot30-shuffle1-amem-global-sglang,task-6905333b74f22949d97ba9af,3,1,3,50b46470-6669-4a2f-bc8c-4151733514ff,54.277754,match,"Exact log messages from SimpleLogin email_handler.py:

SUCCESSFUL FORWARD:
- Line 740: LOG.d(""Create %s for %s, %s, %s"", email_log, contact, user, mailbox) → resolves to ""Create <EmailLog {id}> for <Contact {id} {email} {alias_id}>, <User {id}>, <Mailbox {email}>""
- Line 867: LOG.d(""From header, new",simple-login/app,2026-09-14T04:27:51.326Z,"I'm trying to get the development environment running locally for the first time, and the documentation isn't very clear about the startup order or what breaks if certain setup steps are skipped. I want to bring the whole stack up from scratch and note what actually happens along the way.

To start with, I want to see what happens if the database isn't fully set up yet. With PostgreSQL running and an empty database created (no tables, migrations not run), what error do I actually hit when I start the server with python [server.py](http://server.py) and then try to open the login page in the browser? I'm looking for the full Python exception that gets raised.

Once the database migrations and the initialization script (init\_[app.py](http://app.py)) have been run and everything is set up correctly, I need to understand which Python services must be running for the system to work. Start each required service and show me the exact log output that confirms it's running and ready to accept connections. I want to see the actual startup messages from stdout/stderr, not just what the code says I need to verify the services are actually binding to their ports and working.

I'm also curious about what happens if the initialization step is skipped. If I run the migrations but don't run init\_[app.py](http://app.py), the SLDomain table should be empty (no email domains configured). If I then start the email handler and simulate an incoming email addressed to any @sl.local address, what happens? What SMTP status code does the email handler return to the sender, and what does it log to explain the rejection?

I'm not changing or deleting any source files here I just want to observe the system's behavior. Temporary config files or small test scripts are fine if needed.",degraded,-0.1538461538461538,False,high,"The agent's subsequent actions and final answer focus entirely on database schema, login routes, and email rejection logic, while the retrieved note about specific log lines in email_handler.py (lines 740 and 867) is never referenced, quoted, or acted upon in the reasoning or final output."
20260914T035338.436341279Z-openclaw-sweatlasqa-pilot30-shuffle1-amem-global-sglang,task-6905333b74f22949d97ba9af,3,1,4,d5c66f52-1951-4440-a0bc-08a7bb0e2e95,49.916905,match,"SimpleLogin reply resolution mechanism: In the reply phase, when an email arrives with rcpt_to being a reverse-alias, handle_reply() resolves the contact via Contact.get_by(reply_email=normalize_reply_email(rcpt_to)). The reply_email is derived directly from the SMTP envelope's rcpt_to field. The co",simple-login/app,2026-09-14T04:49:57.846Z,"I'm trying to get the development environment running locally for the first time, and the documentation isn't very clear about the startup order or what breaks if certain setup steps are skipped. I want to bring the whole stack up from scratch and note what actually happens along the way.

To start with, I want to see what happens if the database isn't fully set up yet. With PostgreSQL running and an empty database created (no tables, migrations not run), what error do I actually hit when I start the server with python [server.py](http://server.py) and then try to open the login page in the browser? I'm looking for the full Python exception that gets raised.

Once the database migrations and the initialization script (init\_[app.py](http://app.py)) have been run and everything is set up correctly, I need to understand which Python services must be running for the system to work. Start each required service and show me the exact log output that confirms it's running and ready to accept connections. I want to see the actual startup messages from stdout/stderr, not just what the code says I need to verify the services are actually binding to their ports and working.

I'm also curious about what happens if the initialization step is skipped. If I run the migrations but don't run init\_[app.py](http://app.py), the SLDomain table should be empty (no email domains configured). If I then start the email handler and simulate an incoming email addressed to any @sl.local address, what happens? What SMTP status code does the email handler return to the sender, and what does it log to explain the rejection?

I'm not changing or deleting any source files here I just want to observe the system's behavior. Temporary config files or small test scripts are fine if needed.",degraded,-0.1538461538461538,False,high,"The agent's subsequent actions and final answer focus entirely on database schema, startup scripts, and email forwarding logic, with no mention or usage of the retrieved note's specific details regarding the 'reply resolution mechanism', 'reverse-alias', or 'Contact.get_by' method."
20260914T035345.813663967Z-openclaw-sweatlasqa-pilot30-shuffle2-amem-global-sglang,task-6905333b74f22949d97ba9a7,2,1,1,d66e85ec-97fe-4cf6-b9a2-a99f76f3a485,61.10311000000001,match,"This is a SimpleLogin codebase (email privacy/alias service). Main email processing is in email_handler.py (83KB). Codebase structure: app/ directory, email_handler.py is the main email processing module, cron.py handles scheduled tasks, tasks/ directory for async tasks, tests/ for unit tests, migra",simple-login/app,2026-09-14T03:56:17.964Z,"I want to understand how SimpleLogin processes multi step workflows at runtime.

In scenarios where a mailbox verification code is submitted incorrectly multiple times in succession, what observable state changes and enforcement mechanisms does the running system apply? Trace the actual runtime behavior to determine what limits exist, how failed attempts are tracked, and what ultimately prevents further submissions.

For background tasks that are scheduled and later picked up for execution, trace the complete lifecycle from initial creation through final completion. If a task encounters an error during execution, what recovery or retry behavior is applied, and what observable state reflects that failure?

During email forwarding through an alias, what exact format is used for the special address generated to handle delivery failures? If a failure notification arrives at this address, trace how the system identifies the original email, what state changes are recorded, and how the handling behavior differs depending on the direction of the original message.

Temporary inspection or debugging tools may be used to observe runtime behavior, but source files should not be modified and any temporary artifacts should be cleaned up afterward.",,,False,high,"The agent's subsequent actions consist entirely of generic file system exploration and grep searches for keywords, without referencing any specific details (like the 83KB size or specific directory structure) mentioned in the retrieved note, indicating the note was not used to drive the investigation."
20260914T035345.813663967Z-openclaw-sweatlasqa-pilot30-shuffle2-amem-global-sglang,task-6905333b74f22949d97ba9a9,3,1,1,d66e85ec-97fe-4cf6-b9a2-a99f76f3a485,58.66724,match,"This is a SimpleLogin codebase (email privacy/alias service). Main email processing is in email_handler.py (83KB). Codebase structure: app/ directory, email_handler.py is the main email processing module, cron.py handles scheduled tasks, tasks/ directory for async tasks, tests/ for unit tests, migra",simple-login/app,2026-09-14T03:56:17.964Z,"I'm running into unexpected behavior in the alias reply-handling flow of SimpleLogin and I want to determine whether it's a real issue or just a misunderstanding of how the pipeline works. When a user replies to an email that was forwarded through an alias, the backend is supposed to receive the inbound message, identify which alias it belongs to, and relay it back to the correct recipient, but in my local tests some replies appear to be routed to the wrong user even though the logs show the alias being recognized. Using the development environment, simulate an inbound email reply and trace the runtime flow end-to-end: observe which part of the system handles the incoming message, how the alias is resolved to a user, and what user ID the system ultimately decides to forward the reply to. Based on this live execution trace, explain the actual data flow and identify the most likely point in the pipeline where an incorrect routing decision could originate. You can create temporary scripts or logs that's fine but clean them up and leave the codebase as you found it.",improved,0.1999999999999999,True,high,"The agent explicitly used the note's identification of `email_handler.py` as the main processing module to locate and inspect the specific functions (`handle_reply`, `get_mailbox_from_mail_from`, etc.) that form the basis of its final analysis and conclusion."
20260914T035345.813663967Z-openclaw-sweatlasqa-pilot30-shuffle2-amem-global-sglang,task-6905333b74f22949d97ba9a9,3,1,2,a0f25f88-0777-4de3-b45f-35b0e8303f87,52.24183,match,"Bounce handling: When bounce arrives at VERP address, handle_bounce() dispatches to handle_bounce_forward_phase() or handle_bounce_reply_phase() based on email_log.is_reply flag. In forward phase: email bounced from alias->mailbox. Sets email_log.bounced=True, creates Bounce record, creates RefusedE",,2026-09-14T04:56:27.150Z,"I'm running into unexpected behavior in the alias reply-handling flow of SimpleLogin and I want to determine whether it's a real issue or just a misunderstanding of how the pipeline works. When a user replies to an email that was forwarded through an alias, the backend is supposed to receive the inbound message, identify which alias it belongs to, and relay it back to the correct recipient, but in my local tests some replies appear to be routed to the wrong user even though the logs show the alias being recognized. Using the development environment, simulate an inbound email reply and trace the runtime flow end-to-end: observe which part of the system handles the incoming message, how the alias is resolved to a user, and what user ID the system ultimately decides to forward the reply to. Based on this live execution trace, explain the actual data flow and identify the most likely point in the pipeline where an incorrect routing decision could originate. You can create temporary scripts or logs that's fine but clean them up and leave the codebase as you found it.",improved,0.1999999999999999,False,high,"The retrieved note discusses bounce handling logic (handle_bounce, Bounce records), but the agent's subsequent actions and final answer focus entirely on the reply-handling flow (handle_reply, Contact models, reverse aliases) without referencing any bounce-related code, functions, or concepts from the note."
20260914T035345.813663967Z-openclaw-sweatlasqa-pilot30-shuffle2-amem-global-sglang,task-6905333b74f22949d97ba9a9,3,1,3,a618e7c9-2c35-4c80-9cf8-dccc9ee183ab,51.01286,match,"Email forwarding uses ""special@sl.co"" as Reply-To header to hide user's real mailbox email. The reverse-alias (reply_email) is generated by generate_reply_email(): random string + optional contact email (with @ replaced by _at_) + random suffix. In the forward phase, VERP envelope sender is ""bounce+",,2026-09-14T04:57:20.932Z,"I'm running into unexpected behavior in the alias reply-handling flow of SimpleLogin and I want to determine whether it's a real issue or just a misunderstanding of how the pipeline works. When a user replies to an email that was forwarded through an alias, the backend is supposed to receive the inbound message, identify which alias it belongs to, and relay it back to the correct recipient, but in my local tests some replies appear to be routed to the wrong user even though the logs show the alias being recognized. Using the development environment, simulate an inbound email reply and trace the runtime flow end-to-end: observe which part of the system handles the incoming message, how the alias is resolved to a user, and what user ID the system ultimately decides to forward the reply to. Based on this live execution trace, explain the actual data flow and identify the most likely point in the pipeline where an incorrect routing decision could originate. You can create temporary scripts or logs that's fine but clean them up and leave the codebase as you found it.",improved,0.1999999999999999,True,high,"The agent explicitly searched for and analyzed the `generate_reply_email`, `is_reverse_alias`, and `reply_email` functions and fields mentioned in the note, using this specific terminology and logic to trace the reply-handling flow and identify the routing bug."
20260914T035345.813663967Z-openclaw-sweatlasqa-pilot30-shuffle2-amem-global-sglang,task-6905333b74f22949d97ba9a9,3,1,4,54f9e39c-c2da-4e19-9524-f9449131b0cc,44.80467,match,"VERP format for bounce/failure notifications: New signed format: ""sl.{b32_encoded_payload}.{b32_encoded_signature}@{domain}"" where payload is JSON [verp_type(int), object_id(int), time_min(int)] signed with HMAC-SHA3-224. VerpType: bounce_forward=0, bounce_reply=1, transactional=2. Legacy format: ""b",,2026-09-14T04:55:30.093Z,"I'm running into unexpected behavior in the alias reply-handling flow of SimpleLogin and I want to determine whether it's a real issue or just a misunderstanding of how the pipeline works. When a user replies to an email that was forwarded through an alias, the backend is supposed to receive the inbound message, identify which alias it belongs to, and relay it back to the correct recipient, but in my local tests some replies appear to be routed to the wrong user even though the logs show the alias being recognized. Using the development environment, simulate an inbound email reply and trace the runtime flow end-to-end: observe which part of the system handles the incoming message, how the alias is resolved to a user, and what user ID the system ultimately decides to forward the reply to. Based on this live execution trace, explain the actual data flow and identify the most likely point in the pipeline where an incorrect routing decision could originate. You can create temporary scripts or logs that's fine but clean them up and leave the codebase as you found it.",improved,0.1999999999999999,False,high,"The agent's final answer and reasoning trace focus entirely on the reply-handling logic in `email_handler.py` and `models.py` (specifically `Contact`, `Alias`, and `get_mailbox_from_mail_from`), with no mention or utilization of the VERP format, bounce types, or HMAC signatures described in the retrieved note."
20260914T035345.813663967Z-openclaw-sweatlasqa-pilot30-shuffle2-amem-global-sglang,task-6905333b74f22949d97ba9a9,3,1,5,9eeb53cb-cb87-4b1e-a500-600c801bb1e4,36.450058,match,"Mailbox verification uses MAX_ACTIVATION_TRIES=3. verify_mailbox_code() checks: 1) mailbox exists and is unverified, 2) activation record exists with tries < MAX_ACTIVATION_TRIES, 3) code is not older than 15 minutes, 4) code matches. On wrong code, activation.tries is incremented. When tries >= 3, ",,2026-09-14T04:54:09.196Z,"I'm running into unexpected behavior in the alias reply-handling flow of SimpleLogin and I want to determine whether it's a real issue or just a misunderstanding of how the pipeline works. When a user replies to an email that was forwarded through an alias, the backend is supposed to receive the inbound message, identify which alias it belongs to, and relay it back to the correct recipient, but in my local tests some replies appear to be routed to the wrong user even though the logs show the alias being recognized. Using the development environment, simulate an inbound email reply and trace the runtime flow end-to-end: observe which part of the system handles the incoming message, how the alias is resolved to a user, and what user ID the system ultimately decides to forward the reply to. Based on this live execution trace, explain the actual data flow and identify the most likely point in the pipeline where an incorrect routing decision could originate. You can create temporary scripts or logs that's fine but clean them up and leave the codebase as you found it.",improved,0.1999999999999999,False,high,"The retrieved note discusses mailbox activation verification logic (MAX_ACTIVATION_TRIES, verify_mailbox_code), which is completely unrelated to the alias reply-handling flow, reverse aliases, or contact routing; the agent's subsequent actions and final answer focus entirely on email_handler.py, Contact models, and reply routing logic without referencing any details from the note."
20260914T035345.813663967Z-openclaw-sweatlasqa-pilot30-shuffle2-amem-global-sglang,task-6905333b74f22949d97ba9a9,3,1,6,b55f3b00-76a4-40ca-a90e-524e5548ca9c,37.01979,link,"Job lifecycle: Job model has states ready(0), taken(1), done(2), error(3), with fields: taken(boolean), run_at(timestamp), attempts(integer). Jobs are created via Job.create() with name, payload, and run_at. The job runner polls get_jobs_to_run() which returns jobs that are ready or taken+stale(take",,2026-09-14T04:54:49.961Z,"I'm running into unexpected behavior in the alias reply-handling flow of SimpleLogin and I want to determine whether it's a real issue or just a misunderstanding of how the pipeline works. When a user replies to an email that was forwarded through an alias, the backend is supposed to receive the inbound message, identify which alias it belongs to, and relay it back to the correct recipient, but in my local tests some replies appear to be routed to the wrong user even though the logs show the alias being recognized. Using the development environment, simulate an inbound email reply and trace the runtime flow end-to-end: observe which part of the system handles the incoming message, how the alias is resolved to a user, and what user ID the system ultimately decides to forward the reply to. Based on this live execution trace, explain the actual data flow and identify the most likely point in the pipeline where an incorrect routing decision could originate. You can create temporary scripts or logs that's fine but clean them up and leave the codebase as you found it.",improved,0.1999999999999999,False,high,"The retrieved note describes a generic 'Job' model lifecycle (states, fields, polling), which is completely unrelated to the email alias reply-handling flow; the agent's subsequent actions and final answer focus entirely on email handlers, contacts, aliases, and mailboxes, with no reference to jobs, job states, or the specific details in the note."
20260914T035345.813663967Z-openclaw-sweatlasqa-pilot30-shuffle2-amem-global-sglang,task-6905333b74f22949d97ba9ac,1,2,1,d66e85ec-97fe-4cf6-b9a2-a99f76f3a485,49.4352,match,"This is a SimpleLogin codebase (email privacy/alias service). Main email processing is in email_handler.py (83KB). Codebase structure: app/ directory, email_handler.py is the main email processing module, cron.py handles scheduled tasks, tasks/ directory for async tasks, tests/ for unit tests, migra",simple-login/app,2026-09-14T03:56:17.964Z,"I'm investigating a production issue where users report inconsistent behavior when emails are forwarded through SimpleLogin aliases. I need to trace the actual email processing flow to understand what's happening. When the email handler processes an incoming email to an alias, I want to observe, what is the exact log message text that appears when an email is successfully forwarded versus when it fails due to a non-existent alias, what specific SL Message-ID gets generated during forwarding and how does it differ from the original Message-ID, what is the exact From header value in the forwarded email after transformation including the reply-email address format, and what database records are created during a single forward operation show me the actual record IDs and timestamps. Trace through an actual email forward operation and capture these specific runtime values. I need to see actual generated values, not what the code logic suggests should happen. Just don't modify any source files while investigating, and clean up any test containers or DB instances you spin up.",,,False,high,"The agent's subsequent actions consist only of meta-commentary ('Now let me consolidate memory', 'Now let me write the comprehensive answer') and it provides no final answer or evidence of using the specific file path or codebase structure details from the note to perform any investigation or generate runtime values."
