run_dir,replicate,arm,task_id,occurrence,repository,session_id,call_seq,query,n_results,n_via_match,n_via_link,sim_mean,sim_min,sim_max,note_ids,gateway_log_query,gateway_log_n_results,gateway_log_latency_ms,agg_score,reward,control_agg_score,delta,bucket,question,query_question_overlap,note_question_overlap_mean,note_question_overlap_max
20260906T141944.964671697Z-openclaw-sweatlasqa-pilot30-amem-repo-sglang,pilot30,repo-scope,task-6905333b74f22949d97ba9a4,1,simple-login/app,ca5eb0ec-5b37-493f-b218-3379d694f9fe,1,SimpleLogin backend startup configuration dev mode,0,0,0,,,,,SimpleLogin backend startup configuration dev mode,0,24,1.0,1.0,1.0,0.0,tied,"I'm trying to understand what actually happens when SimpleLogin is started locally in development environment. I'm wondering how the backend starts up in dev mode, how configuration is loaded, which log messages indicate that it's ready to accept requests, and what ports or endpoints it exposes. 

I’m interested in how a single authenticated request is handled by the app, where the request first enters the application, how the user identity is determined at runtime, and how that authentication context is carried through request handling. The entry point and user identification flow are my main concerns here. I also want to know whether the app automatically starts any background jobs or schedulers, or if there’s anything going on besides handling incoming requests.

I'm not looking for what the code says should happen, I want to know what actually gets printed when you run it. Please don’t modify any repository source files while investigating. Temporary scripts are fine if needed, but leave the codebase unchanged and clean up anything you create when you’re done.",0.06153846153846154,,
20260906T141944.964671697Z-openclaw-sweatlasqa-pilot30-amem-repo-sglang,pilot30,repo-scope,task-6905333b74f22949d97ba9a4,1,simple-login/app,ca5eb0ec-5b37-493f-b218-3379d694f9fe,2,SimpleLogin configuration startup background jobs authentication,6,5,1,59.0085875,56.03298,66.91023,bc974ad8-7249-4af6-90cb-050e52046d0f;0df40c30-0ba8-463c-8aeb-c12e30aa58cf;2c524f41-1a54-46f5-b762-a4583711b8b0;17c478e5-b9a7-4f3a-a5af-94b151c0fab4;459ce52f-f244-4683-8429-0950ae340760;e8a36cc7-1929-459d-97bc-5f7eb7153956,SimpleLogin configuration startup background jobs authentication,6,1130,1.0,1.0,1.0,0.0,tied,"I'm trying to understand what actually happens when SimpleLogin is started locally in development environment. I'm wondering how the backend starts up in dev mode, how configuration is loaded, which log messages indicate that it's ready to accept requests, and what ports or endpoints it exposes. 

I’m interested in how a single authenticated request is handled by the app, where the request first enters the application, how the user identity is determined at runtime, and how that authentication context is carried through request handling. The entry point and user identification flow are my main concerns here. I also want to know whether the app automatically starts any background jobs or schedulers, or if there’s anything going on besides handling incoming requests.

I'm not looking for what the code says should happen, I want to know what actually gets printed when you run it. Please don’t modify any repository source files while investigating. Temporary scripts are fine if needed, but leave the codebase unchanged and clean up anything you create when you’re done.",0.07692307692307693,0.039512483819065074,0.06097560975609756
20260906T141944.964671697Z-openclaw-sweatlasqa-pilot30-amem-repo-sglang,pilot30,repo-scope,task-6905333b74f22949d97ba9a5,2,simple-login/app,a23107ef-c6d2-4a57-b2bc-f8637ffc888d,1,alias creation signed suffix validation rate limiting,6,5,1,37.50480183333334,32.913804,46.147674,17c478e5-b9a7-4f3a-a5af-94b151c0fab4;bc974ad8-7249-4af6-90cb-050e52046d0f;2c524f41-1a54-46f5-b762-a4583711b8b0;e8a36cc7-1929-459d-97bc-5f7eb7153956;459ce52f-f244-4683-8429-0950ae340760;0df40c30-0ba8-463c-8aeb-c12e30aa58cf,alias creation signed suffix validation rate limiting,6,136,1.0,1.0,0.6923076923076923,0.3076923076923077,improved,"I am debugging intermittent validation failures during custom alias creation that don't match the expected behavior, which seems related to how signed suffixes are verified. When attempting to create custom aliases with invalid or expired signed suffixes, what exact HTTP status codes and error messages appear in the API responses, and what corresponding validation log entries show up in the server console? Check whether any rate-limiting headers appear in the responses and what their actual values are. For successful alias creation attempts, what quota-related checks occur, what specific values get logged when the system verifies whether the user can create more aliases? Trace through the execution path to identify which component validates signed suffixes and enforces creation limits, and what conditions trigger rejection. Don't modify the repository code temporary test scripts or API calls are fine but keep the codebase unchanged.",0.0821917808219178,0.017826624442598145,0.053763440860215055
20260906T141944.964671697Z-openclaw-sweatlasqa-pilot30-amem-repo-sglang,pilot30,repo-scope,task-6905333b74f22949d97ba9a6,3,simple-login/app,e4e8ddaa-4cd2-4009-8851-0a17f77270d3,1,email privacy system anonymous aliases database migration server startup,0,0,0,,,,,email privacy system anonymous aliases database migration server startup,7,424,0.8181818181818182,0.0,0.8181818181818182,0.0,tied,"I'm trying to get this email privacy system with anonymous aliases running for the first time and I want to understand how all the pieces fit together during initialization.

The system has a web server, an email handler, background jobs, and some cron tasks. I need to set everything up from scratch and see what actually happens when it starts.

Here's what I'm trying to figure out:

When I run the database migrations on an empty PostgreSQL database, how many tables get created in total? And what's the exact name of the last table that gets created based on the migration output order?

For the web server startup, what's the log message that tells me it's actually ready to accept connections? I'm also curious how many milliseconds pass between the first log entry and that ready message.

The email handler can take a custom port. If I start it with port 25025, does the startup log confirm it's listening on that port? What message shows up exactly?

I want to test the registration flow. If I create a user account with email ""[testuser@example.com](mailto:testuser@example.com)"" and password ""testpass123"", then immediately try to login before activating it, what's the exact JSON error message the API returns and what HTTP status code comes with it? I'd also like to see the full curl command output. And when I query the database directly for that user, what boolean values do the activated and notification columns actually show?

Also, there are different alias limits for different account types. I want to verify how the system handles this dynamically. First, create a fresh user and call /api/user_info to see what max_alias_free_plan value the API actually returns in the JSON response. Then, experiment with changing the configuration - try setting a different limit value like 10, restart the server, create a second new user, and call /api/user_info again for that user. What are the exact API responses before and after the change? Do both users reflect the new limit or only the one created after the change?

I'm trying to understand the actual runtime behavior here, not just what the code suggests should happen. Don't modify any of the source files, but feel free to create test config files or .env files to experiment with different settings.",0.06766917293233082,,
20260906T141944.964671697Z-openclaw-sweatlasqa-pilot30-amem-repo-sglang,pilot30,repo-scope,task-6905333b74f22949d97ba9a6,3,simple-login/app,e4e8ddaa-4cd2-4009-8851-0a17f77270d3,2,SimpleLogin database migration tables server startup email handler API registration login user_info,0,0,0,,,,,SimpleLogin database migration tables server startup email handler API registration login user_info,10,121,0.8181818181818182,0.0,0.8181818181818182,0.0,tied,"I'm trying to get this email privacy system with anonymous aliases running for the first time and I want to understand how all the pieces fit together during initialization.

The system has a web server, an email handler, background jobs, and some cron tasks. I need to set everything up from scratch and see what actually happens when it starts.

Here's what I'm trying to figure out:

When I run the database migrations on an empty PostgreSQL database, how many tables get created in total? And what's the exact name of the last table that gets created based on the migration output order?

For the web server startup, what's the log message that tells me it's actually ready to accept connections? I'm also curious how many milliseconds pass between the first log entry and that ready message.

The email handler can take a custom port. If I start it with port 25025, does the startup log confirm it's listening on that port? What message shows up exactly?

I want to test the registration flow. If I create a user account with email ""[testuser@example.com](mailto:testuser@example.com)"" and password ""testpass123"", then immediately try to login before activating it, what's the exact JSON error message the API returns and what HTTP status code comes with it? I'd also like to see the full curl command output. And when I query the database directly for that user, what boolean values do the activated and notification columns actually show?

Also, there are different alias limits for different account types. I want to verify how the system handles this dynamically. First, create a fresh user and call /api/user_info to see what max_alias_free_plan value the API actually returns in the JSON response. Then, experiment with changing the configuration - try setting a different limit value like 10, restart the server, create a second new user, and call /api/user_info again for that user. What are the exact API responses before and after the change? Do both users reflect the new limit or only the one created after the change?

I'm trying to understand the actual runtime behavior here, not just what the code suggests should happen. Don't modify any of the source files, but feel free to create test config files or .env files to experiment with different settings.",0.07462686567164178,,
20260906T141944.964671697Z-openclaw-sweatlasqa-pilot30-amem-repo-sglang,pilot30,repo-scope,task-6905333b74f22949d97ba9a7,4,simple-login/app,5a965d27-109c-4c02-93d0-1f5500343bd6,1,SimpleLogin multi step workflow mailbox verification background tasks email forwarding aliases,0,0,0,,,,,SimpleLogin multi step workflow mailbox verification background tasks email forwarding aliases,10,1625,1.0,1.0,1.0,0.0,tied,"I want to understand how SimpleLogin processes multi step workflows at runtime.

In scenarios where a mailbox verification code is submitted incorrectly multiple times in succession, what observable state changes and enforcement mechanisms does the running system apply? Trace the actual runtime behavior to determine what limits exist, how failed attempts are tracked, and what ultimately prevents further submissions.

For background tasks that are scheduled and later picked up for execution, trace the complete lifecycle from initial creation through final completion. If a task encounters an error during execution, what recovery or retry behavior is applied, and what observable state reflects that failure?

During email forwarding through an alias, what exact format is used for the special address generated to handle delivery failures? If a failure notification arrives at this address, trace how the system identifies the original email, what state changes are recorded, and how the handling behavior differs depending on the direction of the original message.

Temporary inspection or debugging tools may be used to observe runtime behavior, but source files should not be modified and any temporary artifacts should be cleaned up afterward.",0.0989010989010989,,
20260906T141944.964671697Z-openclaw-sweatlasqa-pilot30-amem-repo-sglang,pilot30,repo-scope,task-6905333b74f22949d97ba9a7,4,simple-login/app,5a965d27-109c-4c02-93d0-1f5500343bd6,2,mailbox verification code multi-step workflow enforcement failed attempts rate limit,0,0,0,,,,,mailbox verification code multi-step workflow enforcement failed attempts rate limit,10,138,1.0,1.0,1.0,0.0,tied,"I want to understand how SimpleLogin processes multi step workflows at runtime.

In scenarios where a mailbox verification code is submitted incorrectly multiple times in succession, what observable state changes and enforcement mechanisms does the running system apply? Trace the actual runtime behavior to determine what limits exist, how failed attempts are tracked, and what ultimately prevents further submissions.

For background tasks that are scheduled and later picked up for execution, trace the complete lifecycle from initial creation through final completion. If a task encounters an error during execution, what recovery or retry behavior is applied, and what observable state reflects that failure?

During email forwarding through an alias, what exact format is used for the special address generated to handle delivery failures? If a failure notification arrives at this address, trace how the system identifies the original email, what state changes are recorded, and how the handling behavior differs depending on the direction of the original message.

Temporary inspection or debugging tools may be used to observe runtime behavior, but source files should not be modified and any temporary artifacts should be cleaned up afterward.",0.07608695652173914,,
20260906T141944.964671697Z-openclaw-sweatlasqa-pilot30-amem-repo-sglang,pilot30,repo-scope,task-6905333b74f22949d97ba9a8,5,simple-login/app,d487036a-70db-482f-a9eb-4b1a5d0cace8,1,SimpleLogin codebase Flask port database API,0,0,0,,,,,SimpleLogin codebase Flask port database API,13,220,1.0,1.0,1.0,0.0,tied,"I'm onboarding into the SimpleLogin codebase and need to understand how it actually behaves when running. I want to know what port the Flask app binds to and what the startup logs look like when it initializes. For the health check, what response body and status code does it return? When a user creates an alias through the API, what does the actual JSON response look like, and what ends up in the database, which table, and what values? I'm also curious about failure behavior. If PostgreSQL isn't available when the app starts, what error appears, and where does it break? I need to see actual runtime output, not just what the code says should happen. You can create temporary test scripts, but don't modify the repository and clean up afterward.",0.08163265306122448,,
20260906T141944.964671697Z-openclaw-sweatlasqa-pilot30-amem-repo-sglang,pilot30,repo-scope,task-6905333b74f22949d97ba9a8,5,simple-login/app,d487036a-70db-482f-a9eb-4b1a5d0cace8,2,SimpleLogin runtime startup health check alias creation database PostgreSQL error,0,0,0,,,,,SimpleLogin runtime startup health check alias creation database PostgreSQL error,11,173,1.0,1.0,1.0,0.0,tied,"I'm onboarding into the SimpleLogin codebase and need to understand how it actually behaves when running. I want to know what port the Flask app binds to and what the startup logs look like when it initializes. For the health check, what response body and status code does it return? When a user creates an alias through the API, what does the actual JSON response look like, and what ends up in the database, which table, and what values? I'm also curious about failure behavior. If PostgreSQL isn't available when the app starts, what error appears, and where does it break? I need to see actual runtime output, not just what the code says should happen. You can create temporary test scripts, but don't modify the repository and clean up afterward.",0.18,,
20260906T141944.964671697Z-openclaw-sweatlasqa-pilot30-amem-repo-sglang,pilot30,repo-scope,task-6905333b74f22949d97ba9a9,6,simple-login/app,6f1d9043-6186-4861-a3a5-3e7d987f0f0c,1,SimpleLogin alias reply routing pipeline,0,0,0,,,,,SimpleLogin alias reply routing pipeline,13,1775,0.4,0.0,0.4,0.0,tied,"I'm running into unexpected behavior in the alias reply-handling flow of SimpleLogin and I want to determine whether it's a real issue or just a misunderstanding of how the pipeline works. When a user replies to an email that was forwarded through an alias, the backend is supposed to receive the inbound message, identify which alias it belongs to, and relay it back to the correct recipient, but in my local tests some replies appear to be routed to the wrong user even though the logs show the alias being recognized. Using the development environment, simulate an inbound email reply and trace the runtime flow end-to-end: observe which part of the system handles the incoming message, how the alias is resolved to a user, and what user ID the system ultimately decides to forward the reply to. Based on this live execution trace, explain the actual data flow and identify the most likely point in the pipeline where an incorrect routing decision could originate. You can create temporary scripts or logs that's fine but clean them up and leave the codebase as you found it.",0.0641025641025641,,
20260906T141944.964671697Z-openclaw-sweatlasqa-pilot30-amem-repo-sglang,pilot30,repo-scope,task-6905333b74f22949d97ba9a9,6,simple-login/app,6f1d9043-6186-4861-a3a5-3e7d987f0f0c,2,reply phase alias user routing mailbox handle_reply email_handler,0,0,0,,,,,reply phase alias user routing mailbox handle_reply email_handler,13,1489,0.4,0.0,0.4,0.0,tied,"I'm running into unexpected behavior in the alias reply-handling flow of SimpleLogin and I want to determine whether it's a real issue or just a misunderstanding of how the pipeline works. When a user replies to an email that was forwarded through an alias, the backend is supposed to receive the inbound message, identify which alias it belongs to, and relay it back to the correct recipient, but in my local tests some replies appear to be routed to the wrong user even though the logs show the alias being recognized. Using the development environment, simulate an inbound email reply and trace the runtime flow end-to-end: observe which part of the system handles the incoming message, how the alias is resolved to a user, and what user ID the system ultimately decides to forward the reply to. Based on this live execution trace, explain the actual data flow and identify the most likely point in the pipeline where an incorrect routing decision could originate. You can create temporary scripts or logs that's fine but clean them up and leave the codebase as you found it.",0.04878048780487805,,
20260906T141944.964671697Z-openclaw-sweatlasqa-pilot30-amem-repo-sglang,pilot30,repo-scope,task-6905333b74f22949d97ba9aa,7,simple-login/app,a19ed85e-1ae4-46f4-bc60-4f92e45aaa82,1,SimpleLogin setup run web server email job runner,0,0,0,,,,,SimpleLogin setup run web server email job runner,13,1480,0.6666666666666666,0.0,0.75,-0.0833333333333333,degraded,"I'm new to SimpleLogin and trying to get everything running locally. Once the application starts, how can I tell that the web server, email handler, and job runner are actually up and responding? What should I see in the logs or dashboard UI that confirms users can sign in and manage their aliases?

After it's running, try performing some basic user actions like creating a new account, creating an alias, and having that alias receive an email. What happens when a new account interacts with aliases or tries to receive mail, and how does the system show that these actions were handled correctly? What should I see at runtime that confirms the behavior you would expect?

While the application is active, do the email handler and job runner automatically come online in the background to support email activity or data handling? What behavior suggests that these internal components are functioning as intended across different situations?

Do not modify the source code. You can create temporary testing data such as accounts or aliases but clean them up when you are done.",0.058823529411764705,,
20260906T141944.964671697Z-openclaw-sweatlasqa-pilot30-amem-repo-sglang,pilot30,repo-scope,task-6905333b74f22949d97ba9ab,8,simple-login/app,f1abc841-87fd-4515-9bbf-0aa06c5f95d8,1,SimpleLogin alias creation repository codebase,0,0,0,,,,,SimpleLogin alias creation repository codebase,13,141,,,0.8571428571428571,,,"I want to understand how SimpleLogin behaves during a normal alias-creation flow. To do that, run the full application locally using the standard development setup, login with any test user, and create a new alias while observing the system in real time.

As you go through this flow, watch the frontend and note exactly what request it sends to the backend when an alias is created. Then observe what the backend returns, including any status codes, payloads, or metadata that appear in the response. While the request is being processed, check what changes occur in the database. Identify which records are inserted or updated, how many tables are touched, and whether any related entities are created as part of the same operation.

Pay close attention to the logs to see whether the system triggers any background tasks, emits follow-up events, or performs additional work beyond the initial write. If anything fails, such as validation problems, DB errors, or network issues. Note how the error surfaces in the API response, logs, and resulting database state. Don't modify any of the repository source files while investigating. Feel free to create temporary scripts that's fine, but leave the actual codebase as you found it and ensure to clean up any temporary files or scripts you create when you're done.",0.0297029702970297,,
20260906T141944.964671697Z-openclaw-sweatlasqa-pilot30-amem-repo-sglang,pilot30,repo-scope,task-6905333b74f22949d97ba9ab,8,simple-login/app,f1abc841-87fd-4515-9bbf-0aa06c5f95d8,2,DailyMetric alias creation alias_used_on background job event,0,0,0,,,,,DailyMetric alias creation alias_used_on background job event,13,1261,,,0.8571428571428571,,,"I want to understand how SimpleLogin behaves during a normal alias-creation flow. To do that, run the full application locally using the standard development setup, login with any test user, and create a new alias while observing the system in real time.

As you go through this flow, watch the frontend and note exactly what request it sends to the backend when an alias is created. Then observe what the backend returns, including any status codes, payloads, or metadata that appear in the response. While the request is being processed, check what changes occur in the database. Identify which records are inserted or updated, how many tables are touched, and whether any related entities are created as part of the same operation.

Pay close attention to the logs to see whether the system triggers any background tasks, emits follow-up events, or performs additional work beyond the initial write. If anything fails, such as validation problems, DB errors, or network issues. Note how the error surfaces in the API response, logs, and resulting database state. Don't modify any of the repository source files while investigating. Feel free to create temporary scripts that's fine, but leave the actual codebase as you found it and ensure to clean up any temporary files or scripts you create when you're done.",0.028846153846153848,,
20260906T141944.964671697Z-openclaw-sweatlasqa-pilot30-amem-repo-sglang,pilot30,repo-scope,task-6905333b74f22949d97ba9ab,8,simple-login/app,f1abc841-87fd-4515-9bbf-0aa06c5f95d8,3,SimpleLogin alias creation complete flow API response DB tables errors,0,0,0,,,,,SimpleLogin alias creation complete flow API response DB tables errors,13,1184,,,0.8571428571428571,,,"I want to understand how SimpleLogin behaves during a normal alias-creation flow. To do that, run the full application locally using the standard development setup, login with any test user, and create a new alias while observing the system in real time.

As you go through this flow, watch the frontend and note exactly what request it sends to the backend when an alias is created. Then observe what the backend returns, including any status codes, payloads, or metadata that appear in the response. While the request is being processed, check what changes occur in the database. Identify which records are inserted or updated, how many tables are touched, and whether any related entities are created as part of the same operation.

Pay close attention to the logs to see whether the system triggers any background tasks, emits follow-up events, or performs additional work beyond the initial write. If anything fails, such as validation problems, DB errors, or network issues. Note how the error surfaces in the API response, logs, and resulting database state. Don't modify any of the repository source files while investigating. Feel free to create temporary scripts that's fine, but leave the actual codebase as you found it and ensure to clean up any temporary files or scripts you create when you're done.",0.06862745098039216,,
20260906T141944.964671697Z-openclaw-sweatlasqa-pilot30-amem-repo-sglang,pilot30,repo-scope,task-6905333b74f22949d97ba9ac,9,simple-login/app,68af7eb2-e03b-416e-b91d-6d9c043ef4d6,1,SimpleLogin email forwarding processing flow,0,0,0,,,,,SimpleLogin email forwarding processing flow,13,1949,0.6,0.0,0.6,0.0,tied,"I'm investigating a production issue where users report inconsistent behavior when emails are forwarded through SimpleLogin aliases. I need to trace the actual email processing flow to understand what's happening. When the email handler processes an incoming email to an alias, I want to observe, what is the exact log message text that appears when an email is successfully forwarded versus when it fails due to a non-existent alias, what specific SL Message-ID gets generated during forwarding and how does it differ from the original Message-ID, what is the exact From header value in the forwarded email after transformation including the reply-email address format, and what database records are created during a single forward operation show me the actual record IDs and timestamps. Trace through an actual email forward operation and capture these specific runtime values. I need to see actual generated values, not what the code logic suggests should happen. Just don't modify any source files while investigating, and clean up any test containers or DB instances you spin up.",0.07142857142857142,,
20260906T141944.964671697Z-openclaw-sweatlasqa-pilot30-amem-repo-sglang,pilot30,repo-scope,task-6905333b74f22949d97ba9ad,10,simple-login/app,c582208c-d2d4-4013-a801-1030b02fd4f8,1,SimpleLogin setup authentication email alias,0,0,0,,,,,SimpleLogin setup authentication email alias,13,1165,,,0.6363636363636364,,,"I am setting up SimpleLogin for the first time and I want to confirm that the platform is actually working the way it should when everything is running locally. After starting the system what should I notice in the logs or UI that shows the app is ready to handle user authentication and alias based email activity?

Once it is running can you try walking through the typical product experience as if you were a new user signing up for the first time. What happens when a user registers verifies their address and tries to log in. What visible behavior confirms that the system is handling every step correctly and forwarding the user into the dashboard as expected?

I am also curious about what the application does behind the scenes during that flow. Are there any indicators that background jobs or internal services are doing their part to support email forwarding or identity verification. What should I expect to observe at runtime that tells me these moving pieces are active and talking to each other properly?

You can create anything temporary that you need for testing like new users or aliases but remove them when you are done and please do not make any changes to the source code.",0.04819277108433735,,
20260906T141944.964671697Z-openclaw-sweatlasqa-pilot30-amem-repo-sglang,pilot30,repo-scope,task-6905333b74f22949d97ba9ad,10,simple-login/app,c582208c-d2d4-4013-a801-1030b02fd4f8,2,SimpleLogin setup authentication email alias,0,0,0,,,,,SimpleLogin setup authentication email alias,13,1104,,,0.6363636363636364,,,"I am setting up SimpleLogin for the first time and I want to confirm that the platform is actually working the way it should when everything is running locally. After starting the system what should I notice in the logs or UI that shows the app is ready to handle user authentication and alias based email activity?

Once it is running can you try walking through the typical product experience as if you were a new user signing up for the first time. What happens when a user registers verifies their address and tries to log in. What visible behavior confirms that the system is handling every step correctly and forwarding the user into the dashboard as expected?

I am also curious about what the application does behind the scenes during that flow. Are there any indicators that background jobs or internal services are doing their part to support email forwarding or identity verification. What should I expect to observe at runtime that tells me these moving pieces are active and talking to each other properly?

You can create anything temporary that you need for testing like new users or aliases but remove them when you are done and please do not make any changes to the source code.",0.04819277108433735,,
20260906T141944.964671697Z-openclaw-sweatlasqa-pilot30-amem-repo-sglang,pilot30,repo-scope,task-6905333b74f22949d97ba9ae,11,simple-login/app,6e523585-cefb-403b-ad5a-48d000ccdbbb,1,SimpleLogin inbound email reply resolution contact forwarding,0,0,0,,,,,SimpleLogin inbound email reply resolution contact forwarding,13,1414,0.5833333333333334,0.0,0.6666666666666666,-0.0833333333333332,degraded,"I’d like to understand how SimpleLogin resolves inbound email replies to a contact and forwarding destination during normal alias usage, specifically in cases where a reply ends up being delivered to a different user than the alias owner. As inbound reply messages are processed, focus on how the system derives the reply email address and uses it to identify the associated contact. Observe the actual runtime values involved in this resolution, the extracted reply email, the contact (if any) that it resolves to, and the user or alias ultimately selected as the forwarding destination. Track how these values behave across multiple reply events. Note whether the same reply email ever resolves to different contacts over time, fails to resolve temporarily, or resolves correctly but later results in forwarding to a different user than expected. Use these observations to determine whether the reply-handling logic specifically the lookup of contacts by reply email exhibits any race conditions, uniqueness assumptions, or timing-related inconsistencies that could explain why a reply is routed to the wrong user. Describe the runtime values you observed during reply resolution and explain how those values lead to the observed behavior. Don’t modify any repository source files. If temporary scripts or tooling are needed to observe behavior, that’s fine, but clean them up afterward and leave the repository unchanged.",0.07865168539325842,,
20260906T141944.964671697Z-openclaw-sweatlasqa-pilot30-amem-repo-sglang,pilot30,repo-scope,task-6905333b74f22949d97ba9af,12,simple-login/app,67c82978-9ddc-4627-b7d1-8787022facf4,1,app repository development environment postgresql server,0,0,0,,,,,app repository development environment postgresql server,13,2005,0.7692307692307693,0.0,0.9230769230769232,-0.1538461538461538,degraded,"I'm trying to get the development environment running locally for the first time, and the documentation isn't very clear about the startup order or what breaks if certain setup steps are skipped. I want to bring the whole stack up from scratch and note what actually happens along the way.

To start with, I want to see what happens if the database isn't fully set up yet. With PostgreSQL running and an empty database created (no tables, migrations not run), what error do I actually hit when I start the server with python [server.py](http://server.py) and then try to open the login page in the browser? I'm looking for the full Python exception that gets raised.

Once the database migrations and the initialization script (init\_[app.py](http://app.py)) have been run and everything is set up correctly, I need to understand which Python services must be running for the system to work. Start each required service and show me the exact log output that confirms it's running and ready to accept connections. I want to see the actual startup messages from stdout/stderr, not just what the code says I need to verify the services are actually binding to their ports and working.

I'm also curious about what happens if the initialization step is skipped. If I run the migrations but don't run init\_[app.py](http://app.py), the SLDomain table should be empty (no email domains configured). If I then start the email handler and simulate an incoming email addressed to any @sl.local address, what happens? What SMTP status code does the email handler return to the sender, and what does it log to explain the rejection?

I'm not changing or deleting any source files here I just want to observe the system's behavior. Temporary config files or small test scripts are fine if needed.",0.03773584905660377,,
20260906T141944.964671697Z-openclaw-sweatlasqa-pilot30-amem-repo-sglang,pilot30,repo-scope,task-6905333b74f22949d97ba9b2,13,simple-login/app,5a6e571f-6bbd-4693-9958-3777585602ff,1,SimpleLogin bounce email handling,0,0,0,,,,,SimpleLogin bounce email handling,13,322,1.0,1.0,1.0,0.0,tied,"I'm investigating a potential information leakage issue in SimpleLogin's bounce email handling system. I've noticed that the codebase appears to support two different address formats for processing email bounces, what looks like an older format with the email log ID visible in plain text and a newer format that seems to use some kind of signature verification.

I wonder how bounces are routed, I'm seeing that emails sent to addresses like bounce+12345+@domain seem to be processed differently than those using the newer signed format. What concerns me is whether an external attacker could craft bounce emails to these older-style addresses and learn something by observing the SMTP responses.

I'm curious what's actually happening under the hood here, where the security boundaries really are, and what slips through without cryptographic validation. I wonder what exact SMTP responses come back when probing different scenarios, such as hitting a valid ID versus an invalid one, and what happens when something doesn't quite meet the bounce validation requirements. I don't want theoretical explanations of what the code should do, I want to see actual evidence of how the system behaves in practice.

What also puzzles me is the bounce detection itself. What makes the system accept something as a bounce in the first place? What criteria does it check? Could an attacker who controls the SMTP envelope and headers spoof those criteria? I'm curious what happens when those checks pass versus when they don't. And beyond just valid versus invalid, I wonder if the response codes reveal more than just whether an ID exists.

Don't modify any source files in the repository. You can create test scripts to observe the actual behavior, but clean them up when finished.",0.025,,
20260906T141944.964671697Z-openclaw-sweatlasqa-pilot30-amem-repo-sglang,pilot30,repo-scope,task-6905333b74f22949d97ba9b2,13,simple-login/app,5a6e571f-6bbd-4693-9958-3777585602ff,2,SimpleLogin bounce email leakage SMTP response Oracle,0,0,0,,,,,SimpleLogin bounce email leakage SMTP response Oracle,13,1263,1.0,1.0,1.0,0.0,tied,"I'm investigating a potential information leakage issue in SimpleLogin's bounce email handling system. I've noticed that the codebase appears to support two different address formats for processing email bounces, what looks like an older format with the email log ID visible in plain text and a newer format that seems to use some kind of signature verification.

I wonder how bounces are routed, I'm seeing that emails sent to addresses like bounce+12345+@domain seem to be processed differently than those using the newer signed format. What concerns me is whether an external attacker could craft bounce emails to these older-style addresses and learn something by observing the SMTP responses.

I'm curious what's actually happening under the hood here, where the security boundaries really are, and what slips through without cryptographic validation. I wonder what exact SMTP responses come back when probing different scenarios, such as hitting a valid ID versus an invalid one, and what happens when something doesn't quite meet the bounce validation requirements. I don't want theoretical explanations of what the code should do, I want to see actual evidence of how the system behaves in practice.

What also puzzles me is the bounce detection itself. What makes the system accept something as a bounce in the first place? What criteria does it check? Could an attacker who controls the SMTP envelope and headers spoof those criteria? I'm curious what happens when those checks pass versus when they don't. And beyond just valid versus invalid, I wonder if the response codes reveal more than just whether an ID exists.

Don't modify any source files in the repository. You can create test scripts to observe the actual behavior, but clean them up when finished.",0.04132231404958678,,
20260906T141944.964671697Z-openclaw-sweatlasqa-pilot30-amem-repo-sglang,pilot30,repo-scope,task-6905333b74f22949d97ba9d0,16,paperless-ngx/paperless-ngx,8a87ac74-fa8e-4c46-b485-ebff6f89b1ba,1,paperless-ngx architecture task scheduler maintenance,0,0,0,,,,,paperless-ngx architecture task scheduler maintenance,0,3087,,,,,,"I'm evaluating paperless-ngx architecture and need to understand what background maintenance happens automatically. Set up the development environment, what periodic tasks are registered with the task scheduler, and where is the schedule configuration defined? Find the sanity checker; what does it validate, what log output does it produce, and how often does it run? Is there automatic index optimization or database cleanup? Check if there's a task that handles failed document retries or stuck processing jobs. Look at the Celery beat schedule configuration and list all recurring tasks with their intervals. Trace through the code to find where periodic tasks are defined and registered. What happens if a scheduled task fails; is there retry logic or alerting? Are there any tasks that run on startup versus strictly on schedule? Query the database to see if there's a table tracking task execution history or scheduled job state. What controls whether these maintenance features are enabled or disabled? Don't modify source code; observing system behavior is fine, clean up any test artifacts when done.",0.06666666666666667,,
20260906T141944.964671697Z-openclaw-sweatlasqa-pilot30-amem-repo-sglang,pilot30,repo-scope,task-6905333b74f22949d97ba9d1,17,paperless-ngx/paperless-ngx,6798c401-4d2a-4fff-a0c4-b351a876d70d,1,Paperless-NGX search index synchronization,0,0,0,,,,,Paperless-NGX search index synchronization,0,34,0.75,0.0,1.0,-0.25,degraded,"I want to understand how Paperless-NGX keeps its search index synchronized with document changes before I start working with this codebase. With the full environment running, I'm curious what actually happens at runtime when a document gets modified after it's already been ingested. If I change an existing document's title through the API to something unique and then search for that exact new title within a few seconds, does the document appear in results immediately, or do I need to wait for background processing to complete? While making this change, I want to watch what happens in the background task worker process specifically to see whether any job gets picked up in response to the edit, or whether the update completes entirely within the API request before returning. Something I particularly want to explore is what happens if a document's title gets updates directly in the database using a raw SQL statement rather than through the API. After making that direct change and searching for the new title, does the document appear in search results, or does the index remain stale? If it stays stale, I want to know whether there is a way to force the system to reconcile the index with the current database state, and what observable effect that reconciliation process has on the worker logs and task queue. I'm also wondering how the system would behave if the search index became corrupted or deleted entirely while documents still exist in the database. After removing the index files and triggering whatever recovery mechanism exists, how long does reconstruction take for a small set of documents, and what processing activity is visible during that rebuild? The goal is to understand whether the system can self-heal from index inconsistencies or whether manual intervention is always required. You may create temporary test documents for observation, but don't modify any source files and clean up test artifacts when finished.",0.025423728813559324,,
20260906T141944.964671697Z-openclaw-sweatlasqa-pilot30-amem-repo-sglang,pilot30,repo-scope,task-6905333b74f22949d97ba9d2,18,paperless-ngx/paperless-ngx,08ecf8be-326e-4800-9b31-8917239d8d45,1,paperless-ngx document processing pipeline workflow,2,2,0,62.906942,62.67832,63.135564,473b564e-7af5-42f4-a080-c585b8a43b3f;6895ba9b-89a4-41e4-b4ba-64bf2b5bb430,paperless-ngx document processing pipeline workflow,2,139,1.0,1.0,0.9090909090909092,0.0909090909090909,improved,"I’m trying to get a big-picture understanding of how documents flow through the system. How does a new document usually enter paperless-ngx. Once a document is received, what are the main stages it goes through before it’s fully processed and available, are there any background jobs and what is used for background execution.

I’m also curious about the kind of information paperless stores for each document. What metadata fields are saved, and which ones are absolutely required versus optional or derived later during runtime-processing. Can you show with a runtime example?

Also I wonder how things like tags, correspondents, and document types are used together to organize documents in a practical way.

Please don’t make any changes to the repository itself. You can create temporary scripts for testing if needed but do clean them up once you're done.",0.04838709677419355,0.04375,0.05
20260906T141944.964671697Z-openclaw-sweatlasqa-pilot30-amem-repo-sglang,pilot30,repo-scope,task-6905333b74f22949d97ba9d3,19,paperless-ngx/paperless-ngx,b84dab17-fe3b-4f2c-8bb8-dc6a288c96d3,1,paperless-ngx document processing ingestion pipeline,1,1,0,63.358116,63.358116,63.358116,6895ba9b-89a4-41e4-b4ba-64bf2b5bb430,paperless-ngx document processing ingestion pipeline,1,142,0.8181818181818182,0.0,1.0,-0.1818181818181817,degraded,"I am trying to understand how paperless-ngx processes documents at runtime before making any changes. Once the application is up and all of its services are running, I want to submit a test PDF and observe how the ingestion pipeline actually behaves. As the document moves through the system, which services are involved, and what sequence of events shows up in the logs? I also want to upload a few more documents and watch how the system reacts after each one. Does the machine learning classifier retrain automatically on every upload, or only under certain conditions, and what log messages make it clear when training is happening versus when the classifier stays idle? After a document finishes processing, I want to see where it ends up on disk, what directory structure and filename pattern paperless-ngx uses by default, and which database tables receive new rows as part of ingestion. You should not modify or edit any existing files in the repository, but you can create temporary scripts or test documents if they help with the investigation, as long as everything you create is cleaned up when you are done.",0.06578947368421052,0.04081632653061224,0.04081632653061224
20260906T141944.964671697Z-openclaw-sweatlasqa-pilot30-amem-repo-sglang,pilot30,repo-scope,task-6905333b74f22949d97ba9d3,19,paperless-ngx/paperless-ngx,b84dab17-fe3b-4f2c-8bb8-dc6a288c96d3,2,machine learning classifier retrain training conditions logs,1,1,0,31.395003,31.395003,31.395003,6895ba9b-89a4-41e4-b4ba-64bf2b5bb430,machine learning classifier retrain training conditions logs,1,93,0.8181818181818182,0.0,1.0,-0.1818181818181817,degraded,"I am trying to understand how paperless-ngx processes documents at runtime before making any changes. Once the application is up and all of its services are running, I want to submit a test PDF and observe how the ingestion pipeline actually behaves. As the document moves through the system, which services are involved, and what sequence of events shows up in the logs? I also want to upload a few more documents and watch how the system reacts after each one. Does the machine learning classifier retrain automatically on every upload, or only under certain conditions, and what log messages make it clear when training is happening versus when the classifier stays idle? After a document finishes processing, I want to see where it ends up on disk, what directory structure and filename pattern paperless-ngx uses by default, and which database tables receive new rows as part of ingestion. You should not modify or edit any existing files in the repository, but you can create temporary scripts or test documents if they help with the investigation, as long as everything you create is cleaned up when you are done.",0.09210526315789473,0.04081632653061224,0.04081632653061224
20260906T141944.964671697Z-openclaw-sweatlasqa-pilot30-amem-repo-sglang,pilot30,repo-scope,task-6905333b74f22949d97ba9d3,19,paperless-ngx/paperless-ngx,b84dab17-fe3b-4f2c-8bb8-dc6a288c96d3,3,paperless-ngx ingestion pipeline document classification file storage,0,0,0,,,,,paperless-ngx ingestion pipeline document classification file storage,5,101,0.8181818181818182,0.0,1.0,-0.1818181818181817,degraded,"I am trying to understand how paperless-ngx processes documents at runtime before making any changes. Once the application is up and all of its services are running, I want to submit a test PDF and observe how the ingestion pipeline actually behaves. As the document moves through the system, which services are involved, and what sequence of events shows up in the logs? I also want to upload a few more documents and watch how the system reacts after each one. Does the machine learning classifier retrain automatically on every upload, or only under certain conditions, and what log messages make it clear when training is happening versus when the classifier stays idle? After a document finishes processing, I want to see where it ends up on disk, what directory structure and filename pattern paperless-ngx uses by default, and which database tables receive new rows as part of ingestion. You should not modify or edit any existing files in the repository, but you can create temporary scripts or test documents if they help with the investigation, as long as everything you create is cleaned up when you are done.",0.05063291139240506,,
20260906T141944.964671697Z-openclaw-sweatlasqa-pilot30-amem-repo-sglang,pilot30,repo-scope,task-6905333b74f22949d97ba9d4,20,paperless-ngx/paperless-ngx,308f215a-afca-468b-b8c6-cd3e5884a335,1,Paperless-NGX runtime processes background tasks logs,0,0,0,,,,,Paperless-NGX runtime processes background tasks logs,5,139,0.7272727272727273,0.0,0.8181818181818182,-0.0909090909090909,degraded,"I want to understand how Paperless-NGX behaves at runtime once the system is up and idle, before I start making changes to the codebase. Get Paperless-NGX running at the specified commit. Once it's idle and stable, what background processes or tasks continue executing automatically? What are the actual log entries that appear periodically showing the system is healthy and ready? I need the specific log messages, their frequency, and what they indicate. 
Also, if you briefly interrupt and restart part of the system, what specific log messages confirm everything has reconnected and is operational again? What components or processes keep running continuously to maintain Paperless-NGX in a ready state, even when no documents are being processed? You may use temporary helper commands or inspection tools if needed, but don’t modify any source files and clean up any temporary artifacts when you’re done.",0.08064516129032258,,
20260906T141944.964671697Z-openclaw-sweatlasqa-pilot30-amem-repo-sglang,pilot30,repo-scope,task-6905333b74f22949d97ba9d5,21,paperless-ngx/paperless-ngx,687c1689-2342-4281-a099-011e69feeba3,1,Paperless-NGX document ingestion processing pipeline,0,0,0,,,,,Paperless-NGX document ingestion processing pipeline,5,383,0.7857142857142857,0.0,0.7857142857142857,0.0,tied,"I’m trying to understand how data moves through Paperless-NGX during normal document ingestion so I can get oriented before working on the codebase. When Paperless-NGX is running from this repository at the specified commit and a new document appears in the system, what observable runtime behavior shows how the document is detected and handed off for processing? What log messages, task names, or state changes indicate the transition from initial detection into parsing, classification, and indexing, and how does the system reflect progress or completion of each stage while the document is being processed? After processing finishes, what observable evidence shows where the document’s data ends up and how its final state is recorded? Based on what you can directly observe at runtime, how does Paperless-NGX track whether a document has already been processed or needs further work, and what behavior or logs indicate how the system avoids duplicate processing? Keep the explanation grounded in runtime observations rather than assumptions from reading the code alone. You may use temporary test files if helpful, but don’t modify any source files and clean up any temporary artifacts when you’re done.",0.05194805194805195,,
20260906T141944.964671697Z-openclaw-sweatlasqa-pilot30-amem-repo-sglang,pilot30,repo-scope,task-6905333b74f22949d97ba9d6,22,paperless-ngx/paperless-ngx,9ded51cf-5f94-4eaa-90a2-75b32505e87c,1,paperless-ngx OCR processing pipeline,0,0,0,,,,,paperless-ngx OCR processing pipeline,5,349,0.9,0.0,0.9,0.0,tied,"I’m trying to get a practical understanding of how OCR behaves in paperless-ngx at runtime, especially in cases where it’s hard to tell what the system is actually doing. When I upload an image that has no embedded text, how can I see that OCR has started, and what does the document’s processing state look like while it’s running? I want to watch how background workers behave during this phase and understand what signals really indicate active OCR work. If I upload a similar image that already contains text, does the system skip OCR entirely, or does it still touch the OCR pipeline in some way, and how can I tell the difference after processing finishes? I also want to compare the final API responses for both cases to understand which fields show OCR-generated text versus existing text. Finally, when OCR produces weak or incomplete results, what actually happens to the document’s final state? Does it still count as fully processed, and how is that reflected in the saved metadata? Temporary scripts may be used for observation, but the repository itself should remain unchanged, and anything temporary should be cleaned up afterward.",0.04054054054054054,,
20260906T141944.964671697Z-openclaw-sweatlasqa-pilot30-amem-repo-sglang,pilot30,repo-scope,task-6905333b74f22949d97ba9d6,22,paperless-ngx/paperless-ngx,9ded51cf-5f94-4eaa-90a2-75b32505e87c,2,OCR paperless-ngx skip text detection progress status,0,0,0,,,,,OCR paperless-ngx skip text detection progress status,5,256,0.9,0.0,0.9,0.0,tied,"I’m trying to get a practical understanding of how OCR behaves in paperless-ngx at runtime, especially in cases where it’s hard to tell what the system is actually doing. When I upload an image that has no embedded text, how can I see that OCR has started, and what does the document’s processing state look like while it’s running? I want to watch how background workers behave during this phase and understand what signals really indicate active OCR work. If I upload a similar image that already contains text, does the system skip OCR entirely, or does it still touch the OCR pipeline in some way, and how can I tell the difference after processing finishes? I also want to compare the final API responses for both cases to understand which fields show OCR-generated text versus existing text. Finally, when OCR produces weak or incomplete results, what actually happens to the document’s final state? Does it still count as fully processed, and how is that reflected in the saved metadata? Temporary scripts may be used for observation, but the repository itself should remain unchanged, and anything temporary should be cleaned up afterward.",0.03896103896103896,,
20260906T141944.964671697Z-openclaw-sweatlasqa-pilot30-amem-repo-sglang,pilot30,repo-scope,task-6905333b74f22949d97ba9d7,23,paperless-ngx/paperless-ngx,20f4addf-a9f2-4adb-9b92-3bf7b2f1039c,1,paperless API authentication token,0,0,0,,,,,paperless API authentication token,5,134,0.9230769230769232,0.0,0.7692307692307693,0.1538461538461538,improved,"I'm planning to integrate some external tools with the paperless API and need to understand how authentication works first. Get paperless running locally, create a test user, and generate an API token for them. Make an authenticated request to list documents. What's the exact HTTP header name and format paperless expects for the token, and what's the complete endpoint path? What does the JSON response look like, specifically what are the top level fields, and is pagination involved or does it dump everything at once? Try that same request without auth and tell me what status code and error message you get. Then trace through the Django code to find which authentication class handles token authentication and what model stores the tokens. Don't modify the codebase, creating test users, tokens, and any temporary files you need is fine, but leave the source code untouched and clean up any additional files or changes when you're done.",0.041666666666666664,,
20260906T141944.964671697Z-openclaw-sweatlasqa-pilot30-amem-repo-sglang,pilot30,repo-scope,task-6905333b74f22949d97ba9d8,24,paperless-ngx/paperless-ngx,cfdf3578-5adc-4874-abbc-d6769b218b6c,1,document classification machine learning OCR barcode training test,0,0,0,,,,,document classification machine learning OCR barcode training test,10,296,0.75,0.0,0.5833333333333334,0.1666666666666666,improved,"I am debugging non-deterministic failures in the document classification tests and want to understand how the machine learning pipeline behaves during test execution when training and OCR. I want to observe whether the classifier reuses an existing model or retrains during the same test run, and how that affects later tests. When a test exercises automatic correspondent matching, how many training documents are created, when does training occur relative to those inserts, and what confidence threshold is used to accept or reject predictions? I also want to see how edge cases are handled, such as when a document has no extractable text, including which OCR subprocess is invoked and what mime type is assigned to the output. Finally, when barcode splitting is involved, how many document records are created from a single input, which barcode values trigger a split, and where in the code that decision is made, especially if this changes the effective training data during the test run. Please do not modify the source code; you may create temporary helpers while investigating, but clean up anything temporary before finishing.",0.08974358974358974,,
20260906T141944.964671697Z-openclaw-sweatlasqa-pilot30-amem-repo-sglang,pilot30,repo-scope,task-6905333b74f22949d97ba9d9,25,paperless-ngx/paperless-ngx,b8fee444-bb6a-4e45-a530-cf2585e56128,1,paperless-ngx background processing queue async jobs,0,0,0,,,,,paperless-ngx background processing queue async jobs,13,1351,0.7,0.0,0.8,-0.1,degraded,"I'm trying to understand how paperless-ngx actually handles background processing when it ingests documents. I want to see what happens at runtime, not just read the config files.

Can you help me make sense of how async work behaves in a live setup? I’m interested in what services are involved behind the scenes, how background jobs appear once they are created, and how the system tells the difference between work that is waiting and work that is actively being processed. I also want to understand where the task state ends up being stored and how you can tell, after the fact, what happened to a given job.

From the code perspective, I want to connect that runtime behavior back to its origin. Where are these background jobs actually triggered, and what part of the code is responsible for sending them into the queue? Don’t modify any repository source files. If you need to create temporary scripts or artifacts to observe behavior, that’s fine, but clean them up afterward and leave the codebase unchanged.",0.09230769230769231,,
20260906T141944.964671697Z-openclaw-sweatlasqa-pilot30-amem-repo-sglang,pilot30,repo-scope,task-6905333b74f22949d97ba9db,26,paperless-ngx/paperless-ngx,1bd89063-1607-4d99-b7c4-29929d7baf0f,1,Paperless-NGX repository file move tags classifier duplicate sanity check,0,0,0,,,,,Paperless-NGX repository file move tags classifier duplicate sanity check,13,1185,0.9166666666666666,0.0,0.8333333333333334,0.0833333333333332,improved,"I'm onboarding into the Paperless-NGX repository and I'm curious about the hidden choreography that happens when the system is actually running. When a document's tags change and the filename format includes tags in the directory structure, files apparently relocate themselves. I wonder what log messages actually appear during that dance, and what the before and after paths look like in practice. There's supposedly a rollback safety net if something goes wrong during a file move, but I can't tell from reading the code whether it truly recovers or just promises to, what actually happens to files when a move fails partway through? Beyond file handling, there are other runtime mysteries I want to explore. The classifier's behavior puzzles me, sometimes training finishes instantly, other times it takes much longer. I want to trigger both scenarios and see the actual log messages that explain why training was skipped versus why it proceeded with full retraining, including whatever hash or checksum the system uses to detect changes. Duplicate detection feels like magic, two files that look completely different can still be rejected as duplicates, and I want to see the actual checksums being compared at that moment of judgment. The sanity checker intrigues me as well, what does its output actually look like when an archive is healthy versus when something has gone wrong, and can I see the specific hash values it compares when it discovers a mismatch? I also wonder about ghost files, whether orphaned files really linger in the media folder and what the system actually reports when it finds them. I need to see real runtime evidence for all of this; actual paths, actual checksums, actual log messages. Temporary scripts may be used for observation, but the repository itself should remain unchanged and anything temporary cleaned up afterward.",0.04580152671755725,,
20260906T141944.964671697Z-openclaw-sweatlasqa-pilot30-amem-repo-sglang,pilot30,repo-scope,task-6905333b74f22949d97ba9db,26,paperless-ngx/paperless-ngx,1bd89063-1607-4d99-b7c4-29929d7baf0f,2,Paperless-NGX file move rollback orphan sanity classifier duplicate log messages checksum,0,0,0,,,,,Paperless-NGX file move rollback orphan sanity classifier duplicate log messages checksum,13,1172,0.9166666666666666,0.0,0.8333333333333334,0.0833333333333332,improved,"I'm onboarding into the Paperless-NGX repository and I'm curious about the hidden choreography that happens when the system is actually running. When a document's tags change and the filename format includes tags in the directory structure, files apparently relocate themselves. I wonder what log messages actually appear during that dance, and what the before and after paths look like in practice. There's supposedly a rollback safety net if something goes wrong during a file move, but I can't tell from reading the code whether it truly recovers or just promises to, what actually happens to files when a move fails partway through? Beyond file handling, there are other runtime mysteries I want to explore. The classifier's behavior puzzles me, sometimes training finishes instantly, other times it takes much longer. I want to trigger both scenarios and see the actual log messages that explain why training was skipped versus why it proceeded with full retraining, including whatever hash or checksum the system uses to detect changes. Duplicate detection feels like magic, two files that look completely different can still be rejected as duplicates, and I want to see the actual checksums being compared at that moment of judgment. The sanity checker intrigues me as well, what does its output actually look like when an archive is healthy versus when something has gone wrong, and can I see the specific hash values it compares when it discovers a mismatch? I also wonder about ghost files, whether orphaned files really linger in the media folder and what the system actually reports when it finds them. I need to see real runtime evidence for all of this; actual paths, actual checksums, actual log messages. Temporary scripts may be used for observation, but the repository itself should remain unchanged and anything temporary cleaned up afterward.",0.061068702290076333,,
20260906T141944.964671697Z-openclaw-sweatlasqa-pilot30-amem-repo-sglang,pilot30,repo-scope,task-6905333b74f22949d97ba9dc,27,paperless-ngx/paperless-ngx,34fd0024-1c59-4537-8d62-0c8c9cbe8b2e,1,paperless-ngx OCR PDF processing,0,0,0,,,,,paperless-ngx OCR PDF processing,13,1169,0.875,0.0,0.75,0.125,improved,"I'm getting inconsistent OCR results when testing paperless-ngx locally with multi-page PDFs and need to understand the processing behavior better. Get the development environment running normally (create admin user if needed during setup), then upload a multi-page PDF through the standard interface that requires OCR processing. What HTTP response status and message do you receive immediately after upload submission? As processing happens, what key log patterns appear that show the document moving through different stages, including the OCRmyPDF invocation parameters? After processing finishes, what do the generated archive PDF and thumbnail filenames look like in the media storage area? Check the document record in the database - what fields are actually stored (not filesystem-only metadata) and what values appear for the processed document? No file modifications or permanent changes allowed, clean up any test files completely when done.",0.02666666666666667,,
20260906T141944.964671697Z-openclaw-sweatlasqa-pilot30-amem-repo-sglang,pilot30,repo-scope,task-6905333b74f22949d97ba9dd,28,paperless-ngx/paperless-ngx,8e07066a-dbd3-4ce2-9dda-1ce1f448ca3e,1,Paperless-NGX codebase document ingestion processing workflow,0,0,0,,,,,Paperless-NGX codebase document ingestion processing workflow,13,1435,0.6,0.0,0.6,0.0,tied,"I need to understand how Paperless-NGX processes a document from ingestion through indexing before I start working with the codebase. Set up the full environment and get all services running normally. Drop a small test file into the consumption directory and follow what happens. What log messages appear when the system first detects the file, what ingestion task gets triggered, and what additional tasks show up as the document moves through parsing, classification, and indexing? While the task is queued, check what the message broker is storing. What payload format or data structure represents the queued task? After processing completes, query the database to see where the document record is stored, which fields capture the parsed metadata, and where the system keeps a record of task execution or processing history.
Then trace the high-level codepath behind this workflow based on the behavior you observe. Starting from the part of the system that detects the new file, follow the chain of components involved in creating and submitting the ingestion task. Which part of the application is responsible for creating that task object, and what queuing framework does Paperless-NGX rely on to dispatch it? You may use temporary helper scripts or test files if needed, but don’t modify the actual source code, and clean up any temporary artifacts when you’re done.",0.05434782608695652,,
20260906T141944.964671697Z-openclaw-sweatlasqa-pilot30-amem-repo-sglang,pilot30,repo-scope,task-6905333b74f22949d97ba9de,29,paperless-ngx/paperless-ngx,8dea2337-43ad-4147-a59b-d8b28f37b329,1,Paperless memory usage metadata processing,0,0,0,,,,,Paperless memory usage metadata processing,13,1377,0.4444444444444444,0.0,0.3333333333333333,0.1111111111111111,improved,"I'm investigating a strange memory usage pattern in the Paperless document processing system. When the system imports documents, it sometimes consumes far more memory than expected for the metadata handling, but this doesn't happen consistently and seems to vary based on the document source or processing stage.

What I'm seeing is that memory usage spikes significantly during document import operations, particularly when metadata is being processed, but the spike seems disproportionate to the actual document size. The odd part is that this memory doesn't always get released back to the system in a timely manner, even after processing is complete. This seems unusual because these are mostly text documents with relatively small metadata - we're not dealing with massive image processing here.

Can you figure out what's causing these memory spikes? I'm curious whether there's something in the metadata handling that's creating unnecessary copies or holding references longer than needed, or if there's caching behavior that's accumulating data unexpectedly. What's different between the cases where memory spikes and cases where it doesn't? How does the behavior change with different document types or batch sizes?

I need to see actual runtime memory measurements during processing, understand which components or methods are responsible for holding onto memory, and get evidence showing whether this is normal Python garbage collection behavior or something problematic. Show me what patterns you can find and where the memory is actually going.

Don't modify any repository source files. You can create temporary test scripts or helper tools to reproduce and analyze the behavior, but clean them up and leave the codebase unchanged when done.",0.043859649122807015,,
20260906T141944.964671697Z-openclaw-sweatlasqa-pilot30-amem-repo-sglang,pilot30,repo-scope,task-6905333b74f22949d97ba9e0,30,paperless-ngx/paperless-ngx,b60ff4f1-e81f-4b8f-b047-135893c18c6b,1,documents list pagination duplicates sorting,0,0,0,,,,,documents list pagination duplicates sorting,13,232,0.5,0.0,0.625,-0.125,degraded,"I am trying to figure out why the documents list can feel haunted during normal browsing, where paging through the documents view with a couple of common filters enabled can make the same document show up twice across neighboring pages or disappear for a page and then come back even though nobody is editing anything and the sort order looks unchanged. It gets stranger when the viewer is not an all powerful admin and visibility is shaped by sharing rules, because the glitch seems to depend on what the user is allowed to see rather than what exists. Is the backend producing duplicates that get collapsed somewhere later, is pagination happening before any de duplication, or is the ordering quietly unstable when multiple rows tie on the primary sort key? I want to watch what the API actually returns across consecutive page requests, and line that up with what the UI thinks pagination means until the exact condition that destabilizes the list becomes clear. Temporary scripts may be used for observation, but the repository itself should remain unchanged and anything temporary should be cleaned up afterward.",0.04395604395604396,,
20260906T141944.964671697Z-openclaw-sweatlasqa-pilot30-amem-repo-sglang,pilot30,repo-scope,task-6905333b74f22949d97ba9e0,30,paperless-ngx/paperless-ngx,b60ff4f1-e81f-4b8f-b047-135893c18c6b,2,document list pagination haunting ordering duplicate,0,0,0,,,,,document list pagination haunting ordering duplicate,13,1215,0.5,0.0,0.625,-0.125,degraded,"I am trying to figure out why the documents list can feel haunted during normal browsing, where paging through the documents view with a couple of common filters enabled can make the same document show up twice across neighboring pages or disappear for a page and then come back even though nobody is editing anything and the sort order looks unchanged. It gets stranger when the viewer is not an all powerful admin and visibility is shaped by sharing rules, because the glitch seems to depend on what the user is allowed to see rather than what exists. Is the backend producing duplicates that get collapsed somewhere later, is pagination happening before any de duplication, or is the ordering quietly unstable when multiple rows tie on the primary sort key? I want to watch what the API actually returns across consecutive page requests, and line that up with what the UI thinks pagination means until the exact condition that destabilizes the list becomes clear. Temporary scripts may be used for observation, but the repository itself should remain unchanged and anything temporary should be cleaned up afterward.",0.043478260869565216,,
20260906T141944.964671697Z-openclaw-sweatlasqa-pilot30-amem-repo-sglang,pilot30,repo-scope,task-6905333b74f22949d97ba9e8,14,simple-login/app,6842cf32-d09b-485e-b9a7-43140d7c541f,1,SimpleLogin authentication API session email forwarding,0,0,0,,,,,SimpleLogin authentication API session email forwarding,13,1150,0.6666666666666666,0.0,0.8,-0.1333333333333334,degraded,"I've been investigating SimpleLogin's authentication and noticed some behaviors I need to verify by actually observing the running system.

When I'm logged into the web interface and make API calls without an API key header, the requests seem to work. I need to confirm what HTTP status code actually comes back and what the response body structure looks like ,not what the code says should happen, but what actually happens when you try it.There's also something odd when trying to access privileged operations with just a browser session. The HTTP status code I get back isn't a standard authorization error, and the error message is unusual. What specific status code and exact error message text does the system actually return in this scenario?

For sessions, I want to understand what the stored session data actually looks like when you examine it directly in storage. Capture the raw bytes from the storage backend and show me what format they're in, what keys are present in the deserialized data for an authenticated session, and how the session key itself is structured.I'm also curious about session identifier behavior during authentication. If you capture the session ID from your cookie before login, then go through the login flow, does that identifier value stay the same or get replaced with a new one? I need to see the actual before and after values to know for sure.

On the email forwarding side, I want to know what happens to specific headers when a message passes through. If an incoming email has a custom X-header, a Received header, and a Reply-To header, which of those three actually make it through to the forwarded message and which get stripped? Send an actual test email and examine the result.

For the alias creation tokens, they clearly expire after some time window. I want to experimentally verify what that window is by testing whether a token works immediately, then waiting and testing if it still works, until you find the boundary where it stops working.

I also noticed that the API tracks usage statistics for API keys. When you make several API calls with the same key, what fields get updated in the database and what are the actual values you observe after making the calls?Finally, when a login attempt fails with wrong credentials, what specific log messages appear and what HTTP response details come back? I want to see the actual logged output and response, not just what the code says should happen.

Show me evidence from actually running the system rather than just reading the code. Don't modify any source files in the repository, but you can create test scripts to observe behavior - just clean them up afterward.",0.026845637583892617,,
20260906T141944.964671697Z-openclaw-sweatlasqa-pilot30-amem-repo-sglang,pilot30,repo-scope,task-6905333b74f22949d97baa1d,15,simple-login/app,c6511969-e5ba-4ad6-aa41-fe9f3f7269a2,1,SimpleLogin session handling Redis deserialization,0,0,0,,,,,SimpleLogin session handling Redis deserialization,13,1219,0.875,0.0,0.5,0.375,improved,"I’m testing the SimpleLogin repository and trying to understand how server-side session handling behaves at runtime, especially when stored session data is turned back into Python objects. I want to see what normal sessions look like as users log in and out and then what actually happens if the session data in Redis is corrupted or malformed. Does the next request fail, silently reset the session, or surface an error, and what shows up in responses or logs when that happens? I’m trying to understand where the boundary lies between a harmless reset and a real deserialization risk, based on what you can observe while the system is running rather than theory alone. If an attacker could tamper with session bytes but not forge the signed session ID, does that meaningfully change the risk, and how does the runtime behavior support that conclusion? Temporary scripts may be used for observation, but the repository itself should remain unchanged, and anything temporary should be cleaned up afterward.",0.07352941176470588,,
20260906T141944.964671697Z-openclaw-sweatlasqa-pilot30-amem-repo-sglang,pilot30,repo-scope,task-6905333b74f22949d97baa1d,15,simple-login/app,c6511969-e5ba-4ad6-aa41-fe9f3f7269a2,2,session corruption pickle deserialization behavior,0,0,0,,,,,session corruption pickle deserialization behavior,13,1332,0.875,0.0,0.5,0.375,improved,"I’m testing the SimpleLogin repository and trying to understand how server-side session handling behaves at runtime, especially when stored session data is turned back into Python objects. I want to see what normal sessions look like as users log in and out and then what actually happens if the session data in Redis is corrupted or malformed. Does the next request fail, silently reset the session, or surface an error, and what shows up in responses or logs when that happens? I’m trying to understand where the boundary lies between a harmless reset and a real deserialization risk, based on what you can observe while the system is running rather than theory alone. If an attacker could tamper with session bytes but not forge the signed session ID, does that meaningfully change the risk, and how does the runtime behavior support that conclusion? Temporary scripts may be used for observation, but the repository itself should remain unchanged, and anything temporary should be cleaned up afterward.",0.04285714285714286,,
20260907T013422.077067776Z-openclaw-sweatlasqa-pilot30-shuffle1-amem-repo-sglang,pilot30-shuffle1,repo-scope,task-6905333b74f22949d97ba9a4,12,simple-login/app,6f94449f-a34c-4941-a742-ad1fc9d98790,1,SimpleLogin backend startup development configuration,0,0,0,,,,,SimpleLogin backend startup development configuration,13,1716,1.0,1.0,1.0,0.0,tied,"I'm trying to understand what actually happens when SimpleLogin is started locally in development environment. I'm wondering how the backend starts up in dev mode, how configuration is loaded, which log messages indicate that it's ready to accept requests, and what ports or endpoints it exposes. 

I’m interested in how a single authenticated request is handled by the app, where the request first enters the application, how the user identity is determined at runtime, and how that authentication context is carried through request handling. The entry point and user identification flow are my main concerns here. I also want to know whether the app automatically starts any background jobs or schedulers, or if there’s anything going on besides handling incoming requests.

I'm not looking for what the code says should happen, I want to know what actually gets printed when you run it. Please don’t modify any repository source files while investigating. Temporary scripts are fine if needed, but leave the codebase unchanged and clean up anything you create when you’re done.",0.06153846153846154,,
20260907T013422.077067776Z-openclaw-sweatlasqa-pilot30-shuffle1-amem-repo-sglang,pilot30-shuffle1,repo-scope,task-6905333b74f22949d97ba9a5,6,simple-login/app,21ffae9e-7c76-4372-a4ae-dfa6e99cff1e,1,custom alias signed suffix validation rate limit,0,0,0,,,,,custom alias signed suffix validation rate limit,11,618,0.7692307692307693,0.0,0.8461538461538461,-0.0769230769230768,degraded,"I am debugging intermittent validation failures during custom alias creation that don't match the expected behavior, which seems related to how signed suffixes are verified. When attempting to create custom aliases with invalid or expired signed suffixes, what exact HTTP status codes and error messages appear in the API responses, and what corresponding validation log entries show up in the server console? Check whether any rate-limiting headers appear in the responses and what their actual values are. For successful alias creation attempts, what quota-related checks occur, what specific values get logged when the system verifies whether the user can create more aliases? Trace through the execution path to identify which component validates signed suffixes and enforces creation limits, and what conditions trigger rejection. Don't modify the repository code temporary test scripts or API calls are fine but keep the codebase unchanged.",0.06756756756756757,,
20260907T013422.077067776Z-openclaw-sweatlasqa-pilot30-shuffle1-amem-repo-sglang,pilot30-shuffle1,repo-scope,task-6905333b74f22949d97ba9a6,14,simple-login/app,181ab3b9-98e4-4595-a01d-90a535577e34,1,email privacy system anonymous aliases database web server,0,0,0,,,,,email privacy system anonymous aliases database web server,13,1357,0.9090909090909092,0.0,0.8181818181818182,0.0909090909090908,improved,"I'm trying to get this email privacy system with anonymous aliases running for the first time and I want to understand how all the pieces fit together during initialization.

The system has a web server, an email handler, background jobs, and some cron tasks. I need to set everything up from scratch and see what actually happens when it starts.

Here's what I'm trying to figure out:

When I run the database migrations on an empty PostgreSQL database, how many tables get created in total? And what's the exact name of the last table that gets created based on the migration output order?

For the web server startup, what's the log message that tells me it's actually ready to accept connections? I'm also curious how many milliseconds pass between the first log entry and that ready message.

The email handler can take a custom port. If I start it with port 25025, does the startup log confirm it's listening on that port? What message shows up exactly?

I want to test the registration flow. If I create a user account with email ""[testuser@example.com](mailto:testuser@example.com)"" and password ""testpass123"", then immediately try to login before activating it, what's the exact JSON error message the API returns and what HTTP status code comes with it? I'd also like to see the full curl command output. And when I query the database directly for that user, what boolean values do the activated and notification columns actually show?

Also, there are different alias limits for different account types. I want to verify how the system handles this dynamically. First, create a fresh user and call /api/user_info to see what max_alias_free_plan value the API actually returns in the JSON response. Then, experiment with changing the configuration - try setting a different limit value like 10, restart the server, create a second new user, and call /api/user_info again for that user. What are the exact API responses before and after the change? Do both users reflect the new limit or only the one created after the change?

I'm trying to understand the actual runtime behavior here, not just what the code suggests should happen. Don't modify any of the source files, but feel free to create test config files or .env files to experiment with different settings.",0.05263157894736842,,
20260907T013422.077067776Z-openclaw-sweatlasqa-pilot30-shuffle1-amem-repo-sglang,pilot30-shuffle1,repo-scope,task-6905333b74f22949d97ba9a6,14,simple-login/app,181ab3b9-98e4-4595-a01d-90a535577e34,2,email privacy system anonymous aliases database web server startup migration registration login user_info alias limit,0,0,0,,,,,email privacy system anonymous aliases database web server startup migration registration login user_info alias limit,13,1179,0.9090909090909092,0.0,0.8181818181818182,0.0909090909090908,improved,"I'm trying to get this email privacy system with anonymous aliases running for the first time and I want to understand how all the pieces fit together during initialization.

The system has a web server, an email handler, background jobs, and some cron tasks. I need to set everything up from scratch and see what actually happens when it starts.

Here's what I'm trying to figure out:

When I run the database migrations on an empty PostgreSQL database, how many tables get created in total? And what's the exact name of the last table that gets created based on the migration output order?

For the web server startup, what's the log message that tells me it's actually ready to accept connections? I'm also curious how many milliseconds pass between the first log entry and that ready message.

The email handler can take a custom port. If I start it with port 25025, does the startup log confirm it's listening on that port? What message shows up exactly?

I want to test the registration flow. If I create a user account with email ""[testuser@example.com](mailto:testuser@example.com)"" and password ""testpass123"", then immediately try to login before activating it, what's the exact JSON error message the API returns and what HTTP status code comes with it? I'd also like to see the full curl command output. And when I query the database directly for that user, what boolean values do the activated and notification columns actually show?

Also, there are different alias limits for different account types. I want to verify how the system handles this dynamically. First, create a fresh user and call /api/user_info to see what max_alias_free_plan value the API actually returns in the JSON response. Then, experiment with changing the configuration - try setting a different limit value like 10, restart the server, create a second new user, and call /api/user_info again for that user. What are the exact API responses before and after the change? Do both users reflect the new limit or only the one created after the change?

I'm trying to understand the actual runtime behavior here, not just what the code suggests should happen. Don't modify any of the source files, but feel free to create test config files or .env files to experiment with different settings.",0.10526315789473684,,
20260907T013422.077067776Z-openclaw-sweatlasqa-pilot30-shuffle1-amem-repo-sglang,pilot30-shuffle1,repo-scope,task-6905333b74f22949d97ba9a7,15,simple-login/app,9aa45e72-e9b4-41fe-8f01-44cf94fdf686,1,SimpleLogin codebase multi-step workflows mailbox verification,0,0,0,,,,,SimpleLogin codebase multi-step workflows mailbox verification,13,1374,0.9230769230769232,0.0,1.0,-0.0769230769230768,degraded,"I want to understand how SimpleLogin processes multi step workflows at runtime.

In scenarios where a mailbox verification code is submitted incorrectly multiple times in succession, what observable state changes and enforcement mechanisms does the running system apply? Trace the actual runtime behavior to determine what limits exist, how failed attempts are tracked, and what ultimately prevents further submissions.

For background tasks that are scheduled and later picked up for execution, trace the complete lifecycle from initial creation through final completion. If a task encounters an error during execution, what recovery or retry behavior is applied, and what observable state reflects that failure?

During email forwarding through an alias, what exact format is used for the special address generated to handle delivery failures? If a failure notification arrives at this address, trace how the system identifies the original email, what state changes are recorded, and how the handling behavior differs depending on the direction of the original message.

Temporary inspection or debugging tools may be used to observe runtime behavior, but source files should not be modified and any temporary artifacts should be cleaned up afterward.",0.06741573033707865,,
20260907T013422.077067776Z-openclaw-sweatlasqa-pilot30-shuffle1-amem-repo-sglang,pilot30-shuffle1,repo-scope,task-6905333b74f22949d97ba9a7,15,simple-login/app,9aa45e72-e9b4-41fe-8f01-44cf94fdf686,2,mailbox verification code failed attempts retries limits,0,0,0,,,,,mailbox verification code failed attempts retries limits,13,2282,0.9230769230769232,0.0,1.0,-0.0769230769230768,degraded,"I want to understand how SimpleLogin processes multi step workflows at runtime.

In scenarios where a mailbox verification code is submitted incorrectly multiple times in succession, what observable state changes and enforcement mechanisms does the running system apply? Trace the actual runtime behavior to determine what limits exist, how failed attempts are tracked, and what ultimately prevents further submissions.

For background tasks that are scheduled and later picked up for execution, trace the complete lifecycle from initial creation through final completion. If a task encounters an error during execution, what recovery or retry behavior is applied, and what observable state reflects that failure?

During email forwarding through an alias, what exact format is used for the special address generated to handle delivery failures? If a failure notification arrives at this address, trace how the system identifies the original email, what state changes are recorded, and how the handling behavior differs depending on the direction of the original message.

Temporary inspection or debugging tools may be used to observe runtime behavior, but source files should not be modified and any temporary artifacts should be cleaned up afterward.",0.05555555555555555,,
20260907T013422.077067776Z-openclaw-sweatlasqa-pilot30-shuffle1-amem-repo-sglang,pilot30-shuffle1,repo-scope,task-6905333b74f22949d97ba9a7,15,simple-login/app,9aa45e72-e9b4-41fe-8f01-44cf94fdf686,3,SimpleLogin mailbox verification bounce VERP background jobs,0,0,0,,,,,SimpleLogin mailbox verification bounce VERP background jobs,18,1117,0.9230769230769232,0.0,1.0,-0.0769230769230768,degraded,"I want to understand how SimpleLogin processes multi step workflows at runtime.

In scenarios where a mailbox verification code is submitted incorrectly multiple times in succession, what observable state changes and enforcement mechanisms does the running system apply? Trace the actual runtime behavior to determine what limits exist, how failed attempts are tracked, and what ultimately prevents further submissions.

For background tasks that are scheduled and later picked up for execution, trace the complete lifecycle from initial creation through final completion. If a task encounters an error during execution, what recovery or retry behavior is applied, and what observable state reflects that failure?

During email forwarding through an alias, what exact format is used for the special address generated to handle delivery failures? If a failure notification arrives at this address, trace how the system identifies the original email, what state changes are recorded, and how the handling behavior differs depending on the direction of the original message.

Temporary inspection or debugging tools may be used to observe runtime behavior, but source files should not be modified and any temporary artifacts should be cleaned up afterward.",0.043478260869565216,,
20260907T013422.077067776Z-openclaw-sweatlasqa-pilot30-shuffle1-amem-repo-sglang,pilot30-shuffle1,repo-scope,task-6905333b74f22949d97ba9a8,10,simple-login/app,7bbee80c-1ac8-4e6f-9415-b6f48e8a87af,1,SimpleLogin Flask startup port configuration,0,0,0,,,,,SimpleLogin Flask startup port configuration,13,1488,1.0,1.0,1.0,0.0,tied,"I'm onboarding into the SimpleLogin codebase and need to understand how it actually behaves when running. I want to know what port the Flask app binds to and what the startup logs look like when it initializes. For the health check, what response body and status code does it return? When a user creates an alias through the API, what does the actual JSON response look like, and what ends up in the database, which table, and what values? I'm also curious about failure behavior. If PostgreSQL isn't available when the app starts, what error appears, and where does it break? I need to see actual runtime output, not just what the code says should happen. You can create temporary test scripts, but don't modify the repository and clean up afterward.",0.08,,
20260907T013422.077067776Z-openclaw-sweatlasqa-pilot30-shuffle1-amem-repo-sglang,pilot30-shuffle1,repo-scope,task-6905333b74f22949d97ba9a9,13,simple-login/app,0ee39607-0d70-4ffe-a3db-c18c3fc926d9,1,SimpleLogin alias reply handling routing,0,0,0,,,,,SimpleLogin alias reply handling routing,13,1851,0.6,0.0,0.5,0.0999999999999999,improved,"I'm running into unexpected behavior in the alias reply-handling flow of SimpleLogin and I want to determine whether it's a real issue or just a misunderstanding of how the pipeline works. When a user replies to an email that was forwarded through an alias, the backend is supposed to receive the inbound message, identify which alias it belongs to, and relay it back to the correct recipient, but in my local tests some replies appear to be routed to the wrong user even though the logs show the alias being recognized. Using the development environment, simulate an inbound email reply and trace the runtime flow end-to-end: observe which part of the system handles the incoming message, how the alias is resolved to a user, and what user ID the system ultimately decides to forward the reply to. Based on this live execution trace, explain the actual data flow and identify the most likely point in the pipeline where an incorrect routing decision could originate. You can create temporary scripts or logs that's fine but clean them up and leave the codebase as you found it.",0.0641025641025641,,
20260907T013422.077067776Z-openclaw-sweatlasqa-pilot30-shuffle1-amem-repo-sglang,pilot30-shuffle1,repo-scope,task-6905333b74f22949d97ba9aa,8,simple-login/app,0afae86d-2f22-480e-a015-2faf278e111e,1,SimpleLogin repository structure web server email handler job runner,0,0,0,,,,,SimpleLogin repository structure web server email handler job runner,13,1195,0.8333333333333334,0.0,0.75,0.0833333333333333,improved,"I'm new to SimpleLogin and trying to get everything running locally. Once the application starts, how can I tell that the web server, email handler, and job runner are actually up and responding? What should I see in the logs or dashboard UI that confirms users can sign in and manage their aliases?

After it's running, try performing some basic user actions like creating a new account, creating an alias, and having that alias receive an email. What happens when a new account interacts with aliases or tries to receive mail, and how does the system show that these actions were handled correctly? What should I see at runtime that confirms the behavior you would expect?

While the application is active, do the email handler and job runner automatically come online in the background to support email activity or data handling? What behavior suggests that these internal components are functioning as intended across different situations?

Do not modify the source code. You can create temporary testing data such as accounts or aliases but clean them up when you are done.",0.07352941176470588,,
20260907T013422.077067776Z-openclaw-sweatlasqa-pilot30-shuffle1-amem-repo-sglang,pilot30-shuffle1,repo-scope,task-6905333b74f22949d97ba9aa,8,simple-login/app,0afae86d-2f22-480e-a015-2faf278e111e,2,SimpleLogin startup verification web server email handler job runner log messages,0,0,0,,,,,SimpleLogin startup verification web server email handler job runner log messages,13,1770,0.8333333333333334,0.0,0.75,0.0833333333333333,improved,"I'm new to SimpleLogin and trying to get everything running locally. Once the application starts, how can I tell that the web server, email handler, and job runner are actually up and responding? What should I see in the logs or dashboard UI that confirms users can sign in and manage their aliases?

After it's running, try performing some basic user actions like creating a new account, creating an alias, and having that alias receive an email. What happens when a new account interacts with aliases or tries to receive mail, and how does the system show that these actions were handled correctly? What should I see at runtime that confirms the behavior you would expect?

While the application is active, do the email handler and job runner automatically come online in the background to support email activity or data handling? What behavior suggests that these internal components are functioning as intended across different situations?

Do not modify the source code. You can create temporary testing data such as accounts or aliases but clean them up when you are done.",0.07142857142857142,,
20260907T013422.077067776Z-openclaw-sweatlasqa-pilot30-shuffle1-amem-repo-sglang,pilot30-shuffle1,repo-scope,task-6905333b74f22949d97ba9ab,9,simple-login/app,10969d3b-f073-4b1b-9c30-e185792d4b0f,1,SimpleLogin alias creation codebase structure,0,0,0,,,,,SimpleLogin alias creation codebase structure,13,1359,0.8571428571428571,0.0,0.7142857142857143,0.1428571428571428,improved,"I want to understand how SimpleLogin behaves during a normal alias-creation flow. To do that, run the full application locally using the standard development setup, login with any test user, and create a new alias while observing the system in real time.

As you go through this flow, watch the frontend and note exactly what request it sends to the backend when an alias is created. Then observe what the backend returns, including any status codes, payloads, or metadata that appear in the response. While the request is being processed, check what changes occur in the database. Identify which records are inserted or updated, how many tables are touched, and whether any related entities are created as part of the same operation.

Pay close attention to the logs to see whether the system triggers any background tasks, emits follow-up events, or performs additional work beyond the initial write. If anything fails, such as validation problems, DB errors, or network issues. Note how the error surfaces in the API response, logs, and resulting database state. Don't modify any of the repository source files while investigating. Feel free to create temporary scripts that's fine, but leave the actual codebase as you found it and ensure to clean up any temporary files or scripts you create when you're done.",0.029411764705882353,,
20260907T013422.077067776Z-openclaw-sweatlasqa-pilot30-shuffle1-amem-repo-sglang,pilot30-shuffle1,repo-scope,task-6905333b74f22949d97ba9ac,1,simple-login/app,12d5fdaa-cb31-4ad3-a066-308cc944f8f8,1,SimpleLogin email forwarding alias processing,0,0,0,,,,,SimpleLogin email forwarding alias processing,0,16,1.0,1.0,0.6,0.4,improved,"I'm investigating a production issue where users report inconsistent behavior when emails are forwarded through SimpleLogin aliases. I need to trace the actual email processing flow to understand what's happening. When the email handler processes an incoming email to an alias, I want to observe, what is the exact log message text that appears when an email is successfully forwarded versus when it fails due to a non-existent alias, what specific SL Message-ID gets generated during forwarding and how does it differ from the original Message-ID, what is the exact From header value in the forwarded email after transformation including the reply-email address format, and what database records are created during a single forward operation show me the actual record IDs and timestamps. Trace through an actual email forward operation and capture these specific runtime values. I need to see actual generated values, not what the code logic suggests should happen. Just don't modify any source files while investigating, and clean up any test containers or DB instances you spin up.",0.07142857142857142,,
20260907T013422.077067776Z-openclaw-sweatlasqa-pilot30-shuffle1-amem-repo-sglang,pilot30-shuffle1,repo-scope,task-6905333b74f22949d97ba9ac,1,simple-login/app,12d5fdaa-cb31-4ad3-a066-308cc944f8f8,2,SimpleLogin email forward operation success failure log message status code,1,1,0,65.716946,65.716946,65.716946,466f88e2-fec9-4d5f-a531-7c2726d2c53c,SimpleLogin email forward operation success failure log message status code,1,109,1.0,1.0,0.6,0.4,improved,"I'm investigating a production issue where users report inconsistent behavior when emails are forwarded through SimpleLogin aliases. I need to trace the actual email processing flow to understand what's happening. When the email handler processes an incoming email to an alias, I want to observe, what is the exact log message text that appears when an email is successfully forwarded versus when it fails due to a non-existent alias, what specific SL Message-ID gets generated during forwarding and how does it differ from the original Message-ID, what is the exact From header value in the forwarded email after transformation including the reply-email address format, and what database records are created during a single forward operation show me the actual record IDs and timestamps. Trace through an actual email forward operation and capture these specific runtime values. I need to see actual generated values, not what the code logic suggests should happen. Just don't modify any source files while investigating, and clean up any test containers or DB instances you spin up.",0.0684931506849315,0.07954545454545454,0.07954545454545454
20260907T013422.077067776Z-openclaw-sweatlasqa-pilot30-shuffle1-amem-repo-sglang,pilot30-shuffle1,repo-scope,task-6905333b74f22949d97ba9ad,4,simple-login/app,8c653d08-7667-4d79-bffc-786afafb662f,1,SimpleLogin application structure,0,0,0,,,,,SimpleLogin application structure,7,119,0.8181818181818182,0.0,0.7272727272727273,0.0909090909090909,improved,"I am setting up SimpleLogin for the first time and I want to confirm that the platform is actually working the way it should when everything is running locally. After starting the system what should I notice in the logs or UI that shows the app is ready to handle user authentication and alias based email activity?

Once it is running can you try walking through the typical product experience as if you were a new user signing up for the first time. What happens when a user registers verifies their address and tries to log in. What visible behavior confirms that the system is handling every step correctly and forwarding the user into the dashboard as expected?

I am also curious about what the application does behind the scenes during that flow. Are there any indicators that background jobs or internal services are doing their part to support email forwarding or identity verification. What should I expect to observe at runtime that tells me these moving pieces are active and talking to each other properly?

You can create anything temporary that you need for testing like new users or aliases but remove them when you are done and please do not make any changes to the source code.",0.024096385542168676,,
20260907T013422.077067776Z-openclaw-sweatlasqa-pilot30-shuffle1-amem-repo-sglang,pilot30-shuffle1,repo-scope,task-6905333b74f22949d97ba9ad,4,simple-login/app,8c653d08-7667-4d79-bffc-786afafb662f,2,SimpleLogin startup readiness indicators logs,0,0,0,,,,,SimpleLogin startup readiness indicators logs,9,1139,0.8181818181818182,0.0,0.7272727272727273,0.0909090909090909,improved,"I am setting up SimpleLogin for the first time and I want to confirm that the platform is actually working the way it should when everything is running locally. After starting the system what should I notice in the logs or UI that shows the app is ready to handle user authentication and alias based email activity?

Once it is running can you try walking through the typical product experience as if you were a new user signing up for the first time. What happens when a user registers verifies their address and tries to log in. What visible behavior confirms that the system is handling every step correctly and forwarding the user into the dashboard as expected?

I am also curious about what the application does behind the scenes during that flow. Are there any indicators that background jobs or internal services are doing their part to support email forwarding or identity verification. What should I expect to observe at runtime that tells me these moving pieces are active and talking to each other properly?

You can create anything temporary that you need for testing like new users or aliases but remove them when you are done and please do not make any changes to the source code.",0.03571428571428571,,
20260907T013422.077067776Z-openclaw-sweatlasqa-pilot30-shuffle1-amem-repo-sglang,pilot30-shuffle1,repo-scope,task-6905333b74f22949d97ba9ae,2,simple-login/app,df3b088c-1e78-49c8-9991-9e6f65193685,1,SimpleLogin inbound email reply contact resolution,1,1,0,65.337056,65.337056,65.337056,466f88e2-fec9-4d5f-a531-7c2726d2c53c,SimpleLogin alias forwarding routing,1,174,0.6666666666666666,0.0,0.5,0.1666666666666666,improved,"I’d like to understand how SimpleLogin resolves inbound email replies to a contact and forwarding destination during normal alias usage, specifically in cases where a reply ends up being delivered to a different user than the alias owner. As inbound reply messages are processed, focus on how the system derives the reply email address and uses it to identify the associated contact. Observe the actual runtime values involved in this resolution, the extracted reply email, the contact (if any) that it resolves to, and the user or alias ultimately selected as the forwarding destination. Track how these values behave across multiple reply events. Note whether the same reply email ever resolves to different contacts over time, fails to resolve temporarily, or resolves correctly but later results in forwarding to a different user than expected. Use these observations to determine whether the reply-handling logic specifically the lookup of contacts by reply email exhibits any race conditions, uniqueness assumptions, or timing-related inconsistencies that could explain why a reply is routed to the wrong user. Describe the runtime values you observed during reply resolution and explain how those values lead to the observed behavior. Don’t modify any repository source files. If temporary scripts or tooling are needed to observe behavior, that’s fine, but clean them up afterward and leave the repository unchanged.",0.06741573033707865,0.03636363636363636,0.03636363636363636
20260907T013422.077067776Z-openclaw-sweatlasqa-pilot30-shuffle1-amem-repo-sglang,pilot30-shuffle1,repo-scope,task-6905333b74f22949d97ba9ae,2,simple-login/app,df3b088c-1e78-49c8-9991-9e6f65193685,2,SimpleLogin alias forwarding routing,1,1,0,70.29401,70.29401,70.29401,466f88e2-fec9-4d5f-a531-7c2726d2c53c,SimpleLogin inbound email reply contact resolution,1,185,0.6666666666666666,0.0,0.5,0.1666666666666666,improved,"I’d like to understand how SimpleLogin resolves inbound email replies to a contact and forwarding destination during normal alias usage, specifically in cases where a reply ends up being delivered to a different user than the alias owner. As inbound reply messages are processed, focus on how the system derives the reply email address and uses it to identify the associated contact. Observe the actual runtime values involved in this resolution, the extracted reply email, the contact (if any) that it resolves to, and the user or alias ultimately selected as the forwarding destination. Track how these values behave across multiple reply events. Note whether the same reply email ever resolves to different contacts over time, fails to resolve temporarily, or resolves correctly but later results in forwarding to a different user than expected. Use these observations to determine whether the reply-handling logic specifically the lookup of contacts by reply email exhibits any race conditions, uniqueness assumptions, or timing-related inconsistencies that could explain why a reply is routed to the wrong user. Describe the runtime values you observed during reply resolution and explain how those values lead to the observed behavior. Don’t modify any repository source files. If temporary scripts or tooling are needed to observe behavior, that’s fine, but clean them up afterward and leave the repository unchanged.",0.03333333333333333,0.03636363636363636,0.03636363636363636
20260907T013422.077067776Z-openclaw-sweatlasqa-pilot30-shuffle1-amem-repo-sglang,pilot30-shuffle1,repo-scope,task-6905333b74f22949d97ba9ae,2,simple-login/app,df3b088c-1e78-49c8-9991-9e6f65193685,3,SimpleLogin contact reply_email resolution forward reply alias transfer,4,4,0,66.59967725,50.47577,74.96078,97334410-600b-4b4e-9879-992fb7dcf72b;466f88e2-fec9-4d5f-a531-7c2726d2c53c;130196f2-637b-4735-b8b3-de4bd567c546;15011ff5-3ed5-4d87-a903-e2a92f2ce926,SimpleLogin contact reply_email resolution forward reply alias transfer,4,106,0.6666666666666666,0.0,0.5,0.1666666666666666,improved,"I’d like to understand how SimpleLogin resolves inbound email replies to a contact and forwarding destination during normal alias usage, specifically in cases where a reply ends up being delivered to a different user than the alias owner. As inbound reply messages are processed, focus on how the system derives the reply email address and uses it to identify the associated contact. Observe the actual runtime values involved in this resolution, the extracted reply email, the contact (if any) that it resolves to, and the user or alias ultimately selected as the forwarding destination. Track how these values behave across multiple reply events. Note whether the same reply email ever resolves to different contacts over time, fails to resolve temporarily, or resolves correctly but later results in forwarding to a different user than expected. Use these observations to determine whether the reply-handling logic specifically the lookup of contacts by reply email exhibits any race conditions, uniqueness assumptions, or timing-related inconsistencies that could explain why a reply is routed to the wrong user. Describe the runtime values you observed during reply resolution and explain how those values lead to the observed behavior. Don’t modify any repository source files. If temporary scripts or tooling are needed to observe behavior, that’s fine, but clean them up afterward and leave the repository unchanged.",0.05434782608695652,0.042844410491469316,0.058823529411764705
20260907T013422.077067776Z-openclaw-sweatlasqa-pilot30-shuffle1-amem-repo-sglang,pilot30-shuffle1,repo-scope,task-6905333b74f22949d97ba9af,3,simple-login/app,abe1dfac-2823-4d45-9611-88361bbe5932,1,development environment database server setup,4,4,0,35.780096,33.860856,37.33856,15011ff5-3ed5-4d87-a903-e2a92f2ce926;97334410-600b-4b4e-9879-992fb7dcf72b;130196f2-637b-4735-b8b3-de4bd567c546;466f88e2-fec9-4d5f-a531-7c2726d2c53c,development environment database server setup,4,135,0.7692307692307693,0.0,0.7692307692307693,0.0,tied,"I'm trying to get the development environment running locally for the first time, and the documentation isn't very clear about the startup order or what breaks if certain setup steps are skipped. I want to bring the whole stack up from scratch and note what actually happens along the way.

To start with, I want to see what happens if the database isn't fully set up yet. With PostgreSQL running and an empty database created (no tables, migrations not run), what error do I actually hit when I start the server with python [server.py](http://server.py) and then try to open the login page in the browser? I'm looking for the full Python exception that gets raised.

Once the database migrations and the initialization script (init\_[app.py](http://app.py)) have been run and everything is set up correctly, I need to understand which Python services must be running for the system to work. Start each required service and show me the exact log output that confirms it's running and ready to accept connections. I want to see the actual startup messages from stdout/stderr, not just what the code says I need to verify the services are actually binding to their ports and working.

I'm also curious about what happens if the initialization step is skipped. If I run the migrations but don't run init\_[app.py](http://app.py), the SLDomain table should be empty (no email domains configured). If I then start the email handler and simulate an incoming email addressed to any @sl.local address, what happens? What SMTP status code does the email handler return to the sender, and what does it log to explain the rejection?

I'm not changing or deleting any source files here I just want to observe the system's behavior. Temporary config files or small test scripts are fine if needed.",0.04716981132075472,0.003939205955334988,0.008064516129032258
20260907T013422.077067776Z-openclaw-sweatlasqa-pilot30-shuffle1-amem-repo-sglang,pilot30-shuffle1,repo-scope,task-6905333b74f22949d97ba9b2,11,simple-login/app,22decf83-0289-486c-b433-1de647290aef,1,SimpleLogin bounce email handling,0,0,0,,,,,SimpleLogin bounce email handling,13,1507,1.0,1.0,0.8888888888888888,0.1111111111111111,improved,"I'm investigating a potential information leakage issue in SimpleLogin's bounce email handling system. I've noticed that the codebase appears to support two different address formats for processing email bounces, what looks like an older format with the email log ID visible in plain text and a newer format that seems to use some kind of signature verification.

I wonder how bounces are routed, I'm seeing that emails sent to addresses like bounce+12345+@domain seem to be processed differently than those using the newer signed format. What concerns me is whether an external attacker could craft bounce emails to these older-style addresses and learn something by observing the SMTP responses.

I'm curious what's actually happening under the hood here, where the security boundaries really are, and what slips through without cryptographic validation. I wonder what exact SMTP responses come back when probing different scenarios, such as hitting a valid ID versus an invalid one, and what happens when something doesn't quite meet the bounce validation requirements. I don't want theoretical explanations of what the code should do, I want to see actual evidence of how the system behaves in practice.

What also puzzles me is the bounce detection itself. What makes the system accept something as a bounce in the first place? What criteria does it check? Could an attacker who controls the SMTP envelope and headers spoof those criteria? I'm curious what happens when those checks pass versus when they don't. And beyond just valid versus invalid, I wonder if the response codes reveal more than just whether an ID exists.

Don't modify any source files in the repository. You can create test scripts to observe the actual behavior, but clean them up when finished.",0.025,,
20260907T013422.077067776Z-openclaw-sweatlasqa-pilot30-shuffle1-amem-repo-sglang,pilot30-shuffle1,repo-scope,task-6905333b74f22949d97ba9d0,27,paperless-ngx/paperless-ngx,6cb89aa1-992e-4941-9985-4882443d61d4,1,paperless-ngx architecture task scheduler periodic background maintenance,0,0,0,,,,,paperless-ngx architecture task scheduler periodic background maintenance,13,210,1.0,1.0,1.0,0.0,tied,"I'm evaluating paperless-ngx architecture and need to understand what background maintenance happens automatically. Set up the development environment, what periodic tasks are registered with the task scheduler, and where is the schedule configuration defined? Find the sanity checker; what does it validate, what log output does it produce, and how often does it run? Is there automatic index optimization or database cleanup? Check if there's a task that handles failed document retries or stuck processing jobs. Look at the Celery beat schedule configuration and list all recurring tasks with their intervals. Trace through the code to find where periodic tasks are defined and registered. What happens if a scheduled task fails; is there retry logic or alerting? Are there any tasks that run on startup versus strictly on schedule? Query the database to see if there's a table tracking task execution history or scheduled job state. What controls whether these maintenance features are enabled or disabled? Don't modify source code; observing system behavior is fine, clean up any test artifacts when done.",0.09333333333333334,,
20260907T013422.077067776Z-openclaw-sweatlasqa-pilot30-shuffle1-amem-repo-sglang,pilot30-shuffle1,repo-scope,task-6905333b74f22949d97ba9d1,28,paperless-ngx/paperless-ngx,a46a5dcd-445f-43c8-bf16-8a8975a0c84b,1,Paperless-NGX search index synchronization,0,0,0,,,,,Paperless-NGX search index synchronization,13,1201,1.0,1.0,0.875,0.125,improved,"I want to understand how Paperless-NGX keeps its search index synchronized with document changes before I start working with this codebase. With the full environment running, I'm curious what actually happens at runtime when a document gets modified after it's already been ingested. If I change an existing document's title through the API to something unique and then search for that exact new title within a few seconds, does the document appear in results immediately, or do I need to wait for background processing to complete? While making this change, I want to watch what happens in the background task worker process specifically to see whether any job gets picked up in response to the edit, or whether the update completes entirely within the API request before returning. Something I particularly want to explore is what happens if a document's title gets updates directly in the database using a raw SQL statement rather than through the API. After making that direct change and searching for the new title, does the document appear in search results, or does the index remain stale? If it stays stale, I want to know whether there is a way to force the system to reconcile the index with the current database state, and what observable effect that reconciliation process has on the worker logs and task queue. I'm also wondering how the system would behave if the search index became corrupted or deleted entirely while documents still exist in the database. After removing the index files and triggering whatever recovery mechanism exists, how long does reconstruction take for a small set of documents, and what processing activity is visible during that rebuild? The goal is to understand whether the system can self-heal from index inconsistencies or whether manual intervention is always required. You may create temporary test documents for observation, but don't modify any source files and clean up test artifacts when finished.",0.025423728813559324,,
20260907T013422.077067776Z-openclaw-sweatlasqa-pilot30-shuffle1-amem-repo-sglang,pilot30-shuffle1,repo-scope,task-6905333b74f22949d97ba9d1,28,paperless-ngx/paperless-ngx,a46a5dcd-445f-43c8-bf16-8a8975a0c84b,2,Paperless-NGX document title update index synchronization,0,0,0,,,,,Paperless-NGX document title update index synchronization,13,1134,1.0,1.0,0.875,0.125,improved,"I want to understand how Paperless-NGX keeps its search index synchronized with document changes before I start working with this codebase. With the full environment running, I'm curious what actually happens at runtime when a document gets modified after it's already been ingested. If I change an existing document's title through the API to something unique and then search for that exact new title within a few seconds, does the document appear in results immediately, or do I need to wait for background processing to complete? While making this change, I want to watch what happens in the background task worker process specifically to see whether any job gets picked up in response to the edit, or whether the update completes entirely within the API request before returning. Something I particularly want to explore is what happens if a document's title gets updates directly in the database using a raw SQL statement rather than through the API. After making that direct change and searching for the new title, does the document appear in search results, or does the index remain stale? If it stays stale, I want to know whether there is a way to force the system to reconcile the index with the current database state, and what observable effect that reconciliation process has on the worker logs and task queue. I'm also wondering how the system would behave if the search index became corrupted or deleted entirely while documents still exist in the database. After removing the index files and triggering whatever recovery mechanism exists, how long does reconstruction take for a small set of documents, and what processing activity is visible during that rebuild? The goal is to understand whether the system can self-heal from index inconsistencies or whether manual intervention is always required. You may create temporary test documents for observation, but don't modify any source files and clean up test artifacts when finished.",0.0423728813559322,,
20260907T013422.077067776Z-openclaw-sweatlasqa-pilot30-shuffle1-amem-repo-sglang,pilot30-shuffle1,repo-scope,task-6905333b74f22949d97ba9d2,20,paperless-ngx/paperless-ngx,0e748afb-bbfe-4a08-8d91-90143451d3dd,1,paperless-ngx document processing pipeline,0,0,0,,,,,paperless-ngx document processing pipeline,4,362,0.9090909090909092,0.0,0.9090909090909092,0.0,tied,"I’m trying to get a big-picture understanding of how documents flow through the system. How does a new document usually enter paperless-ngx. Once a document is received, what are the main stages it goes through before it’s fully processed and available, are there any background jobs and what is used for background execution.

I’m also curious about the kind of information paperless stores for each document. What metadata fields are saved, and which ones are absolutely required versus optional or derived later during runtime-processing. Can you show with a runtime example?

Also I wonder how things like tags, correspondents, and document types are used together to organize documents in a practical way.

Please don’t make any changes to the repository itself. You can create temporary scripts for testing if needed but do clean them up once you're done.",0.04918032786885246,,
20260907T013422.077067776Z-openclaw-sweatlasqa-pilot30-shuffle1-amem-repo-sglang,pilot30-shuffle1,repo-scope,task-6905333b74f22949d97ba9d2,20,paperless-ngx/paperless-ngx,0e748afb-bbfe-4a08-8d91-90143451d3dd,2,paperless-ngx document pipeline metadata fields tags correspondents,0,0,0,,,,,paperless-ngx document pipeline metadata fields tags correspondents,7,1212,0.9090909090909092,0.0,0.9090909090909092,0.0,tied,"I’m trying to get a big-picture understanding of how documents flow through the system. How does a new document usually enter paperless-ngx. Once a document is received, what are the main stages it goes through before it’s fully processed and available, are there any background jobs and what is used for background execution.

I’m also curious about the kind of information paperless stores for each document. What metadata fields are saved, and which ones are absolutely required versus optional or derived later during runtime-processing. Can you show with a runtime example?

Also I wonder how things like tags, correspondents, and document types are used together to organize documents in a practical way.

Please don’t make any changes to the repository itself. You can create temporary scripts for testing if needed but do clean them up once you're done.",0.09836065573770492,,
20260907T013422.077067776Z-openclaw-sweatlasqa-pilot30-shuffle1-amem-repo-sglang,pilot30-shuffle1,repo-scope,task-6905333b74f22949d97ba9d3,16,paperless-ngx/paperless-ngx,c0a46c7c-925f-4b06-8d08-f9fe891fda3a,1,paperless-ngx document ingestion pipeline,0,0,0,,,,,paperless-ngx document ingestion pipeline,0,26,1.0,1.0,0.7272727272727273,0.2727272727272727,improved,"I am trying to understand how paperless-ngx processes documents at runtime before making any changes. Once the application is up and all of its services are running, I want to submit a test PDF and observe how the ingestion pipeline actually behaves. As the document moves through the system, which services are involved, and what sequence of events shows up in the logs? I also want to upload a few more documents and watch how the system reacts after each one. Does the machine learning classifier retrain automatically on every upload, or only under certain conditions, and what log messages make it clear when training is happening versus when the classifier stays idle? After a document finishes processing, I want to see where it ends up on disk, what directory structure and filename pattern paperless-ngx uses by default, and which database tables receive new rows as part of ingestion. You should not modify or edit any existing files in the repository, but you can create temporary scripts or test documents if they help with the investigation, as long as everything you create is cleaned up when you are done.",0.05263157894736842,,
20260907T013422.077067776Z-openclaw-sweatlasqa-pilot30-shuffle1-amem-repo-sglang,pilot30-shuffle1,repo-scope,task-6905333b74f22949d97ba9d3,16,paperless-ngx/paperless-ngx,c0a46c7c-925f-4b06-8d08-f9fe891fda3a,2,paperless-ngx classification training schedule conditions,2,2,0,49.9970965,49.422443,50.57175,93a1f8a5-d4d2-425a-bdab-d2938970d3da;6514d228-adde-4b4e-a384-c15f303f703e,paperless-ngx classification training schedule conditions,2,94,1.0,1.0,0.7272727272727273,0.2727272727272727,improved,"I am trying to understand how paperless-ngx processes documents at runtime before making any changes. Once the application is up and all of its services are running, I want to submit a test PDF and observe how the ingestion pipeline actually behaves. As the document moves through the system, which services are involved, and what sequence of events shows up in the logs? I also want to upload a few more documents and watch how the system reacts after each one. Does the machine learning classifier retrain automatically on every upload, or only under certain conditions, and what log messages make it clear when training is happening versus when the classifier stays idle? After a document finishes processing, I want to see where it ends up on disk, what directory structure and filename pattern paperless-ngx uses by default, and which database tables receive new rows as part of ingestion. You should not modify or edit any existing files in the repository, but you can create temporary scripts or test documents if they help with the investigation, as long as everything you create is cleaned up when you are done.",0.038461538461538464,0.042123933045116954,0.043010752688172046
20260907T013422.077067776Z-openclaw-sweatlasqa-pilot30-shuffle1-amem-repo-sglang,pilot30-shuffle1,repo-scope,task-6905333b74f22949d97ba9d4,29,paperless-ngx/paperless-ngx,2a2f0c89-f07b-4d9e-b576-a688f422cf3a,1,Paperless-NGX runtime background processes tasks,0,0,0,,,,,Paperless-NGX runtime background processes tasks,13,1427,0.8181818181818182,0.0,0.9090909090909092,-0.0909090909090908,degraded,"I want to understand how Paperless-NGX behaves at runtime once the system is up and idle, before I start making changes to the codebase. Get Paperless-NGX running at the specified commit. Once it's idle and stable, what background processes or tasks continue executing automatically? What are the actual log entries that appear periodically showing the system is healthy and ready? I need the specific log messages, their frequency, and what they indicate. 
Also, if you briefly interrupt and restart part of the system, what specific log messages confirm everything has reconnected and is operational again? What components or processes keep running continuously to maintain Paperless-NGX in a ready state, even when no documents are being processed? You may use temporary helper commands or inspection tools if needed, but don’t modify any source files and clean up any temporary artifacts when you’re done.",0.08196721311475409,,
20260907T013422.077067776Z-openclaw-sweatlasqa-pilot30-shuffle1-amem-repo-sglang,pilot30-shuffle1,repo-scope,task-6905333b74f22949d97ba9d5,30,paperless-ngx/paperless-ngx,3dd9ac5b-cb1b-4161-af41-1fde9ee56c70,1,Paperless-NGX document ingestion processing pipeline,0,0,0,,,,,Paperless-NGX document ingestion processing pipeline,13,1435,0.7142857142857143,0.0,0.5,0.2142857142857143,improved,"I’m trying to understand how data moves through Paperless-NGX during normal document ingestion so I can get oriented before working on the codebase. When Paperless-NGX is running from this repository at the specified commit and a new document appears in the system, what observable runtime behavior shows how the document is detected and handed off for processing? What log messages, task names, or state changes indicate the transition from initial detection into parsing, classification, and indexing, and how does the system reflect progress or completion of each stage while the document is being processed? After processing finishes, what observable evidence shows where the document’s data ends up and how its final state is recorded? Based on what you can directly observe at runtime, how does Paperless-NGX track whether a document has already been processed or needs further work, and what behavior or logs indicate how the system avoids duplicate processing? Keep the explanation grounded in runtime observations rather than assumptions from reading the code alone. You may use temporary test files if helpful, but don’t modify any source files and clean up any temporary artifacts when you’re done.",0.05194805194805195,,
20260907T013422.077067776Z-openclaw-sweatlasqa-pilot30-shuffle1-amem-repo-sglang,pilot30-shuffle1,repo-scope,task-6905333b74f22949d97ba9d6,24,paperless-ngx/paperless-ngx,92013f44-cd39-43fa-9ec5-a0a6b8d27112,1,paperless-ngx OCR processing background worker,0,0,0,,,,,paperless-ngx OCR processing background worker,11,1754,0.9,0.0,0.9,0.0,tied,"I’m trying to get a practical understanding of how OCR behaves in paperless-ngx at runtime, especially in cases where it’s hard to tell what the system is actually doing. When I upload an image that has no embedded text, how can I see that OCR has started, and what does the document’s processing state look like while it’s running? I want to watch how background workers behave during this phase and understand what signals really indicate active OCR work. If I upload a similar image that already contains text, does the system skip OCR entirely, or does it still touch the OCR pipeline in some way, and how can I tell the difference after processing finishes? I also want to compare the final API responses for both cases to understand which fields show OCR-generated text versus existing text. Finally, when OCR produces weak or incomplete results, what actually happens to the document’s final state? Does it still count as fully processed, and how is that reflected in the saved metadata? Temporary scripts may be used for observation, but the repository itself should remain unchanged, and anything temporary should be cleaned up afterward.",0.04,,
20260907T013422.077067776Z-openclaw-sweatlasqa-pilot30-shuffle1-amem-repo-sglang,pilot30-shuffle1,repo-scope,task-6905333b74f22949d97ba9d6,24,paperless-ngx/paperless-ngx,92013f44-cd39-43fa-9ec5-a0a6b8d27112,2,OCR text extraction no text archive file has_archive_version,0,0,0,,,,,OCR text extraction no text archive file has_archive_version,13,1222,0.9,0.0,0.9,0.0,tied,"I’m trying to get a practical understanding of how OCR behaves in paperless-ngx at runtime, especially in cases where it’s hard to tell what the system is actually doing. When I upload an image that has no embedded text, how can I see that OCR has started, and what does the document’s processing state look like while it’s running? I want to watch how background workers behave during this phase and understand what signals really indicate active OCR work. If I upload a similar image that already contains text, does the system skip OCR entirely, or does it still touch the OCR pipeline in some way, and how can I tell the difference after processing finishes? I also want to compare the final API responses for both cases to understand which fields show OCR-generated text versus existing text. Finally, when OCR produces weak or incomplete results, what actually happens to the document’s final state? Does it still count as fully processed, and how is that reflected in the saved metadata? Temporary scripts may be used for observation, but the repository itself should remain unchanged, and anything temporary should be cleaned up afterward.",0.01282051282051282,,
20260907T013422.077067776Z-openclaw-sweatlasqa-pilot30-shuffle1-amem-repo-sglang,pilot30-shuffle1,repo-scope,task-6905333b74f22949d97ba9d7,19,paperless-ngx/paperless-ngx,8181a1be-4bc8-4fac-bf08-6299ef6d7dfe,1,paperless API authentication token,3,3,0,43.952318,32.432356,50.52881,6514d228-adde-4b4e-a384-c15f303f703e;93a1f8a5-d4d2-425a-bdab-d2938970d3da;bce7aac9-797b-4958-b6a1-d05c8c5b8333,paperless API authentication token,3,143,0.9230769230769232,0.0,0.8461538461538461,0.0769230769230769,improved,"I'm planning to integrate some external tools with the paperless API and need to understand how authentication works first. Get paperless running locally, create a test user, and generate an API token for them. Make an authenticated request to list documents. What's the exact HTTP header name and format paperless expects for the token, and what's the complete endpoint path? What does the JSON response look like, specifically what are the top level fields, and is pagination involved or does it dump everything at once? Try that same request without auth and tell me what status code and error message you get. Then trace through the Django code to find which authentication class handles token authentication and what model stores the tokens. Don't modify the codebase, creating test users, tokens, and any temporary files you need is fine, but leave the source code untouched and clean up any additional files or changes when you're done.",0.041666666666666664,0.03338031761373552,0.0449438202247191
20260907T013422.077067776Z-openclaw-sweatlasqa-pilot30-shuffle1-amem-repo-sglang,pilot30-shuffle1,repo-scope,task-6905333b74f22949d97ba9d8,23,paperless-ngx/paperless-ngx,92b1060c-9107-43f2-9908-051550ee7de6,1,document classification machine learning pipeline training OCR barcode,0,0,0,,,,,document classification machine learning pipeline training OCR barcode,7,384,0.5833333333333334,0.0,0.5833333333333334,0.0,tied,"I am debugging non-deterministic failures in the document classification tests and want to understand how the machine learning pipeline behaves during test execution when training and OCR. I want to observe whether the classifier reuses an existing model or retrains during the same test run, and how that affects later tests. When a test exercises automatic correspondent matching, how many training documents are created, when does training occur relative to those inserts, and what confidence threshold is used to accept or reject predictions? I also want to see how edge cases are handled, such as when a document has no extractable text, including which OCR subprocess is invoked and what mime type is assigned to the output. Finally, when barcode splitting is involved, how many document records are created from a single input, which barcode values trigger a split, and where in the code that decision is made, especially if this changes the effective training data during the test run. Please do not modify the source code; you may create temporary helpers while investigating, but clean up anything temporary before finishing.",0.08974358974358974,,
20260907T013422.077067776Z-openclaw-sweatlasqa-pilot30-shuffle1-amem-repo-sglang,pilot30-shuffle1,repo-scope,task-6905333b74f22949d97ba9d9,21,paperless-ngx/paperless-ngx,6c53aaf5-c259-4f49-8c47-7c1ee30d4dcc,1,paperless-ngx background processing queue async,0,0,0,,,,,paperless-ngx background processing queue async,7,662,0.9,0.0,1.0,-0.0999999999999999,degraded,"I'm trying to understand how paperless-ngx actually handles background processing when it ingests documents. I want to see what happens at runtime, not just read the config files.

Can you help me make sense of how async work behaves in a live setup? I’m interested in what services are involved behind the scenes, how background jobs appear once they are created, and how the system tells the difference between work that is waiting and work that is actively being processed. I also want to understand where the task state ends up being stored and how you can tell, after the fact, what happened to a given job.

From the code perspective, I want to connect that runtime behavior back to its origin. Where are these background jobs actually triggered, and what part of the code is responsible for sending them into the queue? Don’t modify any repository source files. If you need to create temporary scripts or artifacts to observe behavior, that’s fine, but clean them up afterward and leave the codebase unchanged.",0.07692307692307693,,
20260907T013422.077067776Z-openclaw-sweatlasqa-pilot30-shuffle1-amem-repo-sglang,pilot30-shuffle1,repo-scope,task-6905333b74f22949d97ba9d9,21,paperless-ngx/paperless-ngx,6c53aaf5-c259-4f49-8c47-7c1ee30d4dcc,2,django-q task queue worker result storage,0,0,0,,,,,django-q task queue worker result storage,7,1267,0.9,0.0,1.0,-0.0999999999999999,degraded,"I'm trying to understand how paperless-ngx actually handles background processing when it ingests documents. I want to see what happens at runtime, not just read the config files.

Can you help me make sense of how async work behaves in a live setup? I’m interested in what services are involved behind the scenes, how background jobs appear once they are created, and how the system tells the difference between work that is waiting and work that is actively being processed. I also want to understand where the task state ends up being stored and how you can tell, after the fact, what happened to a given job.

From the code perspective, I want to connect that runtime behavior back to its origin. Where are these background jobs actually triggered, and what part of the code is responsible for sending them into the queue? Don’t modify any repository source files. If you need to create temporary scripts or artifacts to observe behavior, that’s fine, but clean them up afterward and leave the codebase unchanged.",0.028985507246376812,,
20260907T013422.077067776Z-openclaw-sweatlasqa-pilot30-shuffle1-amem-repo-sglang,pilot30-shuffle1,repo-scope,task-6905333b74f22949d97ba9db,22,paperless-ngx/paperless-ngx,278212cf-4424-4516-8160-26d3a4eb849c,1,Paperless-NGX document processing file rename tags classifier duplicate detection,0,0,0,,,,,Paperless-NGX document processing file rename tags classifier duplicate detection,7,527,1.0,1.0,1.0,0.0,tied,"I'm onboarding into the Paperless-NGX repository and I'm curious about the hidden choreography that happens when the system is actually running. When a document's tags change and the filename format includes tags in the directory structure, files apparently relocate themselves. I wonder what log messages actually appear during that dance, and what the before and after paths look like in practice. There's supposedly a rollback safety net if something goes wrong during a file move, but I can't tell from reading the code whether it truly recovers or just promises to, what actually happens to files when a move fails partway through? Beyond file handling, there are other runtime mysteries I want to explore. The classifier's behavior puzzles me, sometimes training finishes instantly, other times it takes much longer. I want to trigger both scenarios and see the actual log messages that explain why training was skipped versus why it proceeded with full retraining, including whatever hash or checksum the system uses to detect changes. Duplicate detection feels like magic, two files that look completely different can still be rejected as duplicates, and I want to see the actual checksums being compared at that moment of judgment. The sanity checker intrigues me as well, what does its output actually look like when an archive is healthy versus when something has gone wrong, and can I see the specific hash values it compares when it discovers a mismatch? I also wonder about ghost files, whether orphaned files really linger in the media folder and what the system actually reports when it finds them. I need to see real runtime evidence for all of this; actual paths, actual checksums, actual log messages. Temporary scripts may be used for observation, but the repository itself should remain unchanged and anything temporary cleaned up afterward.",0.03759398496240601,,
20260907T013422.077067776Z-openclaw-sweatlasqa-pilot30-shuffle1-amem-repo-sglang,pilot30-shuffle1,repo-scope,task-6905333b74f22949d97ba9db,22,paperless-ngx/paperless-ngx,278212cf-4424-4516-8160-26d3a4eb849c,2,file rename rollback move_files signal m2m_changed post_save update_filename_and_move_files,0,0,0,,,,,file rename rollback move_files signal m2m_changed post_save update_filename_and_move_files,7,180,1.0,1.0,1.0,0.0,tied,"I'm onboarding into the Paperless-NGX repository and I'm curious about the hidden choreography that happens when the system is actually running. When a document's tags change and the filename format includes tags in the directory structure, files apparently relocate themselves. I wonder what log messages actually appear during that dance, and what the before and after paths look like in practice. There's supposedly a rollback safety net if something goes wrong during a file move, but I can't tell from reading the code whether it truly recovers or just promises to, what actually happens to files when a move fails partway through? Beyond file handling, there are other runtime mysteries I want to explore. The classifier's behavior puzzles me, sometimes training finishes instantly, other times it takes much longer. I want to trigger both scenarios and see the actual log messages that explain why training was skipped versus why it proceeded with full retraining, including whatever hash or checksum the system uses to detect changes. Duplicate detection feels like magic, two files that look completely different can still be rejected as duplicates, and I want to see the actual checksums being compared at that moment of judgment. The sanity checker intrigues me as well, what does its output actually look like when an archive is healthy versus when something has gone wrong, and can I see the specific hash values it compares when it discovers a mismatch? I also wonder about ghost files, whether orphaned files really linger in the media folder and what the system actually reports when it finds them. I need to see real runtime evidence for all of this; actual paths, actual checksums, actual log messages. Temporary scripts may be used for observation, but the repository itself should remain unchanged and anything temporary cleaned up afterward.",0.014814814814814815,,
20260907T013422.077067776Z-openclaw-sweatlasqa-pilot30-shuffle1-amem-repo-sglang,pilot30-shuffle1,repo-scope,task-6905333b74f22949d97ba9dc,25,paperless-ngx/paperless-ngx,724514f3-1f8d-44fd-9bb7-ce8f57aebb0e,1,paperless-ngx OCR PDF upload processing,0,0,0,,,,,paperless-ngx OCR PDF upload processing,13,1385,1.0,1.0,1.0,0.0,tied,"I'm getting inconsistent OCR results when testing paperless-ngx locally with multi-page PDFs and need to understand the processing behavior better. Get the development environment running normally (create admin user if needed during setup), then upload a multi-page PDF through the standard interface that requires OCR processing. What HTTP response status and message do you receive immediately after upload submission? As processing happens, what key log patterns appear that show the document moving through different stages, including the OCRmyPDF invocation parameters? After processing finishes, what do the generated archive PDF and thumbnail filenames look like in the media storage area? Check the document record in the database - what fields are actually stored (not filesystem-only metadata) and what values appear for the processed document? No file modifications or permanent changes allowed, clean up any test files completely when done.",0.04,,
20260907T013422.077067776Z-openclaw-sweatlasqa-pilot30-shuffle1-amem-repo-sglang,pilot30-shuffle1,repo-scope,task-6905333b74f22949d97ba9dd,18,paperless-ngx/paperless-ngx,25ddf3fe-b5c2-4f7d-8b12-3bae9935f231,1,Paperless-NGX document ingestion workflow,3,3,0,59.59940066666667,40.66383,73.457396,93a1f8a5-d4d2-425a-bdab-d2938970d3da;6514d228-adde-4b4e-a384-c15f303f703e;bce7aac9-797b-4958-b6a1-d05c8c5b8333,Paperless-NGX document ingestion workflow,3,288,,,0.5,,,"I need to understand how Paperless-NGX processes a document from ingestion through indexing before I start working with the codebase. Set up the full environment and get all services running normally. Drop a small test file into the consumption directory and follow what happens. What log messages appear when the system first detects the file, what ingestion task gets triggered, and what additional tasks show up as the document moves through parsing, classification, and indexing? While the task is queued, check what the message broker is storing. What payload format or data structure represents the queued task? After processing completes, query the database to see where the document record is stored, which fields capture the parsed metadata, and where the system keeps a record of task execution or processing history.
Then trace the high-level codepath behind this workflow based on the behavior you observe. Starting from the part of the system that detects the new file, follow the chain of components involved in creating and submitting the ingestion task. Which part of the application is responsible for creating that task object, and what queuing framework does Paperless-NGX rely on to dispatch it? You may use temporary helper scripts or test files if needed, but don’t modify the actual source code, and clean up any temporary artifacts when you’re done.",0.043478260869565216,0.030063220790467683,0.044642857142857144
20260907T013422.077067776Z-openclaw-sweatlasqa-pilot30-shuffle1-amem-repo-sglang,pilot30-shuffle1,repo-scope,task-6905333b74f22949d97ba9de,26,paperless-ngx/paperless-ngx,3d8ba0ef-cdfc-4ddd-9355-1e6e6761a653,1,Paperless memory metadata processing document import,0,0,0,,,,,Paperless memory metadata processing document import,13,1454,,,0.5555555555555556,,,"I'm investigating a strange memory usage pattern in the Paperless document processing system. When the system imports documents, it sometimes consumes far more memory than expected for the metadata handling, but this doesn't happen consistently and seems to vary based on the document source or processing stage.

What I'm seeing is that memory usage spikes significantly during document import operations, particularly when metadata is being processed, but the spike seems disproportionate to the actual document size. The odd part is that this memory doesn't always get released back to the system in a timely manner, even after processing is complete. This seems unusual because these are mostly text documents with relatively small metadata - we're not dealing with massive image processing here.

Can you figure out what's causing these memory spikes? I'm curious whether there's something in the metadata handling that's creating unnecessary copies or holding references longer than needed, or if there's caching behavior that's accumulating data unexpectedly. What's different between the cases where memory spikes and cases where it doesn't? How does the behavior change with different document types or batch sizes?

I need to see actual runtime memory measurements during processing, understand which components or methods are responsible for holding onto memory, and get evidence showing whether this is normal Python garbage collection behavior or something problematic. Show me what patterns you can find and where the memory is actually going.

Don't modify any repository source files. You can create temporary test scripts or helper tools to reproduce and analyze the behavior, but clean them up and leave the codebase unchanged when done.",0.05263157894736842,,
20260907T013422.077067776Z-openclaw-sweatlasqa-pilot30-shuffle1-amem-repo-sglang,pilot30-shuffle1,repo-scope,task-6905333b74f22949d97ba9e0,17,paperless-ngx/paperless-ngx,8542c664-5d90-44e7-a5d1-275ab61d916e,1,documents list pagination sorting duplicates,2,2,0,45.224245,40.452245,49.996245,6514d228-adde-4b4e-a384-c15f303f703e;93a1f8a5-d4d2-425a-bdab-d2938970d3da,documents list pagination sorting duplicates,2,112,0.5,0.0,0.75,-0.25,degraded,"I am trying to figure out why the documents list can feel haunted during normal browsing, where paging through the documents view with a couple of common filters enabled can make the same document show up twice across neighboring pages or disappear for a page and then come back even though nobody is editing anything and the sort order looks unchanged. It gets stranger when the viewer is not an all powerful admin and visibility is shaped by sharing rules, because the glitch seems to depend on what the user is allowed to see rather than what exists. Is the backend producing duplicates that get collapsed somewhere later, is pagination happening before any de duplication, or is the ordering quietly unstable when multiple rows tie on the primary sort key? I want to watch what the API actually returns across consecutive page requests, and line that up with what the UI thinks pagination means until the exact condition that destabilizes the list becomes clear. Temporary scripts may be used for observation, but the repository itself should remain unchanged and anything temporary should be cleaned up afterward.",0.04395604395604396,0.02256716906946265,0.026785714285714284
20260907T013422.077067776Z-openclaw-sweatlasqa-pilot30-shuffle1-amem-repo-sglang,pilot30-shuffle1,repo-scope,task-6905333b74f22949d97ba9e8,7,simple-login/app,5b207eeb-e026-4c34-acc7-fbeb74d1c201,1,SimpleLogin authentication API sessions email forwarding,0,0,0,,,,,SimpleLogin authentication API sessions email forwarding,13,1321,0.7333333333333333,0.0,0.8666666666666667,-0.1333333333333334,degraded,"I've been investigating SimpleLogin's authentication and noticed some behaviors I need to verify by actually observing the running system.

When I'm logged into the web interface and make API calls without an API key header, the requests seem to work. I need to confirm what HTTP status code actually comes back and what the response body structure looks like ,not what the code says should happen, but what actually happens when you try it.There's also something odd when trying to access privileged operations with just a browser session. The HTTP status code I get back isn't a standard authorization error, and the error message is unusual. What specific status code and exact error message text does the system actually return in this scenario?

For sessions, I want to understand what the stored session data actually looks like when you examine it directly in storage. Capture the raw bytes from the storage backend and show me what format they're in, what keys are present in the deserialized data for an authenticated session, and how the session key itself is structured.I'm also curious about session identifier behavior during authentication. If you capture the session ID from your cookie before login, then go through the login flow, does that identifier value stay the same or get replaced with a new one? I need to see the actual before and after values to know for sure.

On the email forwarding side, I want to know what happens to specific headers when a message passes through. If an incoming email has a custom X-header, a Received header, and a Reply-To header, which of those three actually make it through to the forwarded message and which get stripped? Send an actual test email and examine the result.

For the alias creation tokens, they clearly expire after some time window. I want to experimentally verify what that window is by testing whether a token works immediately, then waiting and testing if it still works, until you find the boundary where it stops working.

I also noticed that the API tracks usage statistics for API keys. When you make several API calls with the same key, what fields get updated in the database and what are the actual values you observe after making the calls?Finally, when a login attempt fails with wrong credentials, what specific log messages appear and what HTTP response details come back? I want to see the actual logged output and response, not just what the code says should happen.

Show me evidence from actually running the system rather than just reading the code. Don't modify any source files in the repository, but you can create test scripts to observe behavior - just clean them up afterward.",0.026845637583892617,,
20260907T013422.077067776Z-openclaw-sweatlasqa-pilot30-shuffle1-amem-repo-sglang,pilot30-shuffle1,repo-scope,task-6905333b74f22949d97baa1d,5,simple-login/app,5b634c6c-84a7-4056-ab9e-71acccffc5ee,1,SimpleLogin session handling Redis deserialization,0,0,0,,,,,SimpleLogin session handling Redis deserialization,9,1711,0.5,0.0,0.75,-0.25,degraded,"I’m testing the SimpleLogin repository and trying to understand how server-side session handling behaves at runtime, especially when stored session data is turned back into Python objects. I want to see what normal sessions look like as users log in and out and then what actually happens if the session data in Redis is corrupted or malformed. Does the next request fail, silently reset the session, or surface an error, and what shows up in responses or logs when that happens? I’m trying to understand where the boundary lies between a harmless reset and a real deserialization risk, based on what you can observe while the system is running rather than theory alone. If an attacker could tamper with session bytes but not forge the signed session ID, does that meaningfully change the risk, and how does the runtime behavior support that conclusion? Temporary scripts may be used for observation, but the repository itself should remain unchanged, and anything temporary should be cleaned up afterward.",0.07352941176470588,,
20260907T111756.126379309Z-openclaw-sweatlasqa-pilot30-shuffle2-amem-repo-sglang,pilot30-shuffle2,repo-scope,task-6905333b74f22949d97ba9a4,14,simple-login/app,50757e60-84d5-4885-befa-07dec4bec1e2,1,SimpleLogin startup configuration dev mode,0,0,0,,,,,SimpleLogin startup configuration dev mode,13,1373,,,1.0,,,"I'm trying to understand what actually happens when SimpleLogin is started locally in development environment. I'm wondering how the backend starts up in dev mode, how configuration is loaded, which log messages indicate that it's ready to accept requests, and what ports or endpoints it exposes. 

I’m interested in how a single authenticated request is handled by the app, where the request first enters the application, how the user identity is determined at runtime, and how that authentication context is carried through request handling. The entry point and user identification flow are my main concerns here. I also want to know whether the app automatically starts any background jobs or schedulers, or if there’s anything going on besides handling incoming requests.

I'm not looking for what the code says should happen, I want to know what actually gets printed when you run it. Please don’t modify any repository source files while investigating. Temporary scripts are fine if needed, but leave the codebase unchanged and clean up anything you create when you’re done.",0.046153846153846156,,
20260907T111756.126379309Z-openclaw-sweatlasqa-pilot30-shuffle2-amem-repo-sglang,pilot30-shuffle2,repo-scope,task-6905333b74f22949d97ba9a5,12,simple-login/app,a85cba91-cd6b-43d5-93fe-82f4930a22a2,1,alias creation signed suffix validation,0,0,0,,,,,alias creation signed suffix validation,13,1876,0.6153846153846154,0.0,0.7692307692307693,-0.1538461538461538,degraded,"I am debugging intermittent validation failures during custom alias creation that don't match the expected behavior, which seems related to how signed suffixes are verified. When attempting to create custom aliases with invalid or expired signed suffixes, what exact HTTP status codes and error messages appear in the API responses, and what corresponding validation log entries show up in the server console? Check whether any rate-limiting headers appear in the responses and what their actual values are. For successful alias creation attempts, what quota-related checks occur, what specific values get logged when the system verifies whether the user can create more aliases? Trace through the execution path to identify which component validates signed suffixes and enforces creation limits, and what conditions trigger rejection. Don't modify the repository code temporary test scripts or API calls are fine but keep the codebase unchanged.",0.0547945205479452,,
20260907T111756.126379309Z-openclaw-sweatlasqa-pilot30-shuffle2-amem-repo-sglang,pilot30-shuffle2,repo-scope,task-6905333b74f22949d97ba9a6,13,simple-login/app,46836235-8eea-4c10-8a76-f20ef3ec2b84,1,email privacy system anonymous aliases migration web server,0,0,0,,,,,email privacy system anonymous aliases migration web server,13,1228,0.7272727272727273,0.0,0.6363636363636364,0.0909090909090909,improved,"I'm trying to get this email privacy system with anonymous aliases running for the first time and I want to understand how all the pieces fit together during initialization.

The system has a web server, an email handler, background jobs, and some cron tasks. I need to set everything up from scratch and see what actually happens when it starts.

Here's what I'm trying to figure out:

When I run the database migrations on an empty PostgreSQL database, how many tables get created in total? And what's the exact name of the last table that gets created based on the migration output order?

For the web server startup, what's the log message that tells me it's actually ready to accept connections? I'm also curious how many milliseconds pass between the first log entry and that ready message.

The email handler can take a custom port. If I start it with port 25025, does the startup log confirm it's listening on that port? What message shows up exactly?

I want to test the registration flow. If I create a user account with email ""[testuser@example.com](mailto:testuser@example.com)"" and password ""testpass123"", then immediately try to login before activating it, what's the exact JSON error message the API returns and what HTTP status code comes with it? I'd also like to see the full curl command output. And when I query the database directly for that user, what boolean values do the activated and notification columns actually show?

Also, there are different alias limits for different account types. I want to verify how the system handles this dynamically. First, create a fresh user and call /api/user_info to see what max_alias_free_plan value the API actually returns in the JSON response. Then, experiment with changing the configuration - try setting a different limit value like 10, restart the server, create a second new user, and call /api/user_info again for that user. What are the exact API responses before and after the change? Do both users reflect the new limit or only the one created after the change?

I'm trying to understand the actual runtime behavior here, not just what the code suggests should happen. Don't modify any of the source files, but feel free to create test config files or .env files to experiment with different settings.",0.05263157894736842,,
20260907T111756.126379309Z-openclaw-sweatlasqa-pilot30-shuffle2-amem-repo-sglang,pilot30-shuffle2,repo-scope,task-6905333b74f22949d97ba9a6,13,simple-login/app,46836235-8eea-4c10-8a76-f20ef3ec2b84,2,migration tables count last table created web server startup email handler port registration login alias limit,0,0,0,,,,,migration tables count last table created web server startup email handler port registration login alias limit,13,1266,0.7272727272727273,0.0,0.6363636363636364,0.0909090909090909,improved,"I'm trying to get this email privacy system with anonymous aliases running for the first time and I want to understand how all the pieces fit together during initialization.

The system has a web server, an email handler, background jobs, and some cron tasks. I need to set everything up from scratch and see what actually happens when it starts.

Here's what I'm trying to figure out:

When I run the database migrations on an empty PostgreSQL database, how many tables get created in total? And what's the exact name of the last table that gets created based on the migration output order?

For the web server startup, what's the log message that tells me it's actually ready to accept connections? I'm also curious how many milliseconds pass between the first log entry and that ready message.

The email handler can take a custom port. If I start it with port 25025, does the startup log confirm it's listening on that port? What message shows up exactly?

I want to test the registration flow. If I create a user account with email ""[testuser@example.com](mailto:testuser@example.com)"" and password ""testpass123"", then immediately try to login before activating it, what's the exact JSON error message the API returns and what HTTP status code comes with it? I'd also like to see the full curl command output. And when I query the database directly for that user, what boolean values do the activated and notification columns actually show?

Also, there are different alias limits for different account types. I want to verify how the system handles this dynamically. First, create a fresh user and call /api/user_info to see what max_alias_free_plan value the API actually returns in the JSON response. Then, experiment with changing the configuration - try setting a different limit value like 10, restart the server, create a second new user, and call /api/user_info again for that user. What are the exact API responses before and after the change? Do both users reflect the new limit or only the one created after the change?

I'm trying to understand the actual runtime behavior here, not just what the code suggests should happen. Don't modify any of the source files, but feel free to create test config files or .env files to experiment with different settings.",0.1044776119402985,,
20260907T111756.126379309Z-openclaw-sweatlasqa-pilot30-shuffle2-amem-repo-sglang,pilot30-shuffle2,repo-scope,task-6905333b74f22949d97ba9a7,2,simple-login/app,f87f5bef-01d5-4e33-884b-ed10dfbfbdcd,1,SimpleLogin codebase,1,1,0,53.14409,53.14409,53.14409,18452a10-5171-49a8-8cb9-262edfa4b13e,SimpleLogin codebase,1,153,1.0,1.0,0.9230769230769232,0.0769230769230768,improved,"I want to understand how SimpleLogin processes multi step workflows at runtime.

In scenarios where a mailbox verification code is submitted incorrectly multiple times in succession, what observable state changes and enforcement mechanisms does the running system apply? Trace the actual runtime behavior to determine what limits exist, how failed attempts are tracked, and what ultimately prevents further submissions.

For background tasks that are scheduled and later picked up for execution, trace the complete lifecycle from initial creation through final completion. If a task encounters an error during execution, what recovery or retry behavior is applied, and what observable state reflects that failure?

During email forwarding through an alias, what exact format is used for the special address generated to handle delivery failures? If a failure notification arrives at this address, trace how the system identifies the original email, what state changes are recorded, and how the handling behavior differs depending on the direction of the original message.

Temporary inspection or debugging tools may be used to observe runtime behavior, but source files should not be modified and any temporary artifacts should be cleaned up afterward.",0.011235955056179775,0.038461538461538464,0.038461538461538464
20260907T111756.126379309Z-openclaw-sweatlasqa-pilot30-shuffle2-amem-repo-sglang,pilot30-shuffle2,repo-scope,task-6905333b74f22949d97ba9a7,2,simple-login/app,f87f5bef-01d5-4e33-884b-ed10dfbfbdcd,2,verification code mailbox limit retry,1,1,0,46.81638,46.81638,46.81638,18452a10-5171-49a8-8cb9-262edfa4b13e,verification code mailbox limit retry,1,353,1.0,1.0,0.9230769230769232,0.0769230769230768,improved,"I want to understand how SimpleLogin processes multi step workflows at runtime.

In scenarios where a mailbox verification code is submitted incorrectly multiple times in succession, what observable state changes and enforcement mechanisms does the running system apply? Trace the actual runtime behavior to determine what limits exist, how failed attempts are tracked, and what ultimately prevents further submissions.

For background tasks that are scheduled and later picked up for execution, trace the complete lifecycle from initial creation through final completion. If a task encounters an error during execution, what recovery or retry behavior is applied, and what observable state reflects that failure?

During email forwarding through an alias, what exact format is used for the special address generated to handle delivery failures? If a failure notification arrives at this address, trace how the system identifies the original email, what state changes are recorded, and how the handling behavior differs depending on the direction of the original message.

Temporary inspection or debugging tools may be used to observe runtime behavior, but source files should not be modified and any temporary artifacts should be cleaned up afterward.",0.03333333333333333,0.038461538461538464,0.038461538461538464
20260907T111756.126379309Z-openclaw-sweatlasqa-pilot30-shuffle2-amem-repo-sglang,pilot30-shuffle2,repo-scope,task-6905333b74f22949d97ba9a7,2,simple-login/app,f87f5bef-01d5-4e33-884b-ed10dfbfbdcd,3,mailbox verification code limit bounce VERP job lifecycle task,0,0,0,,,,,mailbox verification code limit bounce VERP job lifecycle task,6,116,1.0,1.0,0.9230769230769232,0.0769230769230768,improved,"I want to understand how SimpleLogin processes multi step workflows at runtime.

In scenarios where a mailbox verification code is submitted incorrectly multiple times in succession, what observable state changes and enforcement mechanisms does the running system apply? Trace the actual runtime behavior to determine what limits exist, how failed attempts are tracked, and what ultimately prevents further submissions.

For background tasks that are scheduled and later picked up for execution, trace the complete lifecycle from initial creation through final completion. If a task encounters an error during execution, what recovery or retry behavior is applied, and what observable state reflects that failure?

During email forwarding through an alias, what exact format is used for the special address generated to handle delivery failures? If a failure notification arrives at this address, trace how the system identifies the original email, what state changes are recorded, and how the handling behavior differs depending on the direction of the original message.

Temporary inspection or debugging tools may be used to observe runtime behavior, but source files should not be modified and any temporary artifacts should be cleaned up afterward.",0.043478260869565216,,
20260907T111756.126379309Z-openclaw-sweatlasqa-pilot30-shuffle2-amem-repo-sglang,pilot30-shuffle2,repo-scope,task-6905333b74f22949d97ba9a8,7,simple-login/app,6b0da7d0-2485-4ddc-9c0b-df0c1d4befb8,1,SimpleLogin codebase structure startup port database,0,0,0,,,,,SimpleLogin codebase structure startup port database,12,1198,1.0,1.0,1.0,0.0,tied,"I'm onboarding into the SimpleLogin codebase and need to understand how it actually behaves when running. I want to know what port the Flask app binds to and what the startup logs look like when it initializes. For the health check, what response body and status code does it return? When a user creates an alias through the API, what does the actual JSON response look like, and what ends up in the database, which table, and what values? I'm also curious about failure behavior. If PostgreSQL isn't available when the app starts, what error appears, and where does it break? I need to see actual runtime output, not just what the code says should happen. You can create temporary test scripts, but don't modify the repository and clean up afterward.",0.08,,
20260907T111756.126379309Z-openclaw-sweatlasqa-pilot30-shuffle2-amem-repo-sglang,pilot30-shuffle2,repo-scope,task-6905333b74f22949d97ba9a9,3,simple-login/app,09ddef8f-919c-4210-972f-30be43b01e48,1,SimpleLogin alias reply handling routing pipeline,0,0,0,,,,,SimpleLogin alias reply handling routing pipeline,6,153,0.6,0.0,0.5,0.0999999999999999,improved,"I'm running into unexpected behavior in the alias reply-handling flow of SimpleLogin and I want to determine whether it's a real issue or just a misunderstanding of how the pipeline works. When a user replies to an email that was forwarded through an alias, the backend is supposed to receive the inbound message, identify which alias it belongs to, and relay it back to the correct recipient, but in my local tests some replies appear to be routed to the wrong user even though the logs show the alias being recognized. Using the development environment, simulate an inbound email reply and trace the runtime flow end-to-end: observe which part of the system handles the incoming message, how the alias is resolved to a user, and what user ID the system ultimately decides to forward the reply to. Based on this live execution trace, explain the actual data flow and identify the most likely point in the pipeline where an incorrect routing decision could originate. You can create temporary scripts or logs that's fine but clean them up and leave the codebase as you found it.",0.07692307692307693,,
20260907T111756.126379309Z-openclaw-sweatlasqa-pilot30-shuffle2-amem-repo-sglang,pilot30-shuffle2,repo-scope,task-6905333b74f22949d97ba9a9,3,simple-login/app,09ddef8f-919c-4210-972f-30be43b01e48,2,SimpleLogin reply phase email handler routing misrouting issue,0,0,0,,,,,SimpleLogin reply phase email handler routing misrouting issue,7,121,0.6,0.0,0.5,0.0999999999999999,improved,"I'm running into unexpected behavior in the alias reply-handling flow of SimpleLogin and I want to determine whether it's a real issue or just a misunderstanding of how the pipeline works. When a user replies to an email that was forwarded through an alias, the backend is supposed to receive the inbound message, identify which alias it belongs to, and relay it back to the correct recipient, but in my local tests some replies appear to be routed to the wrong user even though the logs show the alias being recognized. Using the development environment, simulate an inbound email reply and trace the runtime flow end-to-end: observe which part of the system handles the incoming message, how the alias is resolved to a user, and what user ID the system ultimately decides to forward the reply to. Based on this live execution trace, explain the actual data flow and identify the most likely point in the pipeline where an incorrect routing decision could originate. You can create temporary scripts or logs that's fine but clean them up and leave the codebase as you found it.",0.06172839506172839,,
20260907T111756.126379309Z-openclaw-sweatlasqa-pilot30-shuffle2-amem-repo-sglang,pilot30-shuffle2,repo-scope,task-6905333b74f22949d97ba9aa,11,simple-login/app,42b44786-c24b-423b-ab2b-d9ca8c39160a,1,SimpleLogin application structure web server email handler job runner,0,0,0,,,,,SimpleLogin application structure web server email handler job runner,13,1358,0.8333333333333334,0.0,0.6666666666666666,0.1666666666666667,improved,"I'm new to SimpleLogin and trying to get everything running locally. Once the application starts, how can I tell that the web server, email handler, and job runner are actually up and responding? What should I see in the logs or dashboard UI that confirms users can sign in and manage their aliases?

After it's running, try performing some basic user actions like creating a new account, creating an alias, and having that alias receive an email. What happens when a new account interacts with aliases or tries to receive mail, and how does the system show that these actions were handled correctly? What should I see at runtime that confirms the behavior you would expect?

While the application is active, do the email handler and job runner automatically come online in the background to support email activity or data handling? What behavior suggests that these internal components are functioning as intended across different situations?

Do not modify the source code. You can create temporary testing data such as accounts or aliases but clean them up when you are done.",0.08823529411764706,,
20260907T111756.126379309Z-openclaw-sweatlasqa-pilot30-shuffle2-amem-repo-sglang,pilot30-shuffle2,repo-scope,task-6905333b74f22949d97ba9aa,11,simple-login/app,42b44786-c24b-423b-ab2b-d9ca8c39160a,2,SimpleLogin startup confirmation log messages health check dashboard,0,0,0,,,,,SimpleLogin startup confirmation log messages health check dashboard,13,1259,0.8333333333333334,0.0,0.6666666666666666,0.1666666666666667,improved,"I'm new to SimpleLogin and trying to get everything running locally. Once the application starts, how can I tell that the web server, email handler, and job runner are actually up and responding? What should I see in the logs or dashboard UI that confirms users can sign in and manage their aliases?

After it's running, try performing some basic user actions like creating a new account, creating an alias, and having that alias receive an email. What happens when a new account interacts with aliases or tries to receive mail, and how does the system show that these actions were handled correctly? What should I see at runtime that confirms the behavior you would expect?

While the application is active, do the email handler and job runner automatically come online in the background to support email activity or data handling? What behavior suggests that these internal components are functioning as intended across different situations?

Do not modify the source code. You can create temporary testing data such as accounts or aliases but clean them up when you are done.",0.027777777777777776,,
20260907T111756.126379309Z-openclaw-sweatlasqa-pilot30-shuffle2-amem-repo-sglang,pilot30-shuffle2,repo-scope,task-6905333b74f22949d97ba9ab,4,simple-login/app,facec3cd-bb81-47bc-82b6-4fd5b994c362,1,SimpleLogin alias creation codebase,0,0,0,,,,,SimpleLogin alias creation codebase,7,384,0.8571428571428571,0.0,0.7142857142857143,0.1428571428571428,improved,"I want to understand how SimpleLogin behaves during a normal alias-creation flow. To do that, run the full application locally using the standard development setup, login with any test user, and create a new alias while observing the system in real time.

As you go through this flow, watch the frontend and note exactly what request it sends to the backend when an alias is created. Then observe what the backend returns, including any status codes, payloads, or metadata that appear in the response. While the request is being processed, check what changes occur in the database. Identify which records are inserted or updated, how many tables are touched, and whether any related entities are created as part of the same operation.

Pay close attention to the logs to see whether the system triggers any background tasks, emits follow-up events, or performs additional work beyond the initial write. If anything fails, such as validation problems, DB errors, or network issues. Note how the error surfaces in the API response, logs, and resulting database state. Don't modify any of the repository source files while investigating. Feel free to create temporary scripts that's fine, but leave the actual codebase as you found it and ensure to clean up any temporary files or scripts you create when you're done.",0.0297029702970297,,
20260907T111756.126379309Z-openclaw-sweatlasqa-pilot30-shuffle2-amem-repo-sglang,pilot30-shuffle2,repo-scope,task-6905333b74f22949d97ba9ac,1,simple-login/app,016aa4ec-86ba-45c0-b1e5-e7d6536cd000,1,email forwarding SimpleLogin alias SL Message-ID,0,0,0,,,,,email forwarding SimpleLogin alias SL Message-ID,0,16,0.6,0.0,0.6,0.0,tied,"I'm investigating a production issue where users report inconsistent behavior when emails are forwarded through SimpleLogin aliases. I need to trace the actual email processing flow to understand what's happening. When the email handler processes an incoming email to an alias, I want to observe, what is the exact log message text that appears when an email is successfully forwarded versus when it fails due to a non-existent alias, what specific SL Message-ID gets generated during forwarding and how does it differ from the original Message-ID, what is the exact From header value in the forwarded email after transformation including the reply-email address format, and what database records are created during a single forward operation show me the actual record IDs and timestamps. Trace through an actual email forward operation and capture these specific runtime values. I need to see actual generated values, not what the code logic suggests should happen. Just don't modify any source files while investigating, and clean up any test containers or DB instances you spin up.",0.07142857142857142,,
20260907T111756.126379309Z-openclaw-sweatlasqa-pilot30-shuffle2-amem-repo-sglang,pilot30-shuffle2,repo-scope,task-6905333b74f22949d97ba9ad,15,simple-login/app,53a02343-f138-485e-a9ac-322a2237c5d0,1,SimpleLogin codebase setup email aliases,0,0,0,,,,,SimpleLogin codebase setup email aliases,13,1226,0.7272727272727273,0.0,0.5454545454545454,0.1818181818181818,improved,"I am setting up SimpleLogin for the first time and I want to confirm that the platform is actually working the way it should when everything is running locally. After starting the system what should I notice in the logs or UI that shows the app is ready to handle user authentication and alias based email activity?

Once it is running can you try walking through the typical product experience as if you were a new user signing up for the first time. What happens when a user registers verifies their address and tries to log in. What visible behavior confirms that the system is handling every step correctly and forwarding the user into the dashboard as expected?

I am also curious about what the application does behind the scenes during that flow. Are there any indicators that background jobs or internal services are doing their part to support email forwarding or identity verification. What should I expect to observe at runtime that tells me these moving pieces are active and talking to each other properly?

You can create anything temporary that you need for testing like new users or aliases but remove them when you are done and please do not make any changes to the source code.",0.03614457831325301,,
20260907T111756.126379309Z-openclaw-sweatlasqa-pilot30-shuffle2-amem-repo-sglang,pilot30-shuffle2,repo-scope,task-6905333b74f22949d97ba9ad,15,simple-login/app,53a02343-f138-485e-a9ac-322a2237c5d0,2,SimpleLogin startup services email forwarding background jobs,0,0,0,,,,,SimpleLogin startup services email forwarding background jobs,13,203,0.7272727272727273,0.0,0.5454545454545454,0.1818181818181818,improved,"I am setting up SimpleLogin for the first time and I want to confirm that the platform is actually working the way it should when everything is running locally. After starting the system what should I notice in the logs or UI that shows the app is ready to handle user authentication and alias based email activity?

Once it is running can you try walking through the typical product experience as if you were a new user signing up for the first time. What happens when a user registers verifies their address and tries to log in. What visible behavior confirms that the system is handling every step correctly and forwarding the user into the dashboard as expected?

I am also curious about what the application does behind the scenes during that flow. Are there any indicators that background jobs or internal services are doing their part to support email forwarding or identity verification. What should I expect to observe at runtime that tells me these moving pieces are active and talking to each other properly?

You can create anything temporary that you need for testing like new users or aliases but remove them when you are done and please do not make any changes to the source code.",0.07228915662650602,,
20260907T111756.126379309Z-openclaw-sweatlasqa-pilot30-shuffle2-amem-repo-sglang,pilot30-shuffle2,repo-scope,task-6905333b74f22949d97ba9ae,10,simple-login/app,259499bb-e3ac-4040-8690-7c1019935378,1,SimpleLogin reply email contact resolution alias forwarding,0,0,0,,,,,SimpleLogin reply email contact resolution alias forwarding,13,1761,0.6666666666666666,0.0,0.6666666666666666,0.0,tied,"I’d like to understand how SimpleLogin resolves inbound email replies to a contact and forwarding destination during normal alias usage, specifically in cases where a reply ends up being delivered to a different user than the alias owner. As inbound reply messages are processed, focus on how the system derives the reply email address and uses it to identify the associated contact. Observe the actual runtime values involved in this resolution, the extracted reply email, the contact (if any) that it resolves to, and the user or alias ultimately selected as the forwarding destination. Track how these values behave across multiple reply events. Note whether the same reply email ever resolves to different contacts over time, fails to resolve temporarily, or resolves correctly but later results in forwarding to a different user than expected. Use these observations to determine whether the reply-handling logic specifically the lookup of contacts by reply email exhibits any race conditions, uniqueness assumptions, or timing-related inconsistencies that could explain why a reply is routed to the wrong user. Describe the runtime values you observed during reply resolution and explain how those values lead to the observed behavior. Don’t modify any repository source files. If temporary scripts or tooling are needed to observe behavior, that’s fine, but clean them up afterward and leave the repository unchanged.",0.07865168539325842,,
20260907T111756.126379309Z-openclaw-sweatlasqa-pilot30-shuffle2-amem-repo-sglang,pilot30-shuffle2,repo-scope,task-6905333b74f22949d97ba9af,9,simple-login/app,f87fe3ac-f3a1-4a75-99cf-36e58f4240d6,1,codebase structure server database email init,0,0,0,,,,,codebase structure server database email init,13,1336,0.8461538461538461,0.0,0.7692307692307693,0.0769230769230768,improved,"I'm trying to get the development environment running locally for the first time, and the documentation isn't very clear about the startup order or what breaks if certain setup steps are skipped. I want to bring the whole stack up from scratch and note what actually happens along the way.

To start with, I want to see what happens if the database isn't fully set up yet. With PostgreSQL running and an empty database created (no tables, migrations not run), what error do I actually hit when I start the server with python [server.py](http://server.py) and then try to open the login page in the browser? I'm looking for the full Python exception that gets raised.

Once the database migrations and the initialization script (init\_[app.py](http://app.py)) have been run and everything is set up correctly, I need to understand which Python services must be running for the system to work. Start each required service and show me the exact log output that confirms it's running and ready to accept connections. I want to see the actual startup messages from stdout/stderr, not just what the code says I need to verify the services are actually binding to their ports and working.

I'm also curious about what happens if the initialization step is skipped. If I run the migrations but don't run init\_[app.py](http://app.py), the SLDomain table should be empty (no email domains configured). If I then start the email handler and simulate an incoming email addressed to any @sl.local address, what happens? What SMTP status code does the email handler return to the sender, and what does it log to explain the rejection?

I'm not changing or deleting any source files here I just want to observe the system's behavior. Temporary config files or small test scripts are fine if needed.",0.037383177570093455,,
20260907T111756.126379309Z-openclaw-sweatlasqa-pilot30-shuffle2-amem-repo-sglang,pilot30-shuffle2,repo-scope,task-6905333b74f22949d97ba9af,9,simple-login/app,f87fe3ac-f3a1-4a75-99cf-36e58f4240d6,2,SLDomain empty database email handler SMTP status code login error,0,0,0,,,,,SLDomain empty database email handler SMTP status code login error,13,1236,0.8461538461538461,0.0,0.7692307692307693,0.0769230769230768,improved,"I'm trying to get the development environment running locally for the first time, and the documentation isn't very clear about the startup order or what breaks if certain setup steps are skipped. I want to bring the whole stack up from scratch and note what actually happens along the way.

To start with, I want to see what happens if the database isn't fully set up yet. With PostgreSQL running and an empty database created (no tables, migrations not run), what error do I actually hit when I start the server with python [server.py](http://server.py) and then try to open the login page in the browser? I'm looking for the full Python exception that gets raised.

Once the database migrations and the initialization script (init\_[app.py](http://app.py)) have been run and everything is set up correctly, I need to understand which Python services must be running for the system to work. Start each required service and show me the exact log output that confirms it's running and ready to accept connections. I want to see the actual startup messages from stdout/stderr, not just what the code says I need to verify the services are actually binding to their ports and working.

I'm also curious about what happens if the initialization step is skipped. If I run the migrations but don't run init\_[app.py](http://app.py), the SLDomain table should be empty (no email domains configured). If I then start the email handler and simulate an incoming email addressed to any @sl.local address, what happens? What SMTP status code does the email handler return to the sender, and what does it log to explain the rejection?

I'm not changing or deleting any source files here I just want to observe the system's behavior. Temporary config files or small test scripts are fine if needed.",0.08490566037735849,,
20260907T111756.126379309Z-openclaw-sweatlasqa-pilot30-shuffle2-amem-repo-sglang,pilot30-shuffle2,repo-scope,task-6905333b74f22949d97ba9b2,6,simple-login/app,33af88b7-1da4-40ec-94a0-f8445cf514ad,1,bounce email SimpleLogin information leakage,0,0,0,,,,,bounce email SimpleLogin information leakage,9,1532,1.0,1.0,1.0,0.0,tied,"I'm investigating a potential information leakage issue in SimpleLogin's bounce email handling system. I've noticed that the codebase appears to support two different address formats for processing email bounces, what looks like an older format with the email log ID visible in plain text and a newer format that seems to use some kind of signature verification.

I wonder how bounces are routed, I'm seeing that emails sent to addresses like bounce+12345+@domain seem to be processed differently than those using the newer signed format. What concerns me is whether an external attacker could craft bounce emails to these older-style addresses and learn something by observing the SMTP responses.

I'm curious what's actually happening under the hood here, where the security boundaries really are, and what slips through without cryptographic validation. I wonder what exact SMTP responses come back when probing different scenarios, such as hitting a valid ID versus an invalid one, and what happens when something doesn't quite meet the bounce validation requirements. I don't want theoretical explanations of what the code should do, I want to see actual evidence of how the system behaves in practice.

What also puzzles me is the bounce detection itself. What makes the system accept something as a bounce in the first place? What criteria does it check? Could an attacker who controls the SMTP envelope and headers spoof those criteria? I'm curious what happens when those checks pass versus when they don't. And beyond just valid versus invalid, I wonder if the response codes reveal more than just whether an ID exists.

Don't modify any source files in the repository. You can create test scripts to observe the actual behavior, but clean them up when finished.",0.03333333333333333,,
20260907T111756.126379309Z-openclaw-sweatlasqa-pilot30-shuffle2-amem-repo-sglang,pilot30-shuffle2,repo-scope,task-6905333b74f22949d97ba9d0,26,paperless-ngx/paperless-ngx,18120dc8-ab84-4ba6-98b6-ec5b88406cff,1,paperless-ngx architecture task scheduler maintenance,0,0,0,,,,,paperless-ngx architecture task scheduler maintenance,13,1204,1.0,1.0,1.0,0.0,tied,"I'm evaluating paperless-ngx architecture and need to understand what background maintenance happens automatically. Set up the development environment, what periodic tasks are registered with the task scheduler, and where is the schedule configuration defined? Find the sanity checker; what does it validate, what log output does it produce, and how often does it run? Is there automatic index optimization or database cleanup? Check if there's a task that handles failed document retries or stuck processing jobs. Look at the Celery beat schedule configuration and list all recurring tasks with their intervals. Trace through the code to find where periodic tasks are defined and registered. What happens if a scheduled task fails; is there retry logic or alerting? Are there any tasks that run on startup versus strictly on schedule? Query the database to see if there's a table tracking task execution history or scheduled job state. What controls whether these maintenance features are enabled or disabled? Don't modify source code; observing system behavior is fine, clean up any test artifacts when done.",0.06666666666666667,,
20260907T111756.126379309Z-openclaw-sweatlasqa-pilot30-shuffle2-amem-repo-sglang,pilot30-shuffle2,repo-scope,task-6905333b74f22949d97ba9d0,26,paperless-ngx/paperless-ngx,18120dc8-ab84-4ba6-98b6-ec5b88406cff,2,paperless-ngx task scheduler periodic tasks sanity check index optimize,0,0,0,,,,,paperless-ngx task scheduler periodic tasks sanity check index optimize,13,1184,1.0,1.0,1.0,0.0,tied,"I'm evaluating paperless-ngx architecture and need to understand what background maintenance happens automatically. Set up the development environment, what periodic tasks are registered with the task scheduler, and where is the schedule configuration defined? Find the sanity checker; what does it validate, what log output does it produce, and how often does it run? Is there automatic index optimization or database cleanup? Check if there's a task that handles failed document retries or stuck processing jobs. Look at the Celery beat schedule configuration and list all recurring tasks with their intervals. Trace through the code to find where periodic tasks are defined and registered. What happens if a scheduled task fails; is there retry logic or alerting? Are there any tasks that run on startup versus strictly on schedule? Query the database to see if there's a table tracking task execution history or scheduled job state. What controls whether these maintenance features are enabled or disabled? Don't modify source code; observing system behavior is fine, clean up any test artifacts when done.",0.10526315789473684,,
20260907T111756.126379309Z-openclaw-sweatlasqa-pilot30-shuffle2-amem-repo-sglang,pilot30-shuffle2,repo-scope,task-6905333b74f22949d97ba9d1,18,paperless-ngx/paperless-ngx,ca95716b-6113-4265-a3e2-8eab6ef33327,1,Paperless-NGX search index document changes,2,2,0,53.1075785,49.220157,56.995,8dac22c9-f08a-40d4-a272-3f7ef7c68419;c191fd9d-e3df-4a03-95a1-087996bf64b0,Paperless-NGX search index document changes,2,280,0.875,0.0,0.875,0.0,tied,"I want to understand how Paperless-NGX keeps its search index synchronized with document changes before I start working with this codebase. With the full environment running, I'm curious what actually happens at runtime when a document gets modified after it's already been ingested. If I change an existing document's title through the API to something unique and then search for that exact new title within a few seconds, does the document appear in results immediately, or do I need to wait for background processing to complete? While making this change, I want to watch what happens in the background task worker process specifically to see whether any job gets picked up in response to the edit, or whether the update completes entirely within the API request before returning. Something I particularly want to explore is what happens if a document's title gets updates directly in the database using a raw SQL statement rather than through the API. After making that direct change and searching for the new title, does the document appear in search results, or does the index remain stale? If it stays stale, I want to know whether there is a way to force the system to reconcile the index with the current database state, and what observable effect that reconciliation process has on the worker logs and task queue. I'm also wondering how the system would behave if the search index became corrupted or deleted entirely while documents still exist in the database. After removing the index files and triggering whatever recovery mechanism exists, how long does reconstruction take for a small set of documents, and what processing activity is visible during that rebuild? The goal is to understand whether the system can self-heal from index inconsistencies or whether manual intervention is always required. You may create temporary test documents for observation, but don't modify any source files and clean up test artifacts when finished.",0.042735042735042736,0.018195281921083255,0.021897810218978103
20260907T111756.126379309Z-openclaw-sweatlasqa-pilot30-shuffle2-amem-repo-sglang,pilot30-shuffle2,repo-scope,task-6905333b74f22949d97ba9d1,18,paperless-ngx/paperless-ngx,ca95716b-6113-4265-a3e2-8eab6ef33327,2,Paperless-NGX document update API index sync post_save,2,2,0,54.96466,50.62692,59.3024,8dac22c9-f08a-40d4-a272-3f7ef7c68419;c191fd9d-e3df-4a03-95a1-087996bf64b0,Paperless-NGX document update API index sync post_save,2,251,0.875,0.0,0.875,0.0,tied,"I want to understand how Paperless-NGX keeps its search index synchronized with document changes before I start working with this codebase. With the full environment running, I'm curious what actually happens at runtime when a document gets modified after it's already been ingested. If I change an existing document's title through the API to something unique and then search for that exact new title within a few seconds, does the document appear in results immediately, or do I need to wait for background processing to complete? While making this change, I want to watch what happens in the background task worker process specifically to see whether any job gets picked up in response to the edit, or whether the update completes entirely within the API request before returning. Something I particularly want to explore is what happens if a document's title gets updates directly in the database using a raw SQL statement rather than through the API. After making that direct change and searching for the new title, does the document appear in search results, or does the index remain stale? If it stays stale, I want to know whether there is a way to force the system to reconcile the index with the current database state, and what observable effect that reconciliation process has on the worker logs and task queue. I'm also wondering how the system would behave if the search index became corrupted or deleted entirely while documents still exist in the database. After removing the index files and triggering whatever recovery mechanism exists, how long does reconstruction take for a small set of documents, and what processing activity is visible during that rebuild? The goal is to understand whether the system can self-heal from index inconsistencies or whether manual intervention is always required. You may create temporary test documents for observation, but don't modify any source files and clean up test artifacts when finished.",0.03361344537815126,0.018195281921083255,0.021897810218978103
20260907T111756.126379309Z-openclaw-sweatlasqa-pilot30-shuffle2-amem-repo-sglang,pilot30-shuffle2,repo-scope,task-6905333b74f22949d97ba9d2,19,paperless-ngx/paperless-ngx,fee2050f-0abd-483c-ae64-f1d7bcb52a5c,1,paperless-ngx document processing workflow background jobs metadata,2,2,0,58.8769735,55.951643,61.802304,8dac22c9-f08a-40d4-a272-3f7ef7c68419;c191fd9d-e3df-4a03-95a1-087996bf64b0,paperless-ngx document processing workflow background jobs metadata,2,472,0.7272727272727273,0.0,0.9090909090909092,-0.1818181818181817,degraded,"I’m trying to get a big-picture understanding of how documents flow through the system. How does a new document usually enter paperless-ngx. Once a document is received, what are the main stages it goes through before it’s fully processed and available, are there any background jobs and what is used for background execution.

I’m also curious about the kind of information paperless stores for each document. What metadata fields are saved, and which ones are absolutely required versus optional or derived later during runtime-processing. Can you show with a runtime example?

Also I wonder how things like tags, correspondents, and document types are used together to organize documents in a practical way.

Please don’t make any changes to the repository itself. You can create temporary scripts for testing if needed but do clean them up once you're done.",0.09836065573770492,0.024847560975609757,0.0375
20260907T111756.126379309Z-openclaw-sweatlasqa-pilot30-shuffle2-amem-repo-sglang,pilot30-shuffle2,repo-scope,task-6905333b74f22949d97ba9d3,29,paperless-ngx/paperless-ngx,8d3800be-7608-4e6d-9c00-7f638318ca7d,1,paperless-ngx document ingestion pipeline processing,0,0,0,,,,,paperless-ngx document ingestion pipeline processing,13,1374,0.9090909090909092,0.0,1.0,-0.0909090909090909,degraded,"I am trying to understand how paperless-ngx processes documents at runtime before making any changes. Once the application is up and all of its services are running, I want to submit a test PDF and observe how the ingestion pipeline actually behaves. As the document moves through the system, which services are involved, and what sequence of events shows up in the logs? I also want to upload a few more documents and watch how the system reacts after each one. Does the machine learning classifier retrain automatically on every upload, or only under certain conditions, and what log messages make it clear when training is happening versus when the classifier stays idle? After a document finishes processing, I want to see where it ends up on disk, what directory structure and filename pattern paperless-ngx uses by default, and which database tables receive new rows as part of ingestion. You should not modify or edit any existing files in the repository, but you can create temporary scripts or test documents if they help with the investigation, as long as everything you create is cleaned up when you are done.",0.06578947368421052,,
20260907T111756.126379309Z-openclaw-sweatlasqa-pilot30-shuffle2-amem-repo-sglang,pilot30-shuffle2,repo-scope,task-6905333b74f22949d97ba9d4,24,paperless-ngx/paperless-ngx,045c5ecd-f969-4407-8dc8-be1bad99127d,1,Paperless-NGX background processes runtime idle,0,0,0,,,,,Paperless-NGX background processes runtime idle,13,340,0.8181818181818182,0.0,0.8181818181818182,0.0,tied,"I want to understand how Paperless-NGX behaves at runtime once the system is up and idle, before I start making changes to the codebase. Get Paperless-NGX running at the specified commit. Once it's idle and stable, what background processes or tasks continue executing automatically? What are the actual log entries that appear periodically showing the system is healthy and ready? I need the specific log messages, their frequency, and what they indicate. 
Also, if you briefly interrupt and restart part of the system, what specific log messages confirm everything has reconnected and is operational again? What components or processes keep running continuously to maintain Paperless-NGX in a ready state, even when no documents are being processed? You may use temporary helper commands or inspection tools if needed, but don’t modify any source files and clean up any temporary artifacts when you’re done.",0.08196721311475409,,
20260907T111756.126379309Z-openclaw-sweatlasqa-pilot30-shuffle2-amem-repo-sglang,pilot30-shuffle2,repo-scope,task-6905333b74f22949d97ba9d4,24,paperless-ngx/paperless-ngx,045c5ecd-f969-4407-8dc8-be1bad99127d,2,periodic scheduled background task health check idle,0,0,0,,,,,periodic scheduled background task health check idle,13,230,0.8181818181818182,0.0,0.8181818181818182,0.0,tied,"I want to understand how Paperless-NGX behaves at runtime once the system is up and idle, before I start making changes to the codebase. Get Paperless-NGX running at the specified commit. Once it's idle and stable, what background processes or tasks continue executing automatically? What are the actual log entries that appear periodically showing the system is healthy and ready? I need the specific log messages, their frequency, and what they indicate. 
Also, if you briefly interrupt and restart part of the system, what specific log messages confirm everything has reconnected and is operational again? What components or processes keep running continuously to maintain Paperless-NGX in a ready state, even when no documents are being processed? You may use temporary helper commands or inspection tools if needed, but don’t modify any source files and clean up any temporary artifacts when you’re done.",0.030303030303030304,,
20260907T111756.126379309Z-openclaw-sweatlasqa-pilot30-shuffle2-amem-repo-sglang,pilot30-shuffle2,repo-scope,task-6905333b74f22949d97ba9d5,27,paperless-ngx/paperless-ngx,95cfb999-f9d4-4dc3-83a5-2e56530db435,1,Paperless-NGX document ingestion processing pipeline,0,0,0,,,,,Paperless-NGX document ingestion processing pipeline,13,1474,0.5714285714285714,0.0,0.6428571428571429,-0.0714285714285715,degraded,"I’m trying to understand how data moves through Paperless-NGX during normal document ingestion so I can get oriented before working on the codebase. When Paperless-NGX is running from this repository at the specified commit and a new document appears in the system, what observable runtime behavior shows how the document is detected and handed off for processing? What log messages, task names, or state changes indicate the transition from initial detection into parsing, classification, and indexing, and how does the system reflect progress or completion of each stage while the document is being processed? After processing finishes, what observable evidence shows where the document’s data ends up and how its final state is recorded? Based on what you can directly observe at runtime, how does Paperless-NGX track whether a document has already been processed or needs further work, and what behavior or logs indicate how the system avoids duplicate processing? Keep the explanation grounded in runtime observations rather than assumptions from reading the code alone. You may use temporary test files if helpful, but don’t modify any source files and clean up any temporary artifacts when you’re done.",0.05194805194805195,,
20260907T111756.126379309Z-openclaw-sweatlasqa-pilot30-shuffle2-amem-repo-sglang,pilot30-shuffle2,repo-scope,task-6905333b74f22949d97ba9d6,17,paperless-ngx/paperless-ngx,f4e0d78b-2405-4181-9103-14bca5102b93,1,paperless-ngx OCR processing document pipeline,1,1,0,58.8951,58.8951,58.8951,8dac22c9-f08a-40d4-a272-3f7ef7c68419,paperless-ngx OCR processing document pipeline,1,203,0.9,0.0,0.9,0.0,tied,"I’m trying to get a practical understanding of how OCR behaves in paperless-ngx at runtime, especially in cases where it’s hard to tell what the system is actually doing. When I upload an image that has no embedded text, how can I see that OCR has started, and what does the document’s processing state look like while it’s running? I want to watch how background workers behave during this phase and understand what signals really indicate active OCR work. If I upload a similar image that already contains text, does the system skip OCR entirely, or does it still touch the OCR pipeline in some way, and how can I tell the difference after processing finishes? I also want to compare the final API responses for both cases to understand which fields show OCR-generated text versus existing text. Finally, when OCR produces weak or incomplete results, what actually happens to the document’s final state? Does it still count as fully processed, and how is that reflected in the saved metadata? Temporary scripts may be used for observation, but the repository itself should remain unchanged, and anything temporary should be cleaned up afterward.",0.05405405405405406,0.021052631578947368,0.021052631578947368
20260907T111756.126379309Z-openclaw-sweatlasqa-pilot30-shuffle2-amem-repo-sglang,pilot30-shuffle2,repo-scope,task-6905333b74f22949d97ba9d6,17,paperless-ngx/paperless-ngx,f4e0d78b-2405-4181-9103-14bca5102b93,2,OCR processing document pipeline state,2,2,0,52.461767,42.403388,62.520146,c191fd9d-e3df-4a03-95a1-087996bf64b0;8dac22c9-f08a-40d4-a272-3f7ef7c68419,OCR processing document pipeline state,2,93,0.9,0.0,0.9,0.0,tied,"I’m trying to get a practical understanding of how OCR behaves in paperless-ngx at runtime, especially in cases where it’s hard to tell what the system is actually doing. When I upload an image that has no embedded text, how can I see that OCR has started, and what does the document’s processing state look like while it’s running? I want to watch how background workers behave during this phase and understand what signals really indicate active OCR work. If I upload a similar image that already contains text, does the system skip OCR entirely, or does it still touch the OCR pipeline in some way, and how can I tell the difference after processing finishes? I also want to compare the final API responses for both cases to understand which fields show OCR-generated text versus existing text. Finally, when OCR produces weak or incomplete results, what actually happens to the document’s final state? Does it still count as fully processed, and how is that reflected in the saved metadata? Temporary scripts may be used for observation, but the repository itself should remain unchanged, and anything temporary should be cleaned up afterward.",0.05405405405405406,0.04941520467836257,0.07777777777777778
20260907T111756.126379309Z-openclaw-sweatlasqa-pilot30-shuffle2-amem-repo-sglang,pilot30-shuffle2,repo-scope,task-6905333b74f22949d97ba9d7,22,paperless-ngx/paperless-ngx,0c6b1ae4-2a47-4a99-8579-00d2f18b546c,1,paperless authentication API token,0,0,0,,,,,paperless authentication API token,10,1150,0.8461538461538461,0.0,0.8461538461538461,0.0,tied,"I'm planning to integrate some external tools with the paperless API and need to understand how authentication works first. Get paperless running locally, create a test user, and generate an API token for them. Make an authenticated request to list documents. What's the exact HTTP header name and format paperless expects for the token, and what's the complete endpoint path? What does the JSON response look like, specifically what are the top level fields, and is pagination involved or does it dump everything at once? Try that same request without auth and tell me what status code and error message you get. Then trace through the Django code to find which authentication class handles token authentication and what model stores the tokens. Don't modify the codebase, creating test users, tokens, and any temporary files you need is fine, but leave the source code untouched and clean up any additional files or changes when you're done.",0.041666666666666664,,
20260907T111756.126379309Z-openclaw-sweatlasqa-pilot30-shuffle2-amem-repo-sglang,pilot30-shuffle2,repo-scope,task-6905333b74f22949d97ba9d8,25,paperless-ngx/paperless-ngx,b508502f-a5bf-4892-ae64-0041a1b77601,1,document classification machine learning pipeline OCR barcode splitting,0,0,0,,,,,document classification machine learning pipeline OCR barcode splitting,13,1196,0.75,0.0,0.6666666666666666,0.0833333333333333,improved,"I am debugging non-deterministic failures in the document classification tests and want to understand how the machine learning pipeline behaves during test execution when training and OCR. I want to observe whether the classifier reuses an existing model or retrains during the same test run, and how that affects later tests. When a test exercises automatic correspondent matching, how many training documents are created, when does training occur relative to those inserts, and what confidence threshold is used to accept or reject predictions? I also want to see how edge cases are handled, such as when a document has no extractable text, including which OCR subprocess is invoked and what mime type is assigned to the output. Finally, when barcode splitting is involved, how many document records are created from a single input, which barcode values trigger a split, and where in the code that decision is made, especially if this changes the effective training data during the test run. Please do not modify the source code; you may create temporary helpers while investigating, but clean up anything temporary before finishing.",0.08974358974358974,,
20260907T111756.126379309Z-openclaw-sweatlasqa-pilot30-shuffle2-amem-repo-sglang,pilot30-shuffle2,repo-scope,task-6905333b74f22949d97ba9d9,21,paperless-ngx/paperless-ngx,ef8e4e1f-7f34-4b97-9517-8aaba1e7623f,1,paperless-ngx background processing async queue tasks,0,0,0,,,,,paperless-ngx background processing async queue tasks,10,1137,0.8,0.0,0.6,0.2,improved,"I'm trying to understand how paperless-ngx actually handles background processing when it ingests documents. I want to see what happens at runtime, not just read the config files.

Can you help me make sense of how async work behaves in a live setup? I’m interested in what services are involved behind the scenes, how background jobs appear once they are created, and how the system tells the difference between work that is waiting and work that is actively being processed. I also want to understand where the task state ends up being stored and how you can tell, after the fact, what happened to a given job.

From the code perspective, I want to connect that runtime behavior back to its origin. Where are these background jobs actually triggered, and what part of the code is responsible for sending them into the queue? Don’t modify any repository source files. If you need to create temporary scripts or artifacts to observe behavior, that’s fine, but clean them up afterward and leave the codebase unchanged.",0.07575757575757576,,
20260907T111756.126379309Z-openclaw-sweatlasqa-pilot30-shuffle2-amem-repo-sglang,pilot30-shuffle2,repo-scope,task-6905333b74f22949d97ba9d9,21,paperless-ngx/paperless-ngx,ef8e4e1f-7f34-4b97-9517-8aaba1e7623f,2,django-q tasks group uuid task_id queue status,0,0,0,,,,,django-q tasks group uuid task_id queue status,10,1229,0.8,0.0,0.6,0.2,improved,"I'm trying to understand how paperless-ngx actually handles background processing when it ingests documents. I want to see what happens at runtime, not just read the config files.

Can you help me make sense of how async work behaves in a live setup? I’m interested in what services are involved behind the scenes, how background jobs appear once they are created, and how the system tells the difference between work that is waiting and work that is actively being processed. I also want to understand where the task state ends up being stored and how you can tell, after the fact, what happened to a given job.

From the code perspective, I want to connect that runtime behavior back to its origin. Where are these background jobs actually triggered, and what part of the code is responsible for sending them into the queue? Don’t modify any repository source files. If you need to create temporary scripts or artifacts to observe behavior, that’s fine, but clean them up afterward and leave the codebase unchanged.",0.014084507042253521,,
20260907T111756.126379309Z-openclaw-sweatlasqa-pilot30-shuffle2-amem-repo-sglang,pilot30-shuffle2,repo-scope,task-6905333b74f22949d97ba9db,20,paperless-ngx/paperless-ngx,ef2fb7d8-e0a4-43e1-a8c8-4e8684b9e204,1,Paperless-NGX file move rename tags duplicate checksum,4,4,0,54.072599,46.0324,59.93426,486fdfcf-e185-453f-8cbb-49b6c29ae9ac;8dac22c9-f08a-40d4-a272-3f7ef7c68419;93adea52-6ae9-447a-90c1-280a9c21ba52;c191fd9d-e3df-4a03-95a1-087996bf64b0,Paperless-NGX file move rename tags duplicate checksum,4,427,0.9166666666666666,0.0,0.9166666666666666,0.0,tied,"I'm onboarding into the Paperless-NGX repository and I'm curious about the hidden choreography that happens when the system is actually running. When a document's tags change and the filename format includes tags in the directory structure, files apparently relocate themselves. I wonder what log messages actually appear during that dance, and what the before and after paths look like in practice. There's supposedly a rollback safety net if something goes wrong during a file move, but I can't tell from reading the code whether it truly recovers or just promises to, what actually happens to files when a move fails partway through? Beyond file handling, there are other runtime mysteries I want to explore. The classifier's behavior puzzles me, sometimes training finishes instantly, other times it takes much longer. I want to trigger both scenarios and see the actual log messages that explain why training was skipped versus why it proceeded with full retraining, including whatever hash or checksum the system uses to detect changes. Duplicate detection feels like magic, two files that look completely different can still be rejected as duplicates, and I want to see the actual checksums being compared at that moment of judgment. The sanity checker intrigues me as well, what does its output actually look like when an archive is healthy versus when something has gone wrong, and can I see the specific hash values it compares when it discovers a mismatch? I also wonder about ghost files, whether orphaned files really linger in the media folder and what the system actually reports when it finds them. I need to see real runtime evidence for all of this; actual paths, actual checksums, actual log messages. Temporary scripts may be used for observation, but the repository itself should remain unchanged and anything temporary cleaned up afterward.",0.046153846153846156,0.02169036265159543,0.03355704697986577
20260907T111756.126379309Z-openclaw-sweatlasqa-pilot30-shuffle2-amem-repo-sglang,pilot30-shuffle2,repo-scope,task-6905333b74f22949d97ba9db,20,paperless-ngx/paperless-ngx,ef2fb7d8-e0a4-43e1-a8c8-4e8684b9e204,2,Paperless-NGX runtime log messages file move rename checksum classifier sanity orphaned,0,0,0,,,,,Paperless-NGX runtime log messages file move rename checksum classifier sanity orphaned,9,1391,0.9166666666666666,0.0,0.9166666666666666,0.0,tied,"I'm onboarding into the Paperless-NGX repository and I'm curious about the hidden choreography that happens when the system is actually running. When a document's tags change and the filename format includes tags in the directory structure, files apparently relocate themselves. I wonder what log messages actually appear during that dance, and what the before and after paths look like in practice. There's supposedly a rollback safety net if something goes wrong during a file move, but I can't tell from reading the code whether it truly recovers or just promises to, what actually happens to files when a move fails partway through? Beyond file handling, there are other runtime mysteries I want to explore. The classifier's behavior puzzles me, sometimes training finishes instantly, other times it takes much longer. I want to trigger both scenarios and see the actual log messages that explain why training was skipped versus why it proceeded with full retraining, including whatever hash or checksum the system uses to detect changes. Duplicate detection feels like magic, two files that look completely different can still be rejected as duplicates, and I want to see the actual checksums being compared at that moment of judgment. The sanity checker intrigues me as well, what does its output actually look like when an archive is healthy versus when something has gone wrong, and can I see the specific hash values it compares when it discovers a mismatch? I also wonder about ghost files, whether orphaned files really linger in the media folder and what the system actually reports when it finds them. I need to see real runtime evidence for all of this; actual paths, actual checksums, actual log messages. Temporary scripts may be used for observation, but the repository itself should remain unchanged and anything temporary cleaned up afterward.",0.061068702290076333,,
20260907T111756.126379309Z-openclaw-sweatlasqa-pilot30-shuffle2-amem-repo-sglang,pilot30-shuffle2,repo-scope,task-6905333b74f22949d97ba9dc,30,paperless-ngx/paperless-ngx,4b63a5d9-4b3f-4d50-8fa6-7ba9e1fb44e2,1,paperless-ngx document upload OCR processing,0,0,0,,,,,paperless-ngx document upload OCR processing,13,133,1.0,1.0,1.0,0.0,tied,"I'm getting inconsistent OCR results when testing paperless-ngx locally with multi-page PDFs and need to understand the processing behavior better. Get the development environment running normally (create admin user if needed during setup), then upload a multi-page PDF through the standard interface that requires OCR processing. What HTTP response status and message do you receive immediately after upload submission? As processing happens, what key log patterns appear that show the document moving through different stages, including the OCRmyPDF invocation parameters? After processing finishes, what do the generated archive PDF and thumbnail filenames look like in the media storage area? Check the document record in the database - what fields are actually stored (not filesystem-only metadata) and what values appear for the processed document? No file modifications or permanent changes allowed, clean up any test files completely when done.",0.05333333333333334,,
20260907T111756.126379309Z-openclaw-sweatlasqa-pilot30-shuffle2-amem-repo-sglang,pilot30-shuffle2,repo-scope,task-6905333b74f22949d97ba9dc,30,paperless-ngx/paperless-ngx,4b63a5d9-4b3f-4d50-8fa6-7ba9e1fb44e2,2,OCR processing log patterns upload response status,0,0,0,,,,,OCR processing log patterns upload response status,13,1330,1.0,1.0,1.0,0.0,tied,"I'm getting inconsistent OCR results when testing paperless-ngx locally with multi-page PDFs and need to understand the processing behavior better. Get the development environment running normally (create admin user if needed during setup), then upload a multi-page PDF through the standard interface that requires OCR processing. What HTTP response status and message do you receive immediately after upload submission? As processing happens, what key log patterns appear that show the document moving through different stages, including the OCRmyPDF invocation parameters? After processing finishes, what do the generated archive PDF and thumbnail filenames look like in the media storage area? Check the document record in the database - what fields are actually stored (not filesystem-only metadata) and what values appear for the processed document? No file modifications or permanent changes allowed, clean up any test files completely when done.",0.06666666666666667,,
20260907T111756.126379309Z-openclaw-sweatlasqa-pilot30-shuffle2-amem-repo-sglang,pilot30-shuffle2,repo-scope,task-6905333b74f22949d97ba9dd,16,paperless-ngx/paperless-ngx,95cc6f0a-30a2-44b7-8bd6-55d4e3f1792f,1,Paperless-NGX document ingestion processing workflow,0,0,0,,,,,Paperless-NGX document ingestion processing workflow,0,3589,0.4,0.0,0.4,0.0,tied,"I need to understand how Paperless-NGX processes a document from ingestion through indexing before I start working with the codebase. Set up the full environment and get all services running normally. Drop a small test file into the consumption directory and follow what happens. What log messages appear when the system first detects the file, what ingestion task gets triggered, and what additional tasks show up as the document moves through parsing, classification, and indexing? While the task is queued, check what the message broker is storing. What payload format or data structure represents the queued task? After processing completes, query the database to see where the document record is stored, which fields capture the parsed metadata, and where the system keeps a record of task execution or processing history.
Then trace the high-level codepath behind this workflow based on the behavior you observe. Starting from the part of the system that detects the new file, follow the chain of components involved in creating and submitting the ingestion task. Which part of the application is responsible for creating that task object, and what queuing framework does Paperless-NGX rely on to dispatch it? You may use temporary helper scripts or test files if needed, but don’t modify the actual source code, and clean up any temporary artifacts when you’re done.",0.05434782608695652,,
20260907T111756.126379309Z-openclaw-sweatlasqa-pilot30-shuffle2-amem-repo-sglang,pilot30-shuffle2,repo-scope,task-6905333b74f22949d97ba9de,28,paperless-ngx/paperless-ngx,7d0c5d55-f7e8-46e2-9806-0afda32b2be5,1,Paperless memory usage metadata processing,0,0,0,,,,,Paperless memory usage metadata processing,13,1461,0.2222222222222222,0.0,0.4444444444444444,-0.2222222222222222,degraded,"I'm investigating a strange memory usage pattern in the Paperless document processing system. When the system imports documents, it sometimes consumes far more memory than expected for the metadata handling, but this doesn't happen consistently and seems to vary based on the document source or processing stage.

What I'm seeing is that memory usage spikes significantly during document import operations, particularly when metadata is being processed, but the spike seems disproportionate to the actual document size. The odd part is that this memory doesn't always get released back to the system in a timely manner, even after processing is complete. This seems unusual because these are mostly text documents with relatively small metadata - we're not dealing with massive image processing here.

Can you figure out what's causing these memory spikes? I'm curious whether there's something in the metadata handling that's creating unnecessary copies or holding references longer than needed, or if there's caching behavior that's accumulating data unexpectedly. What's different between the cases where memory spikes and cases where it doesn't? How does the behavior change with different document types or batch sizes?

I need to see actual runtime memory measurements during processing, understand which components or methods are responsible for holding onto memory, and get evidence showing whether this is normal Python garbage collection behavior or something problematic. Show me what patterns you can find and where the memory is actually going.

Don't modify any repository source files. You can create temporary test scripts or helper tools to reproduce and analyze the behavior, but clean them up and leave the codebase unchanged when done.",0.043859649122807015,,
20260907T111756.126379309Z-openclaw-sweatlasqa-pilot30-shuffle2-amem-repo-sglang,pilot30-shuffle2,repo-scope,task-6905333b74f22949d97ba9de,28,paperless-ngx/paperless-ngx,7d0c5d55-f7e8-46e2-9806-0afda32b2be5,2,paperless-ngx memory spike content field bulk update,0,0,0,,,,,paperless-ngx memory spike content field bulk update,11,1157,0.2222222222222222,0.0,0.4444444444444444,-0.2222222222222222,degraded,"I'm investigating a strange memory usage pattern in the Paperless document processing system. When the system imports documents, it sometimes consumes far more memory than expected for the metadata handling, but this doesn't happen consistently and seems to vary based on the document source or processing stage.

What I'm seeing is that memory usage spikes significantly during document import operations, particularly when metadata is being processed, but the spike seems disproportionate to the actual document size. The odd part is that this memory doesn't always get released back to the system in a timely manner, even after processing is complete. This seems unusual because these are mostly text documents with relatively small metadata - we're not dealing with massive image processing here.

Can you figure out what's causing these memory spikes? I'm curious whether there's something in the metadata handling that's creating unnecessary copies or holding references longer than needed, or if there's caching behavior that's accumulating data unexpectedly. What's different between the cases where memory spikes and cases where it doesn't? How does the behavior change with different document types or batch sizes?

I need to see actual runtime memory measurements during processing, understand which components or methods are responsible for holding onto memory, and get evidence showing whether this is normal Python garbage collection behavior or something problematic. Show me what patterns you can find and where the memory is actually going.

Don't modify any repository source files. You can create temporary test scripts or helper tools to reproduce and analyze the behavior, but clean them up and leave the codebase unchanged when done.",0.025423728813559324,,
20260907T111756.126379309Z-openclaw-sweatlasqa-pilot30-shuffle2-amem-repo-sglang,pilot30-shuffle2,repo-scope,task-6905333b74f22949d97ba9e0,23,paperless-ngx/paperless-ngx,5a71728b-d48e-46dc-bd83-236ecba9b8a7,1,documents list pagination duplicates sorting API,0,0,0,,,,,documents list pagination duplicates sorting API,13,1580,0.875,0.0,0.75,0.125,improved,"I am trying to figure out why the documents list can feel haunted during normal browsing, where paging through the documents view with a couple of common filters enabled can make the same document show up twice across neighboring pages or disappear for a page and then come back even though nobody is editing anything and the sort order looks unchanged. It gets stranger when the viewer is not an all powerful admin and visibility is shaped by sharing rules, because the glitch seems to depend on what the user is allowed to see rather than what exists. Is the backend producing duplicates that get collapsed somewhere later, is pagination happening before any de duplication, or is the ordering quietly unstable when multiple rows tie on the primary sort key? I want to watch what the API actually returns across consecutive page requests, and line that up with what the UI thinks pagination means until the exact condition that destabilizes the list becomes clear. Temporary scripts may be used for observation, but the repository itself should remain unchanged and anything temporary should be cleaned up afterward.",0.04395604395604396,,
20260907T111756.126379309Z-openclaw-sweatlasqa-pilot30-shuffle2-amem-repo-sglang,pilot30-shuffle2,repo-scope,task-6905333b74f22949d97ba9e0,23,paperless-ngx/paperless-ngx,5a71728b-d48e-46dc-bd83-236ecba9b8a7,2,document list pagination duplicates unstable ordering distinct tag filter,0,0,0,,,,,document list pagination duplicates unstable ordering distinct tag filter,13,1137,0.875,0.0,0.75,0.125,improved,"I am trying to figure out why the documents list can feel haunted during normal browsing, where paging through the documents view with a couple of common filters enabled can make the same document show up twice across neighboring pages or disappear for a page and then come back even though nobody is editing anything and the sort order looks unchanged. It gets stranger when the viewer is not an all powerful admin and visibility is shaped by sharing rules, because the glitch seems to depend on what the user is allowed to see rather than what exists. Is the backend producing duplicates that get collapsed somewhere later, is pagination happening before any de duplication, or is the ordering quietly unstable when multiple rows tie on the primary sort key? I want to watch what the API actually returns across consecutive page requests, and line that up with what the UI thinks pagination means until the exact condition that destabilizes the list becomes clear. Temporary scripts may be used for observation, but the repository itself should remain unchanged and anything temporary should be cleaned up afterward.",0.06521739130434782,,
20260907T111756.126379309Z-openclaw-sweatlasqa-pilot30-shuffle2-amem-repo-sglang,pilot30-shuffle2,repo-scope,task-6905333b74f22949d97ba9e8,8,simple-login/app,258254f0-6afa-4fa6-97a8-9fd27afc88b6,1,SimpleLogin authentication API sessions email forwarding,0,0,0,,,,,SimpleLogin authentication API sessions email forwarding,13,1430,0.4666666666666667,0.0,0.6666666666666666,-0.1999999999999999,degraded,"I've been investigating SimpleLogin's authentication and noticed some behaviors I need to verify by actually observing the running system.

When I'm logged into the web interface and make API calls without an API key header, the requests seem to work. I need to confirm what HTTP status code actually comes back and what the response body structure looks like ,not what the code says should happen, but what actually happens when you try it.There's also something odd when trying to access privileged operations with just a browser session. The HTTP status code I get back isn't a standard authorization error, and the error message is unusual. What specific status code and exact error message text does the system actually return in this scenario?

For sessions, I want to understand what the stored session data actually looks like when you examine it directly in storage. Capture the raw bytes from the storage backend and show me what format they're in, what keys are present in the deserialized data for an authenticated session, and how the session key itself is structured.I'm also curious about session identifier behavior during authentication. If you capture the session ID from your cookie before login, then go through the login flow, does that identifier value stay the same or get replaced with a new one? I need to see the actual before and after values to know for sure.

On the email forwarding side, I want to know what happens to specific headers when a message passes through. If an incoming email has a custom X-header, a Received header, and a Reply-To header, which of those three actually make it through to the forwarded message and which get stripped? Send an actual test email and examine the result.

For the alias creation tokens, they clearly expire after some time window. I want to experimentally verify what that window is by testing whether a token works immediately, then waiting and testing if it still works, until you find the boundary where it stops working.

I also noticed that the API tracks usage statistics for API keys. When you make several API calls with the same key, what fields get updated in the database and what are the actual values you observe after making the calls?Finally, when a login attempt fails with wrong credentials, what specific log messages appear and what HTTP response details come back? I want to see the actual logged output and response, not just what the code says should happen.

Show me evidence from actually running the system rather than just reading the code. Don't modify any source files in the repository, but you can create test scripts to observe behavior - just clean them up afterward.",0.026845637583892617,,
20260907T111756.126379309Z-openclaw-sweatlasqa-pilot30-shuffle2-amem-repo-sglang,pilot30-shuffle2,repo-scope,task-6905333b74f22949d97ba9e8,8,simple-login/app,258254f0-6afa-4fa6-97a8-9fd27afc88b6,2,SimpleLogin API auth session cookie Reply-To headers session storage pickle,0,0,0,,,,,SimpleLogin API auth session cookie Reply-To headers session storage pickle,13,1189,0.4666666666666667,0.0,0.6666666666666666,-0.1999999999999999,degraded,"I've been investigating SimpleLogin's authentication and noticed some behaviors I need to verify by actually observing the running system.

When I'm logged into the web interface and make API calls without an API key header, the requests seem to work. I need to confirm what HTTP status code actually comes back and what the response body structure looks like ,not what the code says should happen, but what actually happens when you try it.There's also something odd when trying to access privileged operations with just a browser session. The HTTP status code I get back isn't a standard authorization error, and the error message is unusual. What specific status code and exact error message text does the system actually return in this scenario?

For sessions, I want to understand what the stored session data actually looks like when you examine it directly in storage. Capture the raw bytes from the storage backend and show me what format they're in, what keys are present in the deserialized data for an authenticated session, and how the session key itself is structured.I'm also curious about session identifier behavior during authentication. If you capture the session ID from your cookie before login, then go through the login flow, does that identifier value stay the same or get replaced with a new one? I need to see the actual before and after values to know for sure.

On the email forwarding side, I want to know what happens to specific headers when a message passes through. If an incoming email has a custom X-header, a Received header, and a Reply-To header, which of those three actually make it through to the forwarded message and which get stripped? Send an actual test email and examine the result.

For the alias creation tokens, they clearly expire after some time window. I want to experimentally verify what that window is by testing whether a token works immediately, then waiting and testing if it still works, until you find the boundary where it stops working.

I also noticed that the API tracks usage statistics for API keys. When you make several API calls with the same key, what fields get updated in the database and what are the actual values you observe after making the calls?Finally, when a login attempt fails with wrong credentials, what specific log messages appear and what HTTP response details come back? I want to see the actual logged output and response, not just what the code says should happen.

Show me evidence from actually running the system rather than just reading the code. Don't modify any source files in the repository, but you can create test scripts to observe behavior - just clean them up afterward.",0.033112582781456956,,
20260907T111756.126379309Z-openclaw-sweatlasqa-pilot30-shuffle2-amem-repo-sglang,pilot30-shuffle2,repo-scope,task-6905333b74f22949d97baa1d,5,simple-login/app,dc5a0413-f70a-4692-9328-41a97ffd45eb,1,SimpleLogin session handling Redis deserialization,0,0,0,,,,,SimpleLogin session handling Redis deserialization,9,1310,0.875,0.0,0.75,0.125,improved,"I’m testing the SimpleLogin repository and trying to understand how server-side session handling behaves at runtime, especially when stored session data is turned back into Python objects. I want to see what normal sessions look like as users log in and out and then what actually happens if the session data in Redis is corrupted or malformed. Does the next request fail, silently reset the session, or surface an error, and what shows up in responses or logs when that happens? I’m trying to understand where the boundary lies between a harmless reset and a real deserialization risk, based on what you can observe while the system is running rather than theory alone. If an attacker could tamper with session bytes but not forge the signed session ID, does that meaningfully change the risk, and how does the runtime behavior support that conclusion? Temporary scripts may be used for observation, but the repository itself should remain unchanged, and anything temporary should be cleaned up afterward.",0.07352941176470588,,
20260907T111756.126379309Z-openclaw-sweatlasqa-pilot30-shuffle2-amem-repo-sglang,pilot30-shuffle2,repo-scope,task-6905333b74f22949d97baa1d,5,simple-login/app,dc5a0413-f70a-4692-9328-41a97ffd45eb,2,SimpleLogin session handling deserialization pickle redis corruption,0,0,0,,,,,SimpleLogin session handling deserialization pickle redis corruption,9,426,0.875,0.0,0.75,0.125,improved,"I’m testing the SimpleLogin repository and trying to understand how server-side session handling behaves at runtime, especially when stored session data is turned back into Python objects. I want to see what normal sessions look like as users log in and out and then what actually happens if the session data in Redis is corrupted or malformed. Does the next request fail, silently reset the session, or surface an error, and what shows up in responses or logs when that happens? I’m trying to understand where the boundary lies between a harmless reset and a real deserialization risk, based on what you can observe while the system is running rather than theory alone. If an attacker could tamper with session bytes but not forge the signed session ID, does that meaningfully change the risk, and how does the runtime behavior support that conclusion? Temporary scripts may be used for observation, but the repository itself should remain unchanged, and anything temporary should be cleaned up afterward.",0.07142857142857142,,
