run_dir,task_id,occurrence,call_seq,note_rank,note_id,similarity,via,note_text_snippet,source_repository,note_timestamp
20260906T141944.964671697Z-openclaw-sweatlasqa-pilot30-amem-repo-sglang,task-6905333b74f22949d97ba9a4,1,2,1,bc974ad8-7249-4af6-90cb-050e52046d0f,66.91023,match,"SimpleLogin background jobs: cron.py runs scheduled tasks via command-line flags (-j): stats, notify_trial_end, notify_manual_subscription_end, notify_premium_end, delete_logs, delete_old_data, poll_apple_subscription, sanity_check, delete_old_monitoring, check_custom_domain, check_hibp, notify_hibp",simple-login/app,2026-09-06T14:27:34.320Z
20260906T141944.964671697Z-openclaw-sweatlasqa-pilot30-amem-repo-sglang,task-6905333b74f22949d97ba9a4,1,2,2,0df40c30-0ba8-463c-8aeb-c12e30aa58cf,59.629034999999995,match,"SimpleLogin configuration loading: `app/config.py` loads first. It reads optional .env file (via dotenv), then requires env vars URL, EMAIL_DOMAIN, SUPPORT_EMAIL, DB_URI, FLASK_SECRET. Prints "">>> URL: ..."" and "">>> init logging <<<"" to stdout. COLOR_LOG env var enables colored logs via coloredlogs.",simple-login/app,2026-09-06T14:25:17.586Z
20260906T141944.964671697Z-openclaw-sweatlasqa-pilot30-amem-repo-sglang,task-6905333b74f22949d97ba9a4,1,2,3,2c524f41-1a54-46f5-b762-a4583711b8b0,56.5046,match,"SimpleLogin startup: In dev mode, `python server.py` calls `local_main()` which sets config.COLOR_LOG=True, creates Flask app via `create_app()`, enables debug mode + flask-debugtoolbar, and runs on port 7777 with `app.run(debug=True, port=7777)`. In production, gunicorn serves wsgi:app on port 7777",simple-login/app,2026-09-06T14:24:45.073Z
20260906T141944.964671697Z-openclaw-sweatlasqa-pilot30-amem-repo-sglang,task-6905333b74f22949d97ba9a4,1,2,4,17c478e5-b9a7-4f3a-a5af-94b151c0fab4,57.436350000000004,match,"SimpleLogin authentication: Web login is at `/auth/login` (GET/POST) - validates email+password against User.get_by(), checks disabled/deleted/activated status, calls `login_user()` via flask_login, sets session[""sudo_time""]. Session cookie is ""slapp"", valid 7 days. API auth is at `/api/auth/login` ",simple-login/app,2026-09-06T14:25:57.022Z
20260906T141944.964671697Z-openclaw-sweatlasqa-pilot30-amem-repo-sglang,task-6905333b74f22949d97ba9a4,1,2,5,459ce52f-f244-4683-8429-0950ae340760,57.53833,match,"SimpleLogin request flow: Entry point is `server.py` create_app(). Routes: / (index) redirects to dashboard or auth/login. Blueprints: /auth/* (login/logout/MFA), /dashboard/* (main UI), /api/* (API), /oauth/* and /oauth2/*, /internal/*, /developer/*, /phone/*, /discover/*, /.well-known/* (OpenID), ",simple-login/app,2026-09-06T14:26:34.359Z
20260906T141944.964671697Z-openclaw-sweatlasqa-pilot30-amem-repo-sglang,task-6905333b74f22949d97ba9a4,1,2,6,e8a36cc7-1929-459d-97bc-5f7eb7153956,56.03298,link,"SimpleLogin ports/endpoints: Web dashboard on port 7777 (dev: http://localhost:7777, prod: gunicorn). Health check at GET /health (returns 200 ""success""). Email handler SMTP on port 20381 (aiosmtpd). No other ports exposed. Static files served at /static/*, favicon at /favicon.ico. OpenID metadata a",simple-login/app,2026-09-06T14:27:59.449Z
20260906T141944.964671697Z-openclaw-sweatlasqa-pilot30-amem-repo-sglang,task-6905333b74f22949d97ba9a5,2,1,1,17c478e5-b9a7-4f3a-a5af-94b151c0fab4,46.147674,match,"SimpleLogin authentication: Web login is at `/auth/login` (GET/POST) - validates email+password against User.get_by(), checks disabled/deleted/activated status, calls `login_user()` via flask_login, sets session[""sudo_time""]. Session cookie is ""slapp"", valid 7 days. API auth is at `/api/auth/login` ",simple-login/app,2026-09-06T14:25:57.022Z
20260906T141944.964671697Z-openclaw-sweatlasqa-pilot30-amem-repo-sglang,task-6905333b74f22949d97ba9a5,2,1,2,bc974ad8-7249-4af6-90cb-050e52046d0f,37.710786,match,"SimpleLogin background jobs: cron.py runs scheduled tasks via command-line flags (-j): stats, notify_trial_end, notify_manual_subscription_end, notify_premium_end, delete_logs, delete_old_data, poll_apple_subscription, sanity_check, delete_old_monitoring, check_custom_domain, check_hibp, notify_hibp",simple-login/app,2026-09-06T14:27:34.320Z
20260906T141944.964671697Z-openclaw-sweatlasqa-pilot30-amem-repo-sglang,task-6905333b74f22949d97ba9a5,2,1,3,2c524f41-1a54-46f5-b762-a4583711b8b0,36.22808,match,"SimpleLogin startup: In dev mode, `python server.py` calls `local_main()` which sets config.COLOR_LOG=True, creates Flask app via `create_app()`, enables debug mode + flask-debugtoolbar, and runs on port 7777 with `app.run(debug=True, port=7777)`. In production, gunicorn serves wsgi:app on port 7777",simple-login/app,2026-09-06T14:24:45.073Z
20260906T141944.964671697Z-openclaw-sweatlasqa-pilot30-amem-repo-sglang,task-6905333b74f22949d97ba9a5,2,1,4,e8a36cc7-1929-459d-97bc-5f7eb7153956,36.0217,match,"SimpleLogin ports/endpoints: Web dashboard on port 7777 (dev: http://localhost:7777, prod: gunicorn). Health check at GET /health (returns 200 ""success""). Email handler SMTP on port 20381 (aiosmtpd). No other ports exposed. Static files served at /static/*, favicon at /favicon.ico. OpenID metadata a",simple-login/app,2026-09-06T14:27:59.449Z
20260906T141944.964671697Z-openclaw-sweatlasqa-pilot30-amem-repo-sglang,task-6905333b74f22949d97ba9a5,2,1,5,459ce52f-f244-4683-8429-0950ae340760,36.006767,match,"SimpleLogin request flow: Entry point is `server.py` create_app(). Routes: / (index) redirects to dashboard or auth/login. Blueprints: /auth/* (login/logout/MFA), /dashboard/* (main UI), /api/* (API), /oauth/* and /oauth2/*, /internal/*, /developer/*, /phone/*, /discover/*, /.well-known/* (OpenID), ",simple-login/app,2026-09-06T14:26:34.359Z
20260906T141944.964671697Z-openclaw-sweatlasqa-pilot30-amem-repo-sglang,task-6905333b74f22949d97ba9a5,2,1,6,0df40c30-0ba8-463c-8aeb-c12e30aa58cf,32.913804,link,"SimpleLogin configuration loading: `app/config.py` loads first. It reads optional .env file (via dotenv), then requires env vars URL, EMAIL_DOMAIN, SUPPORT_EMAIL, DB_URI, FLASK_SECRET. Prints "">>> URL: ..."" and "">>> init logging <<<"" to stdout. COLOR_LOG env var enables colored logs via coloredlogs.",simple-login/app,2026-09-06T14:25:17.586Z
20260906T141944.964671697Z-openclaw-sweatlasqa-pilot30-amem-repo-sglang,task-6905333b74f22949d97ba9d2,18,1,1,473b564e-7af5-42f4-a080-c585b8a43b3f,63.135564,match,"Paperless-NGX search index architecture:
- Uses Whoosh (pure Python) for search indexing, not Elasticsearch. Index stored in DATA_DIR/index/
- API document UPDATE is synchronous: DocumentViewSet.update() calls index.add_or_update_document() directly in the request thread before returning. Changes ar",paperless-ngx/paperless-ngx,2026-09-06T21:41:06.774Z
20260906T141944.964671697Z-openclaw-sweatlasqa-pilot30-amem-repo-sglang,task-6905333b74f22949d97ba9d2,18,1,2,6895ba9b-89a4-41e4-b4ba-64bf2b5bb430,62.67832,match,"Paperless-NGX repo at /app. Top-level structure: src/ (Python backend), src-ui/ (frontend), docs/, docker/, scripts/. Search index sync is central to the system - uses Elasticsearch/OpenSearch for search indexing with Celery workers for async tasks.",paperless-ngx/paperless-ngx,2026-09-06T21:33:07.994Z
20260906T141944.964671697Z-openclaw-sweatlasqa-pilot30-amem-repo-sglang,task-6905333b74f22949d97ba9d3,19,1,1,6895ba9b-89a4-41e4-b4ba-64bf2b5bb430,63.358115999999995,match,"Paperless-NGX repo is located at /app with a top-level structure containing src/ (Python backend), src-ui/ (frontend), docs/, docker/, and scripts/. The system's central search index mechanism uses Whoosh (pure Python) for indexing, with the index stored in DATA_DIR/index/. Unlike the generic 'Djang",paperless-ngx/paperless-ngx,2026-09-06T21:33:07.994Z
20260906T141944.964671697Z-openclaw-sweatlasqa-pilot30-amem-repo-sglang,task-6905333b74f22949d97ba9d3,19,2,1,6895ba9b-89a4-41e4-b4ba-64bf2b5bb430,31.395003,match,"Paperless-NGX repo is located at /app with a top-level structure containing src/ (Python backend), src-ui/ (frontend), docs/, docker/, and scripts/. The system's central search index mechanism uses Whoosh (pure Python) for indexing, with the index stored in DATA_DIR/index/. Unlike the generic 'Djang",paperless-ngx/paperless-ngx,2026-09-06T21:33:07.994Z
20260906T141944.965072498Z-openclaw-sweatlasqa-pilot30-amem-task-sglang,task-6905333b74f22949d97ba9a5,2,2,1,054d8c1e-1cc2-4af0-8ab8-ed6ce21c978a,67.878604,match,"Custom alias creation flow: 1) Rate limit check via @limiter.limit(ALIAS_LIMIT) defaults to ""100/day;50/hour;5/minute"" — if exceeded, returns 429 JSON {""error"": ""Rate limit exceeded""} for API endpoints, with no rate limit headers because headers_enabled=False in Limiter init. 2) Quota check via user",simple-login/app,2026-09-06T14:49:06.066Z
20260906T141944.965072498Z-openclaw-sweatlasqa-pilot30-amem-task-sglang,task-6905333b74f22949d97ba9a5,2,2,2,82baf483-b56c-4ff8-b485-6c4f9d56370d,67.672443,match,"Quota checking in custom alias creation: user.can_create_new_alias() checks: (1) is_active() — user must be active; (2) disabled flag — user must not be disabled; (3) lifetime_or_active_subscription() — if premium/subscribed, unlimited aliases; (4) else checks Alias.count() < max_alias_for_free_acco",simple-login/app,2026-09-06T14:49:24.455Z
20260906T141944.965072498Z-openclaw-sweatlasqa-pilot30-amem-task-sglang,task-6905333b74f22949d97ba9a5,2,2,3,39da3d58-0dd4-4a6e-a079-16b3514f14ec,56.49016,match,Custom alias creation uses two API endpoints: /api/v2/alias/custom/new (POST) and /api/v3/alias/custom/new (POST). Both are in /app/app/api/views/new_custom_alias.py. The v3 endpoint adds mailbox_ids support and name field. Both enforce rate limit via @limiter.limit(ALIAS_LIMIT) where ALIAS_LIMIT de,simple-login/app,2026-09-06T14:45:26.620Z
20260906T141944.965072498Z-openclaw-sweatlasqa-pilot30-amem-task-sglang,task-6905333b74f22949d97ba9a6,3,2,1,fa6fbeda-4387-4111-a41c-7a0cab59a589,55.336240000000004,match,"Database schema: 76 model classes in models.py, each with __tablename__, creating 76 tables. The last table class defined is UserAuditLog (user_audit_log). Email handler port message: ""Listen for port <port>"" logged via LOG.i. Login for non-activated user returns {""error"": ""Account not activated""} w",simple-login/app,2026-09-06T15:30:45.964Z
20260906T141944.965072498Z-openclaw-sweatlasqa-pilot30-amem-task-sglang,task-6905333b74f22949d97ba9a6,3,2,2,a2e31803-4110-4da9-a877-a91ace3bfc6e,50.272655,match,"The email privacy alias system (SimpleLogin) has 76 model classes in models.py, each with a __tablename__, meaning 76 tables are created during database initialization (alembic upgrade head or metadata.create_all). The last table class defined is UserAuditLog with __tablename__ = ""user_audit_log"" at",simple-login/app,2026-09-06T15:10:21.767Z
20260906T141944.965072498Z-openclaw-sweatlasqa-pilot30-amem-task-sglang,task-6905333b74f22949d97ba9a7,4,2,1,25051916-4f84-4a3c-bf55-701a0bc395c1,48.921782,match,"SimpleLogin is a Python codebase organized under /app with key directories: app/ (main application), app/email/ (email processing), app/handler/ (request handlers), app/jobs/ (scheduled background tasks), tasks/ (cron/async tasks), events/ (event processing), oneshot/ (one-time scripts), tests/ (tes",simple-login/app,2026-09-06T15:40:29.958Z
20260906T141944.965072498Z-openclaw-sweatlasqa-pilot30-amem-task-sglang,task-6905333b74f22949d97ba9a7,4,2,2,e1148e2d-2a03-48de-a91e-74728621f7a1,69.299394,match,"SimpleLogin email forwarding VERP format: Forward phase uses generate_verp_email(VerpType.bounce_forward, email_log.id, contact_domain) where VERP_PREFIX=""sl"", encoded as sl.{base32_payload}.{base32_signature}@domain. Old-style format: bounce+{email_log_id}+@{EMAIL_DOMAIN}. Reply phase uses generate",simple-login/app,2026-09-06T16:08:35.157Z
20260906T141944.965072498Z-openclaw-sweatlasqa-pilot30-amem-task-sglang,task-6905333b74f22949d97ba9a7,4,2,3,6765c77f-e8d9-4331-a2b0-906fb44f976e,60.035145,match,SimpleLogin mailbox verification: Uses MailboxActivation model with tries counter. MAX_ACTIVATION_TRIES = 3. verify_mailbox_code() checks: 1) tries >= 3 -> clear all activation codes and raise CannotVerifyError. 2) code older than 15 minutes -> clear codes and raise error. 3) wrong code -> increment,simple-login/app,2026-09-06T15:41:28.910Z
20260906T141944.965072498Z-openclaw-sweatlasqa-pilot30-amem-task-sglang,task-6905333b74f22949d97ba9a8,5,2,1,bedcb59d-f56c-4d17-9e1c-fe1ba25282c4,49.297816,match,"When PostgreSQL is unavailable, app.db.py raises sqlalchemy.exc.OperationalError wrapping psycopg2.OperationalError. The error occurs at module import time (engine.connect() in db.py), so the entire application fails to start/crash at import. Error messages: ""connection to server at 'localhost' fail",simple-login/app,2026-09-06T16:45:55.679Z
20260906T141944.965072498Z-openclaw-sweatlasqa-pilot30-amem-task-sglang,task-6905333b74f22949d97ba9a8,5,2,2,12a8ff73-7d68-4005-8c03-0db07444e6e9,55.25483,match,"SimpleLogin Flask app binds to port 7777 (Dockerfile CMD: gunicorn wsgi:app -b 0.0.0.0:7777; local dev: app.run(port=7777)). The DB connection is established at import time in app/db.py via engine.connect(), not lazily.",simple-login/app,2026-09-06T16:46:03.623Z
20260906T141944.965072498Z-openclaw-sweatlasqa-pilot30-amem-task-sglang,task-6905333b74f22949d97ba9a8,5,2,3,ec5c2ab0-9160-47ce-ac35-73b96ae95edd,51.294470000000004,match,"API alias creation POST /api/alias/random/new returns 201 with JSON containing alias email, id, creation_date, creation_timestamp, enabled, note, name, nb_forward, nb_block, nb_reply, mailbox/mailboxes, support_pgp, disable_pgp, latest_activity, pinned. Alias is stored in the 'alias' table (SQLAlche",simple-login/app,2026-09-06T16:46:03.619Z
20260906T141944.965072498Z-openclaw-sweatlasqa-pilot30-amem-task-sglang,task-6905333b74f22949d97ba9a8,5,2,4,932930b0-8921-4a3c-bc86-0df8810a5c7f,43.849152000000004,match,"Health endpoint GET /health returns plain text ""success"" with status code 200 and Content-Type text/html; charset=utf-8 (from server.py line 214-215).",simple-login/app,2026-09-06T16:46:03.621Z
20260906T141944.965072498Z-openclaw-sweatlasqa-pilot30-amem-task-sglang,task-6905333b74f22949d97ba9aa,7,2,1,6b4e22df-a2a6-4a90-83bc-24a3d08abf56,67.41055,match,"SimpleLogin has three main runtime components:
1. Web Server (server.py): Flask app, runs on port 7777 via gunicorn. Entry: create_app(). Accessible at /auth/login for login, /dashboard for alias management. Flash messages confirm user actions (green for success, red for errors). Dashboard shows ali",simple-login/app,2026-09-06T17:28:48.270Z
20260906T141944.965072498Z-openclaw-sweatlasqa-pilot30-amem-task-sglang,task-6905333b74f22949d97ba9aa,7,2,2,35484f44-83af-427b-87d3-ea4a1022c8b9,60.315870000000004,match,"SimpleLogin repository is a Flask-based Python application. Key entry points: server.py (Flask web server), email_handler.py (email processing handler), job_runner.py (background job processing), cron.py (scheduled tasks). Main app package in app/ with subpackages: dashboard, api, auth, email, jobs,",simple-login/app,2026-09-06T17:16:14.392Z
20260906T141944.965072498Z-openclaw-sweatlasqa-pilot30-amem-task-sglang,task-6905333b74f22949d97ba9ab,8,2,1,f6f69481-4f8a-4618-b3ac-8386988672bd,72.100353,match,SimpleLogin alias creation flow: Frontend sends either POST /api/v2/alias/custom/new or POST /api/v3/alias/custom/new (with mailbox_ids support) or POST /api/alias/random/new. API uses api_bp Blueprint at /api prefix. Auth via Authentication header (api code) or cookie. Returns 201 on success with J,simple-login/app,2026-09-06T17:51:12.235Z
20260906T141944.965072498Z-openclaw-sweatlasqa-pilot30-amem-task-sglang,task-6905333b74f22949d97ba9ab,8,2,2,5aa7a699-ff70-419e-9fec-08b8b6827103,62.02897000000001,match,"Alias creation background tasks/events: 1) EventDispatcher.send_event() creates a SyncEvent record in sync_event table and fires a PostgreSQL NOTIFY on channel 'simplelogin_sync_events' (PostgresDispatcher). This sends alias_created protobuf event (id, email, note, enabled, created_at). 2) AliasAudi",simple-login/app,2026-09-06T17:52:40.545Z
20260906T141944.965072498Z-openclaw-sweatlasqa-pilot30-amem-task-sglang,task-6905333b74f22949d97ba9ab,8,2,3,b641a84b-7120-44bf-824a-e7aef56abaaa,58.98698,match,"Alias creation database impact: 1) Alias table - INSERT a new alias record with user_id, email, mailbox_id, note, name, enabled=True, flags=0, pinned=False, etc. 2) DailyMetric table - incremented nb_alias via get_or_create_today_metric().nb_alias += 1 (upsert on date). 3) User table - flags updated",simple-login/app,2026-09-06T17:51:37.424Z
20260906T141944.965072498Z-openclaw-sweatlasqa-pilot30-amem-task-sglang,task-6905333b74f22949d97ba9ac,9,2,1,61c53899-de9b-4a9c-90b9-b05c94f6e8d8,70.86845600000001,match,"SimpleLogin log messages: Success forward path: LOG.d(""Forward %s -> %s -> %s"", contact, alias, mailbox) → LOG.d(""Create %s for %s, %s, %s"", email_log, contact, user, mailbox) → LOG.d(""Forward mail from %s to %s, mail_options:%s, rcpt_options:%s"", contact.website_email, mailbox.email, ...) → returns",simple-login/app,2026-09-06T18:26:39.651Z
20260906T141944.965072498Z-openclaw-sweatlasqa-pilot30-amem-task-sglang,task-6905333b74f22949d97ba9ac,9,2,2,ea34c295-9782-42b3-9959-5e36b34002fb,66.276634,match,"SimpleLogin email forwarding flow: When email arrives at alias@sl.co, handle() in email_handler.py routes it to handle_forward(). handle_forward() looks up the alias, creates or gets Contact (with website_email = original sender, reply_email = generated reverse-alias), creates EmailLog record, trans",simple-login/app,2026-09-06T18:25:01.783Z
20260906T141944.965072498Z-openclaw-sweatlasqa-pilot30-amem-task-sglang,task-6905333b74f22949d97ba9ac,9,2,3,8b42f1eb-9241-4767-b8fe-c6fc2ca0001c,65.030396,match,"SimpleLogin SL Message-ID generation: In reply phase (not forward), replace_original_message_id() uses Python's email.utils.make_msgid(str(email_log.id), alias_domain) to create SL message IDs like ""<178871860366.1107.8075462959657755690.42@sl.local>"". The original Message-ID from incoming email is ",simple-login/app,2026-09-06T18:25:22.594Z
20260906T141944.965072498Z-openclaw-sweatlasqa-pilot30-amem-task-sglang,task-6905333b74f22949d97ba9ac,9,2,4,f285d343-6dea-4723-a6f0-9a669dd514d1,60.087574,match,"SimpleLogin VERP envelope sender: generate_verp_email(VerpType.bounce_forward, email_log_id, contact_domain) produces addresses like ""sl.lmycyibugiwcamrugyzdanjwlu.yz3tgbpytauqq@test.com"" — base32 encoded JSON of [verp_type=0, object_id, minutes_since_2022-01-01] + HMAC signature. The VERP prefix is",simple-login/app,2026-09-06T18:26:12.480Z
20260906T141944.965072498Z-openclaw-sweatlasqa-pilot30-amem-task-sglang,task-6905333b74f22949d97ba9ac,9,2,5,bcbf868b-079a-4316-b3a1-e42ab9619cbc,56.41422,match,"SimpleLogin Contact.new_addr() formats the From header during forward. Possible formats: ""John Wick - john at wick.com <reply@sl.co>"", ""John Wick - john(a)wick.com <reply@sl.co>"", ""John Wick <reply@sl.co>"", ""john at wick.com <reply@sl.co>"", or just ""reply@sl.co"" if sender_format=NO_NAME. The reply_e",simple-login/app,2026-09-06T18:25:48.643Z
20260906T141944.965072498Z-openclaw-sweatlasqa-pilot30-amem-task-sglang,task-6905333b74f22949d97ba9ad,10,2,1,08809279-783b-440c-b486-3cdcf79a11f6,61.68517,match,"SimpleLogin is an email alias service. Architecture: Flask web app (server.py: create_app) + Python SMTP handler (email_handler.py using aiosmtpd). Key services: Web frontend (Flask on port 7777), Email handler (aiosmtpd on configurable port 20381), Postfix as MTA, PostgreSQL, Redis (optional), S3-c",simple-login/app,2026-09-06T18:40:51.680Z
20260906T141944.965072498Z-openclaw-sweatlasqa-pilot30-amem-task-sglang,task-6905333b74f22949d97ba9ad,10,2,2,74f798e8-1ec1-4645-9c6b-a8a50cd6d7e9,54.12526,match,"User registration flow: POST /register creates User with activated=False, sends ActivationCode to email. User clicks /activate?code=*** which sets activated=True, logs them in, sends welcome email, redirects to /dashboard. Login flow: POST /login checks password, checks activated flag, uses after_lo",simple-login/app,2026-09-06T18:40:51.688Z
20260906T141944.965072498Z-openclaw-sweatlasqa-pilot30-amem-task-sglang,task-6905333b74f22949d97ba9ad,10,2,3,7d104943-80e8-42c4-944e-0d7120fb9cc1,56.127894,match,"Email forwarding flow: email_handler.py handles SMTP. Forward phase: contact sends to alias@sl.co → aiosmtpd MailHandler._handle → handle_forward() → find alias → create Contact → forward_email_to_mailbox() (modifies headers, adds DKIM, uses VERP envelope sender) → sl_sendmail() via Postfix. Reply p",simple-login/app,2026-09-06T18:40:51.687Z
20260906T141944.965072498Z-openclaw-sweatlasqa-pilot30-amem-task-sglang,task-6905333b74f22949d97ba9ad,10,2,4,13977d2a-4622-4e86-8c87-58588039d4f4,52.10633,match,"Log infrastructure: app/log.py creates logger ""SL"" with format including message_id, process, function, and source location. Uses coloredlogs when COLOR_LOG=true. Log levels: d=debug, i=info, w=warning, e=error. Server.py logs HTTP requests in after_request middleware. Email_handler.py logs every ph",simple-login/app,2026-09-06T18:40:52.150Z
20260906T141944.965072498Z-openclaw-sweatlasqa-pilot30-amem-task-sglang,task-6905333b74f22949d97ba9ad,10,2,5,16946261-c649-49db-807c-0b396e0a6488,50.81433,match,"Dashboard (app/dashboard/views/index.py): Shows stats (nb_alias, nb_forward, nb_reply, nb_block), lists aliases with pagination, allows creating random/custom aliases, disabling/deleting aliases. On first login shows intro. Key endpoints: POST /dashboard (create alias), /contacts/<id>/toggle (block/",simple-login/app,2026-09-06T18:40:51.691Z
20260906T141944.965072498Z-openclaw-sweatlasqa-pilot30-amem-task-sglang,task-6905333b74f22949d97ba9ad,10,2,6,a5c78ad6-30af-4f2e-8cb5-5ef9bd6113ef,45.09815,link,"Background jobs (cron.py): stats, delete_logs, delete_old_monitoring, check_custom_domain, check_hibp, notify_hibp, poll_apple_subscription, notify_trial_end, notify_manual_subscription_end, notify_premium_end, delete_scheduled_users, send_undelivered_mails, clear_alias_audit_log, clear_user_audit_l",simple-login/app,2026-09-06T18:40:51.689Z
20260906T141944.965072498Z-openclaw-sweatlasqa-pilot30-amem-task-sglang,task-6905333b74f22949d97ba9ae,11,2,1,a524d6a1-79e9-4fe8-829f-145096569118,72.49297,match,"CRITICAL FINDING: Contact.reply_email has NO unique constraint at the database level — only a regular (non-unique) index. The Contact model has UniqueConstraint(""alias_id"", ""website_email"") but not on reply_email. This means the collision check for reply_email is purely runtime (available_sl_email()",simple-login/app,2026-09-06T19:00:23.315Z
20260906T141944.965072498Z-openclaw-sweatlasqa-pilot30-amem-task-sglang,task-6905333b74f22949d97ba9ae,11,2,2,26084c08-5c23-4bb6-8a1c-c0b0920df4ba,62.61976,match,"Reply email resolution flow: 1) In forward phase, Contact.create() calls generate_reply_email() which calls available_sl_email() to check for collision, then creates contact. 2) In reply phase, handle_reply() receives rcpt_to as the reverse alias email, normalizes it with normalize_reply_email(), th",simple-login/app,2026-09-06T19:00:38.783Z
20260906T141944.965072498Z-openclaw-sweatlasqa-pilot30-amem-task-sglang,task-6905333b74f22949d97ba9ae,11,2,3,0ffbec3d-eaf7-4ec4-905c-57a0b1aa98b3,50.447390000000006,match,"handle_reply() in email_handler.py: The reply flow starts with rcpt_to as the reply_email. It looks up Contact.get_by(reply_email=reply_email). The Contact model has a reply_email column (nullable=False, indexed). The contact determines the forwarding destination - the reply is sent to contact.websi",simple-login/app,2026-09-06T18:49:51.147Z
20260906T141944.965072498Z-openclaw-sweatlasqa-pilot30-amem-task-sglang,task-6905333b74f22949d97ba9ae,11,2,4,5a5cbc19-2bea-4731-896a-45a1745420c2,48.513532,match,"Repository: SimpleLogin (email alias/proxy service). Key files: email_handler.py (main email processing), app/email_utils.py, app/models.py (Contact, Alias, User models), app/contact_utils.py, cron.py. Email flows through email_handler.py as the main entry point for inbound email processing.",simple-login/app,2026-09-06T18:49:20.833Z
20260906T141944.965072498Z-openclaw-sweatlasqa-pilot30-amem-task-sglang,task-6905333b74f22949d97ba9ae,11,2,5,ed5a8b85-1e81-4c11-89df-8248053f1eb9,46.87674,match,"normalize_reply_email() in email_validation.py: if reply_email contains non-ASCII chars, convert_to_id() is called which lowercases, removes accents via unidecode(), removes spaces. For other invalid chars not in _ALLOWED_CHARS (alphanumeric, _-+@), they are replaced with underscore. This means a re",simple-login/app,2026-09-06T19:00:54.231Z
20260906T141944.965072498Z-openclaw-sweatlasqa-pilot30-amem-task-sglang,task-6905333b74f22949d97ba9af,12,2,1,46b3aa6f-4c91-453c-abc7-776f13a5d3a8,68.05428,match,"For SimpleLogin codebase at /app:
1. When database has no tables (empty DB, no migrations):
   - Login page GET works fine (no DB queries on GET)
   - DB connection is established at module import time (app/db.py line 12: engine.connect())
   - Any DB query on non-existent table raises ProgrammingEr",simple-login/app,2026-09-06T19:41:21.937Z
20260906T141944.965072498Z-openclaw-sweatlasqa-pilot30-amem-task-sglang,task-6905333b74f22949d97ba9d4,20,2,1,edae057c-4d7a-493a-8827-33399190c2fc,65.73282999999999,match,"Paperless-NGX runtime architecture: supervisord manages 3 processes - gunicorn (ASGI server on port 8000, 2 workers, Uvicorn-based), document_consumer (watches consume/ directory via inotify or polling), qcluster (Django-Q task queue workers). External services: Redis (broker), PostgreSQL/SQLite (DB",paperless-ngx/paperless-ngx,2026-09-06T21:59:55.630Z
20260906T141944.965072498Z-openclaw-sweatlasqa-pilot30-amem-task-sglang,task-6905333b74f22949d97ba9d4,20,2,2,bbd5e750-f4a8-467e-81b2-75140464614f,53.82657,match,"Paperless-NGX repo at /app is a document management system. Main structure: src/ (Python Django backend), src-ui/ (frontend), docker/ (containerization), scripts/ (setup/deploy), gunicorn.conf.py (WSGI server), Pipfile (Python deps). Key components: Django app with Celery task queue, Redis, PostgreS",paperless-ngx/paperless-ngx,2026-09-06T21:54:16.004Z
20260906T141944.965072498Z-openclaw-sweatlasqa-pilot30-amem-task-sglang,task-6905333b74f22949d97ba9d5,21,2,1,b2e93681-2cea-4aeb-aeec-4b38b32bd31c,67.527103,match,"Paperless-NGX document ingestion pipeline flow: 1) File placed in CONSUMPTION_DIR → 2) document_consumer management command detects file via inotify or polling → 3) _consume() waits for file stability, checks extension, optionally creates tags from path → 4) async_task(""documents.tasks.consume_file""",paperless-ngx/paperless-ngx,2026-09-06T22:07:40.808Z
20260906T141944.965072498Z-openclaw-sweatlasqa-pilot30-amem-task-sglang,task-6905333b74f22949d97ba9d5,21,2,2,72bf481d-81a0-479d-93a9-5b79fd9222ac,67.08014,match,"Key loggers and log sources in Paperless-NGX: paperless.consumer (logging_name in Consumer class, LoggingMixin), paperless.tasks (tasks.py logger), paperless.parsing (DocumentParser base class), paperless.parsing.tesseract (RasterisedDocumentParser), paperless.parsing.tika (TikaDocumentParser), pape",paperless-ngx/paperless-ngx,2026-09-06T22:07:58.228Z
20260906T141944.965072498Z-openclaw-sweatlasqa-pilot30-amem-task-sglang,task-6905333b74f22949d97ba9d5,21,2,3,914c541e-24e7-4410-be1c-48710b448c20,59.142053000000004,match,"Progress/status messages in Paperless-NGX pipeline: Messages are sent via _send_progress through Channels WebSocket group ""status_updates"". Progress stages: 0/100 STARTING ""new_file"" → 20/100 WORKING ""parsing_document"" → 70/100 WORKING ""generating_thumbnail"" → 90/100 WORKING ""parse_date"" (if date ne",paperless-ngx/paperless-ngx,2026-09-06T22:07:40.809Z
20260906T141944.965072498Z-openclaw-sweatlasqa-pilot30-amem-task-sglang,task-6905333b74f22949d97ba9d5,21,2,4,35ba30fb-04b6-4383-8c75-b41636dfe9bf,42.461895999999996,match,"Document data storage locations: ORIGINALS_DIR/MEDIA_ROOT/documents/originals/ — source document stored with generated filename (e.g., 0000001.pdf or based on PAPERLESS_FILENAME_FORMAT); ARCHIVE_DIR/MEDIA_ROOT/documents/archive/ — OCR'd archive PDF with .pdf extension; THUMBNAIL_DIR/MEDIA_ROOT/docum",paperless-ngx/paperless-ngx,2026-09-06T22:07:58.231Z
20260906T141944.965072498Z-openclaw-sweatlasqa-pilot30-amem-task-sglang,task-6905333b74f22949d97ba9d5,21,2,5,54b74a35-9eec-452c-813d-879797980a01,58.32181,match,"Duplicate detection in Paperless-NGX: pre_check_duplicate() reads file as bytes, computes MD5 checksum via hashlib.md5(), then queries Document.objects.filter(Q(checksum=checksum) | Q(archive_checksum=checksum)).exists(). If duplicate found: if CONSUMER_DELETE_DUPLICATES is True, deletes the incomin",paperless-ngx/paperless-ngx,2026-09-06T22:07:40.811Z
20260906T141944.965072498Z-openclaw-sweatlasqa-pilot30-amem-task-sglang,task-6905333b74f22949d97ba9d6,22,2,1,5a8f1f68-ac0c-4e2d-bff1-436c9dbcbc70,40.56396,match,"Paperless-ngx codebase is in /app/src/ with main Django apps: documents (core models, consumer, parsers, tasks, signals), paperless_tesseract (OCR parser using Tesseract), paperless_text (plain text extraction), paperless_tika (document parsing via Apache Tika), paperless_mail (email processing). Ke",paperless-ngx/paperless-ngx,2026-09-06T22:14:01.158Z
20260906T141944.965072498Z-openclaw-sweatlasqa-pilot30-amem-task-sglang,task-6905333b74f22949d97ba9d7,23,2,1,899a6e48-2cda-4509-9eb4-2552663d0d9b,69.00869,match,"Paperless-ngx API authentication uses Django REST Framework's TokenAuthentication from rest_framework.authentication module. The header format is ""Authorization: Token &lt;key&gt;"" where key is a 40-char hex string. Tokens are stored in the rest_framework.authtoken.models.Token model (key=CharField ",paperless-ngx/paperless-ngx,2026-09-06T22:24:57.441Z
20260906T141944.965072498Z-openclaw-sweatlasqa-pilot30-amem-task-sglang,task-6905333b74f22949d97ba9d9,25,2,1,ebf74e78-d7e0-4700-bc62-5fe74607f4ec,75.84449,match,"paperless-ngx uses django-q (not Celery) as its task queue. The Q cluster is managed via `manage.py qcluster` command (run as the ""scheduler"" service in supervisord). Background jobs are triggered via `django_q.tasks.async_task()`. The broker is Redis (configured via PAPERLESS_REDIS env var). The we",paperless-ngx/paperless-ngx,2026-09-06T22:44:07.598Z
20260906T141944.965072498Z-openclaw-sweatlasqa-pilot30-amem-task-sglang,task-6905333b74f22949d97ba9d9,25,2,2,e5984eee-cb3d-43e1-845f-449f8467855b,68.88032,match,"paperless-ngx background processing flow: 1) Files arrive in CONSUMPTION_DIR via copy/drop or API upload or email attachments. 2) document_consumer.py watches the dir (via inotify or polling) and calls async_task(""documents.tasks.consume_file"", ...) to enqueue work. 3) The qcluster scheduler picks u",paperless-ngx/paperless-ngx,2026-09-06T22:44:14.952Z
20260906T141944.965072498Z-openclaw-sweatlasqa-pilot30-amem-task-sglang,task-6905333b74f22949d97ba9dd,28,2,1,b4e645bd-3e9a-4280-b779-9c20ddb94d10,78.31097,match,Paperless-NGX ingestion pipeline trace: 1) File drops in consumption directory → 2) document_consumer management command uses watchdog/inotify or polling to detect file → 3) Handler.on_created/on_moved fires _consume_wait_unmodified() to wait for file to be stable → 4) _consume() validates extension,paperless-ngx/paperless-ngx,2026-09-06T23:22:52.921Z
20260906T141944.965072498Z-openclaw-sweatlasqa-pilot30-amem-task-sglang,task-6905333b74f22949d97ba9dd,28,2,2,a572b29d-6614-4780-94e4-d45317cab286,67.26135,match,"Paperless-NGX codebase structure: main app is in /app/src/ with a Django project. Key apps: documents (core), paperless_mail, paperless_tesseract, paperless_text, paperless_tika. The documents app contains consumer.py (file ingestion), tasks.py (task queue), classifiers.py, parsers.py, models.py, an",paperless-ngx/paperless-ngx,2026-09-06T23:16:43.525Z
20260906T141944.965072498Z-openclaw-sweatlasqa-pilot30-amem-task-sglang,task-6905333b74f22949d97ba9de,29,2,1,3b6cf877-1b08-482c-bfc6-737b79c337f0,65.40595,match,"Paperless memory spike analysis: Key findings about memory usage patterns during document import:

1. DocumentSerializer has depth=1 (serialisers.py:221) - causes Django REST Framework to eagerly load ALL related objects (correspondent, tags, document_type) into nested dictionaries. The Document mod",paperless-ngx/paperless-ngx,2026-09-06T23:35:17.901Z
20260906T141944.965072498Z-openclaw-sweatlasqa-pilot30-amem-task-sglang,task-6905333b74f22949d97ba9de,29,2,2,7eb3c4dd-a4c4-4ab3-9949-0f53260f70f1,61.212564,match,"Memory spike root causes confirmed through code analysis:

PRIMARY: The Document.content TextField contains full extracted document text (can be hundreds of KB to MB for OCR'd PDFs). During document import, this text exists simultaneously as:
- Local variable in Consumer.try_consume_file()
- DB-stor",paperless-ngx/paperless-ngx,2026-09-06T23:39:17.268Z
20260907T013422.077067776Z-openclaw-sweatlasqa-pilot30-shuffle1-amem-repo-sglang,task-6905333b74f22949d97ba9ac,1,2,1,466f88e2-fec9-4d5f-a531-7c2726d2c53c,65.716946,match,"SimpleLogin email forward flow: email_handler.handle() routes to handle_forward() for alias recipients. When alias exists, forward_email_to_mailbox() creates EmailLog with original Message-ID, generates reply_email (reverse-alias) via Contact.new_addr() which formats as ""name - email at domain <repl",simple-login/app,2026-09-07T02:20:06.604Z
20260907T013422.077067776Z-openclaw-sweatlasqa-pilot30-shuffle1-amem-repo-sglang,task-6905333b74f22949d97ba9ae,2,1,1,466f88e2-fec9-4d5f-a531-7c2726d2c53c,65.337056,match,"SimpleLogin email forward flow: email_handler.handle() routes to handle_forward() for alias recipients. When alias exists, forward_email_to_mailbox() creates EmailLog with original Message-ID, generates reply_email (reverse-alias) via Contact.new_addr() which formats as ""name - email at domain <repl",simple-login/app,2026-09-07T02:20:06.604Z
20260907T013422.077067776Z-openclaw-sweatlasqa-pilot30-shuffle1-amem-repo-sglang,task-6905333b74f22949d97ba9ae,2,2,1,466f88e2-fec9-4d5f-a531-7c2726d2c53c,70.29401,match,"SimpleLogin email forward flow: email_handler.handle() routes to handle_forward() for alias recipients. When alias exists, forward_email_to_mailbox() creates EmailLog with original Message-ID, generates reply_email (reverse-alias) via Contact.new_addr() which formats as ""name - email at domain <repl",simple-login/app,2026-09-07T02:20:06.604Z
20260907T013422.077067776Z-openclaw-sweatlasqa-pilot30-shuffle1-amem-repo-sglang,task-6905333b74f22949d97ba9ae,2,3,1,97334410-600b-4b4e-9879-992fb7dcf72b,73.93269500000001,match,"SimpleLogin reply resolution flow: 1) handle() checks if rcpt_to is a reverse alias via is_reverse_alias() which does Contact.get_by(reply_email=rcpt_to) + domain/prefix check. 2) If reverse alias, handle_reply() is called. 3) handle_reply normalizes the reply_email via normalize_reply_email() (drop",simple-login/app,2026-09-07T02:44:42.630Z
20260907T013422.077067776Z-openclaw-sweatlasqa-pilot30-shuffle1-amem-repo-sglang,task-6905333b74f22949d97ba9ae,2,3,2,466f88e2-fec9-4d5f-a531-7c2726d2c53c,74.96078,match,"SimpleLogin email forward flow: email_handler.handle() routes to handle_forward() for alias recipients. When alias exists, forward_email_to_mailbox() creates EmailLog with original Message-ID, generates reply_email (reverse-alias) via Contact.new_addr() which formats as ""name - email at domain <repl",simple-login/app,2026-09-07T02:20:06.604Z
20260907T013422.077067776Z-openclaw-sweatlasqa-pilot30-shuffle1-amem-repo-sglang,task-6905333b74f22949d97ba9ae,2,3,3,130196f2-637b-4735-b8b3-de4bd567c546,67.029464,match,"Alias transfer mechanism: transfer_alias() updates Contact.user_id, Alias.user_id, and other related tables. When an alias is transferred, the same reply_email continues to resolve to the same contact (now with new user_id). The contact lookup by reply_email always returns the same contact regardles",simple-login/app,2026-09-07T02:44:42.643Z
20260907T013422.077067776Z-openclaw-sweatlasqa-pilot30-shuffle1-amem-repo-sglang,task-6905333b74f22949d97ba9ae,2,3,4,15011ff5-3ed5-4d87-a903-e2a92f2ce926,50.47577,match,"Contact creation race condition: In contact_utils.create_contact(), the function checks Contact.get_by(alias_id, website_email) then creates if not exists. The UniqueConstraint is on (alias_id, website_email). Reply_email is generated via generate_reply_email() which uses available_sl_email() for un",simple-login/app,2026-09-07T02:44:42.632Z
20260907T013422.077067776Z-openclaw-sweatlasqa-pilot30-shuffle1-amem-repo-sglang,task-6905333b74f22949d97ba9af,3,1,1,15011ff5-3ed5-4d87-a903-e2a92f2ce926,37.33856,match,"Contact creation race condition: In contact_utils.create_contact(), the function checks Contact.get_by(alias_id, website_email) then creates if not exists. The UniqueConstraint is on (alias_id, website_email). Reply_email is generated via generate_reply_email() which uses available_sl_email() for un",simple-login/app,2026-09-07T02:44:42.632Z
20260907T013422.077067776Z-openclaw-sweatlasqa-pilot30-shuffle1-amem-repo-sglang,task-6905333b74f22949d97ba9af,3,1,2,97334410-600b-4b4e-9879-992fb7dcf72b,34.990728,match,"SimpleLogin reply resolution flow: 1) handle() checks if rcpt_to is a reverse alias via is_reverse_alias() which does Contact.get_by(reply_email=rcpt_to) + domain/prefix check. 2) If reverse alias, handle_reply() is called. 3) handle_reply normalizes the reply_email via normalize_reply_email() (drop",simple-login/app,2026-09-07T02:44:42.630Z
20260907T013422.077067776Z-openclaw-sweatlasqa-pilot30-shuffle1-amem-repo-sglang,task-6905333b74f22949d97ba9af,3,1,3,130196f2-637b-4735-b8b3-de4bd567c546,33.860856,match,"Alias transfer mechanism: transfer_alias() updates Contact.user_id, Alias.user_id, and other related tables. When an alias is transferred, the same reply_email continues to resolve to the same contact (now with new user_id). The contact lookup by reply_email always returns the same contact regardles",simple-login/app,2026-09-07T02:44:42.643Z
20260907T013422.077067776Z-openclaw-sweatlasqa-pilot30-shuffle1-amem-repo-sglang,task-6905333b74f22949d97ba9af,3,1,4,466f88e2-fec9-4d5f-a531-7c2726d2c53c,36.93024,match,"SimpleLogin email forward flow: email_handler.handle() routes to handle_forward() for alias recipients. When alias exists, forward_email_to_mailbox() creates EmailLog with original Message-ID, generates reply_email (reverse-alias) via Contact.new_addr() which formats as ""name - email at domain <repl",simple-login/app,2026-09-07T02:20:06.604Z
20260907T013422.077067776Z-openclaw-sweatlasqa-pilot30-shuffle1-amem-repo-sglang,task-6905333b74f22949d97ba9d3,16,2,1,93a1f8a5-d4d2-425a-bdab-d2938970d3da,50.57175,match,"Paperless-ngx document ingestion pipeline (detailed):

1. Consumer watches CONSUMPTION_DIR via inotify/polling. When a file appears, it calls tasks.consume_file() via django-q async_task.

2. consume_file() in tasks.py: scans for barcode page separators (if enabled), splits if found, otherwise calls",paperless-ngx/paperless-ngx,2026-09-07T10:05:30.867Z
20260907T013422.077067776Z-openclaw-sweatlasqa-pilot30-shuffle1-amem-repo-sglang,task-6905333b74f22949d97ba9d3,16,2,2,6514d228-adde-4b4e-a384-c15f303f703e,49.422443,match,"paperless-ngx project structure: src/documents/ (core document model, signals, management commands, migrations), src/paperless/ (main Django app), src/paperless_tesseract/ (OCR via tesseract), src/paperless_text/ (text extraction), src/paperless_tika/ (Tika-based extraction), src/paperless_mail/ (em",paperless-ngx/paperless-ngx,2026-09-07T09:59:08.470Z
20260907T013422.077067776Z-openclaw-sweatlasqa-pilot30-shuffle1-amem-repo-sglang,task-6905333b74f22949d97ba9d7,19,1,1,6514d228-adde-4b4e-a384-c15f303f703e,50.52881,match,"paperless-ngx project structure: src/documents/ (core document model, signals, management commands, migrations), src/paperless/ (main Django app), src/paperless_tesseract/ (OCR via tesseract), src/paperless_text/ (text extraction), src/paperless_tika/ (Tika-based extraction), src/paperless_mail/ (em",paperless-ngx/paperless-ngx,2026-09-07T09:59:08.470Z
20260907T013422.077067776Z-openclaw-sweatlasqa-pilot30-shuffle1-amem-repo-sglang,task-6905333b74f22949d97ba9d7,19,1,2,93a1f8a5-d4d2-425a-bdab-d2938970d3da,48.895788,match,"Paperless-NGX ingestion architecture: File detection via two mechanisms in document_consumer.py management command - (1) inotify recursive (CONSUMER_POLLING=0 with inotifyrecursive installed) for real-time CLOSE_WRITE/MOVED_TO events, (2) PollingObserver with configurable interval (CONSUMER_POLLING>",paperless-ngx/paperless-ngx,2026-09-07T10:05:30.867Z
20260907T013422.077067776Z-openclaw-sweatlasqa-pilot30-shuffle1-amem-repo-sglang,task-6905333b74f22949d97ba9d7,19,1,3,bce7aac9-797b-4958-b6a1-d05c8c5b8333,32.432356,match,"ROOT CAUSE of document list pagination instability: The Document model has Meta.ordering = ('-created',) which serves as default sort. When OrderigFilter is used (via ?ordering= param from UI), it REPLACES the model's default ordering with only the requested field. No secondary sort key (like ID) is",paperless-ngx/paperless-ngx,2026-09-07T10:23:16.792Z
20260907T013422.077067776Z-openclaw-sweatlasqa-pilot30-shuffle1-amem-repo-sglang,task-6905333b74f22949d97ba9dd,18,1,1,93a1f8a5-d4d2-425a-bdab-d2938970d3da,73.457396,match,"Paperless-ngx document ingestion pipeline (detailed):

1. Consumer watches CONSUMPTION_DIR via inotify/polling. When a file appears, it calls tasks.consume_file() via django-q async_task.

2. consume_file() in tasks.py: scans for barcode page separators (if enabled), splits if found, otherwise calls",paperless-ngx/paperless-ngx,2026-09-07T10:05:30.867Z
20260907T013422.077067776Z-openclaw-sweatlasqa-pilot30-shuffle1-amem-repo-sglang,task-6905333b74f22949d97ba9dd,18,1,2,6514d228-adde-4b4e-a384-c15f303f703e,64.676976,match,"paperless-ngx project structure: src/documents/ (core document model, signals, management commands, migrations), src/paperless/ (main Django app), src/paperless_tesseract/ (OCR via tesseract), src/paperless_text/ (text extraction), src/paperless_tika/ (Tika-based extraction), src/paperless_mail/ (em",paperless-ngx/paperless-ngx,2026-09-07T09:59:08.470Z
20260907T013422.077067776Z-openclaw-sweatlasqa-pilot30-shuffle1-amem-repo-sglang,task-6905333b74f22949d97ba9dd,18,1,3,bce7aac9-797b-4958-b6a1-d05c8c5b8333,40.663830000000004,match,"ROOT CAUSE of document list pagination instability: The Document model has Meta.ordering = ('-created',) which serves as default sort. When OrderigFilter is used (via ?ordering= param from UI), it REPLACES the model's default ordering with only the requested field. No secondary sort key (like ID) is",paperless-ngx/paperless-ngx,2026-09-07T10:23:16.792Z
20260907T013422.077067776Z-openclaw-sweatlasqa-pilot30-shuffle1-amem-repo-sglang,task-6905333b74f22949d97ba9e0,17,1,1,6514d228-adde-4b4e-a384-c15f303f703e,40.452245,match,"paperless-ngx project structure: src/documents/ (core document model, signals, management commands, migrations), src/paperless/ (main Django app), src/paperless_tesseract/ (OCR via tesseract), src/paperless_text/ (text extraction), src/paperless_tika/ (Tika-based extraction), src/paperless_mail/ (em",paperless-ngx/paperless-ngx,2026-09-07T09:59:08.470Z
20260907T013422.077067776Z-openclaw-sweatlasqa-pilot30-shuffle1-amem-repo-sglang,task-6905333b74f22949d97ba9e0,17,1,2,93a1f8a5-d4d2-425a-bdab-d2938970d3da,49.996245,match,"Paperless-ngx document ingestion pipeline (detailed):

1. Consumer watches CONSUMPTION_DIR via inotify/polling. When a file appears, it calls tasks.consume_file() via django-q async_task.

2. consume_file() in tasks.py: scans for barcode page separators (if enabled), splits if found, otherwise calls",paperless-ngx/paperless-ngx,2026-09-07T10:05:30.867Z
20260907T013422.077076453Z-openclaw-sweatlasqa-pilot30-shuffle1-amem-task-sglang,task-6905333b74f22949d97ba9a4,12,2,1,5c4bed0d-c5ef-40a8-a284-6bca2b9ae910,69.394743,match,"SimpleLogin background jobs: 1) cron.py - scheduled jobs via crontab.yml (stats daily, delete monitoring, check custom domains, HIBP checks, notification reminders, cleanup tokens, audit logs) - runs via yacron scheduler. 2) job_runner.py - polls Job table every 10s for onboarding emails, batch impo",simple-login/app,2026-09-07T06:12:14.764Z
20260907T013422.077076453Z-openclaw-sweatlasqa-pilot30-shuffle1-amem-task-sglang,task-6905333b74f22949d97ba9a4,12,2,2,b5967d3d-57fd-4ec2-8cdd-95f9422d5bcb,64.568883,match,"SimpleLogin request flow: Flask app entry point is server.py local_main() (dev) or wsgi:app (prod). Requests enter via Flask routing with blueprints: /auth (login/logout), /dashboard (web UI), /api (REST API), /internal (integrations), /oauth /oauth2 (OAuth2/OpenID). The / route redirects authentica",simple-login/app,2026-09-07T06:11:12.197Z
20260907T013422.077076453Z-openclaw-sweatlasqa-pilot30-shuffle1-amem-task-sglang,task-6905333b74f22949d97ba9a4,12,2,3,0d269476-9656-484d-9b52-261bf3a47c53,60.565376,match,"SimpleLogin user identification: Flask-Login loads user via `load_user(alternative_id)` callback in server.py, looking up User.get_by(alternative_id=...) where alternative_id is a UUID stored in users table. API auth uses `authorize_request()` in app/api/base.py which reads ""Authentication"" header, ",simple-login/app,2026-09-07T06:13:11.278Z
20260907T013422.077076453Z-openclaw-sweatlasqa-pilot30-shuffle1-amem-task-sglang,task-6905333b74f22949d97ba9a4,12,2,4,cc87515c-d677-4309-8753-6f93b1a020fc,57.104677,match,"SimpleLogin startup: local dev uses server.py local_main() which sets config.COLOR_LOG=True, creates Flask app via create_app(), enables Flask-DebugToolbar, runs app.run(debug=True, port=7777). Production uses gunicorn wsgi:app -b 0.0.0.0:7777. Config is loaded from CONFIG env var (path to .env) or ",simple-login/app,2026-09-07T06:10:24.758Z
20260907T013422.077076453Z-openclaw-sweatlasqa-pilot30-shuffle1-amem-task-sglang,task-6905333b74f22949d97ba9a7,15,2,1,e896f11d-7dbc-40eb-accc-0bb4b36ddff9,71.38531,match,"Email forwarding uses VERP (Variable Envelope Return Path) bounce addresses. Forward phase: mail_from set to generate_verp_email(VerpType.bounce_forward, email_log.id, contact_domain) - format: sl.{base32_payload}.{base32_sig}@{domain}. Reply phase: mail_from set to generate_verp_email(VerpType.boun",simple-login/app,2026-09-07T08:04:27.354Z
20260907T013422.077076453Z-openclaw-sweatlasqa-pilot30-shuffle1-amem-task-sglang,task-6905333b74f22949d97ba9a7,15,2,2,7b42750e-5b6d-4386-be12-cac2dfaaeec9,63.45883,match,"Bounce handling: When a bounce arrives at VERP address, get_verp_info_from_email parses it to extract verp_type and email_log_id. handle_bounce() checks email_log.is_reply to determine direction. Forward phase bounce (is_reply=False): calls handle_bounce_forward_phase() which creates RefusedEmail, s",simple-login/app,2026-09-07T08:05:11.267Z
20260907T013422.077076453Z-openclaw-sweatlasqa-pilot30-shuffle1-amem-task-sglang,task-6905333b74f22949d97ba9a7,15,2,3,d7b83344-9ca5-4df9-84c5-6dc59226b4f6,55.177283,match,"Mailbox verification uses MailboxActivation model with MAX_ACTIVATION_TRIES=3 limit. Each failed code attempt increments activation.tries by 1. After 3 failed attempts, the activation code is cleared (clear_activation_codes_for_mailbox) and user must request a new code. Codes also expire after 15 mi",simple-login/app,2026-09-07T08:03:28.168Z
20260907T013422.077076453Z-openclaw-sweatlasqa-pilot30-shuffle1-amem-task-sglang,task-6905333b74f22949d97ba9a7,15,2,4,a4d42071-4e5b-43fb-a127-f86cd1f17ff1,41.728115,match,"Job lifecycle: Job model has states: ready(0), taken(1), done(2), error(3). Jobs are created via Job.create(), picked up by job_runner.py every 10s via get_jobs_to_run(). A job is picked if state=ready OR (state=taken AND taken_at > 30min ago AND attempts < 5). Once picked, state becomes taken, atte",simple-login/app,2026-09-07T08:03:55.640Z
20260907T013422.077076453Z-openclaw-sweatlasqa-pilot30-shuffle1-amem-task-sglang,task-6905333b74f22949d97ba9a9,13,2,1,e1f7304b-2b0f-4435-b949-5f070e01e11d,64.96439000000001,match,"SimpleLogin alias reply routing analysis: The email_handler.py main entry is handle() which dispatches to handle_reply() when rcpt_to is a reverse alias. handle_reply() resolves contact via Contact.get_by(reply_email=normalized_reply_email), then sends to contact.website_email. Key functions: get_ma",simple-login/app,2026-09-07T06:42:24.338Z
20260907T013422.077076453Z-openclaw-sweatlasqa-pilot30-shuffle1-amem-task-sglang,task-6905333b74f22949d97ba9a9,13,2,2,1a7f8612-7525-4a45-a480-1644edcf5061,50.46793,match,Alias transfer in alias_utils.py updates Contact.user_id (line 463-465) BEFORE alias.user_id (line 506). Mailboxes are updated in between (lines 476-482). This means alias.user resolves to the old user until the last step. EmailLog.user_id is set to contact.user_id at creation time and is NOT update,simple-login/app,2026-09-07T06:42:56.654Z
20260907T013422.077076453Z-openclaw-sweatlasqa-pilot30-shuffle1-amem-task-sglang,task-6905333b74f22949d97ba9aa,8,2,1,3ac1cb25-9a70-448a-ba9d-5427026021b0,60.368489999999994,match,"SimpleLogin repo structure: main components are server.py (web server), email_handler.py (email processing), job_runner.py (background jobs), cron.py (scheduled tasks), event_listener.py. App code lives in /app/app/. Uses Flask, PostgreSQL, Redis. Key directories: app/ (Flask app), templates/, stati",simple-login/app,2026-09-07T04:26:27.103Z
20260907T013422.077076453Z-openclaw-sweatlasqa-pilot30-shuffle1-amem-task-sglang,task-6905333b74f22949d97ba9ab,9,2,1,8d43cd3a-600e-4328-9d72-54db96d0e372,72.12333699999999,match,"SimpleLogin alias creation flow: The system has 3 API endpoints for alias creation: POST /api/alias/random/new (for random aliases), POST /api/v2/alias/custom/new (for custom aliases v2), POST /api/v3/alias/custom/new (for custom aliases v3 with mailbox_ids). The main dashboard also has POST /custom",simple-login/app,2026-09-07T04:51:36.174Z
20260907T013422.077076453Z-openclaw-sweatlasqa-pilot30-shuffle1-amem-task-sglang,task-6905333b74f22949d97ba9ab,9,2,2,47cad12b-c19d-4a87-8348-2f8ee7f36237,61.390029999999996,match,"Database tables touched during alias creation:
1. alias - INSERT (the main alias record)
2. daily_metric - UPDATE nb_alias counter (created if not exists for today)
3. alias_audit_log - INSERT (audit log entry with action ""create"")
4. sync_event - INSERT (event payload for partner sync via PostgresD",simple-login/app,2026-09-07T04:51:49.943Z
20260907T013422.077076453Z-openclaw-sweatlasqa-pilot30-shuffle1-amem-task-sglang,task-6905333b74f22949d97ba9ac,1,2,1,f6a5fd98-f2b8-4803-8ceb-fad12556617d,71.242505,match,"SL Message-ID generation: Only during reply phase via make_msgid(str(email_log.id), alias_domain), format is like ""<{timestamp}.{random}.{email_log_id}@{alias_domain}>"". Original Message-ID is preserved in forward phase. During reply phase, the original MESSAGE_ID is deleted and replaced by SL Messa",simple-login/app,2026-09-07T02:00:40.853Z
20260907T013422.077076453Z-openclaw-sweatlasqa-pilot30-shuffle1-amem-task-sglang,task-6905333b74f22949d97ba9ac,1,2,2,b056f7b2-6908-4499-b639-70cb60cff724,70.59276,match,"SimpleLogin email flow:
1. Forward phase (handle_forward): When email arrives at alias@SL, lookup alias. If alias doesn't exist, try auto-create. If still no alias, return 550 (E515). Log: ""alias {addr} not exist. Try to see if it can be created on the fly"" then ""alias {addr} cannot be created on-th",simple-login/app,2026-09-07T01:52:15.147Z
20260907T013422.077076453Z-openclaw-sweatlasqa-pilot30-shuffle1-amem-task-sglang,task-6905333b74f22949d97ba9ac,1,2,3,984cae09-a2ce-47d4-8234-ac63826b6ba7,57.68532,match,"SimpleLogin is a Python application (not Django/Flask directly, uses its own app structure). Main email processing happens in email_handler.py. Key files: email_handler.py (83KB), cron.py (46KB), server.py, job_runner.py, tasks/ directory, app/ directory, tests/ directory. Uses Alembic for migration",simple-login/app,2026-09-07T01:34:58.079Z
20260907T013422.077076453Z-openclaw-sweatlasqa-pilot30-shuffle1-amem-task-sglang,task-6905333b74f22949d97ba9ad,4,2,1,76cd4d95-31d6-4a88-9ae9-97c1b9edc663,66.18121000000001,match,"SimpleLogin is a Python Flask app with PostgreSQL, aiosmtpd for email handling. Key entry points: server.py creates Flask app with routes; email_handler.py runs aiosmtpd SMTP server on port 20381 for incoming email forwarding; cron.py runs scheduled jobs (stats, trial notifications, domain checks, H",simple-login/app,2026-09-07T03:11:38.906Z
20260907T013422.077076453Z-openclaw-sweatlasqa-pilot30-shuffle1-amem-task-sglang,task-6905333b74f22949d97ba9ad,4,2,2,df59f57d-7390-4265-bb23-99a806bca160,62.487143,match,"User registration flow: POST /auth/register validates email/password, creates User record in DB with activated=False, creates default Mailbox linked to user email, auto-creates a ""simplelogin-newsletter"" alias, sends activation email via send_activation_email() which creates ActivationCode (1h expir",simple-login/app,2026-09-07T03:12:16.442Z
20260907T013422.077076453Z-openclaw-sweatlasqa-pilot30-shuffle1-amem-task-sglang,task-6905333b74f22949d97ba9ad,4,2,3,53312551-424b-4c9b-b317-be77ce7162ef,63.111115,match,"Background jobs: User.create() schedules 3 onboarding jobs (JOB_ONBOARDING_1 at day 1, JOB_ONBOARDING_2 at day 2, JOB_ONBOARDING_4 at day 3) which send tip emails via job_runner.py. cron.py runs scheduled tasks: stats, notify_trial_end, delete_logs, sanity_check, check_custom_domain, check_hibp, cle",simple-login/app,2026-09-07T03:13:35.876Z
20260907T013422.077076453Z-openclaw-sweatlasqa-pilot30-shuffle1-amem-task-sglang,task-6905333b74f22949d97ba9ad,4,2,4,c370b2be-f501-41ac-8f16-7411c5cff495,55.153346000000006,match,"Email forwarding architecture: email_handler.py uses aiosmtpd Controller(MailHandler, port=20381). handle(envelope, msg) processes incoming mail. For forward phase: finds alias by rcpt_to, creates Contact if new sender, creates EmailLog record, forwards to user's mailboxes via sl_sendmail (SMTP), mo",simple-login/app,2026-09-07T03:12:55.386Z
20260907T013422.077076453Z-openclaw-sweatlasqa-pilot30-shuffle1-amem-task-sglang,task-6905333b74f22949d97ba9ae,2,2,1,a7b86b61-66aa-4070-b016-b608a2ab0f93,74.266136,match,"SimpleLogin reply handling key findings:
1. Contact.get_by(reply_email=...) uses filter_by().first() which returns ONLY the first matching row - not necessarily the correct contact.
2. Contact table has NO unique constraint on reply_email - only on (alias_id, website_email). The reply_email column h",simple-login/app,2026-09-07T02:17:57.604Z
20260907T013422.077076453Z-openclaw-sweatlasqa-pilot30-shuffle1-amem-task-sglang,task-6905333b74f22949d97ba9ae,2,2,2,55bf7c35-6f0b-4a1e-9532-146ee7ff2f2a,52.931194999999995,match,"SimpleLogin codebase structure: main app at /app, key files include email_handler.py (email processing), app/models.py (data models), app/contact_utils.py (contact handling), app/email_utils.py, app/alias_utils.py. Also has app/handler/ and app/email/ subdirectories. Uses Python/Flask with SQLAlchem",simple-login/app,2026-09-07T02:06:49.983Z
20260907T013422.077076453Z-openclaw-sweatlasqa-pilot30-shuffle1-amem-task-sglang,task-6905333b74f22949d97ba9af,3,2,1,5b3eedf4-cd8f-42b5-b607-43033bb5e5e8,62.68718,match,"SimpleLogin codebase in /app. Key services: (1) Flask web server (server.py, port 7777 local) - serves web UI; (2) email_handler.py (aiosmtpd controller, default port 20381) - SMTP server receiving emails; (3) job_runner.py - scheduled job processor; (4) event_listener.py - event processing from Pos",simple-login/app,2026-09-07T02:41:11.274Z
20260907T013422.077076453Z-openclaw-sweatlasqa-pilot30-shuffle1-amem-task-sglang,task-6905333b74f22949d97ba9af,3,2,2,453916ea-0e66-48ef-a05e-e681915123f0,45.578164,match,"When database tables don't exist: GET /login renders successfully (no DB query). POST /login triggers User.get_by() which raises sqlalchemy.exc.OperationalError: (psycopg2.errors.UndefinedTable) relation ""users"" does not exist. Flask error handler catches it, logs via LOG.e(e), and renders error/500",simple-login/app,2026-09-07T02:50:07.503Z
20260907T013422.077076453Z-openclaw-sweatlasqa-pilot30-shuffle1-amem-task-sglang,task-6905333b74f22949d97ba9b2,11,2,1,6eef4a02-8d5a-4ab1-96fa-7b9a6d827a78,73.83063399999999,match,SimpleLogin bounce system has two address formats: (1) Old format: bounce+{email_log_id}+@domain - parsed by parse_id_from_bounce() which uses simple string find() between first and last +. No cryptographic validation. (2) New VERP format: sl.{base32_payload}.{base32_signature}@domain - verified wit,simple-login/app,2026-09-07T05:51:33.337Z
20260907T013422.077076453Z-openclaw-sweatlasqa-pilot30-shuffle1-amem-task-sglang,task-6905333b74f22949d97ba9b2,11,2,2,60345a6a-4c07-4564-95b2-87f56de2b23a,49.56439,match,"Bounce detection (is_bounce function) checks: envelope.mail_from == ""<>"" AND msg.get_content_type() == ""multipart/report"". Both are attacker-controllable. Out-of-office detection checks msg[""Auto-Submitted""] header for ""auto-replied"" or ""auto-generated"" - also attacker-controllable. If a message to ",simple-login/app,2026-09-07T05:52:09.201Z
20260907T013422.077076453Z-openclaw-sweatlasqa-pilot30-shuffle1-amem-task-sglang,task-6905333b74f22949d97ba9d2,20,2,1,41e5b657-9d36-471a-8043-6a2efbcb338e,69.77744,match,"paperless-ngx tags/correspondents/document_types organization: All three share MatchingModel base class with: name, match pattern (regex/string), matching_algorithm (ANY/ALL/LITERAL/REGEX/FUZZY/AUTO), is_insensitive. Tags additionally have color field and is_inbox_tag flag (inbox tags auto-apply to ",paperless-ngx/paperless-ngx,2026-09-07T10:07:43.521Z
20260907T013422.077076453Z-openclaw-sweatlasqa-pilot30-shuffle1-amem-task-sglang,task-6905333b74f22949d97ba9d2,20,2,2,42a21b72-16ae-4b53-8406-1f2ab0cccf5c,69.002193,match,"paperless-ngx document lifecycle: 1) Document enters via 3 paths: consumption directory (watched by document_consumer management command via inotify/polling), API upload (PostDocumentView), or email attachments (paperless_mail). 2) Each path calls async_task(""documents.tasks.consume_file"", ...) via ",paperless-ngx/paperless-ngx,2026-09-07T10:07:23.991Z
20260907T013422.077076453Z-openclaw-sweatlasqa-pilot30-shuffle1-amem-task-sglang,task-6905333b74f22949d97ba9d2,20,2,3,fbfa9631-7589-4aa8-9c19-1c5ae83f2c40,60.891099999999994,match,"paperless-ngx Document model metadata fields: REQUIRED at creation: content (TextField, extracted OCR text, defaults to blank), mime_type (CharField, set by magic library), checksum (md5, unique, computed from original), storage_type (defaults unencrypted). AUTO/DERIVED: created (auto-set from parse",paperless-ngx/paperless-ngx,2026-09-07T10:07:33.585Z
20260907T013422.077076453Z-openclaw-sweatlasqa-pilot30-shuffle1-amem-task-sglang,task-6905333b74f22949d97ba9d3,16,2,1,a6254605-e8b6-4770-9b22-34a7063813c4,45.79927,match,"paperless-ngx repository is at /app. Key directories: src/documents (main Django app for document processing), src/paperless_text, src/paperless_tesseract (OCR), src/paperless_tika (PDF text extraction), src/paperless_mail (email parsing), src-ui (Angular frontend), docker/, docs/.",paperless-ngx/paperless-ngx,2026-09-07T08:10:44.931Z
20260907T013422.077076453Z-openclaw-sweatlasqa-pilot30-shuffle1-amem-task-sglang,task-6905333b74f22949d97ba9d4,29,2,1,97dee762-88f8-44c6-bbb9-677900d3f08b,68.43922,match,"Paperless-NGX architecture: Docker-based Django app managed by supervisord with 3 main processes: 1) gunicorn (ASGI web server using UvicornWorker), 2) consumer (document_consumer management command for file consumption), 3) scheduler (qcluster for Celery/async task queue). Key modules: documents/co",paperless-ngx/paperless-ngx,2026-09-07T12:19:37.649Z
20260907T013422.077076453Z-openclaw-sweatlasqa-pilot30-shuffle1-amem-task-sglang,task-6905333b74f22949d97ba9d4,29,2,2,90d30831-7dfd-41e3-8c3d-1e48f6ab9f35,67.55469,match,"Paperless-NGX 1.7.0 (commit 542221a38) runs on Docker with supervisord managing 3 processes: 1) gunicorn (ASGI web server on port 8000, 2 workers, UvicornWorker class, logs ""Server is ready. Spawning workers"" via gunicorn.when_ready callback), 2) consumer (document_consumer management command, watch",paperless-ngx/paperless-ngx,2026-09-07T12:31:39.089Z
20260907T013422.077076453Z-openclaw-sweatlasqa-pilot30-shuffle1-amem-task-sglang,task-6905333b74f22949d97ba9d5,30,2,1,1a7c3e1c-32ad-48c7-bd0a-dbcdba33956d,72.50551,match,Paperless-NGX document ingestion pipeline: 1) File detected via management command document_consumer.py using inotify/polling/file-watching on CONSUMPTION_DIR; 2) File queued as Django-Q async task (consume_file in tasks.py) with task_name=os.path.basename(filepath)[:100]; 3) Consumer.try_consume_fi,paperless-ngx/paperless-ngx,2026-09-07T13:08:40.478Z
20260907T013422.077076453Z-openclaw-sweatlasqa-pilot30-shuffle1-amem-task-sglang,task-6905333b74f22949d97ba9d9,21,2,1,7df1eac8-626c-4ace-aaf6-2da8217b2bbf,72.32562,match,"paperless-ngx background ingestion architecture: The main async task is documents.tasks.consume_file(), called via django_q.tasks.async_task. This function handles barcode splitting, delegates to Consumer.try_consume_file() for parsing/OCR/thumbnail/document creation, and sends progress updates via ",paperless-ngx/paperless-ngx,2026-09-07T10:15:46.078Z
20260907T013422.077076453Z-openclaw-sweatlasqa-pilot30-shuffle1-amem-task-sglang,task-6905333b74f22949d97ba9d9,21,2,2,6476e226-2076-49af-a856-1010d147371c,70.14719000000001,match,"paperless-ngx uses Django Q (not Celery) as its task queue backend. The broker is Redis (configurable via PAPERLESS_REDIS env var, default redis://localhost:6379). Key Django Q settings: name=""paperless"", workers from TASK_WORKERS (default based on CPU count), retry=PAPERLESS_WORKER_RETRY, timeout=P",paperless-ngx/paperless-ngx,2026-09-07T10:15:39.186Z
20260907T013422.077076453Z-openclaw-sweatlasqa-pilot30-shuffle1-amem-task-sglang,task-6905333b74f22949d97ba9d9,21,2,3,394f1c01-ea6b-4295-ada9-6752311f841f,66.67539000000001,match,paperless-ngx supervision: Docker uses supervisord with 3 processes: 1) gunicorn (WSGI/ASGI server for Django REST API + WebSocket) 2) consumer (document_consumer management command watching CONSUMPTION_DIR) 3) scheduler (qcluster management command running Django Q workers). The qcluster command ma,paperless-ngx/paperless-ngx,2026-09-07T10:16:18.583Z
20260907T013422.077076453Z-openclaw-sweatlasqa-pilot30-shuffle1-amem-task-sglang,task-6905333b74f22949d97ba9d9,21,2,4,ee597733-0e16-4b1c-bfb1-293ce4b76dca,62.685037,match,"paperless-ngx post-consumption signals (document_consumption_finished): When a document is consumed, this Django signal fires connected handlers in apps.py: add_inbox_tags (adds inbox tags), set_correspondent (auto-match from classifier), set_document_type (auto-match), set_tags (auto-tag), set_log_",paperless-ngx/paperless-ngx,2026-09-07T10:16:11.899Z
20260907T013422.077076453Z-openclaw-sweatlasqa-pilot30-shuffle1-amem-task-sglang,task-6905333b74f22949d97ba9d9,21,2,5,fafd86e9-78d8-4b77-a307-d14b9f42071b,51.262750000000004,match,"Django Q task state storage: tasks are stored in the ORM (PostgreSQL/SQLite) via the django_q.Task model. The OrmQ model holds the waiting queue (key, payload, lock). Task states are: in OrmQ queue = waiting; picked up by worker = in progress; completed/failed = in django_q.Task (success=True/False)",paperless-ngx/paperless-ngx,2026-09-07T10:15:58.769Z
20260907T013422.077076453Z-openclaw-sweatlasqa-pilot30-shuffle1-amem-task-sglang,task-6905333b74f22949d97ba9dc,25,2,1,3f8e7d51-9c8f-4bb3-90ac-780137495c3c,71.64283,match,"Paperless-ngx document upload flow: 1) POST to /api/documents/post_document/ returns HTTP 200 ""OK"" immediately (async), writing temp file to SCRATCH_DIR with prefix ""paperless-upload-"". 2) async_task calls documents.tasks.consume_file -> Consumer().try_consume_file() which runs: STARTING/new_file ->",paperless-ngx/paperless-ngx,2026-09-07T10:49:50.846Z
20260907T013422.077076453Z-openclaw-sweatlasqa-pilot30-shuffle1-amem-task-sglang,task-6905333b74f22949d97ba9dc,25,2,2,014d51f1-4be4-4248-b260-d3d6a00d67a7,62.87376999999999,match,"Paperless-ngx repository located at /app. Key source directories: src/documents/ (core models/views/consumer), src/paperless_tesseract/ (OCR processing), src/paperless_text/ (text parser), src/paperless_tika/ (Tika parser), src/paperless/ (Django project settings).",paperless-ngx/paperless-ngx,2026-09-07T10:45:35.990Z
20260907T111756.126345861Z-openclaw-sweatlasqa-pilot30-shuffle2-amem-task-sglang,task-6905333b74f22949d97ba9a4,14,2,1,be18efea-c1bf-46d2-b6e5-2ab7d60893f5,61.66686,match,"SimpleLogin is a Python Flask web application for email alias masking. The main web app (server.py) uses create_app() to build the Flask app with ProxyFix for nginx, registers 9 blueprints (auth, monitor, dashboard, developer, phone, oauth, onboarding, discover, internal, api). Debug mode runs on po",simple-login/app,2026-09-07T16:50:44.342Z
20260907T111756.126345861Z-openclaw-sweatlasqa-pilot30-shuffle2-amem-task-sglang,task-6905333b74f22949d97ba9a4,14,2,2,e3cff17e-9427-4bc9-897a-ec928b7e91b8,56.23333,match,"Startup sequence: config.py loads .env file (via dotenv), then config.py prints "">>> init logging <<<"" and "">>> URL: <url>"". Log module prints "">>> init logging <<<"". Flask server creates app, sets up DB URI, secret key, sessions, extensions (login_manager, flask_limiter), blueprints, admin panel, P",simple-login/app,2026-09-07T16:50:48.319Z
20260907T111756.126345861Z-openclaw-sweatlasqa-pilot30-shuffle2-amem-task-sglang,task-6905333b74f22949d97ba9a4,14,2,3,a710ca87-eba1-41a0-8160-b68bc6ad7cac,47.713855,match,"Ports and endpoints: Web app on 7777 (gunicorn in production, flask debug dev server on 7777). Email handler SMTP on configurable port (default 20381 via argparse -p). Health check endpoint: GET /health returns ""success"" 200. Blueprints: /auth/* (login, register, oauth), /dashboard/* (user dashboard",simple-login/app,2026-09-07T16:51:36.464Z
20260907T111756.126345861Z-openclaw-sweatlasqa-pilot30-shuffle2-amem-task-sglang,task-6905333b74f22949d97ba9a4,14,2,4,e3927497-b1b8-4297-ae16-a74df0b1043c,40.688032,link,"Authentication flow: web requests first hit server.py before_request handler which records start_time and extracts slref ref_code. For web pages, flask_login handles auth via session cookie (slapp). The login_manager uses load_user() which fetches User by alternative_id from DB, checks disabled/is_a",simple-login/app,2026-09-07T16:50:44.343Z
20260907T111756.126345861Z-openclaw-sweatlasqa-pilot30-shuffle2-amem-task-sglang,task-6905333b74f22949d97ba9a4,14,2,5,8ea6130b-43cf-4c25-9028-1c16ec5d24f0,46.270502,link,"Background jobs: 1) job_runner.py - runs every 10s polling Job table for tasks like onboarding emails, batch imports, account deletion, mailbox deletion, domain deletion, user reports. 2) cron.py - CLI scheduled tasks (stats, delete_logs, check_custom_domain, check_hibp, notify_hibp, poll_apple, etc",simple-login/app,2026-09-07T16:51:33.985Z
20260907T111756.126345861Z-openclaw-sweatlasqa-pilot30-shuffle2-amem-task-sglang,task-6905333b74f22949d97ba9a5,12,2,1,07d47e05-7250-4afd-8669-0431622f3063,63.370439999999995,match,"Alias creation validation flow: check_suffix_signature catches BadSignature internally and returns None for both expired and tampered signatures. API v2/v3 return 412 with ""Alias creation time is expired, please retry"" and log ""Alias creation time expired for {user}"" when signature is invalid/expire",simple-login/app,2026-09-07T15:53:57.558Z
20260907T111756.126345861Z-openclaw-sweatlasqa-pilot30-shuffle2-amem-task-sglang,task-6905333b74f22949d97ba9a5,12,2,2,20a4db8c-5b7a-4817-8bc5-63a2963fd5f4,49.098265000000005,match,"Codebase is a Python Flask app (SimpleLogin-like email alias service). Key alias-related files: app/alias_suffix.py (signed suffixes), app/alias_utils.py (alias creation logic), app/api/ (API handlers), app/errors.py (error handling), app/rate_limiter.py (rate limiting).",simple-login/app,2026-09-07T15:40:54.894Z
20260907T111756.126345861Z-openclaw-sweatlasqa-pilot30-shuffle2-amem-task-sglang,task-6905333b74f22949d97ba9aa,11,2,1,8630e7f8-8496-4c5c-866c-ed6f0a04793a,61.63883,match,"Email handler logs: On start ""Listen for port 20381"" (LOG.i). On receiving email ""New message, mail from X, rctp tos Y"" (LOG.i). On completion ""Finish mail_from X, rcpt_tos Y, takes Z seconds with return code 'W'<<=="" (LOG.i). Uses LOG format with message_id tracking for email lifecycle.",simple-login/app,2026-09-07T15:34:18.017Z
20260907T111756.126345861Z-openclaw-sweatlasqa-pilot30-shuffle2-amem-task-sglang,task-6905333b74f22949d97ba9aa,11,2,2,14c45bd7-5bf9-4ed8-95ab-d5836a32effb,63.02997,match,"SimpleLogin has 3 main components: 1) server.py - Flask web app on port 7777 (dashboard/UI for aliases), 2) email_handler.py - aiosmtpd SMTP server on port 20381 (handles email forwarding/reply), 3) job_runner.py - background scheduler that polls the Job table every 10s for onboarding, batch import,",simple-login/app,2026-09-07T15:34:18.019Z
20260907T111756.126345861Z-openclaw-sweatlasqa-pilot30-shuffle2-amem-task-sglang,task-6905333b74f22949d97ba9aa,11,2,3,613b41a7-40b8-495b-baa8-9f9156f5a683,51.055527,match,"Email forwarding flow: When email arrives at alias@domain, MailHandler._handle creates a unique message_id, calls handle() which calls handle_forward(). Forward looks up alias, creates contact from sender, forwards to user's mailbox(es) with reverse-alias headers, DKIM signing, and VERP. EmailLog re",simple-login/app,2026-09-07T15:34:18.008Z
20260907T111756.126345861Z-openclaw-sweatlasqa-pilot30-shuffle2-amem-task-sglang,task-6905333b74f22949d97ba9aa,11,2,4,32bcfd61-e28a-4340-bc7c-4a32179fb485,59.63055000000001,match,"Job runner logs: On start it enters the main loop. On finding jobs: ""Take job X"" (LOG.d). Processes jobs by name (JOB_ONBOARDING_1/2/4, JOB_BATCH_IMPORT, JOB_DELETE_ACCOUNT, JOB_DELETE_MAILBOX, JOB_SEND_USER_REPORT, etc). Polls every 10 seconds via time.sleep(10).",simple-login/app,2026-09-07T15:34:18.025Z
20260907T111756.126345861Z-openclaw-sweatlasqa-pilot30-shuffle2-amem-task-sglang,task-6905333b74f22949d97ba9aa,11,2,5,dff2ff87-70ce-4896-bea4-1429843fb5b0,53.12731000000001,match,"SMTP status codes: E200=""250 Message accepted"", E209=""250 SL E209 Email Loop"", E502=""550 SL E502 Email not exist"", E504=""550 SL E504 Account disabled"", E519=""550 SL E519 Email detected as spam"". The email_handler.py imports status module with all these codes.",simple-login/app,2026-09-07T15:34:18.019Z
20260907T111756.126345861Z-openclaw-sweatlasqa-pilot30-shuffle2-amem-task-sglang,task-6905333b74f22949d97ba9aa,11,2,6,d4ff9b1e-674c-4c42-ae50-4e21f88d9daa,49.067938,link,"Web server health check: GET /health returns ""success"" with 200 status. The dashboard is at /dashboard/ and requires login. Auth routes at /auth/login and /auth/register. Registration sends activation email. Login redirects authenticated users to dashboard.",simple-login/app,2026-09-07T15:34:18.018Z
20260907T111756.126345861Z-openclaw-sweatlasqa-pilot30-shuffle2-amem-task-sglang,task-6905333b74f22949d97ba9aa,11,2,7,1e03ce5e-eba8-4174-b86d-34d9b9e32c82,44.495255,link,"Alias creation flow: Users can create random aliases (form ""create-random-email"" on dashboard index) or custom aliases (/dashboard/custom_alias). Random aliases use word or uuid schemes. Dashboard shows stats: nb_alias, nb_forward, nb_reply, nb_block. After creation, flash success message and redire",simple-login/app,2026-09-07T15:34:18.021Z
20260907T111756.126345861Z-openclaw-sweatlasqa-pilot30-shuffle2-amem-task-sglang,task-6905333b74f22949d97ba9ab,4,2,1,430d959a-133a-42ba-91c3-aaa292ba81f0,66.025335,match,"Validation and error handling for alias creation: 1) Quota check: user.can_create_new_alias() checks free plan limit (MAX_NB_EMAIL_FREE_PLAN, default 5); returns 400 with message about plan upgrade. 2) Rate limiting: flask-limiter with ALIAS_LIMIT config, returns 429. 3) Parallel lock: Redis-based c",simple-login/app,2026-09-07T13:38:24.774Z
20260907T111756.126345861Z-openclaw-sweatlasqa-pilot30-shuffle2-amem-task-sglang,task-6905333b74f22949d97ba9ab,4,2,2,a166b218-eb9b-4c71-8fa0-6a0d6a1e566c,65.252876,match,"SimpleLogin alias creation flow: The system supports 3 alias creation paths (API and Dashboard). API endpoints: POST /api/alias/random/new (random), POST /api/v2/alias/custom/new (custom v2), POST /api/v3/alias/custom/new (custom v3 with multiple mailboxes). Dashboard: POST /dashboard/custom_alias (",simple-login/app,2026-09-07T13:34:58.368Z
20260907T111756.126345861Z-openclaw-sweatlasqa-pilot30-shuffle2-amem-task-sglang,task-6905333b74f22949d97ba9ab,4,2,3,6a5c97d2-ee04-4dbe-9827-0298d7ade2e4,63.483894,match,"During alias creation, the Alias.create() method (models.py line ~1630) is the core. It: 1) Validates rate limits per user, 2) Sanitizes email, 3) Checks DeletedAlias and DomainDeletedAlias tables, 4) Auto-detects custom domain, 5) Adds the Alias to Session, 6) Updates DailyMetric nb_alias counter, ",simple-login/app,2026-09-07T13:35:17.254Z
20260907T111756.126345861Z-openclaw-sweatlasqa-pilot30-shuffle2-amem-task-sglang,task-6905333b74f22949d97ba9ab,4,2,4,4de68ee8-3036-4a7c-b791-5ae50f060ecd,62.006640000000004,match,"Alias creation API responses: Success (201) returns JSON with ""alias"" field (email string) plus serialize_alias_info_v2() which includes: id, email, creation_date, creation_timestamp, enabled, note, name, nb_forward, nb_block, nb_reply, mailbox (id+email), mailboxes (array), support_pgp, disable_pgp",simple-login/app,2026-09-07T13:36:07.527Z
20260907T111756.126345861Z-openclaw-sweatlasqa-pilot30-shuffle2-amem-task-sglang,task-6905333b74f22949d97ba9ab,4,2,5,a26bedbe-4531-46e1-94af-05de8d450417,59.79063,match,"Background tasks during alias creation: EventDispatcher.send_event() writes a protobuf event (AliasCreated) to sync_event table and fires a PostgreSQL NOTIFY on ""simplelogin_sync_events"" channel. The PostgresDispatcher stores via SyncEvent.create() then executes ""NOTIFY simplelogin_sync_events, '{in",simple-login/app,2026-09-07T13:36:59.652Z
20260907T111756.126345861Z-openclaw-sweatlasqa-pilot30-shuffle2-amem-task-sglang,task-6905333b74f22949d97ba9ae,10,2,1,207c8a91-84e4-4c31-b11a-e75f3e233a06,68.73428,match,"The `reply_email` column in Contact table has `index=True` but is NOT unique (created with `unique=False` in migration). `Contact.get_by(reply_email=...)` uses `.first()` which is non-deterministic when duplicates exist. The unique constraint is only on `(alias_id, website_email)`. When `include_sen",simple-login/app,2026-09-07T15:20:46.999Z
20260907T111756.126345861Z-openclaw-sweatlasqa-pilot30-shuffle2-amem-task-sglang,task-6905333b74f22949d97ba9ae,10,2,2,2591a73f-edd1-466a-91ed-dc8193e4ca7d,68.5047,match,"SimpleLogin reply resolution flow: In handle_reply(), the rcpt_to address (a reverse-alias like xxx@sl.co) is used as reply_email to look up Contact via Contact.get_by(reply_email=reply_email). The reply_email column is indexed but NOT unique - it has unique=False. The unique constraint is on (alias",simple-login/app,2026-09-07T15:19:56.399Z
20260907T111756.126345861Z-openclaw-sweatlasqa-pilot30-shuffle2-amem-task-sglang,task-6905333b74f22949d97ba9af,9,2,1,79f7e60e-560d-4900-96f9-73b32ef2f38e,68.712527,match,"SimpleLogin codebase in /app: Flask web app (server.py) + SMTP email handler (email_handler.py). Key services: Flask server (port 7777), SMTP handler (port 20381), cron.py, event_listener.py, monitoring.py. Database: PostgreSQL via SQLAlchemy. Models defined in app/models.py with SLDomain model for ",simple-login/app,2026-09-07T15:02:01.506Z
20260907T111756.126345861Z-openclaw-sweatlasqa-pilot30-shuffle2-amem-task-sglang,task-6905333b74f22949d97ba9d0,26,2,1,2c567f4b-c0ed-41b3-a400-9cc9a0b77ad7,78.32692999999999,match,"paperless-ngx has 3 recurring scheduled tasks registered via Django-Q migrations (not Celery beat): 1) train_classifier - HOURLY (migration 1001, func: documents.tasks.train_classifier), 2) index_optimize - DAILY (migration 1001, func: documents.tasks.index_optimize), 3) sanity_check - WEEKLY (migra",paperless-ngx/paperless-ngx,2026-09-07T20:00:13.905Z
20260907T111756.126345861Z-openclaw-sweatlasqa-pilot30-shuffle2-amem-task-sglang,task-6905333b74f22949d97ba9d0,26,2,2,d18d4909-5e25-403b-b541-8e52127a72ba,76.99643,match,"paperless-ngx uses Django-Q (not Celery) as its task queue. The Q_CLUSTER configuration is defined in /app/src/paperless/settings.py lines 449-457 with: catch_up=False, recycle=1, retry=timeout+10s, timeout=1800s default, workers from CPU count, Redis as broker. Three Docker processes run via superv",paperless-ngx/paperless-ngx,2026-09-07T19:59:55.209Z
20260907T111756.126345861Z-openclaw-sweatlasqa-pilot30-shuffle2-amem-task-sglang,task-6905333b74f22949d97ba9d0,26,2,3,b9fe5925-c96d-4bc4-8d66-f271d1cec4d7,69.00439,match,"Startup tasks in paperless-ngx: (1) docker-prepare.sh runs search_index() which reindexes the Whoosh index if version mismatch, (2) superuser creation if PAPERLESS_ADMIN_USER set, (3) database migrations via manage.py migrate. No startup Django signals/hooks register periodic tasks. All recurring ta",paperless-ngx/paperless-ngx,2026-09-07T20:01:17.932Z
20260907T111756.126345861Z-openclaw-sweatlasqa-pilot30-shuffle2-amem-task-sglang,task-6905333b74f22949d97ba9d0,26,2,4,ae90ae87-5dbb-4c5c-9a6e-490d76c878ea,60.269046,match,"paperless-ngx repository is at /app. Main source is in /app/src/ with Django-based structure. Key packages: paperless (core), documents, paperless_mail, paperless_tesseract, paperless_text, paperless_tika.",paperless-ngx/paperless-ngx,2026-09-07T19:49:30.681Z
20260907T111756.126345861Z-openclaw-sweatlasqa-pilot30-shuffle2-amem-task-sglang,task-6905333b74f22949d97ba9d0,26,2,5,1ceaf9cf-38dc-45e7-9403-a50dd6b08e72,59.06937,match,"Django-Q stores task execution history in the Task model (django_q.Task table) with fields: id, name, func, args, kwargs, result, group, started, stopped, success, attempt_count. Schedule state is stored in Schedule model with: name, func, schedule_type (O/I/H/D/W/M/Q/Y/C), minutes, repeats, next_ru",paperless-ngx/paperless-ngx,2026-09-07T20:00:55.877Z
20260907T111756.126345861Z-openclaw-sweatlasqa-pilot30-shuffle2-amem-task-sglang,task-6905333b74f22949d97ba9d0,26,2,6,7cfff154-b07a-46d4-9b94-eb3d5c775bf6,43.34631,link,"Sanity checker validates: (1) Thumbnail files exist and are readable, (2) Original document files exist, readable, and MD5 checksum matches stored checksum, (3) Archive version files exist, readable, and archive checksum matches, (4) Archive file/integrity consistency (checksum present iff filename ",paperless-ngx/paperless-ngx,2026-09-07T20:00:28.816Z
20260907T111756.126345861Z-openclaw-sweatlasqa-pilot30-shuffle2-amem-task-sglang,task-6905333b74f22949d97ba9d9,21,3,1,85930e17-9817-486f-bcf8-f90b719df9ec,71.628857,match,"Paperless-ngx uses django-q (NOT Celery) as its task queue. django-q v1.3.9 is used with a Redis broker at redis://localhost:6379. The Q_CLUSTER config defines workers (default sqrt(cpu_count)), timeout (1800s), and retry. Tasks are dispatched via async_task() from django_q.tasks.",paperless-ngx/paperless-ngx,2026-09-07T18:26:59.297Z
20260907T111756.126345861Z-openclaw-sweatlasqa-pilot30-shuffle2-amem-task-sglang,task-6905333b74f22949d97ba9d9,21,3,2,46441b20-c5ed-4271-b313-6a0ae28a4f2c,65.92063999999999,match,"Django-q worker lifecycle: The Q Cluster process starts a Sentinel which spawns: worker pool (multiprocessing), a pusher (pulls tasks from Redis broker into in-process queue), a monitor (moves completed tasks from result queue to Django DB), and the sentinel itself (guard loop). Workers pick tasks f",paperless-ngx/paperless-ngx,2026-09-07T18:27:33.255Z
20260907T111756.126345861Z-openclaw-sweatlasqa-pilot30-shuffle2-amem-task-sglang,task-6905333b74f22949d97ba9d9,21,3,3,9415b2d0-7e6b-4f31-96a1-94db06ea3bdc,51.612559999999995,match,"Supervisord manages three processes: gunicorn (Django web server), consumer (document_consumer.py watching consumption directory), and scheduler (python3 manage.py qcluster - the django-q worker cluster). Redis is the message broker for django-q. The Q Cluster status is stored in Redis with signed p",paperless-ngx/paperless-ngx,2026-09-07T18:28:44.674Z
20260907T111756.126345861Z-openclaw-sweatlasqa-pilot30-shuffle2-amem-task-sglang,task-6905333b74f22949d97ba9d9,21,3,4,234654e4-0878-45b6-b1e7-d0848a9a4daf,48.419088,match,"Post-consume pipeline: When a document finishes consuming, the Consumer class sends a document_consumption_finished signal. Handlers in signals/handlers.py process it via a chain: add_inbox_tags, set_correspondent (ML matching), set_document_type (ML matching), set_tags (ML matching), set_log_entry ",paperless-ngx/paperless-ngx,2026-09-07T18:28:28.325Z
20260907T111756.126345861Z-openclaw-sweatlasqa-pilot30-shuffle2-amem-task-sglang,task-6905333b74f22949d97ba9d9,21,3,5,a80c269f-68e5-4a0e-987d-1115beb47012,41.10649,match,"Document ingestion triggers: 1) DocumentConsumer management command (document_consumer.py) watches the consumption dir via inotify/polling and calls async_task(""documents.tasks.consume_file"", filepath, ...) when files appear. 2) PostDocumentView API endpoint (views.py POST /documents/) receives file",paperless-ngx/paperless-ngx,2026-09-07T18:27:09.814Z
20260907T111756.126345861Z-openclaw-sweatlasqa-pilot30-shuffle2-amem-task-sglang,task-6905333b74f22949d97ba9d9,21,3,6,1b0a46f0-a702-40a8-b429-2adb0b6e252a,46.28076,link,"Consumer progress tracking: The Consumer class sends real-time progress updates via Django Channels WebSocket (group ""status_updates"") through the status channel layer. Messages include: STARTING, WORKING (with progress 20-80%), SUCCESS, FAILED. The task_id is a UUID passed from the API/management c",paperless-ngx/paperless-ngx,2026-09-07T18:27:58.572Z
20260907T111756.126345861Z-openclaw-sweatlasqa-pilot30-shuffle2-amem-task-sglang,task-6905333b74f22949d97ba9dd,16,2,1,167d0e09-299e-4eff-b5b6-d449e478e976,71.441627,match,"Paperless-NGX uses Django Q (not Celery) as its task queuing framework. Configured in settings.py as Q_CLUSTER with redis://localhost:6379 as broker. Task model fields: id (CharField), name (CharField), func (CharField), hook (CharField), args (PickledObjectField), kwargs (PickledObjectField), resul",paperless-ngx/paperless-ngx,2026-09-07T17:32:52.963Z
20260907T111756.126345861Z-openclaw-sweatlasqa-pilot30-shuffle2-amem-task-sglang,task-6905333b74f22949d97ba9dd,16,2,2,74141c7d-700d-4388-a7eb-ff4bf668192a,62.447680000000005,match,"Document ingestion workflow: 1) File detected in CONSUMPTION_DIR by document_consumer.py management command (uses inotify on Linux or polling/watchdog). 2) Management command calls async_task(""documents.tasks.consume_file"", filepath) which queues a Django Q task. 3) django-q worker picks up the task",paperless-ngx/paperless-ngx,2026-09-07T17:32:53.263Z
20260907T111756.126345861Z-openclaw-sweatlasqa-pilot30-shuffle2-amem-task-sglang,task-6905333b74f22949d97ba9dd,16,2,3,26919177-646e-42ab-8616-e75d7b7be882,38.52269,match,"Document model fields: correspondent, title, content (TextField for parsed text), mime_type, tags (ManyToMany to Tag), checksum (MD5, unique), archive_checksum, created, modified (auto_now), storage_type, added (auto_now), filename (FilePathField), archive_filename, archive_serial_number. Log model:",paperless-ngx/paperless-ngx,2026-09-07T17:32:52.960Z
20260907T111756.126345861Z-openclaw-sweatlasqa-pilot30-shuffle2-amem-task-sglang,task-6905333b74f22949d97ba9de,28,2,1,d1067f68-7d20-485b-b786-fd3e08e58b32,68.53103,match,"Code references for memory issues in Paperless-ngx:
- DocumentSerializer (serialisers.py:201-235): depth=1, includes 'content' TextField in Meta.fields
- SearchResultSerializer (views.py:362-376): loads full Document via Document.objects.get(id=instance[""id""]) for each search hit, then calls super()",paperless-ngx/paperless-ngx,2026-09-07T20:42:07.441Z
20260907T111756.126345861Z-openclaw-sweatlasqa-pilot30-shuffle2-amem-task-sglang,task-6905333b74f22949d97ba9de,28,2,2,24c08adf-749d-4a64-a366-0da7c2150206,64.588964,match,"Memory test results: 305KB document showed 0.14 MB serializer delta (content included), 0.02 MB SearchResultSerializer delta (full doc load), 0.19 MB classifier delta (438.9 KB content held). With many large documents, these compound significantly. depth=1 serializer includes content, tags (as list)",paperless-ngx/paperless-ngx,2026-09-07T20:42:54.786Z
20260907T111756.126345861Z-openclaw-sweatlasqa-pilot30-shuffle2-amem-task-sglang,task-6905333b74f22949d97ba9e8,8,2,1,3a71daa4-e4c3-487d-9aeb-ac1cd2276b22,66.481006,match,"SimpleLogin alias transfer token (app/dashboard/views/alias_transfer.py line 59): expiration is set to arrow.utcnow().shift(hours=24), meaning 24 hours. The token is validated at line 115-117: alias.transfer_token_expiration < arrow.utcnow() means expired. Transfer tokens are HMAC-SHA3_224 hashed (l",simple-login/app,2026-09-07T14:47:51.311Z
20260907T111756.126345861Z-openclaw-sweatlasqa-pilot30-shuffle2-amem-task-sglang,task-6905333b74f22949d97ba9e8,8,2,2,b0621b73-b845-49ad-b101-10cd4c0702de,65.92541,match,"SimpleLogin email forwarding headers (app/email_handler.py lines 793-810): delete_all_headers_except() strips all headers EXCEPT: From, To, Cc, Subject, Date, Message-ID, References, In-Reply-To, X-SL-Queue-Id, List-Unsubscribe, List-Unsubscribe-Post, MIME-Version, content-type, content-disposition,",simple-login/app,2026-09-07T14:47:20.609Z
20260907T111756.126345861Z-openclaw-sweatlasqa-pilot30-shuffle2-amem-task-sglang,task-6905333b74f22949d97ba9e8,8,2,3,f1ef09d6-b0f3-4812-b28b-58af951697ed,66.40558,match,"SimpleLogin API auth (app/api/base.py): When API call has no valid API key header AND user is not authenticated via browser session, returns HTTP 401 with JSON body {""error"": ""Wrong api key""}. If user IS authenticated via browser session, the request succeeds (user is extracted from session via Flas",simple-login/app,2026-09-07T14:45:39.291Z
20260907T111756.126345861Z-openclaw-sweatlasqa-pilot30-shuffle2-amem-task-sglang,task-6905333b74f22949d97ba9e8,8,2,4,45f43f99-f485-43ff-9a62-331431f68d90,56.522470000000006,match,"SimpleLogin session storage (app/session.py): Uses Redis with pickle serialization. Session key format in Redis is ""session:{uuid4}"". The signed cookie name is ""slapp"" (app/config.py line 199). ServerSession stores session_id as uuid4 string. When opening session: if no valid cookie found, creates n",simple-login/app,2026-09-07T14:46:06.967Z
20260907T111756.126345861Z-openclaw-sweatlasqa-pilot30-shuffle2-amem-task-sglang,task-6905333b74f22949d97ba9e8,8,2,5,de57d163-d635-414a-8dc4-744cfa8a15c0,60.32005,match,"SimpleLogin web login (app/auth/views/login.py): On wrong credentials, returns HTTP 200 with the login page re-rendered, flash message ""Email or password incorrect"", and triggers LoginEvent with ActionType.failed. On disabled account, returns 200 with flash message ""Your account is disabled..."" and ",simple-login/app,2026-09-07T14:48:34.031Z
20260907T111756.126345861Z-openclaw-sweatlasqa-pilot30-shuffle2-amem-task-sglang,task-6905333b74f22949d97ba9e8,8,2,6,9defc3ac-aab3-48f1-8c09-9ed1aa7ea5cf,56.24722,link,"SimpleLogin API key tracking (app/api/base.py lines 29-31): Each API call increments api_key.times += 1 and sets api_key.last_used = arrow.now(). The ApiKey model (app/models.py line 2350) stores: code (60-char random string), name, last_used (ArrowType), times (Integer default 0), sudo_mode_at (Arr",simple-login/app,2026-09-07T14:46:33.764Z
20260907T111756.126345861Z-openclaw-sweatlasqa-pilot30-shuffle2-amem-task-sglang,task-6905333b74f22949d97baa1d,5,2,1,3957bcc0-ba04-43bd-804a-88a958e025b6,64.46717,match,"Session corruption behavior in SimpleLogin: When Redis session data is corrupted/malformed, pickle.loads() raises UnpicklingError or EOFError. The bare ""except Exception: pass"" in open_session() silently catches it, and open_session falls through to return ServerSession(session_id=str(uuid.uuid4()))",simple-login/app,2026-09-07T14:06:58.201Z
20260907T111756.126345861Z-openclaw-sweatlasqa-pilot30-shuffle2-amem-task-sglang,task-6905333b74f22949d97baa1d,5,2,2,ce6726dd-c70e-4167-86f7-730ae9e70fd3,69.382226,match,"Session deserialization risk boundary in SimpleLogin: The itsdangerous.Signer on the session cookie ID is the critical security boundary. If an attacker can only tamper Redis bytes but CANNOT forge the signed session_id (no secret_key), the worst case is a harmless session reset (user logged out). T",simple-login/app,2026-09-07T14:07:16.520Z
20260907T111756.126345861Z-openclaw-sweatlasqa-pilot30-shuffle2-amem-task-sglang,task-6905333b74f22949d97baa1d,5,2,3,4faa634c-66ce-4a67-967d-2a53939a9505,56.522405,match,"SimpleLogin (app/) session system: RedisSessionStore (app/session.py) is a custom Flask SessionInterface that stores session data as pickled dicts in Redis, signed by itsdangerous.Signer on the session cookie ID. Key methods: open_session() extracts the signed session_id from cookie, looks up pickle",simple-login/app,2026-09-07T14:06:41.206Z
20260907T111756.126379309Z-openclaw-sweatlasqa-pilot30-shuffle2-amem-repo-sglang,task-6905333b74f22949d97ba9a7,2,1,1,18452a10-5171-49a8-8cb9-262edfa4b13e,53.14409,match,"SimpleLogin email forward flow (email_handler.py):

1. ON NON-EXISTENT ALIAS: handle_forward() calls Alias.get_by(email=alias_address). If not found, tries try_auto_create(). If that fails too, returns [(False, status.E515)] which is ""550 SL E515 Email not exist"". LOG: ""alias %s not exist. Try to se",simple-login/app,2026-09-07T11:38:29.234Z
20260907T111756.126379309Z-openclaw-sweatlasqa-pilot30-shuffle2-amem-repo-sglang,task-6905333b74f22949d97ba9a7,2,2,1,18452a10-5171-49a8-8cb9-262edfa4b13e,46.81638,match,"SimpleLogin email forward flow (email_handler.py):

1. ON NON-EXISTENT ALIAS: handle_forward() calls Alias.get_by(email=alias_address). If not found, tries try_auto_create(). If that fails too, returns [(False, status.E515)] which is ""550 SL E515 Email not exist"". LOG: ""alias %s not exist. Try to se",simple-login/app,2026-09-07T11:38:29.234Z
20260907T111756.126379309Z-openclaw-sweatlasqa-pilot30-shuffle2-amem-repo-sglang,task-6905333b74f22949d97ba9d1,18,1,1,8dac22c9-f08a-40d4-a272-3f7ef7c68419,56.995,match,"Paperless-NGX document ingestion workflow:
1. File drops in CONSUMPTION_DIR → detected by either inotify (INotify, if available and CONSUMER_POLLING=0) or watchdog PollingObserver (if CONSUMER_POLLING>0)
2. document_consumer.py (management command) uses Handler.on_created/on_moved to spawn thread th",paperless-ngx/paperless-ngx,2026-09-07T18:03:28.159Z
20260907T111756.126379309Z-openclaw-sweatlasqa-pilot30-shuffle2-amem-repo-sglang,task-6905333b74f22949d97ba9d1,18,1,2,c191fd9d-e3df-4a03-95a1-087996bf64b0,49.220157,match,"OCR pipeline in paperless-ngx: When image (no embedded text) is uploaded: 1) Consumer sends STARTING -> WORKING(parsing_document) -> OCRmyPDF runs -> text extracted via sidecar file (ocrmypdf produces OCR'd PDF) -> archive_path set, text populated. For PDF with existing text: 1) extract_text() calls",paperless-ngx/paperless-ngx,2026-09-07T18:13:28.427Z
20260907T111756.126379309Z-openclaw-sweatlasqa-pilot30-shuffle2-amem-repo-sglang,task-6905333b74f22949d97ba9d1,18,2,1,8dac22c9-f08a-40d4-a272-3f7ef7c68419,59.3024,match,"Paperless-NGX document ingestion workflow:
1. File drops in CONSUMPTION_DIR → detected by either inotify (INotify, if available and CONSUMER_POLLING=0) or watchdog PollingObserver (if CONSUMER_POLLING>0)
2. document_consumer.py (management command) uses Handler.on_created/on_moved to spawn thread th",paperless-ngx/paperless-ngx,2026-09-07T18:03:28.159Z
20260907T111756.126379309Z-openclaw-sweatlasqa-pilot30-shuffle2-amem-repo-sglang,task-6905333b74f22949d97ba9d1,18,2,2,c191fd9d-e3df-4a03-95a1-087996bf64b0,50.62692,match,"OCR pipeline in paperless-ngx: When image (no embedded text) is uploaded: 1) Consumer sends STARTING -> WORKING(parsing_document) -> OCRmyPDF runs -> text extracted via sidecar file (ocrmypdf produces OCR'd PDF) -> archive_path set, text populated. For PDF with existing text: 1) extract_text() calls",paperless-ngx/paperless-ngx,2026-09-07T18:13:28.427Z
20260907T111756.126379309Z-openclaw-sweatlasqa-pilot30-shuffle2-amem-repo-sglang,task-6905333b74f22949d97ba9d2,19,1,1,8dac22c9-f08a-40d4-a272-3f7ef7c68419,61.802304,match,"Paperless-NGX document ingestion workflow:
1. File drops in CONSUMPTION_DIR → detected by either inotify (INotify, if available and CONSUMER_POLLING=0) or watchdog PollingObserver (if CONSUMER_POLLING>0)
2. document_consumer.py (management command) uses Handler.on_created/on_moved to spawn thread th",paperless-ngx/paperless-ngx,2026-09-07T18:03:28.159Z
20260907T111756.126379309Z-openclaw-sweatlasqa-pilot30-shuffle2-amem-repo-sglang,task-6905333b74f22949d97ba9d2,19,1,2,c191fd9d-e3df-4a03-95a1-087996bf64b0,55.951643,match,"OCR pipeline in paperless-ngx: When image (no embedded text) is uploaded: 1) Consumer sends STARTING -> WORKING(parsing_document) -> OCRmyPDF runs -> text extracted via sidecar file (ocrmypdf produces OCR'd PDF) -> archive_path set, text populated. For PDF with existing text: 1) extract_text() calls",paperless-ngx/paperless-ngx,2026-09-07T18:13:28.427Z
20260907T111756.126379309Z-openclaw-sweatlasqa-pilot30-shuffle2-amem-repo-sglang,task-6905333b74f22949d97ba9d6,17,1,1,8dac22c9-f08a-40d4-a272-3f7ef7c68419,58.8951,match,"Paperless-NGX document ingestion workflow:
1. File drops in CONSUMPTION_DIR → detected by either inotify (INotify, if available and CONSUMER_POLLING=0) or watchdog PollingObserver (if CONSUMER_POLLING>0)
2. document_consumer.py (management command) uses Handler.on_created/on_moved to spawn thread th",paperless-ngx/paperless-ngx,2026-09-07T18:03:28.159Z
20260907T111756.126379309Z-openclaw-sweatlasqa-pilot30-shuffle2-amem-repo-sglang,task-6905333b74f22949d97ba9d6,17,2,1,c191fd9d-e3df-4a03-95a1-087996bf64b0,62.520146,match,"OCR pipeline in paperless-ngx: When image (no embedded text) is uploaded: 1) Consumer sends STARTING -> WORKING(parsing_document) -> OCRmyPDF runs -> text extracted via sidecar file (ocrmypdf produces OCR'd PDF) -> archive_path set, text populated. For PDF with existing text: 1) extract_text() calls",paperless-ngx/paperless-ngx,2026-09-07T18:13:28.427Z
20260907T111756.126379309Z-openclaw-sweatlasqa-pilot30-shuffle2-amem-repo-sglang,task-6905333b74f22949d97ba9d6,17,2,2,8dac22c9-f08a-40d4-a272-3f7ef7c68419,42.403388,match,"Paperless-NGX document ingestion workflow:
1. File drops in CONSUMPTION_DIR → detected by either inotify (INotify, if available and CONSUMER_POLLING=0) or watchdog PollingObserver (if CONSUMER_POLLING>0)
2. document_consumer.py (management command) uses Handler.on_created/on_moved to spawn thread th",paperless-ngx/paperless-ngx,2026-09-07T18:03:28.159Z
20260907T111756.126379309Z-openclaw-sweatlasqa-pilot30-shuffle2-amem-repo-sglang,task-6905333b74f22949d97ba9db,20,1,1,486fdfcf-e185-453f-8cbb-49b6c29ae9ac,59.934259999999995,match,"Document model fields in paperless-ngx (models.py):
- REQUIRED at creation (set in _store): title, content, mime_type, checksum, created, modified, storage_type, filename
- SET LATER during processing: correspondent, document_type, tags, archive_filename, archive_checksum, archive_serial_number
- NO",paperless-ngx/paperless-ngx,2026-09-07T18:34:48.514Z
20260907T111756.126379309Z-openclaw-sweatlasqa-pilot30-shuffle2-amem-repo-sglang,task-6905333b74f22949d97ba9db,20,1,2,8dac22c9-f08a-40d4-a272-3f7ef7c68419,56.58184000000001,match,"Paperless-NGX document ingestion workflow:
1. File drops in CONSUMPTION_DIR → detected by either inotify (INotify, if available and CONSUMER_POLLING=0) or watchdog PollingObserver (if CONSUMER_POLLING>0)
2. document_consumer.py (management command) uses Handler.on_created/on_moved to spawn thread th",paperless-ngx/paperless-ngx,2026-09-07T18:03:28.159Z
20260907T111756.126379309Z-openclaw-sweatlasqa-pilot30-shuffle2-amem-repo-sglang,task-6905333b74f22949d97ba9db,20,1,3,93adea52-6ae9-447a-90c1-280a9c21ba52,53.741896,match,"Background jobs in paperless-ngx:
- Framework: django-q with Redis as broker
- 3 processes run via supervisord: gunicorn (web), consumer (document_consumer mgmt cmd), scheduler (qcluster)
- async_task used to enqueue: documents.tasks.consume_file (from file drops or email), paperless_mail.tasks.proc",paperless-ngx/paperless-ngx,2026-09-07T18:35:11.993Z
20260907T111756.126379309Z-openclaw-sweatlasqa-pilot30-shuffle2-amem-repo-sglang,task-6905333b74f22949d97ba9db,20,1,4,c191fd9d-e3df-4a03-95a1-087996bf64b0,46.0324,match,"OCR pipeline in paperless-ngx: When image (no embedded text) is uploaded: 1) Consumer sends STARTING -> WORKING(parsing_document) -> OCRmyPDF runs -> text extracted via sidecar file (ocrmypdf produces OCR'd PDF) -> archive_path set, text populated. For PDF with existing text: 1) extract_text() calls",paperless-ngx/paperless-ngx,2026-09-07T18:13:28.427Z
20260914T035338.436341279Z-openclaw-sweatlasqa-pilot30-shuffle1-amem-global-sglang,task-6905333b74f22949d97ba9ac,1,2,1,ccc0679b-1976-46e6-9de9-6e9fe28d809a,66.48475,match,"SimpleLogin email forwarding flow:

1. handle() receives SMTP envelope and message, determines forward vs reply based on recipient
2. For forward: handle_forward() looks up alias by rcpt_to email; if alias not found, calls try_auto_create()
3. If alias not found AND can't auto-create: returns [(Fals",simple-login/app,2026-09-14T04:16:29.022Z
20260914T035338.436341279Z-openclaw-sweatlasqa-pilot30-shuffle1-amem-global-sglang,task-6905333b74f22949d97ba9ac,1,2,2,50b46470-6669-4a2f-bc8c-4151733514ff,71.29634,match,"Exact log messages from SimpleLogin email_handler.py:

SUCCESSFUL FORWARD:
- Line 740: LOG.d(""Create %s for %s, %s, %s"", email_log, contact, user, mailbox) → resolves to ""Create <EmailLog {id}> for <Contact {id} {email} {alias_id}>, <User {id}>, <Mailbox {email}>""
- Line 867: LOG.d(""From header, new",simple-login/app,2026-09-14T04:27:51.326Z
20260914T035338.436341279Z-openclaw-sweatlasqa-pilot30-shuffle1-amem-global-sglang,task-6905333b74f22949d97ba9ae,2,1,1,ccc0679b-1976-46e6-9de9-6e9fe28d809a,69.22012600000001,match,"SimpleLogin email forwarding flow:

1. handle() receives SMTP envelope and message, determines forward vs reply based on recipient
2. For forward: handle_forward() looks up alias by rcpt_to email; if alias not found, calls try_auto_create()
3. If alias not found AND can't auto-create: returns [(Fals",simple-login/app,2026-09-14T04:16:29.022Z
20260914T035338.436341279Z-openclaw-sweatlasqa-pilot30-shuffle1-amem-global-sglang,task-6905333b74f22949d97ba9ae,2,1,2,50b46470-6669-4a2f-bc8c-4151733514ff,64.35581,match,"Exact log messages from SimpleLogin email_handler.py:

SUCCESSFUL FORWARD:
- Line 740: LOG.d(""Create %s for %s, %s, %s"", email_log, contact, user, mailbox) → resolves to ""Create <EmailLog {id}> for <Contact {id} {email} {alias_id}>, <User {id}>, <Mailbox {email}>""
- Line 867: LOG.d(""From header, new",simple-login/app,2026-09-14T04:27:51.326Z
20260914T035338.436341279Z-openclaw-sweatlasqa-pilot30-shuffle1-amem-global-sglang,task-6905333b74f22949d97ba9ae,2,2,1,ccc0679b-1976-46e6-9de9-6e9fe28d809a,59.83872,match,"SimpleLogin email forwarding flow:

1. handle() receives SMTP envelope and message, determines forward vs reply based on recipient
2. For forward: handle_forward() looks up alias by rcpt_to email; if alias not found, calls try_auto_create()
3. If alias not found AND can't auto-create: returns [(Fals",simple-login/app,2026-09-14T04:16:29.022Z
20260914T035338.436341279Z-openclaw-sweatlasqa-pilot30-shuffle1-amem-global-sglang,task-6905333b74f22949d97ba9ae,2,2,2,475e2c95-af0c-4fd3-92a7-0bc6a3835bb3,55.39701,match,"Contact table has UniqueConstraint(""alias_id"", ""website_email"") but NO unique constraint on reply_email. The reply_email column has a non-unique index (unique=False). The generate_reply_email function attempts to create a unique reply_email by checking available_sl_email(), which checks if the email",,2026-09-14T04:51:56.353Z
20260914T035338.436341279Z-openclaw-sweatlasqa-pilot30-shuffle1-amem-global-sglang,task-6905333b74f22949d97ba9ae,2,2,3,d5c66f52-1951-4440-a0bc-08a7bb0e2e95,65.591997,match,"SimpleLogin reply resolution mechanism: In the reply phase, when an email arrives with rcpt_to being a reverse-alias, handle_reply() resolves the contact via Contact.get_by(reply_email=normalize_reply_email(rcpt_to)). The reply_email is derived directly from the SMTP envelope's rcpt_to field. The co",simple-login/app,2026-09-14T04:49:57.846Z
20260914T035338.436341279Z-openclaw-sweatlasqa-pilot30-shuffle1-amem-global-sglang,task-6905333b74f22949d97ba9ae,2,2,4,50b46470-6669-4a2f-bc8c-4151733514ff,57.23282,match,"Exact log messages from SimpleLogin email_handler.py:

SUCCESSFUL FORWARD:
- Line 740: LOG.d(""Create %s for %s, %s, %s"", email_log, contact, user, mailbox) → resolves to ""Create <EmailLog {id}> for <Contact {id} {email} {alias_id}>, <User {id}>, <Mailbox {email}>""
- Line 867: LOG.d(""From header, new",simple-login/app,2026-09-14T04:27:51.326Z
20260914T035338.436341279Z-openclaw-sweatlasqa-pilot30-shuffle1-amem-global-sglang,task-6905333b74f22949d97ba9af,3,1,1,ccc0679b-1976-46e6-9de9-6e9fe28d809a,52.49759,match,"SimpleLogin email forwarding flow:

1. handle() receives SMTP envelope and message, determines forward vs reply based on recipient
2. For forward: handle_forward() looks up alias by rcpt_to email; if alias not found, calls try_auto_create()
3. If alias not found AND can't auto-create: returns [(Fals",simple-login/app,2026-09-14T04:16:29.022Z
20260914T035338.436341279Z-openclaw-sweatlasqa-pilot30-shuffle1-amem-global-sglang,task-6905333b74f22949d97ba9af,3,1,2,475e2c95-af0c-4fd3-92a7-0bc6a3835bb3,51.39251,match,"Contact table has UniqueConstraint(""alias_id"", ""website_email"") but NO unique constraint on reply_email. The reply_email column has a non-unique index (unique=False). The generate_reply_email function attempts to create a unique reply_email by checking available_sl_email(), which checks if the email",,2026-09-14T04:51:56.353Z
20260914T035338.436341279Z-openclaw-sweatlasqa-pilot30-shuffle1-amem-global-sglang,task-6905333b74f22949d97ba9af,3,1,3,50b46470-6669-4a2f-bc8c-4151733514ff,54.277754,match,"Exact log messages from SimpleLogin email_handler.py:

SUCCESSFUL FORWARD:
- Line 740: LOG.d(""Create %s for %s, %s, %s"", email_log, contact, user, mailbox) → resolves to ""Create <EmailLog {id}> for <Contact {id} {email} {alias_id}>, <User {id}>, <Mailbox {email}>""
- Line 867: LOG.d(""From header, new",simple-login/app,2026-09-14T04:27:51.326Z
20260914T035338.436341279Z-openclaw-sweatlasqa-pilot30-shuffle1-amem-global-sglang,task-6905333b74f22949d97ba9af,3,1,4,d5c66f52-1951-4440-a0bc-08a7bb0e2e95,49.916905,match,"SimpleLogin reply resolution mechanism: In the reply phase, when an email arrives with rcpt_to being a reverse-alias, handle_reply() resolves the contact via Contact.get_by(reply_email=normalize_reply_email(rcpt_to)). The reply_email is derived directly from the SMTP envelope's rcpt_to field. The co",simple-login/app,2026-09-14T04:49:57.846Z
20260914T035345.813663967Z-openclaw-sweatlasqa-pilot30-shuffle2-amem-global-sglang,task-6905333b74f22949d97ba9a7,2,1,1,d66e85ec-97fe-4cf6-b9a2-a99f76f3a485,61.10311000000001,match,"This is a SimpleLogin codebase (email privacy/alias service). Main email processing is in email_handler.py (83KB). Codebase structure: app/ directory, email_handler.py is the main email processing module, cron.py handles scheduled tasks, tasks/ directory for async tasks, tests/ for unit tests, migra",simple-login/app,2026-09-14T03:56:17.964Z
20260914T035345.813663967Z-openclaw-sweatlasqa-pilot30-shuffle2-amem-global-sglang,task-6905333b74f22949d97ba9a9,3,1,1,d66e85ec-97fe-4cf6-b9a2-a99f76f3a485,58.66724,match,"This is a SimpleLogin codebase (email privacy/alias service). Main email processing is in email_handler.py (83KB). Codebase structure: app/ directory, email_handler.py is the main email processing module, cron.py handles scheduled tasks, tasks/ directory for async tasks, tests/ for unit tests, migra",simple-login/app,2026-09-14T03:56:17.964Z
20260914T035345.813663967Z-openclaw-sweatlasqa-pilot30-shuffle2-amem-global-sglang,task-6905333b74f22949d97ba9a9,3,1,2,a0f25f88-0777-4de3-b45f-35b0e8303f87,52.24183,match,"Bounce handling: When bounce arrives at VERP address, handle_bounce() dispatches to handle_bounce_forward_phase() or handle_bounce_reply_phase() based on email_log.is_reply flag. In forward phase: email bounced from alias->mailbox. Sets email_log.bounced=True, creates Bounce record, creates RefusedE",,2026-09-14T04:56:27.150Z
20260914T035345.813663967Z-openclaw-sweatlasqa-pilot30-shuffle2-amem-global-sglang,task-6905333b74f22949d97ba9a9,3,1,3,a618e7c9-2c35-4c80-9cf8-dccc9ee183ab,51.01286,match,"Email forwarding uses ""special@sl.co"" as Reply-To header to hide user's real mailbox email. The reverse-alias (reply_email) is generated by generate_reply_email(): random string + optional contact email (with @ replaced by _at_) + random suffix. In the forward phase, VERP envelope sender is ""bounce+",,2026-09-14T04:57:20.932Z
20260914T035345.813663967Z-openclaw-sweatlasqa-pilot30-shuffle2-amem-global-sglang,task-6905333b74f22949d97ba9a9,3,1,4,54f9e39c-c2da-4e19-9524-f9449131b0cc,44.80467,match,"VERP format for bounce/failure notifications: New signed format: ""sl.{b32_encoded_payload}.{b32_encoded_signature}@{domain}"" where payload is JSON [verp_type(int), object_id(int), time_min(int)] signed with HMAC-SHA3-224. VerpType: bounce_forward=0, bounce_reply=1, transactional=2. Legacy format: ""b",,2026-09-14T04:55:30.093Z
20260914T035345.813663967Z-openclaw-sweatlasqa-pilot30-shuffle2-amem-global-sglang,task-6905333b74f22949d97ba9a9,3,1,5,9eeb53cb-cb87-4b1e-a500-600c801bb1e4,36.450058,match,"Mailbox verification uses MAX_ACTIVATION_TRIES=3. verify_mailbox_code() checks: 1) mailbox exists and is unverified, 2) activation record exists with tries < MAX_ACTIVATION_TRIES, 3) code is not older than 15 minutes, 4) code matches. On wrong code, activation.tries is incremented. When tries >= 3, ",,2026-09-14T04:54:09.196Z
20260914T035345.813663967Z-openclaw-sweatlasqa-pilot30-shuffle2-amem-global-sglang,task-6905333b74f22949d97ba9a9,3,1,6,b55f3b00-76a4-40ca-a90e-524e5548ca9c,37.01979,link,"Job lifecycle: Job model has states ready(0), taken(1), done(2), error(3), with fields: taken(boolean), run_at(timestamp), attempts(integer). Jobs are created via Job.create() with name, payload, and run_at. The job runner polls get_jobs_to_run() which returns jobs that are ready or taken+stale(take",,2026-09-14T04:54:49.961Z
20260914T035345.813663967Z-openclaw-sweatlasqa-pilot30-shuffle2-amem-global-sglang,task-6905333b74f22949d97ba9ac,1,2,1,d66e85ec-97fe-4cf6-b9a2-a99f76f3a485,49.4352,match,"This is a SimpleLogin codebase (email privacy/alias service). Main email processing is in email_handler.py (83KB). Codebase structure: app/ directory, email_handler.py is the main email processing module, cron.py handles scheduled tasks, tasks/ directory for async tasks, tests/ for unit tests, migra",simple-login/app,2026-09-14T03:56:17.964Z
