run_dir,replicate,arm,task_id,occurrence,repository,session_id,call_seq,query,n_results,n_via_match,n_via_link,sim_mean,sim_min,sim_max,note_ids,gateway_log_query,gateway_log_n_results,gateway_log_latency_ms,agg_score,reward,control_agg_score,delta,bucket,question,query_question_overlap,note_question_overlap_mean,note_question_overlap_max,llm_relevant_rate,n_notes_judged,llm_relevant_majority,overlap_group,overlap_zero_group,sim_tercile
20260906T141944.964671697Z-openclaw-sweatlasqa-pilot30-amem-repo-sglang,pilot30,repo-scope,task-6905333b74f22949d97ba9a4,1,simple-login/app,ca5eb0ec-5b37-493f-b218-3379d694f9fe,2,SimpleLogin configuration startup background jobs authentication,6,5,1,59.0085875,56.03298,66.91023,bc974ad8-7249-4af6-90cb-050e52046d0f;0df40c30-0ba8-463c-8aeb-c12e30aa58cf;2c524f41-1a54-46f5-b762-a4583711b8b0;17c478e5-b9a7-4f3a-a5af-94b151c0fab4;459ce52f-f244-4683-8429-0950ae340760;e8a36cc7-1929-459d-97bc-5f7eb7153956,SimpleLogin configuration startup background jobs authentication,6,1130,1.0,1.0,1.0,0.0,tied,"I'm trying to understand what actually happens when SimpleLogin is started locally in development environment. I'm wondering how the backend starts up in dev mode, how configuration is loaded, which log messages indicate that it's ready to accept requests, and what ports or endpoints it exposes. 

I’m interested in how a single authenticated request is handled by the app, where the request first enters the application, how the user identity is determined at runtime, and how that authentication context is carried through request handling. The entry point and user identification flow are my main concerns here. I also want to know whether the app automatically starts any background jobs or schedulers, or if there’s anything going on besides handling incoming requests.

I'm not looking for what the code says should happen, I want to know what actually gets printed when you run it. Please don’t modify any repository source files while investigating. Temporary scripts are fine if needed, but leave the codebase unchanged and clean up anything you create when you’re done.",0.0769230769230769,0.039512483819065,0.0609756097560975,0.6666666666666666,6,True,high,nonzero,mid_sim
20260906T141944.964671697Z-openclaw-sweatlasqa-pilot30-amem-repo-sglang,pilot30,repo-scope,task-6905333b74f22949d97ba9a5,2,simple-login/app,a23107ef-c6d2-4a57-b2bc-f8637ffc888d,1,alias creation signed suffix validation rate limiting,6,5,1,37.50480183333334,32.913804,46.147674,17c478e5-b9a7-4f3a-a5af-94b151c0fab4;bc974ad8-7249-4af6-90cb-050e52046d0f;2c524f41-1a54-46f5-b762-a4583711b8b0;e8a36cc7-1929-459d-97bc-5f7eb7153956;459ce52f-f244-4683-8429-0950ae340760;0df40c30-0ba8-463c-8aeb-c12e30aa58cf,alias creation signed suffix validation rate limiting,6,136,1.0,1.0,0.6923076923076923,0.3076923076923077,improved,"I am debugging intermittent validation failures during custom alias creation that don't match the expected behavior, which seems related to how signed suffixes are verified. When attempting to create custom aliases with invalid or expired signed suffixes, what exact HTTP status codes and error messages appear in the API responses, and what corresponding validation log entries show up in the server console? Check whether any rate-limiting headers appear in the responses and what their actual values are. For successful alias creation attempts, what quota-related checks occur, what specific values get logged when the system verifies whether the user can create more aliases? Trace through the execution path to identify which component validates signed suffixes and enforces creation limits, and what conditions trigger rejection. Don't modify the repository code temporary test scripts or API calls are fine but keep the codebase unchanged.",0.0821917808219178,0.0178266244425981,0.053763440860215,0.0,6,False,high,nonzero,low_sim
20260906T141944.964671697Z-openclaw-sweatlasqa-pilot30-amem-repo-sglang,pilot30,repo-scope,task-6905333b74f22949d97ba9d2,18,paperless-ngx/paperless-ngx,08ecf8be-326e-4800-9b31-8917239d8d45,1,paperless-ngx document processing pipeline workflow,2,2,0,62.906942,62.67832,63.135564,473b564e-7af5-42f4-a080-c585b8a43b3f;6895ba9b-89a4-41e4-b4ba-64bf2b5bb430,paperless-ngx document processing pipeline workflow,2,139,1.0,1.0,0.9090909090909092,0.0909090909090909,improved,"I’m trying to get a big-picture understanding of how documents flow through the system. How does a new document usually enter paperless-ngx. Once a document is received, what are the main stages it goes through before it’s fully processed and available, are there any background jobs and what is used for background execution.

I’m also curious about the kind of information paperless stores for each document. What metadata fields are saved, and which ones are absolutely required versus optional or derived later during runtime-processing. Can you show with a runtime example?

Also I wonder how things like tags, correspondents, and document types are used together to organize documents in a practical way.

Please don’t make any changes to the repository itself. You can create temporary scripts for testing if needed but do clean them up once you're done.",0.0483870967741935,0.04375,0.05,0.0,2,False,low,nonzero,mid_sim
20260906T141944.964671697Z-openclaw-sweatlasqa-pilot30-amem-repo-sglang,pilot30,repo-scope,task-6905333b74f22949d97ba9d3,19,paperless-ngx/paperless-ngx,b84dab17-fe3b-4f2c-8bb8-dc6a288c96d3,1,paperless-ngx document processing ingestion pipeline,1,1,0,63.358116,63.358116,63.358116,6895ba9b-89a4-41e4-b4ba-64bf2b5bb430,paperless-ngx document processing ingestion pipeline,1,142,0.8181818181818182,0.0,1.0,-0.1818181818181817,degraded,"I am trying to understand how paperless-ngx processes documents at runtime before making any changes. Once the application is up and all of its services are running, I want to submit a test PDF and observe how the ingestion pipeline actually behaves. As the document moves through the system, which services are involved, and what sequence of events shows up in the logs? I also want to upload a few more documents and watch how the system reacts after each one. Does the machine learning classifier retrain automatically on every upload, or only under certain conditions, and what log messages make it clear when training is happening versus when the classifier stays idle? After a document finishes processing, I want to see where it ends up on disk, what directory structure and filename pattern paperless-ngx uses by default, and which database tables receive new rows as part of ingestion. You should not modify or edit any existing files in the repository, but you can create temporary scripts or test documents if they help with the investigation, as long as everything you create is cleaned up when you are done.",0.0657894736842105,0.0408163265306122,0.0408163265306122,0.0,1,False,high,nonzero,mid_sim
20260906T141944.964671697Z-openclaw-sweatlasqa-pilot30-amem-repo-sglang,pilot30,repo-scope,task-6905333b74f22949d97ba9d3,19,paperless-ngx/paperless-ngx,b84dab17-fe3b-4f2c-8bb8-dc6a288c96d3,2,machine learning classifier retrain training conditions logs,1,1,0,31.395003,31.395003,31.395003,6895ba9b-89a4-41e4-b4ba-64bf2b5bb430,machine learning classifier retrain training conditions logs,1,93,0.8181818181818182,0.0,1.0,-0.1818181818181817,degraded,"I am trying to understand how paperless-ngx processes documents at runtime before making any changes. Once the application is up and all of its services are running, I want to submit a test PDF and observe how the ingestion pipeline actually behaves. As the document moves through the system, which services are involved, and what sequence of events shows up in the logs? I also want to upload a few more documents and watch how the system reacts after each one. Does the machine learning classifier retrain automatically on every upload, or only under certain conditions, and what log messages make it clear when training is happening versus when the classifier stays idle? After a document finishes processing, I want to see where it ends up on disk, what directory structure and filename pattern paperless-ngx uses by default, and which database tables receive new rows as part of ingestion. You should not modify or edit any existing files in the repository, but you can create temporary scripts or test documents if they help with the investigation, as long as everything you create is cleaned up when you are done.",0.0921052631578947,0.0408163265306122,0.0408163265306122,0.0,1,False,high,nonzero,low_sim
20260906T141944.965072498Z-openclaw-sweatlasqa-pilot30-amem-task-sglang,pilot30,task-scope,task-6905333b74f22949d97ba9a5,2,simple-login/app,e525a859-c309-4469-aa5e-197dea8bb377,2,custom alias signed suffix validation error status codes quota,3,3,0,64.01373566666666,56.49016,67.878604,054d8c1e-1cc2-4af0-8ab8-ed6ce21c978a;82baf483-b56c-4ff8-b485-6c4f9d56370d;39da3d58-0dd4-4a6e-a079-16b3514f14ec,custom alias signed suffix validation error status codes quota,3,146,0.7692307692307693,0.0,0.6923076923076923,0.0769230769230769,improved,"I am debugging intermittent validation failures during custom alias creation that don't match the expected behavior, which seems related to how signed suffixes are verified. When attempting to create custom aliases with invalid or expired signed suffixes, what exact HTTP status codes and error messages appear in the API responses, and what corresponding validation log entries show up in the server console? Check whether any rate-limiting headers appear in the responses and what their actual values are. For successful alias creation attempts, what quota-related checks occur, what specific values get logged when the system verifies whether the user can create more aliases? Trace through the execution path to identify which component validates signed suffixes and enforces creation limits, and what conditions trigger rejection. Don't modify the repository code temporary test scripts or API calls are fine but keep the codebase unchanged.",0.1095890410958904,0.0767660567179412,0.1034482758620689,1.0,3,True,high,nonzero,high_sim
20260906T141944.965072498Z-openclaw-sweatlasqa-pilot30-amem-task-sglang,pilot30,task-scope,task-6905333b74f22949d97ba9a6,3,simple-login/app,50a8b526-21af-49dc-8abd-3b74eeee8055,2,migration table count database columns user info API,2,2,0,52.8044475,50.272655,55.33624,fa6fbeda-4387-4111-a41c-7a0cab59a589;a2e31803-4110-4da9-a877-a91ace3bfc6e,migration table count database columns user info API,2,122,0.6363636363636364,0.0,0.8181818181818182,-0.1818181818181818,degraded,"I'm trying to get this email privacy system with anonymous aliases running for the first time and I want to understand how all the pieces fit together during initialization.

The system has a web server, an email handler, background jobs, and some cron tasks. I need to set everything up from scratch and see what actually happens when it starts.

Here's what I'm trying to figure out:

When I run the database migrations on an empty PostgreSQL database, how many tables get created in total? And what's the exact name of the last table that gets created based on the migration output order?

For the web server startup, what's the log message that tells me it's actually ready to accept connections? I'm also curious how many milliseconds pass between the first log entry and that ready message.

The email handler can take a custom port. If I start it with port 25025, does the startup log confirm it's listening on that port? What message shows up exactly?

I want to test the registration flow. If I create a user account with email ""[testuser@example.com](mailto:testuser@example.com)"" and password ""testpass123"", then immediately try to login before activating it, what's the exact JSON error message the API returns and what HTTP status code comes with it? I'd also like to see the full curl command output. And when I query the database directly for that user, what boolean values do the activated and notification columns actually show?

Also, there are different alias limits for different account types. I want to verify how the system handles this dynamically. First, create a fresh user and call /api/user_info to see what max_alias_free_plan value the API actually returns in the JSON response. Then, experiment with changing the configuration - try setting a different limit value like 10, restart the server, create a second new user, and call /api/user_info again for that user. What are the exact API responses before and after the change? Do both users reflect the new limit or only the one created after the change?

I'm trying to understand the actual runtime behavior here, not just what the code suggests should happen. Don't modify any of the source files, but feel free to create test config files or .env files to experiment with different settings.",0.037037037037037,0.0854380242311276,0.096551724137931,1.0,2,True,low,nonzero,low_sim
20260906T141944.965072498Z-openclaw-sweatlasqa-pilot30-amem-task-sglang,pilot30,task-scope,task-6905333b74f22949d97ba9a7,4,simple-login/app,469b1758-8aa1-45c3-945e-d86ec17fd049,2,SimpleLogin mailbox verification rate limit bounce VERP job,3,3,0,59.418773666666674,48.921782,69.299394,25051916-4f84-4a3c-bf55-701a0bc395c1;e1148e2d-2a03-48de-a91e-74728621f7a1;6765c77f-e8d9-4331-a2b0-906fb44f976e,SimpleLogin mailbox verification rate limit bounce VERP job,3,132,0.8461538461538461,0.0,1.0,-0.1538461538461538,degraded,"I want to understand how SimpleLogin processes multi step workflows at runtime.

In scenarios where a mailbox verification code is submitted incorrectly multiple times in succession, what observable state changes and enforcement mechanisms does the running system apply? Trace the actual runtime behavior to determine what limits exist, how failed attempts are tracked, and what ultimately prevents further submissions.

For background tasks that are scheduled and later picked up for execution, trace the complete lifecycle from initial creation through final completion. If a task encounters an error during execution, what recovery or retry behavior is applied, and what observable state reflects that failure?

During email forwarding through an alias, what exact format is used for the special address generated to handle delivery failures? If a failure notification arrives at this address, trace how the system identifies the original email, what state changes are recorded, and how the handling behavior differs depending on the direction of the original message.

Temporary inspection or debugging tools may be used to observe runtime behavior, but source files should not be modified and any temporary artifacts should be cleaned up afterward.",0.032258064516129,0.0401585952987822,0.0467289719626168,0.6666666666666666,3,True,low,nonzero,mid_sim
20260906T141944.965072498Z-openclaw-sweatlasqa-pilot30-amem-task-sglang,pilot30,task-scope,task-6905333b74f22949d97ba9a8,5,simple-login/app,0acf5e99-9a9b-4594-81ad-8f96d792414f,2,SimpleLogin port health alias creation DB failure,4,4,0,49.924067,43.849152,55.25483,bedcb59d-f56c-4d17-9e1c-fe1ba25282c4;12a8ff73-7d68-4005-8c03-0db07444e6e9;ec5c2ab0-9160-47ce-ac35-73b96ae95edd;932930b0-8921-4a3c-bc86-0df8810a5c7f,SimpleLogin port health alias creation DB failure,4,102,,,1.0,,,"I'm onboarding into the SimpleLogin codebase and need to understand how it actually behaves when running. I want to know what port the Flask app binds to and what the startup logs look like when it initializes. For the health check, what response body and status code does it return? When a user creates an alias through the API, what does the actual JSON response look like, and what ends up in the database, which table, and what values? I'm also curious about failure behavior. If PostgreSQL isn't available when the app starts, what error appears, and where does it break? I need to see actual runtime output, not just what the code says should happen. You can create temporary test scripts, but don't modify the repository and clean up afterward.",0.1,0.0424589201877934,0.0666666666666666,1.0,4,True,high,nonzero,low_sim
20260906T141944.965072498Z-openclaw-sweatlasqa-pilot30-amem-task-sglang,pilot30,task-scope,task-6905333b74f22949d97ba9aa,7,simple-login/app,d949a211-de4a-44ff-9bb3-1b42d771a7e9,2,SimpleLogin email handler job runner web server startup logs verification,2,2,0,63.86321,60.31587,67.41055,6b4e22df-a2a6-4a90-83bc-24a3d08abf56;35484f44-83af-427b-87d3-ea4a1022c8b9,SimpleLogin email handler job runner web server startup logs verification,2,166,0.6666666666666666,0.0,0.75,-0.0833333333333333,degraded,"I'm new to SimpleLogin and trying to get everything running locally. Once the application starts, how can I tell that the web server, email handler, and job runner are actually up and responding? What should I see in the logs or dashboard UI that confirms users can sign in and manage their aliases?

After it's running, try performing some basic user actions like creating a new account, creating an alias, and having that alias receive an email. What happens when a new account interacts with aliases or tries to receive mail, and how does the system show that these actions were handled correctly? What should I see at runtime that confirms the behavior you would expect?

While the application is active, do the email handler and job runner automatically come online in the background to support email activity or data handling? What behavior suggests that these internal components are functioning as intended across different situations?

Do not modify the source code. You can create temporary testing data such as accounts or aliases but clean them up when you are done.",0.0869565217391304,0.08974175035868,0.0941176470588235,0.5,2,True,high,nonzero,high_sim
20260906T141944.965072498Z-openclaw-sweatlasqa-pilot30-amem-task-sglang,pilot30,task-scope,task-6905333b74f22949d97ba9ab,8,simple-login/app,b6822471-ea6c-4a3d-89e8-aa50ca3219b2,2,SimpleLogin alias creation API request response database tables,3,3,0,64.372101,58.98698,72.100353,f6f69481-4f8a-4618-b3ac-8386988672bd;5aa7a699-ff70-419e-9fec-08b8b6827103;b641a84b-7120-44bf-824a-e7aef56abaaa,SimpleLogin alias creation API request response database tables,3,331,0.6428571428571429,0.0,0.8571428571428571,-0.2142857142857142,degraded,"I want to understand how SimpleLogin behaves during a normal alias-creation flow. To do that, run the full application locally using the standard development setup, login with any test user, and create a new alias while observing the system in real time.

As you go through this flow, watch the frontend and note exactly what request it sends to the backend when an alias is created. Then observe what the backend returns, including any status codes, payloads, or metadata that appear in the response. While the request is being processed, check what changes occur in the database. Identify which records are inserted or updated, how many tables are touched, and whether any related entities are created as part of the same operation.

Pay close attention to the logs to see whether the system triggers any background tasks, emits follow-up events, or performs additional work beyond the initial write. If anything fails, such as validation problems, DB errors, or network issues. Note how the error surfaces in the API response, logs, and resulting database state. Don't modify any of the repository source files while investigating. Feel free to create temporary scripts that's fine, but leave the actual codebase as you found it and ensure to clean up any temporary files or scripts you create when you're done.",0.0693069306930693,0.0560653557518761,0.0603448275862069,1.0,3,True,high,nonzero,high_sim
20260906T141944.965072498Z-openclaw-sweatlasqa-pilot30-amem-task-sglang,pilot30,task-scope,task-6905333b74f22949d97ba9ac,9,simple-login/app,6b2226f6-3ae4-45c3-9654-9913a6c4ad99,2,SimpleLogin email forward log message status code,5,5,0,63.735456,56.41422,70.86845600000001,61c53899-de9b-4a9c-90b9-b05c94f6e8d8;ea34c295-9782-42b3-9959-5e36b34002fb;8b42f1eb-9241-4767-b8fe-c6fc2ca0001c;f285d343-6dea-4723-a6f0-9a669dd514d1;bcbf868b-079a-4316-b3a1-e42ab9619cbc,SimpleLogin email forward log message status code,5,103,1.0,1.0,0.6,0.4,improved,"I'm investigating a production issue where users report inconsistent behavior when emails are forwarded through SimpleLogin aliases. I need to trace the actual email processing flow to understand what's happening. When the email handler processes an incoming email to an alias, I want to observe, what is the exact log message text that appears when an email is successfully forwarded versus when it fails due to a non-existent alias, what specific SL Message-ID gets generated during forwarding and how does it differ from the original Message-ID, what is the exact From header value in the forwarded email after transformation including the reply-email address format, and what database records are created during a single forward operation show me the actual record IDs and timestamps. Trace through an actual email forward operation and capture these specific runtime values. I need to see actual generated values, not what the code logic suggests should happen. Just don't modify any source files while investigating, and clean up any test containers or DB instances you spin up.",0.056338028169014,0.0676779958818242,0.1071428571428571,0.6,5,True,high,nonzero,high_sim
20260906T141944.965072498Z-openclaw-sweatlasqa-pilot30-amem-task-sglang,pilot30,task-scope,task-6905333b74f22949d97ba9ad,10,simple-login/app,9c99f28d-55e3-4dc9-b3e9-a3968afc1e99,2,SimpleLogin startup logs email forwarding dashboard registration,6,5,1,53.326189,45.09815,61.68517,08809279-783b-440c-b486-3cdcf79a11f6;74f798e8-1ec1-4645-9c6b-a8a50cd6d7e9;7d104943-80e8-42c4-944e-0d7120fb9cc1;13977d2a-4622-4e86-8c87-58588039d4f4;16946261-c649-49db-807c-0b396e0a6488;a5c78ad6-30af-4f2e-8cb5-5ef9bd6113ef,SimpleLogin startup logs email forwarding dashboard registration,6,72,0.7272727272727273,0.0,0.6363636363636364,0.0909090909090909,improved,"I am setting up SimpleLogin for the first time and I want to confirm that the platform is actually working the way it should when everything is running locally. After starting the system what should I notice in the logs or UI that shows the app is ready to handle user authentication and alias based email activity?

Once it is running can you try walking through the typical product experience as if you were a new user signing up for the first time. What happens when a user registers verifies their address and tries to log in. What visible behavior confirms that the system is handling every step correctly and forwarding the user into the dashboard as expected?

I am also curious about what the application does behind the scenes during that flow. Are there any indicators that background jobs or internal services are doing their part to support email forwarding or identity verification. What should I expect to observe at runtime that tells me these moving pieces are active and talking to each other properly?

You can create anything temporary that you need for testing like new users or aliases but remove them when you are done and please do not make any changes to the source code.",0.0595238095238095,0.0421292026952976,0.0576923076923076,0.6666666666666666,6,True,high,nonzero,low_sim
20260906T141944.965072498Z-openclaw-sweatlasqa-pilot30-amem-task-sglang,pilot30,task-scope,task-6905333b74f22949d97ba9ae,11,simple-login/app,df3dac16-2377-434c-bf6d-bc1617f57c72,2,SimpleLogin reply email resolution contact collision race condition,5,5,0,56.1900784,46.87674,72.49297,a524d6a1-79e9-4fe8-829f-145096569118;26084c08-5c23-4bb6-8a1c-c0b0920df4ba;0ffbec3d-eaf7-4ec4-905c-57a0b1aa98b3;5a5cbc19-2bea-4731-896a-45a1745420c2;ed5a8b85-1e81-4c11-89df-8248053f1eb9,SimpleLogin reply email resolution contact collision race condition,5,95,0.5833333333333334,0.0,0.6666666666666666,-0.0833333333333332,degraded,"I’d like to understand how SimpleLogin resolves inbound email replies to a contact and forwarding destination during normal alias usage, specifically in cases where a reply ends up being delivered to a different user than the alias owner. As inbound reply messages are processed, focus on how the system derives the reply email address and uses it to identify the associated contact. Observe the actual runtime values involved in this resolution, the extracted reply email, the contact (if any) that it resolves to, and the user or alias ultimately selected as the forwarding destination. Track how these values behave across multiple reply events. Note whether the same reply email ever resolves to different contacts over time, fails to resolve temporarily, or resolves correctly but later results in forwarding to a different user than expected. Use these observations to determine whether the reply-handling logic specifically the lookup of contacts by reply email exhibits any race conditions, uniqueness assumptions, or timing-related inconsistencies that could explain why a reply is routed to the wrong user. Describe the runtime values you observed during reply resolution and explain how those values lead to the observed behavior. Don’t modify any repository source files. If temporary scripts or tooling are needed to observe behavior, that’s fine, but clean them up afterward and leave the repository unchanged.",0.0659340659340659,0.0347425610384803,0.0693069306930693,0.8,5,True,high,nonzero,low_sim
20260906T141944.965072498Z-openclaw-sweatlasqa-pilot30-amem-task-sglang,pilot30,task-scope,task-6905333b74f22949d97ba9af,12,simple-login/app,047d8e8f-ce90-4bd4-b367-6196586864b2,2,SimpleLogin email handler status codes database migrations services startup,1,1,0,68.05428,68.05428,68.05428,46b3aa6f-4c91-453c-abc7-776f13a5d3a8,SimpleLogin email handler status codes database migrations services startup,1,107,0.9230769230769232,0.0,0.9230769230769232,0.0,tied,"I'm trying to get the development environment running locally for the first time, and the documentation isn't very clear about the startup order or what breaks if certain setup steps are skipped. I want to bring the whole stack up from scratch and note what actually happens along the way.

To start with, I want to see what happens if the database isn't fully set up yet. With PostgreSQL running and an empty database created (no tables, migrations not run), what error do I actually hit when I start the server with python [server.py](http://server.py) and then try to open the login page in the browser? I'm looking for the full Python exception that gets raised.

Once the database migrations and the initialization script (init\_[app.py](http://app.py)) have been run and everything is set up correctly, I need to understand which Python services must be running for the system to work. Start each required service and show me the exact log output that confirms it's running and ready to accept connections. I want to see the actual startup messages from stdout/stderr, not just what the code says I need to verify the services are actually binding to their ports and working.

I'm also curious about what happens if the initialization step is skipped. If I run the migrations but don't run init\_[app.py](http://app.py), the SLDomain table should be empty (no email domains configured). If I then start the email handler and simulate an incoming email addressed to any @sl.local address, what happens? What SMTP status code does the email handler return to the sender, and what does it log to explain the rejection?

I'm not changing or deleting any source files here I just want to observe the system's behavior. Temporary config files or small test scripts are fine if needed.",0.0648148148148148,0.075,0.075,1.0,1,True,high,nonzero,high_sim
20260906T141944.965072498Z-openclaw-sweatlasqa-pilot30-amem-task-sglang,pilot30,task-scope,task-6905333b74f22949d97ba9d4,20,paperless-ngx/paperless-ngx,620b70d9-107d-4ce2-8700-20f0612d346a,2,Paperless-NGX startup log messages background tasks periodic scheduled,2,2,0,59.77969999999999,53.82657,65.73282999999999,edae057c-4d7a-493a-8827-33399190c2fc;bbd5e750-f4a8-467e-81b2-75140464614f,Paperless-NGX startup log messages background tasks periodic scheduled,2,150,1.0,1.0,0.8181818181818182,0.1818181818181817,improved,"I want to understand how Paperless-NGX behaves at runtime once the system is up and idle, before I start making changes to the codebase. Get Paperless-NGX running at the specified commit. Once it's idle and stable, what background processes or tasks continue executing automatically? What are the actual log entries that appear periodically showing the system is healthy and ready? I need the specific log messages, their frequency, and what they indicate. 
Also, if you briefly interrupt and restart part of the system, what specific log messages confirm everything has reconnected and is operational again? What components or processes keep running continuously to maintain Paperless-NGX in a ready state, even when no documents are being processed? You may use temporary helper commands or inspection tools if needed, but don’t modify any source files and clean up any temporary artifacts when you’re done.",0.0625,0.0348884381338742,0.0352941176470588,0.5,2,True,high,nonzero,mid_sim
20260906T141944.965072498Z-openclaw-sweatlasqa-pilot30-amem-task-sglang,pilot30,task-scope,task-6905333b74f22949d97ba9d5,21,paperless-ngx/paperless-ngx,e3650bc3-0b41-423e-9e75-190e36e8edab,2,Paperless-NGX document ingestion pipeline consumer classifier index,5,5,0,58.9066004,42.461896,67.527103,b2e93681-2cea-4aeb-aeec-4b38b32bd31c;72bf481d-81a0-479d-93a9-5b79fd9222ac;914c541e-24e7-4410-be1c-48710b448c20;35ba30fb-04b6-4383-8c75-b41636dfe9bf;54b74a35-9eec-452c-813d-879797980a01,Paperless-NGX document ingestion pipeline consumer classifier index,5,117,0.5714285714285714,0.0,0.7857142857142857,-0.2142857142857143,degraded,"I’m trying to understand how data moves through Paperless-NGX during normal document ingestion so I can get oriented before working on the codebase. When Paperless-NGX is running from this repository at the specified commit and a new document appears in the system, what observable runtime behavior shows how the document is detected and handed off for processing? What log messages, task names, or state changes indicate the transition from initial detection into parsing, classification, and indexing, and how does the system reflect progress or completion of each stage while the document is being processed? After processing finishes, what observable evidence shows where the document’s data ends up and how its final state is recorded? Based on what you can directly observe at runtime, how does Paperless-NGX track whether a document has already been processed or needs further work, and what behavior or logs indicate how the system avoids duplicate processing? Keep the explanation grounded in runtime observations rather than assumptions from reading the code alone. You may use temporary test files if helpful, but don’t modify any source files and clean up any temporary artifacts when you’re done.",0.0375,0.0386824180961628,0.0549450549450549,0.8,5,True,low,nonzero,mid_sim
20260906T141944.965072498Z-openclaw-sweatlasqa-pilot30-amem-task-sglang,pilot30,task-scope,task-6905333b74f22949d97ba9d6,22,paperless-ngx/paperless-ngx,2e68da91-4cff-469e-bb25-7fda606ca614,2,OCR pdf has text skip force redo mode sidecar ocrmypdf progress callback,1,1,0,40.56396,40.56396,40.56396,5a8f1f68-ac0c-4e2d-bff1-436c9dbcbc70,OCR pdf has text skip force redo mode sidecar ocrmypdf progress callback,1,156,0.8,0.0,0.9,-0.0999999999999999,degraded,"I’m trying to get a practical understanding of how OCR behaves in paperless-ngx at runtime, especially in cases where it’s hard to tell what the system is actually doing. When I upload an image that has no embedded text, how can I see that OCR has started, and what does the document’s processing state look like while it’s running? I want to watch how background workers behave during this phase and understand what signals really indicate active OCR work. If I upload a similar image that already contains text, does the system skip OCR entirely, or does it still touch the OCR pipeline in some way, and how can I tell the difference after processing finishes? I also want to compare the final API responses for both cases to understand which fields show OCR-generated text versus existing text. Finally, when OCR produces weak or incomplete results, what actually happens to the document’s final state? Does it still count as fully processed, and how is that reflected in the saved metadata? Temporary scripts may be used for observation, but the repository itself should remain unchanged, and anything temporary should be cleaned up afterward.",0.0246913580246913,0.0526315789473684,0.0526315789473684,0.0,1,False,low,nonzero,low_sim
20260906T141944.965072498Z-openclaw-sweatlasqa-pilot30-amem-task-sglang,pilot30,task-scope,task-6905333b74f22949d97ba9d7,23,paperless-ngx/paperless-ngx,982df431-fbd6-4884-8850-f41e484fde65,2,paperless authentication TokenAuthentication rest_framework,1,1,0,69.00869,69.00869,69.00869,899a6e48-2cda-4509-9eb4-2552663d0d9b,paperless authentication TokenAuthentication rest_framework,1,111,0.8461538461538461,0.0,0.7692307692307693,0.0769230769230768,improved,"I'm planning to integrate some external tools with the paperless API and need to understand how authentication works first. Get paperless running locally, create a test user, and generate an API token for them. Make an authenticated request to list documents. What's the exact HTTP header name and format paperless expects for the token, and what's the complete endpoint path? What does the JSON response look like, specifically what are the top level fields, and is pagination involved or does it dump everything at once? Try that same request without auth and tell me what status code and error message you get. Then trace through the Django code to find which authentication class handles token authentication and what model stores the tokens. Don't modify the codebase, creating test users, tokens, and any temporary files you need is fine, but leave the source code untouched and clean up any additional files or changes when you're done.",0.027027027027027,0.0941176470588235,0.0941176470588235,1.0,1,True,low,nonzero,high_sim
20260906T141944.965072498Z-openclaw-sweatlasqa-pilot30-amem-task-sglang,pilot30,task-scope,task-6905333b74f22949d97ba9d9,25,paperless-ngx/paperless-ngx,a9f6f4a1-0a48-415a-9100-f63e7843ec8f,2,paperless-ngx django-q task queue background processing,2,2,0,72.362405,68.88032,75.84449,ebf74e78-d7e0-4700-bc62-5fe74607f4ec;e5984eee-cb3d-43e1-845f-449f8467855b,paperless-ngx django-q task queue background processing,2,111,0.6,0.0,0.8,-0.2,degraded,"I'm trying to understand how paperless-ngx actually handles background processing when it ingests documents. I want to see what happens at runtime, not just read the config files.

Can you help me make sense of how async work behaves in a live setup? I’m interested in what services are involved behind the scenes, how background jobs appear once they are created, and how the system tells the difference between work that is waiting and work that is actively being processed. I also want to understand where the task state ends up being stored and how you can tell, after the fact, what happened to a given job.

From the code perspective, I want to connect that runtime behavior back to its origin. Where are these background jobs actually triggered, and what part of the code is responsible for sending them into the queue? Don’t modify any repository source files. If you need to create temporary scripts or artifacts to observe behavior, that’s fine, but clean them up afterward and leave the codebase unchanged.",0.0757575757575757,0.0714386959603118,0.072289156626506,1.0,2,True,high,nonzero,high_sim
20260906T141944.965072498Z-openclaw-sweatlasqa-pilot30-amem-task-sglang,pilot30,task-scope,task-6905333b74f22949d97ba9dd,28,paperless-ngx/paperless-ngx,37888163-ad18-416a-b7b5-92796de1f50e,2,Paperless-NGX document ingestion pipeline consumer django-q redis,2,2,0,72.78616,67.26135,78.31097,b4e645bd-3e9a-4280-b779-9c20ddb94d10;a572b29d-6614-4780-94e4-d45317cab286,Paperless-NGX document ingestion pipeline consumer django-q redis,2,101,0.5,0.0,0.6,-0.0999999999999999,degraded,"I need to understand how Paperless-NGX processes a document from ingestion through indexing before I start working with the codebase. Set up the full environment and get all services running normally. Drop a small test file into the consumption directory and follow what happens. What log messages appear when the system first detects the file, what ingestion task gets triggered, and what additional tasks show up as the document moves through parsing, classification, and indexing? While the task is queued, check what the message broker is storing. What payload format or data structure represents the queued task? After processing completes, query the database to see where the document record is stored, which fields capture the parsed metadata, and where the system keeps a record of task execution or processing history.
Then trace the high-level codepath behind this workflow based on the behavior you observe. Starting from the part of the system that detects the new file, follow the chain of components involved in creating and submitting the ingestion task. Which part of the application is responsible for creating that task object, and what queuing framework does Paperless-NGX rely on to dispatch it? You may use temporary helper scripts or test files if needed, but don’t modify the actual source code, and clean up any temporary artifacts when you’re done.",0.03125,0.0548230974632843,0.0560747663551401,1.0,2,True,low,nonzero,high_sim
20260906T141944.965072498Z-openclaw-sweatlasqa-pilot30-amem-task-sglang,pilot30,task-scope,task-6905333b74f22949d97ba9de,29,paperless-ngx/paperless-ngx,97ab50b9-7018-4d0f-a0e7-3eacec822522,2,paperless memory usage document processing metadata spike root cause,2,2,0,63.309257,61.212564,65.40595,3b6cf877-1b08-482c-bfc6-737b79c337f0;7eb3c4dd-a4c4-4ab3-9949-0f53260f70f1,paperless memory usage document processing metadata spike root cause,2,114,0.4444444444444444,0.0,0.3333333333333333,0.1111111111111111,improved,"I'm investigating a strange memory usage pattern in the Paperless document processing system. When the system imports documents, it sometimes consumes far more memory than expected for the metadata handling, but this doesn't happen consistently and seems to vary based on the document source or processing stage.

What I'm seeing is that memory usage spikes significantly during document import operations, particularly when metadata is being processed, but the spike seems disproportionate to the actual document size. The odd part is that this memory doesn't always get released back to the system in a timely manner, even after processing is complete. This seems unusual because these are mostly text documents with relatively small metadata - we're not dealing with massive image processing here.

Can you figure out what's causing these memory spikes? I'm curious whether there's something in the metadata handling that's creating unnecessary copies or holding references longer than needed, or if there's caching behavior that's accumulating data unexpectedly. What's different between the cases where memory spikes and cases where it doesn't? How does the behavior change with different document types or batch sizes?

I need to see actual runtime memory measurements during processing, understand which components or methods are responsible for holding onto memory, and get evidence showing whether this is normal Python garbage collection behavior or something problematic. Show me what patterns you can find and where the memory is actually going.

Don't modify any repository source files. You can create temporary test scripts or helper tools to reproduce and analyze the behavior, but clean them up and leave the codebase unchanged when done.",0.0603448275862069,0.0525252525252525,0.0606060606060606,1.0,2,True,high,nonzero,mid_sim
20260907T013422.077067776Z-openclaw-sweatlasqa-pilot30-shuffle1-amem-repo-sglang,pilot30-shuffle1,repo-scope,task-6905333b74f22949d97ba9ac,1,simple-login/app,12d5fdaa-cb31-4ad3-a066-308cc944f8f8,2,SimpleLogin email forward operation success failure log message status code,1,1,0,65.716946,65.716946,65.716946,466f88e2-fec9-4d5f-a531-7c2726d2c53c,SimpleLogin email forward operation success failure log message status code,1,109,1.0,1.0,0.6,0.4,improved,"I'm investigating a production issue where users report inconsistent behavior when emails are forwarded through SimpleLogin aliases. I need to trace the actual email processing flow to understand what's happening. When the email handler processes an incoming email to an alias, I want to observe, what is the exact log message text that appears when an email is successfully forwarded versus when it fails due to a non-existent alias, what specific SL Message-ID gets generated during forwarding and how does it differ from the original Message-ID, what is the exact From header value in the forwarded email after transformation including the reply-email address format, and what database records are created during a single forward operation show me the actual record IDs and timestamps. Trace through an actual email forward operation and capture these specific runtime values. I need to see actual generated values, not what the code logic suggests should happen. Just don't modify any source files while investigating, and clean up any test containers or DB instances you spin up.",0.0684931506849315,0.0795454545454545,0.0795454545454545,1.0,1,True,high,nonzero,high_sim
20260907T013422.077067776Z-openclaw-sweatlasqa-pilot30-shuffle1-amem-repo-sglang,pilot30-shuffle1,repo-scope,task-6905333b74f22949d97ba9ae,2,simple-login/app,df3b088c-1e78-49c8-9991-9e6f65193685,1,SimpleLogin inbound email reply contact resolution,1,1,0,65.337056,65.337056,65.337056,466f88e2-fec9-4d5f-a531-7c2726d2c53c,SimpleLogin alias forwarding routing,1,174,0.6666666666666666,0.0,0.5,0.1666666666666666,improved,"I’d like to understand how SimpleLogin resolves inbound email replies to a contact and forwarding destination during normal alias usage, specifically in cases where a reply ends up being delivered to a different user than the alias owner. As inbound reply messages are processed, focus on how the system derives the reply email address and uses it to identify the associated contact. Observe the actual runtime values involved in this resolution, the extracted reply email, the contact (if any) that it resolves to, and the user or alias ultimately selected as the forwarding destination. Track how these values behave across multiple reply events. Note whether the same reply email ever resolves to different contacts over time, fails to resolve temporarily, or resolves correctly but later results in forwarding to a different user than expected. Use these observations to determine whether the reply-handling logic specifically the lookup of contacts by reply email exhibits any race conditions, uniqueness assumptions, or timing-related inconsistencies that could explain why a reply is routed to the wrong user. Describe the runtime values you observed during reply resolution and explain how those values lead to the observed behavior. Don’t modify any repository source files. If temporary scripts or tooling are needed to observe behavior, that’s fine, but clean them up afterward and leave the repository unchanged.",0.0674157303370786,0.0363636363636363,0.0363636363636363,1.0,1,True,high,nonzero,high_sim
20260907T013422.077067776Z-openclaw-sweatlasqa-pilot30-shuffle1-amem-repo-sglang,pilot30-shuffle1,repo-scope,task-6905333b74f22949d97ba9ae,2,simple-login/app,df3b088c-1e78-49c8-9991-9e6f65193685,2,SimpleLogin alias forwarding routing,1,1,0,70.29401,70.29401,70.29401,466f88e2-fec9-4d5f-a531-7c2726d2c53c,SimpleLogin inbound email reply contact resolution,1,185,0.6666666666666666,0.0,0.5,0.1666666666666666,improved,"I’d like to understand how SimpleLogin resolves inbound email replies to a contact and forwarding destination during normal alias usage, specifically in cases where a reply ends up being delivered to a different user than the alias owner. As inbound reply messages are processed, focus on how the system derives the reply email address and uses it to identify the associated contact. Observe the actual runtime values involved in this resolution, the extracted reply email, the contact (if any) that it resolves to, and the user or alias ultimately selected as the forwarding destination. Track how these values behave across multiple reply events. Note whether the same reply email ever resolves to different contacts over time, fails to resolve temporarily, or resolves correctly but later results in forwarding to a different user than expected. Use these observations to determine whether the reply-handling logic specifically the lookup of contacts by reply email exhibits any race conditions, uniqueness assumptions, or timing-related inconsistencies that could explain why a reply is routed to the wrong user. Describe the runtime values you observed during reply resolution and explain how those values lead to the observed behavior. Don’t modify any repository source files. If temporary scripts or tooling are needed to observe behavior, that’s fine, but clean them up afterward and leave the repository unchanged.",0.0333333333333333,0.0363636363636363,0.0363636363636363,1.0,1,True,low,nonzero,high_sim
20260907T013422.077067776Z-openclaw-sweatlasqa-pilot30-shuffle1-amem-repo-sglang,pilot30-shuffle1,repo-scope,task-6905333b74f22949d97ba9ae,2,simple-login/app,df3b088c-1e78-49c8-9991-9e6f65193685,3,SimpleLogin contact reply_email resolution forward reply alias transfer,4,4,0,66.59967725,50.47577,74.96078,97334410-600b-4b4e-9879-992fb7dcf72b;466f88e2-fec9-4d5f-a531-7c2726d2c53c;130196f2-637b-4735-b8b3-de4bd567c546;15011ff5-3ed5-4d87-a903-e2a92f2ce926,SimpleLogin contact reply_email resolution forward reply alias transfer,4,106,0.6666666666666666,0.0,0.5,0.1666666666666666,improved,"I’d like to understand how SimpleLogin resolves inbound email replies to a contact and forwarding destination during normal alias usage, specifically in cases where a reply ends up being delivered to a different user than the alias owner. As inbound reply messages are processed, focus on how the system derives the reply email address and uses it to identify the associated contact. Observe the actual runtime values involved in this resolution, the extracted reply email, the contact (if any) that it resolves to, and the user or alias ultimately selected as the forwarding destination. Track how these values behave across multiple reply events. Note whether the same reply email ever resolves to different contacts over time, fails to resolve temporarily, or resolves correctly but later results in forwarding to a different user than expected. Use these observations to determine whether the reply-handling logic specifically the lookup of contacts by reply email exhibits any race conditions, uniqueness assumptions, or timing-related inconsistencies that could explain why a reply is routed to the wrong user. Describe the runtime values you observed during reply resolution and explain how those values lead to the observed behavior. Don’t modify any repository source files. If temporary scripts or tooling are needed to observe behavior, that’s fine, but clean them up afterward and leave the repository unchanged.",0.0543478260869565,0.0428444104914693,0.0588235294117647,1.0,4,True,low,nonzero,high_sim
20260907T013422.077067776Z-openclaw-sweatlasqa-pilot30-shuffle1-amem-repo-sglang,pilot30-shuffle1,repo-scope,task-6905333b74f22949d97ba9af,3,simple-login/app,abe1dfac-2823-4d45-9611-88361bbe5932,1,development environment database server setup,4,4,0,35.780096,33.860856,37.33856,15011ff5-3ed5-4d87-a903-e2a92f2ce926;97334410-600b-4b4e-9879-992fb7dcf72b;130196f2-637b-4735-b8b3-de4bd567c546;466f88e2-fec9-4d5f-a531-7c2726d2c53c,development environment database server setup,4,135,0.7692307692307693,0.0,0.7692307692307693,0.0,tied,"I'm trying to get the development environment running locally for the first time, and the documentation isn't very clear about the startup order or what breaks if certain setup steps are skipped. I want to bring the whole stack up from scratch and note what actually happens along the way.

To start with, I want to see what happens if the database isn't fully set up yet. With PostgreSQL running and an empty database created (no tables, migrations not run), what error do I actually hit when I start the server with python [server.py](http://server.py) and then try to open the login page in the browser? I'm looking for the full Python exception that gets raised.

Once the database migrations and the initialization script (init\_[app.py](http://app.py)) have been run and everything is set up correctly, I need to understand which Python services must be running for the system to work. Start each required service and show me the exact log output that confirms it's running and ready to accept connections. I want to see the actual startup messages from stdout/stderr, not just what the code says I need to verify the services are actually binding to their ports and working.

I'm also curious about what happens if the initialization step is skipped. If I run the migrations but don't run init\_[app.py](http://app.py), the SLDomain table should be empty (no email domains configured). If I then start the email handler and simulate an incoming email addressed to any @sl.local address, what happens? What SMTP status code does the email handler return to the sender, and what does it log to explain the rejection?

I'm not changing or deleting any source files here I just want to observe the system's behavior. Temporary config files or small test scripts are fine if needed.",0.0471698113207547,0.0039392059553349,0.0080645161290322,0.0,4,False,low,nonzero,low_sim
20260907T013422.077067776Z-openclaw-sweatlasqa-pilot30-shuffle1-amem-repo-sglang,pilot30-shuffle1,repo-scope,task-6905333b74f22949d97ba9d3,16,paperless-ngx/paperless-ngx,c0a46c7c-925f-4b06-8d08-f9fe891fda3a,2,paperless-ngx classification training schedule conditions,2,2,0,49.9970965,49.422443,50.57175,93a1f8a5-d4d2-425a-bdab-d2938970d3da;6514d228-adde-4b4e-a384-c15f303f703e,paperless-ngx classification training schedule conditions,2,94,1.0,1.0,0.7272727272727273,0.2727272727272727,improved,"I am trying to understand how paperless-ngx processes documents at runtime before making any changes. Once the application is up and all of its services are running, I want to submit a test PDF and observe how the ingestion pipeline actually behaves. As the document moves through the system, which services are involved, and what sequence of events shows up in the logs? I also want to upload a few more documents and watch how the system reacts after each one. Does the machine learning classifier retrain automatically on every upload, or only under certain conditions, and what log messages make it clear when training is happening versus when the classifier stays idle? After a document finishes processing, I want to see where it ends up on disk, what directory structure and filename pattern paperless-ngx uses by default, and which database tables receive new rows as part of ingestion. You should not modify or edit any existing files in the repository, but you can create temporary scripts or test documents if they help with the investigation, as long as everything you create is cleaned up when you are done.",0.0384615384615384,0.0421239330451169,0.043010752688172,0.5,2,True,low,nonzero,low_sim
20260907T013422.077067776Z-openclaw-sweatlasqa-pilot30-shuffle1-amem-repo-sglang,pilot30-shuffle1,repo-scope,task-6905333b74f22949d97ba9d7,19,paperless-ngx/paperless-ngx,8181a1be-4bc8-4fac-bf08-6299ef6d7dfe,1,paperless API authentication token,3,3,0,43.952318,32.432356,50.52881,6514d228-adde-4b4e-a384-c15f303f703e;93a1f8a5-d4d2-425a-bdab-d2938970d3da;bce7aac9-797b-4958-b6a1-d05c8c5b8333,paperless API authentication token,3,143,0.9230769230769232,0.0,0.8461538461538461,0.0769230769230769,improved,"I'm planning to integrate some external tools with the paperless API and need to understand how authentication works first. Get paperless running locally, create a test user, and generate an API token for them. Make an authenticated request to list documents. What's the exact HTTP header name and format paperless expects for the token, and what's the complete endpoint path? What does the JSON response look like, specifically what are the top level fields, and is pagination involved or does it dump everything at once? Try that same request without auth and tell me what status code and error message you get. Then trace through the Django code to find which authentication class handles token authentication and what model stores the tokens. Don't modify the codebase, creating test users, tokens, and any temporary files you need is fine, but leave the source code untouched and clean up any additional files or changes when you're done.",0.0416666666666666,0.0333803176137355,0.0449438202247191,0.0,3,False,low,nonzero,low_sim
20260907T013422.077067776Z-openclaw-sweatlasqa-pilot30-shuffle1-amem-repo-sglang,pilot30-shuffle1,repo-scope,task-6905333b74f22949d97ba9dd,18,paperless-ngx/paperless-ngx,25ddf3fe-b5c2-4f7d-8b12-3bae9935f231,1,Paperless-NGX document ingestion workflow,3,3,0,59.59940066666667,40.66383,73.457396,93a1f8a5-d4d2-425a-bdab-d2938970d3da;6514d228-adde-4b4e-a384-c15f303f703e;bce7aac9-797b-4958-b6a1-d05c8c5b8333,Paperless-NGX document ingestion workflow,3,288,,,0.5,,,"I need to understand how Paperless-NGX processes a document from ingestion through indexing before I start working with the codebase. Set up the full environment and get all services running normally. Drop a small test file into the consumption directory and follow what happens. What log messages appear when the system first detects the file, what ingestion task gets triggered, and what additional tasks show up as the document moves through parsing, classification, and indexing? While the task is queued, check what the message broker is storing. What payload format or data structure represents the queued task? After processing completes, query the database to see where the document record is stored, which fields capture the parsed metadata, and where the system keeps a record of task execution or processing history.
Then trace the high-level codepath behind this workflow based on the behavior you observe. Starting from the part of the system that detects the new file, follow the chain of components involved in creating and submitting the ingestion task. Which part of the application is responsible for creating that task object, and what queuing framework does Paperless-NGX rely on to dispatch it? You may use temporary helper scripts or test files if needed, but don’t modify the actual source code, and clean up any temporary artifacts when you’re done.",0.0434782608695652,0.0300632207904676,0.0446428571428571,0.3333333333333333,3,False,low,nonzero,mid_sim
20260907T013422.077067776Z-openclaw-sweatlasqa-pilot30-shuffle1-amem-repo-sglang,pilot30-shuffle1,repo-scope,task-6905333b74f22949d97ba9e0,17,paperless-ngx/paperless-ngx,8542c664-5d90-44e7-a5d1-275ab61d916e,1,documents list pagination sorting duplicates,2,2,0,45.224245,40.452245,49.996245,6514d228-adde-4b4e-a384-c15f303f703e;93a1f8a5-d4d2-425a-bdab-d2938970d3da,documents list pagination sorting duplicates,2,112,0.5,0.0,0.75,-0.25,degraded,"I am trying to figure out why the documents list can feel haunted during normal browsing, where paging through the documents view with a couple of common filters enabled can make the same document show up twice across neighboring pages or disappear for a page and then come back even though nobody is editing anything and the sort order looks unchanged. It gets stranger when the viewer is not an all powerful admin and visibility is shaped by sharing rules, because the glitch seems to depend on what the user is allowed to see rather than what exists. Is the backend producing duplicates that get collapsed somewhere later, is pagination happening before any de duplication, or is the ordering quietly unstable when multiple rows tie on the primary sort key? I want to watch what the API actually returns across consecutive page requests, and line that up with what the UI thinks pagination means until the exact condition that destabilizes the list becomes clear. Temporary scripts may be used for observation, but the repository itself should remain unchanged and anything temporary should be cleaned up afterward.",0.0439560439560439,0.0225671690694626,0.0267857142857142,0.0,2,False,low,nonzero,low_sim
20260907T013422.077076453Z-openclaw-sweatlasqa-pilot30-shuffle1-amem-task-sglang,pilot30-shuffle1,task-scope,task-6905333b74f22949d97ba9a4,12,simple-login/app,55d85159-d88a-4bbd-ac55-f5a222d9345b,2,SimpleLogin startup auth request flow background jobs,4,4,0,62.90841975,57.104677,69.394743,5c4bed0d-c5ef-40a8-a284-6bca2b9ae910;b5967d3d-57fd-4ec2-8cdd-95f9422d5bcb;0d269476-9656-484d-9b52-261bf3a47c53;cc87515c-d677-4309-8753-6f93b1a020fc,SimpleLogin startup auth request flow background jobs,4,78,0.9,0.0,1.0,-0.0999999999999999,degraded,"I'm trying to understand what actually happens when SimpleLogin is started locally in development environment. I'm wondering how the backend starts up in dev mode, how configuration is loaded, which log messages indicate that it's ready to accept requests, and what ports or endpoints it exposes. 

I’m interested in how a single authenticated request is handled by the app, where the request first enters the application, how the user identity is determined at runtime, and how that authentication context is carried through request handling. The entry point and user identification flow are my main concerns here. I also want to know whether the app automatically starts any background jobs or schedulers, or if there’s anything going on besides handling incoming requests.

I'm not looking for what the code says should happen, I want to know what actually gets printed when you run it. Please don’t modify any repository source files while investigating. Temporary scripts are fine if needed, but leave the codebase unchanged and clean up anything you create when you’re done.",0.0757575757575757,0.0439991338785711,0.0714285714285714,1.0,4,True,high,nonzero,mid_sim
20260907T013422.077076453Z-openclaw-sweatlasqa-pilot30-shuffle1-amem-task-sglang,pilot30-shuffle1,task-scope,task-6905333b74f22949d97ba9a7,15,simple-login/app,3dec2f48-b7e5-4463-a0f9-265285f51048,2,SimpleLogin mailbox verification job task bounce VERP email forwarding,4,4,0,57.9373845,41.728115,71.38531,e896f11d-7dbc-40eb-accc-0bb4b36ddff9;7b42750e-5b6d-4386-be12-cac2dfaaeec9;d7b83344-9ca5-4df9-84c5-6dc59226b4f6;a4d42071-4e5b-43fb-a127-f86cd1f17ff1,SimpleLogin mailbox verification job task bounce VERP email forwarding,4,112,1.0,1.0,1.0,0.0,tied,"I want to understand how SimpleLogin processes multi step workflows at runtime.

In scenarios where a mailbox verification code is submitted incorrectly multiple times in succession, what observable state changes and enforcement mechanisms does the running system apply? Trace the actual runtime behavior to determine what limits exist, how failed attempts are tracked, and what ultimately prevents further submissions.

For background tasks that are scheduled and later picked up for execution, trace the complete lifecycle from initial creation through final completion. If a task encounters an error during execution, what recovery or retry behavior is applied, and what observable state reflects that failure?

During email forwarding through an alias, what exact format is used for the special address generated to handle delivery failures? If a failure notification arrives at this address, trace how the system identifies the original email, what state changes are recorded, and how the handling behavior differs depending on the direction of the original message.

Temporary inspection or debugging tools may be used to observe runtime behavior, but source files should not be modified and any temporary artifacts should be cleaned up afterward.",0.0659340659340659,0.0399536178422177,0.048076923076923,1.0,4,True,high,nonzero,mid_sim
20260907T013422.077076453Z-openclaw-sweatlasqa-pilot30-shuffle1-amem-task-sglang,pilot30-shuffle1,task-scope,task-6905333b74f22949d97ba9a9,13,simple-login/app,bed2b24c-e1a5-4c1e-8b90-5917212b58b0,2,SimpleLogin alias reply routing bug root cause,2,2,0,57.71616,50.46793,64.96439000000001,e1f7304b-2b0f-4435-b949-5f070e01e11d;1a7f8612-7525-4a45-a480-1644edcf5061,SimpleLogin alias reply routing bug root cause,2,130,0.6,0.0,0.5,0.0999999999999999,improved,"I'm running into unexpected behavior in the alias reply-handling flow of SimpleLogin and I want to determine whether it's a real issue or just a misunderstanding of how the pipeline works. When a user replies to an email that was forwarded through an alias, the backend is supposed to receive the inbound message, identify which alias it belongs to, and relay it back to the correct recipient, but in my local tests some replies appear to be routed to the wrong user even though the logs show the alias being recognized. Using the development environment, simulate an inbound email reply and trace the runtime flow end-to-end: observe which part of the system handles the incoming message, how the alias is resolved to a user, and what user ID the system ultimately decides to forward the reply to. Based on this live execution trace, explain the actual data flow and identify the most likely point in the pipeline where an incorrect routing decision could originate. You can create temporary scripts or logs that's fine but clean them up and leave the codebase as you found it.",0.05,0.0312567132116004,0.0421052631578947,1.0,2,True,low,nonzero,mid_sim
20260907T013422.077076453Z-openclaw-sweatlasqa-pilot30-shuffle1-amem-task-sglang,pilot30-shuffle1,task-scope,task-6905333b74f22949d97ba9aa,8,simple-login/app,c3bd40a5-aa42-4b22-85f2-f8b0e4d4d371,2,SimpleLogin web server email handler job runner startup log verification,1,1,0,60.36849,60.36849,60.36849,3ac1cb25-9a70-448a-ba9d-5427026021b0,SimpleLogin web server email handler job runner startup log verification,1,183,0.5833333333333334,0.0,0.75,-0.1666666666666666,degraded,"I'm new to SimpleLogin and trying to get everything running locally. Once the application starts, how can I tell that the web server, email handler, and job runner are actually up and responding? What should I see in the logs or dashboard UI that confirms users can sign in and manage their aliases?

After it's running, try performing some basic user actions like creating a new account, creating an alias, and having that alias receive an email. What happens when a new account interacts with aliases or tries to receive mail, and how does the system show that these actions were handled correctly? What should I see at runtime that confirms the behavior you would expect?

While the application is active, do the email handler and job runner automatically come online in the background to support email activity or data handling? What behavior suggests that these internal components are functioning as intended across different situations?

Do not modify the source code. You can create temporary testing data such as accounts or aliases but clean them up when you are done.",0.072463768115942,0.0588235294117647,0.0588235294117647,0.0,1,False,high,nonzero,mid_sim
20260907T013422.077076453Z-openclaw-sweatlasqa-pilot30-shuffle1-amem-task-sglang,pilot30-shuffle1,task-scope,task-6905333b74f22949d97ba9ab,9,simple-login/app,c39d61ad-5bd5-47c7-8c8b-4d5e54de0963,2,SimpleLogin alias creation flow database API response,2,2,0,66.7566835,61.39003,72.12333699999999,8d43cd3a-600e-4328-9d72-54db96d0e372;47cad12b-c19d-4a87-8348-2f8ee7f36237,SimpleLogin alias creation flow database API response,2,90,0.7857142857142857,0.0,0.7142857142857143,0.0714285714285714,improved,"I want to understand how SimpleLogin behaves during a normal alias-creation flow. To do that, run the full application locally using the standard development setup, login with any test user, and create a new alias while observing the system in real time.

As you go through this flow, watch the frontend and note exactly what request it sends to the backend when an alias is created. Then observe what the backend returns, including any status codes, payloads, or metadata that appear in the response. While the request is being processed, check what changes occur in the database. Identify which records are inserted or updated, how many tables are touched, and whether any related entities are created as part of the same operation.

Pay close attention to the logs to see whether the system triggers any background tasks, emits follow-up events, or performs additional work beyond the initial write. If anything fails, such as validation problems, DB errors, or network issues. Note how the error surfaces in the API response, logs, and resulting database state. Don't modify any of the repository source files while investigating. Feel free to create temporary scripts that's fine, but leave the actual codebase as you found it and ensure to clean up any temporary files or scripts you create when you're done.",0.0594059405940594,0.0567615935262994,0.0672268907563025,1.0,2,True,high,nonzero,high_sim
20260907T013422.077076453Z-openclaw-sweatlasqa-pilot30-shuffle1-amem-task-sglang,pilot30-shuffle1,task-scope,task-6905333b74f22949d97ba9ac,1,simple-login/app,35dbe7de-1ef5-4b8d-bcbe-9fceb2379c07,2,SimpleLogin email forward reply SL Message-ID VERP EmailLog database,3,3,0,66.50686166666667,57.68532,71.242505,f6a5fd98-f2b8-4803-8ceb-fad12556617d;b056f7b2-6908-4499-b639-70cb60cff724;984cae09-a2ce-47d4-8234-ac63826b6ba7,SimpleLogin email forward reply SL Message-ID VERP EmailLog database,3,79,0.6,0.0,0.6,0.0,tied,"I'm investigating a production issue where users report inconsistent behavior when emails are forwarded through SimpleLogin aliases. I need to trace the actual email processing flow to understand what's happening. When the email handler processes an incoming email to an alias, I want to observe, what is the exact log message text that appears when an email is successfully forwarded versus when it fails due to a non-existent alias, what specific SL Message-ID gets generated during forwarding and how does it differ from the original Message-ID, what is the exact From header value in the forwarded email after transformation including the reply-email address format, and what database records are created during a single forward operation show me the actual record IDs and timestamps. Trace through an actual email forward operation and capture these specific runtime values. I need to see actual generated values, not what the code logic suggests should happen. Just don't modify any source files while investigating, and clean up any test containers or DB instances you spin up.",0.0833333333333333,0.063703643680955,0.073170731707317,0.3333333333333333,3,False,high,nonzero,high_sim
20260907T013422.077076453Z-openclaw-sweatlasqa-pilot30-shuffle1-amem-task-sglang,pilot30-shuffle1,task-scope,task-6905333b74f22949d97ba9ad,4,simple-login/app,eeea2c9d-7c5c-496d-a343-e22818bfc208,2,SimpleLogin registration activation login dashboard email forwarding background jobs,4,4,0,61.7332035,55.153346000000006,66.18121000000001,76cd4d95-31d6-4a88-9ae9-97c1b9edc663;df59f57d-7390-4265-bb23-99a806bca160;53312551-424b-4c9b-b317-be77ce7162ef;c370b2be-f501-41ac-8f16-7411c5cff495,SimpleLogin registration activation login dashboard email forwarding background jobs,4,102,0.9090909090909092,0.0,0.7272727272727273,0.1818181818181817,improved,"I am setting up SimpleLogin for the first time and I want to confirm that the platform is actually working the way it should when everything is running locally. After starting the system what should I notice in the logs or UI that shows the app is ready to handle user authentication and alias based email activity?

Once it is running can you try walking through the typical product experience as if you were a new user signing up for the first time. What happens when a user registers verifies their address and tries to log in. What visible behavior confirms that the system is handling every step correctly and forwarding the user into the dashboard as expected?

I am also curious about what the application does behind the scenes during that flow. Are there any indicators that background jobs or internal services are doing their part to support email forwarding or identity verification. What should I expect to observe at runtime that tells me these moving pieces are active and talking to each other properly?

You can create anything temporary that you need for testing like new users or aliases but remove them when you are done and please do not make any changes to the source code.",0.0705882352941176,0.0439407003160578,0.0490196078431372,0.25,4,False,high,nonzero,mid_sim
20260907T013422.077076453Z-openclaw-sweatlasqa-pilot30-shuffle1-amem-task-sglang,pilot30-shuffle1,task-scope,task-6905333b74f22949d97ba9ae,2,simple-login/app,b05816bc-ec47-4066-bf4b-4202556294f2,2,SimpleLogin reply handling contact alias forwarding,2,2,0,63.5986655,52.931195,74.266136,a7b86b61-66aa-4070-b016-b608a2ab0f93;55bf7c35-6f0b-4a1e-9532-146ee7ff2f2a,SimpleLogin reply handling contact alias forwarding,2,117,0.5833333333333334,0.0,0.5,0.0833333333333333,improved,"I’d like to understand how SimpleLogin resolves inbound email replies to a contact and forwarding destination during normal alias usage, specifically in cases where a reply ends up being delivered to a different user than the alias owner. As inbound reply messages are processed, focus on how the system derives the reply email address and uses it to identify the associated contact. Observe the actual runtime values involved in this resolution, the extracted reply email, the contact (if any) that it resolves to, and the user or alias ultimately selected as the forwarding destination. Track how these values behave across multiple reply events. Note whether the same reply email ever resolves to different contacts over time, fails to resolve temporarily, or resolves correctly but later results in forwarding to a different user than expected. Use these observations to determine whether the reply-handling logic specifically the lookup of contacts by reply email exhibits any race conditions, uniqueness assumptions, or timing-related inconsistencies that could explain why a reply is routed to the wrong user. Describe the runtime values you observed during reply resolution and explain how those values lead to the observed behavior. Don’t modify any repository source files. If temporary scripts or tooling are needed to observe behavior, that’s fine, but clean them up afterward and leave the repository unchanged.",0.0674157303370786,0.0531646751306945,0.058252427184466,0.5,2,True,high,nonzero,mid_sim
20260907T013422.077076453Z-openclaw-sweatlasqa-pilot30-shuffle1-amem-task-sglang,pilot30-shuffle1,task-scope,task-6905333b74f22949d97ba9af,3,simple-login/app,7f621999-1771-4f31-bf06-32aaa4a289b7,2,startup services Python web server email handler SMTP port database initialization,2,2,0,54.132672,45.578164,62.68718,5b3eedf4-cd8f-42b5-b607-43033bb5e5e8;453916ea-0e66-48ef-a05e-e681915123f0,startup services Python web server email handler SMTP port database initialization,2,384,0.8461538461538461,0.0,0.7692307692307693,0.0769230769230768,improved,"I'm trying to get the development environment running locally for the first time, and the documentation isn't very clear about the startup order or what breaks if certain setup steps are skipped. I want to bring the whole stack up from scratch and note what actually happens along the way.

To start with, I want to see what happens if the database isn't fully set up yet. With PostgreSQL running and an empty database created (no tables, migrations not run), what error do I actually hit when I start the server with python [server.py](http://server.py) and then try to open the login page in the browser? I'm looking for the full Python exception that gets raised.

Once the database migrations and the initialization script (init\_[app.py](http://app.py)) have been run and everything is set up correctly, I need to understand which Python services must be running for the system to work. Start each required service and show me the exact log output that confirms it's running and ready to accept connections. I want to see the actual startup messages from stdout/stderr, not just what the code says I need to verify the services are actually binding to their ports and working.

I'm also curious about what happens if the initialization step is skipped. If I run the migrations but don't run init\_[app.py](http://app.py), the SLDomain table should be empty (no email domains configured). If I then start the email handler and simulate an incoming email addressed to any @sl.local address, what happens? What SMTP status code does the email handler return to the sender, and what does it log to explain the rejection?

I'm not changing or deleting any source files here I just want to observe the system's behavior. Temporary config files or small test scripts are fine if needed.",0.0841121495327102,0.0403934426229508,0.048,0.5,2,True,high,nonzero,low_sim
20260907T013422.077076453Z-openclaw-sweatlasqa-pilot30-shuffle1-amem-task-sglang,pilot30-shuffle1,task-scope,task-6905333b74f22949d97ba9b2,11,simple-login/app,49eb1829-4a8e-4ad4-991e-902bd3f087e1,2,SimpleLogin bounce old format new format security,2,2,0,61.697512,49.56439,73.83063399999999,6eef4a02-8d5a-4ab1-96fa-7b9a6d827a78;60345a6a-4c07-4564-95b2-87f56de2b23a,SimpleLogin bounce old format new format security,2,137,1.0,1.0,0.8888888888888888,0.1111111111111111,improved,"I'm investigating a potential information leakage issue in SimpleLogin's bounce email handling system. I've noticed that the codebase appears to support two different address formats for processing email bounces, what looks like an older format with the email log ID visible in plain text and a newer format that seems to use some kind of signature verification.

I wonder how bounces are routed, I'm seeing that emails sent to addresses like bounce+12345+@domain seem to be processed differently than those using the newer signed format. What concerns me is whether an external attacker could craft bounce emails to these older-style addresses and learn something by observing the SMTP responses.

I'm curious what's actually happening under the hood here, where the security boundaries really are, and what slips through without cryptographic validation. I wonder what exact SMTP responses come back when probing different scenarios, such as hitting a valid ID versus an invalid one, and what happens when something doesn't quite meet the bounce validation requirements. I don't want theoretical explanations of what the code should do, I want to see actual evidence of how the system behaves in practice.

What also puzzles me is the bounce detection itself. What makes the system accept something as a bounce in the first place? What criteria does it check? Could an attacker who controls the SMTP envelope and headers spoof those criteria? I'm curious what happens when those checks pass versus when they don't. And beyond just valid versus invalid, I wonder if the response codes reveal more than just whether an ID exists.

Don't modify any source files in the repository. You can create test scripts to observe the actual behavior, but clean them up when finished.",0.025,0.0562507013803164,0.075187969924812,1.0,2,True,low,nonzero,mid_sim
20260907T013422.077076453Z-openclaw-sweatlasqa-pilot30-shuffle1-amem-task-sglang,pilot30-shuffle1,task-scope,task-6905333b74f22949d97ba9d2,20,paperless-ngx/paperless-ngx,98c36d44-dfba-4675-8b2e-ac2b3161df5d,2,paperless-ngx document lifecycle consumer matching tags,3,3,0,66.556911,60.8911,69.77744,41e5b657-9d36-471a-8043-6a2efbcb338e;42a21b72-16ae-4b53-8406-1f2ab0cccf5c;fbfa9631-7589-4aa8-9c19-1c5ae83f2c40,paperless-ngx document lifecycle consumer matching tags,3,90,1.0,1.0,0.9090909090909092,0.0909090909090909,improved,"I’m trying to get a big-picture understanding of how documents flow through the system. How does a new document usually enter paperless-ngx. Once a document is received, what are the main stages it goes through before it’s fully processed and available, are there any background jobs and what is used for background execution.

I’m also curious about the kind of information paperless stores for each document. What metadata fields are saved, and which ones are absolutely required versus optional or derived later during runtime-processing. Can you show with a runtime example?

Also I wonder how things like tags, correspondents, and document types are used together to organize documents in a practical way.

Please don’t make any changes to the repository itself. You can create temporary scripts for testing if needed but do clean them up once you're done.",0.0476190476190476,0.0489417989417989,0.074074074074074,1.0,3,True,low,nonzero,high_sim
20260907T013422.077076453Z-openclaw-sweatlasqa-pilot30-shuffle1-amem-task-sglang,pilot30-shuffle1,task-scope,task-6905333b74f22949d97ba9d3,16,paperless-ngx/paperless-ngx,b5b49ebc-6a58-4f79-b436-c053d4c3eb7d,2,paperless-ngx ingestion classifier retraining train,1,1,0,45.79927,45.79927,45.79927,a6254605-e8b6-4770-9b22-34a7063813c4,paperless-ngx ingestion classifier retraining train,1,140,0.5454545454545454,0.0,0.7272727272727273,-0.1818181818181818,degraded,"I am trying to understand how paperless-ngx processes documents at runtime before making any changes. Once the application is up and all of its services are running, I want to submit a test PDF and observe how the ingestion pipeline actually behaves. As the document moves through the system, which services are involved, and what sequence of events shows up in the logs? I also want to upload a few more documents and watch how the system reacts after each one. Does the machine learning classifier retrain automatically on every upload, or only under certain conditions, and what log messages make it clear when training is happening versus when the classifier stays idle? After a document finishes processing, I want to see where it ends up on disk, what directory structure and filename pattern paperless-ngx uses by default, and which database tables receive new rows as part of ingestion. You should not modify or edit any existing files in the repository, but you can create temporary scripts or test documents if they help with the investigation, as long as everything you create is cleaned up when you are done.",0.0384615384615384,0.0444444444444444,0.0444444444444444,0.0,1,False,low,nonzero,low_sim
20260907T013422.077076453Z-openclaw-sweatlasqa-pilot30-shuffle1-amem-task-sglang,pilot30-shuffle1,task-scope,task-6905333b74f22949d97ba9d4,29,paperless-ngx/paperless-ngx,64c66105-9b39-4ce6-8217-cda505231669,2,Paperless-NGX supervisord gunicorn consumer scheduler qcluster,2,2,0,67.996955,67.55469,68.43922,97dee762-88f8-44c6-bbb9-677900d3f08b;90d30831-7dfd-41e3-8c3d-1e48f6ab9f35,Paperless-NGX supervisord gunicorn consumer scheduler qcluster,2,130,0.7272727272727273,0.0,0.9090909090909092,-0.1818181818181817,degraded,"I want to understand how Paperless-NGX behaves at runtime once the system is up and idle, before I start making changes to the codebase. Get Paperless-NGX running at the specified commit. Once it's idle and stable, what background processes or tasks continue executing automatically? What are the actual log entries that appear periodically showing the system is healthy and ready? I need the specific log messages, their frequency, and what they indicate. 
Also, if you briefly interrupt and restart part of the system, what specific log messages confirm everything has reconnected and is operational again? What components or processes keep running continuously to maintain Paperless-NGX in a ready state, even when no documents are being processed? You may use temporary helper commands or inspection tools if needed, but don’t modify any source files and clean up any temporary artifacts when you’re done.",0.0151515151515151,0.0423384168482207,0.0493827160493827,1.0,2,True,low,nonzero,high_sim
20260907T013422.077076453Z-openclaw-sweatlasqa-pilot30-shuffle1-amem-task-sglang,pilot30-shuffle1,task-scope,task-6905333b74f22949d97ba9d5,30,paperless-ngx/paperless-ngx,ceb475a5-fe6b-4fde-8d88-e77e9a71f1e4,2,Paperless-NGX document ingestion pipeline consume_file consumer,1,1,0,72.50551,72.50551,72.50551,1a7c3e1c-32ad-48c7-bd0a-dbcdba33956d,Paperless-NGX document ingestion pipeline consume_file consumer,1,106,,,0.5,,,"I’m trying to understand how data moves through Paperless-NGX during normal document ingestion so I can get oriented before working on the codebase. When Paperless-NGX is running from this repository at the specified commit and a new document appears in the system, what observable runtime behavior shows how the document is detected and handed off for processing? What log messages, task names, or state changes indicate the transition from initial detection into parsing, classification, and indexing, and how does the system reflect progress or completion of each stage while the document is being processed? After processing finishes, what observable evidence shows where the document’s data ends up and how its final state is recorded? Based on what you can directly observe at runtime, how does Paperless-NGX track whether a document has already been processed or needs further work, and what behavior or logs indicate how the system avoids duplicate processing? Keep the explanation grounded in runtime observations rather than assumptions from reading the code alone. You may use temporary test files if helpful, but don’t modify any source files and clean up any temporary artifacts when you’re done.",0.0379746835443038,0.0515463917525773,0.0515463917525773,1.0,1,True,low,nonzero,high_sim
20260907T013422.077076453Z-openclaw-sweatlasqa-pilot30-shuffle1-amem-task-sglang,pilot30-shuffle1,task-scope,task-6905333b74f22949d97ba9d9,21,paperless-ngx/paperless-ngx,feaa93da-650b-4c14-b759-498092b67e97,2,paperless-ngx background processing queue tasks,5,5,0,64.6191974,51.26275,72.32562,7df1eac8-626c-4ace-aaf6-2da8217b2bbf;6476e226-2076-49af-a856-1010d147371c;394f1c01-ea6b-4295-ada9-6752311f841f;ee597733-0e16-4b1c-bfb1-293ce4b76dca;fafd86e9-78d8-4b77-a307-d14b9f42071b,paperless-ngx background processing queue tasks,5,95,0.7,0.0,1.0,-0.3,degraded,"I'm trying to understand how paperless-ngx actually handles background processing when it ingests documents. I want to see what happens at runtime, not just read the config files.

Can you help me make sense of how async work behaves in a live setup? I’m interested in what services are involved behind the scenes, how background jobs appear once they are created, and how the system tells the difference between work that is waiting and work that is actively being processed. I also want to understand where the task state ends up being stored and how you can tell, after the fact, what happened to a given job.

From the code perspective, I want to connect that runtime behavior back to its origin. Where are these background jobs actually triggered, and what part of the code is responsible for sending them into the queue? Don’t modify any repository source files. If you need to create temporary scripts or artifacts to observe behavior, that’s fine, but clean them up afterward and leave the codebase unchanged.",0.0606060606060606,0.0375967879314735,0.0705882352941176,1.0,5,True,high,nonzero,high_sim
20260907T013422.077076453Z-openclaw-sweatlasqa-pilot30-shuffle1-amem-task-sglang,pilot30-shuffle1,task-scope,task-6905333b74f22949d97ba9dc,25,paperless-ngx/paperless-ngx,faa92848-8438-4f77-8f11-2e33e6138657,2,paperless-ngx upload OCR processing archive thumbnail,2,2,0,67.25829999999999,62.87376999999999,71.64283,3f8e7d51-9c8f-4bb3-90ac-780137495c3c;014d51f1-4be4-4248-b260-d3d6a00d67a7,paperless-ngx upload OCR processing archive thumbnail,2,91,0.875,0.0,1.0,-0.125,degraded,"I'm getting inconsistent OCR results when testing paperless-ngx locally with multi-page PDFs and need to understand the processing behavior better. Get the development environment running normally (create admin user if needed during setup), then upload a multi-page PDF through the standard interface that requires OCR processing. What HTTP response status and message do you receive immediately after upload submission? As processing happens, what key log patterns appear that show the document moving through different stages, including the OCRmyPDF invocation parameters? After processing finishes, what do the generated archive PDF and thumbnail filenames look like in the media storage area? Check the document record in the database - what fields are actually stored (not filesystem-only metadata) and what values appear for the processed document? No file modifications or permanent changes allowed, clean up any test files completely when done.",0.0666666666666666,0.0427844588344125,0.0638297872340425,0.5,2,True,high,nonzero,high_sim
20260907T111756.126345861Z-openclaw-sweatlasqa-pilot30-shuffle2-amem-task-sglang,pilot30-shuffle2,task-scope,task-6905333b74f22949d97ba9a4,14,simple-login/app,0a1ca021-dc13-43f9-b950-3961ac2d550b,2,SimpleLogin startup log messages ready,5,3,2,50.514515800000005,40.688032,61.66686,be18efea-c1bf-46d2-b6e5-2ab7d60893f5;e3cff17e-9427-4bc9-897a-ec928b7e91b8;a710ca87-eba1-41a0-8160-b68bc6ad7cac;e3927497-b1b8-4297-ae16-a74df0b1043c;8ea6130b-43cf-4c25-9028-1c16ec5d24f0,SimpleLogin startup log messages ready,5,95,,,1.0,,,"I'm trying to understand what actually happens when SimpleLogin is started locally in development environment. I'm wondering how the backend starts up in dev mode, how configuration is loaded, which log messages indicate that it's ready to accept requests, and what ports or endpoints it exposes. 

I’m interested in how a single authenticated request is handled by the app, where the request first enters the application, how the user identity is determined at runtime, and how that authentication context is carried through request handling. The entry point and user identification flow are my main concerns here. I also want to know whether the app automatically starts any background jobs or schedulers, or if there’s anything going on besides handling incoming requests.

I'm not looking for what the code says should happen, I want to know what actually gets printed when you run it. Please don’t modify any repository source files while investigating. Temporary scripts are fine if needed, but leave the codebase unchanged and clean up anything you create when you’re done.",0.0461538461538461,0.0320271682340647,0.057471264367816,1.0,5,True,low,nonzero,low_sim
20260907T111756.126345861Z-openclaw-sweatlasqa-pilot30-shuffle2-amem-task-sglang,pilot30-shuffle2,task-scope,task-6905333b74f22949d97ba9a5,12,simple-login/app,d275af6a-e5a5-421c-b1fb-65144e134d93,2,alias signed suffix validation rejection conditions HTTP status log entries,2,2,0,56.2343525,49.098265000000005,63.37044,07d47e05-7250-4afd-8669-0431622f3063;20a4db8c-5b7a-4817-8bc5-63a2963fd5f4,alias signed suffix validation rejection conditions HTTP status log entries,2,97,0.8461538461538461,0.0,0.7692307692307693,0.0769230769230768,improved,"I am debugging intermittent validation failures during custom alias creation that don't match the expected behavior, which seems related to how signed suffixes are verified. When attempting to create custom aliases with invalid or expired signed suffixes, what exact HTTP status codes and error messages appear in the API responses, and what corresponding validation log entries show up in the server console? Check whether any rate-limiting headers appear in the responses and what their actual values are. For successful alias creation attempts, what quota-related checks occur, what specific values get logged when the system verifies whether the user can create more aliases? Trace through the execution path to identify which component validates signed suffixes and enforces creation limits, and what conditions trigger rejection. Don't modify the repository code temporary test scripts or API calls are fine but keep the codebase unchanged.",0.1095890410958904,0.0809943865276664,0.0930232558139534,0.5,2,True,high,nonzero,mid_sim
20260907T111756.126345861Z-openclaw-sweatlasqa-pilot30-shuffle2-amem-task-sglang,pilot30-shuffle2,task-scope,task-6905333b74f22949d97ba9aa,11,simple-login/app,f10ec300-012a-459d-981d-f9d0d957fd9b,2,SimpleLogin web server email handler job runner startup logs confirmation,7,5,2,54.57791142857143,44.495255,63.02997,8630e7f8-8496-4c5c-866c-ed6f0a04793a;14c45bd7-5bf9-4ed8-95ab-d5836a32effb;613b41a7-40b8-495b-baa8-9f9156f5a683;32bcfd61-e28a-4340-bc7c-4a32179fb485;dff2ff87-70ce-4896-bea4-1429843fb5b0;d4ff9b1e-674c-4c42-ae50-4e21f88d9daa;1e03ce5e-eba8-4174-b86d-34d9b9e32c82,SimpleLogin web server email handler job runner startup logs confirmation,7,1108,0.6666666666666666,0.0,0.6666666666666666,0.0,tied,"I'm new to SimpleLogin and trying to get everything running locally. Once the application starts, how can I tell that the web server, email handler, and job runner are actually up and responding? What should I see in the logs or dashboard UI that confirms users can sign in and manage their aliases?

After it's running, try performing some basic user actions like creating a new account, creating an alias, and having that alias receive an email. What happens when a new account interacts with aliases or tries to receive mail, and how does the system show that these actions were handled correctly? What should I see at runtime that confirms the behavior you would expect?

While the application is active, do the email handler and job runner automatically come online in the background to support email activity or data handling? What behavior suggests that these internal components are functioning as intended across different situations?

Do not modify the source code. You can create temporary testing data such as accounts or aliases but clean them up when you are done.",0.0869565217391304,0.0473062663699358,0.0843373493975903,0.5714285714285714,7,True,high,nonzero,low_sim
20260907T111756.126345861Z-openclaw-sweatlasqa-pilot30-shuffle2-amem-task-sglang,pilot30-shuffle2,task-scope,task-6905333b74f22949d97ba9ab,4,simple-login/app,aa4c39bf-66ca-436f-b737-c85b9d8feb3c,2,SimpleLogin alias creation tables error handling,5,5,0,63.311875,59.79063,66.025335,430d959a-133a-42ba-91c3-aaa292ba81f0;a166b218-eb9b-4c71-8fa0-6a0d6a1e566c;6a5c97d2-ee04-4dbe-9827-0298d7ade2e4;4de68ee8-3036-4a7c-b791-5ae50f060ecd;a26bedbe-4531-46e1-94af-05de8d450417,SimpleLogin alias creation tables error handling,5,79,1.0,1.0,0.7142857142857143,0.2857142857142857,improved,"I want to understand how SimpleLogin behaves during a normal alias-creation flow. To do that, run the full application locally using the standard development setup, login with any test user, and create a new alias while observing the system in real time.

As you go through this flow, watch the frontend and note exactly what request it sends to the backend when an alias is created. Then observe what the backend returns, including any status codes, payloads, or metadata that appear in the response. While the request is being processed, check what changes occur in the database. Identify which records are inserted or updated, how many tables are touched, and whether any related entities are created as part of the same operation.

Pay close attention to the logs to see whether the system triggers any background tasks, emits follow-up events, or performs additional work beyond the initial write. If anything fails, such as validation problems, DB errors, or network issues. Note how the error surfaces in the API response, logs, and resulting database state. Don't modify any of the repository source files while investigating. Feel free to create temporary scripts that's fine, but leave the actual codebase as you found it and ensure to clean up any temporary files or scripts you create when you're done.",0.0490196078431372,0.0487151156404564,0.0661157024793388,1.0,5,True,low,nonzero,mid_sim
20260907T111756.126345861Z-openclaw-sweatlasqa-pilot30-shuffle2-amem-task-sglang,pilot30-shuffle2,task-scope,task-6905333b74f22949d97ba9ae,10,simple-login/app,0b55655e-954b-43bf-8231-eed812c1cda5,2,SimpleLogin reply email collision reverse alias contact lookup,2,2,0,68.61949,68.5047,68.73428,207c8a91-84e4-4c31-b11a-e75f3e233a06;2591a73f-edd1-466a-91ed-dc8193e4ca7d,SimpleLogin reply email collision reverse alias contact lookup,2,138,0.5833333333333334,0.0,0.6666666666666666,-0.0833333333333332,degraded,"I’d like to understand how SimpleLogin resolves inbound email replies to a contact and forwarding destination during normal alias usage, specifically in cases where a reply ends up being delivered to a different user than the alias owner. As inbound reply messages are processed, focus on how the system derives the reply email address and uses it to identify the associated contact. Observe the actual runtime values involved in this resolution, the extracted reply email, the contact (if any) that it resolves to, and the user or alias ultimately selected as the forwarding destination. Track how these values behave across multiple reply events. Note whether the same reply email ever resolves to different contacts over time, fails to resolve temporarily, or resolves correctly but later results in forwarding to a different user than expected. Use these observations to determine whether the reply-handling logic specifically the lookup of contacts by reply email exhibits any race conditions, uniqueness assumptions, or timing-related inconsistencies that could explain why a reply is routed to the wrong user. Describe the runtime values you observed during reply resolution and explain how those values lead to the observed behavior. Don’t modify any repository source files. If temporary scripts or tooling are needed to observe behavior, that’s fine, but clean them up afterward and leave the repository unchanged.",0.0659340659340659,0.0436595198827194,0.0686274509803921,1.0,2,True,high,nonzero,high_sim
20260907T111756.126345861Z-openclaw-sweatlasqa-pilot30-shuffle2-amem-task-sglang,pilot30-shuffle2,task-scope,task-6905333b74f22949d97ba9af,9,simple-login/app,16f76f65-9a0a-4bd9-b1fd-f12d5f57abee,2,SimpleLogin development environment startup PostgreSQL migration email handler,1,1,0,68.712527,68.712527,68.712527,79f7e60e-560d-4900-96f9-73b32ef2f38e,SimpleLogin development environment startup PostgreSQL migration email handler,1,152,0.6923076923076923,0.0,0.7692307692307693,-0.0769230769230769,degraded,"I'm trying to get the development environment running locally for the first time, and the documentation isn't very clear about the startup order or what breaks if certain setup steps are skipped. I want to bring the whole stack up from scratch and note what actually happens along the way.

To start with, I want to see what happens if the database isn't fully set up yet. With PostgreSQL running and an empty database created (no tables, migrations not run), what error do I actually hit when I start the server with python [server.py](http://server.py) and then try to open the login page in the browser? I'm looking for the full Python exception that gets raised.

Once the database migrations and the initialization script (init\_[app.py](http://app.py)) have been run and everything is set up correctly, I need to understand which Python services must be running for the system to work. Start each required service and show me the exact log output that confirms it's running and ready to accept connections. I want to see the actual startup messages from stdout/stderr, not just what the code says I need to verify the services are actually binding to their ports and working.

I'm also curious about what happens if the initialization step is skipped. If I run the migrations but don't run init\_[app.py](http://app.py), the SLDomain table should be empty (no email domains configured). If I then start the email handler and simulate an incoming email addressed to any @sl.local address, what happens? What SMTP status code does the email handler return to the sender, and what does it log to explain the rejection?

I'm not changing or deleting any source files here I just want to observe the system's behavior. Temporary config files or small test scripts are fine if needed.",0.0555555555555555,0.0683760683760683,0.0683760683760683,0.0,1,False,low,nonzero,high_sim
20260907T111756.126345861Z-openclaw-sweatlasqa-pilot30-shuffle2-amem-task-sglang,pilot30-shuffle2,task-scope,task-6905333b74f22949d97ba9d0,26,paperless-ngx/paperless-ngx,fe717a87-bb75-4800-8566-75eb3e098fa2,2,paperless-ngx scheduled tasks maintenance celery django-q,6,5,1,64.50207933333333,43.34631,78.32692999999999,2c567f4b-c0ed-41b3-a400-9cc9a0b77ad7;d18d4909-5e25-403b-b541-8e52127a72ba;b9fe5925-c96d-4bc4-8d66-f271d1cec4d7;ae90ae87-5dbb-4c5c-9a6e-490d76c878ea;1ceaf9cf-38dc-45e7-9403-a50dd6b08e72;7cfff154-b07a-46d4-9b94-eb3d5c775bf6,paperless-ngx scheduled tasks maintenance celery django-q,6,141,1.0,1.0,1.0,0.0,tied,"I'm evaluating paperless-ngx architecture and need to understand what background maintenance happens automatically. Set up the development environment, what periodic tasks are registered with the task scheduler, and where is the schedule configuration defined? Find the sanity checker; what does it validate, what log output does it produce, and how often does it run? Is there automatic index optimization or database cleanup? Check if there's a task that handles failed document retries or stuck processing jobs. Look at the Celery beat schedule configuration and list all recurring tasks with their intervals. Trace through the code to find where periodic tasks are defined and registered. What happens if a scheduled task fails; is there retry logic or alerting? Are there any tasks that run on startup versus strictly on schedule? Query the database to see if there's a table tracking task execution history or scheduled job state. What controls whether these maintenance features are enabled or disabled? Don't modify source code; observing system behavior is fine, clean up any test artifacts when done.",0.0657894736842105,0.0565354523369778,0.0804597701149425,0.8333333333333334,6,True,high,nonzero,high_sim
20260907T111756.126345861Z-openclaw-sweatlasqa-pilot30-shuffle2-amem-task-sglang,pilot30-shuffle2,task-scope,task-6905333b74f22949d97ba9d9,21,paperless-ngx/paperless-ngx,b8148f3b-fc2c-4d78-b54c-65479d3d449f,3,paperless-ngx background processing django-q task queue worker lifecycle,6,5,1,54.16139916666666,41.10649,71.628857,85930e17-9817-486f-bcf8-f90b719df9ec;46441b20-c5ed-4271-b313-6a0ae28a4f2c;9415b2d0-7e6b-4f31-96a1-94db06ea3bdc;234654e4-0878-45b6-b1e7-d0848a9a4daf;a80c269f-68e5-4a0e-987d-1115beb47012;1b0a46f0-a702-40a8-b429-2adb0b6e252a,paperless-ngx background processing django-q task queue worker lifecycle,6,1181,0.8,0.0,0.6,0.2,improved,"I'm trying to understand how paperless-ngx actually handles background processing when it ingests documents. I want to see what happens at runtime, not just read the config files.

Can you help me make sense of how async work behaves in a live setup? I’m interested in what services are involved behind the scenes, how background jobs appear once they are created, and how the system tells the difference between work that is waiting and work that is actively being processed. I also want to understand where the task state ends up being stored and how you can tell, after the fact, what happened to a given job.

From the code perspective, I want to connect that runtime behavior back to its origin. Where are these background jobs actually triggered, and what part of the code is responsible for sending them into the queue? Don’t modify any repository source files. If you need to create temporary scripts or artifacts to observe behavior, that’s fine, but clean them up afterward and leave the codebase unchanged.",0.0735294117647058,0.0174502329432589,0.0476190476190476,1.0,6,True,high,nonzero,low_sim
20260907T111756.126345861Z-openclaw-sweatlasqa-pilot30-shuffle2-amem-task-sglang,pilot30-shuffle2,task-scope,task-6905333b74f22949d97ba9dd,16,paperless-ngx/paperless-ngx,c30a9634-105e-4e4f-b47e-e5acdcab0af4,2,Paperless-NGX ingestion queue task structure workflow,3,3,0,57.47066566666666,38.52269,71.441627,167d0e09-299e-4eff-b5b6-d449e478e976;74141c7d-700d-4388-a7eb-ff4bf668192a;26919177-646e-42ab-8616-e75d7b7be882,Paperless-NGX ingestion queue task structure workflow,3,101,0.5,0.0,0.4,0.0999999999999999,improved,"I need to understand how Paperless-NGX processes a document from ingestion through indexing before I start working with the codebase. Set up the full environment and get all services running normally. Drop a small test file into the consumption directory and follow what happens. What log messages appear when the system first detects the file, what ingestion task gets triggered, and what additional tasks show up as the document moves through parsing, classification, and indexing? While the task is queued, check what the message broker is storing. What payload format or data structure represents the queued task? After processing completes, query the database to see where the document record is stored, which fields capture the parsed metadata, and where the system keeps a record of task execution or processing history.
Then trace the high-level codepath behind this workflow based on the behavior you observe. Starting from the part of the system that detects the new file, follow the chain of components involved in creating and submitting the ingestion task. Which part of the application is responsible for creating that task object, and what queuing framework does Paperless-NGX rely on to dispatch it? You may use temporary helper scripts or test files if needed, but don’t modify the actual source code, and clean up any temporary artifacts when you’re done.",0.053763440860215,0.0452161993933529,0.055045871559633,0.6666666666666666,3,True,low,nonzero,mid_sim
20260907T111756.126345861Z-openclaw-sweatlasqa-pilot30-shuffle2-amem-task-sglang,pilot30-shuffle2,task-scope,task-6905333b74f22949d97ba9de,28,paperless-ngx/paperless-ngx,ddb1a787-49b3-4ccd-8cf4-9f74b1a329f3,2,paperless memory metadata document content serialization,2,2,0,66.55999700000001,64.588964,68.53103,d1067f68-7d20-485b-b786-fd3e08e58b32;24c08adf-749d-4a64-a366-0da7c2150206,paperless memory metadata document content serialization,2,129,0.2222222222222222,0.0,0.4444444444444444,-0.2222222222222222,degraded,"I'm investigating a strange memory usage pattern in the Paperless document processing system. When the system imports documents, it sometimes consumes far more memory than expected for the metadata handling, but this doesn't happen consistently and seems to vary based on the document source or processing stage.

What I'm seeing is that memory usage spikes significantly during document import operations, particularly when metadata is being processed, but the spike seems disproportionate to the actual document size. The odd part is that this memory doesn't always get released back to the system in a timely manner, even after processing is complete. This seems unusual because these are mostly text documents with relatively small metadata - we're not dealing with massive image processing here.

Can you figure out what's causing these memory spikes? I'm curious whether there's something in the metadata handling that's creating unnecessary copies or holding references longer than needed, or if there's caching behavior that's accumulating data unexpectedly. What's different between the cases where memory spikes and cases where it doesn't? How does the behavior change with different document types or batch sizes?

I need to see actual runtime memory measurements during processing, understand which components or methods are responsible for holding onto memory, and get evidence showing whether this is normal Python garbage collection behavior or something problematic. Show me what patterns you can find and where the memory is actually going.

Don't modify any repository source files. You can create temporary test scripts or helper tools to reproduce and analyze the behavior, but clean them up and leave the codebase unchanged when done.",0.0344827586206896,0.034090909090909,0.0378787878787878,1.0,2,True,low,nonzero,high_sim
20260907T111756.126345861Z-openclaw-sweatlasqa-pilot30-shuffle2-amem-task-sglang,pilot30-shuffle2,task-scope,task-6905333b74f22949d97ba9e8,8,simple-login/app,b1520b5a-97e1-436a-83e4-554c8588efb5,2,SimpleLogin authentication API sessions email forwarding header alias token,6,5,1,61.98362266666667,56.24722,66.481006,3a71daa4-e4c3-487d-9aeb-ac1cd2276b22;b0621b73-b845-49ad-b101-10cd4c0702de;f1ef09d6-b0f3-4812-b28b-58af951697ed;45f43f99-f485-43ff-9a62-331431f68d90;de57d163-d635-414a-8dc4-744cfa8a15c0;9defc3ac-aab3-48f1-8c09-9ed1aa7ea5cf,SimpleLogin authentication API sessions email forwarding header alias token,6,74,0.7333333333333333,0.0,0.6666666666666666,0.0666666666666666,improved,"I've been investigating SimpleLogin's authentication and noticed some behaviors I need to verify by actually observing the running system.

When I'm logged into the web interface and make API calls without an API key header, the requests seem to work. I need to confirm what HTTP status code actually comes back and what the response body structure looks like ,not what the code says should happen, but what actually happens when you try it.There's also something odd when trying to access privileged operations with just a browser session. The HTTP status code I get back isn't a standard authorization error, and the error message is unusual. What specific status code and exact error message text does the system actually return in this scenario?

For sessions, I want to understand what the stored session data actually looks like when you examine it directly in storage. Capture the raw bytes from the storage backend and show me what format they're in, what keys are present in the deserialized data for an authenticated session, and how the session key itself is structured.I'm also curious about session identifier behavior during authentication. If you capture the session ID from your cookie before login, then go through the login flow, does that identifier value stay the same or get replaced with a new one? I need to see the actual before and after values to know for sure.

On the email forwarding side, I want to know what happens to specific headers when a message passes through. If an incoming email has a custom X-header, a Received header, and a Reply-To header, which of those three actually make it through to the forwarded message and which get stripped? Send an actual test email and examine the result.

For the alias creation tokens, they clearly expire after some time window. I want to experimentally verify what that window is by testing whether a token works immediately, then waiting and testing if it still works, until you find the boundary where it stops working.

I also noticed that the API tracks usage statistics for API keys. When you make several API calls with the same key, what fields get updated in the database and what are the actual values you observe after making the calls?Finally, when a login attempt fails with wrong credentials, what specific log messages appear and what HTTP response details come back? I want to see the actual logged output and response, not just what the code says should happen.

Show me evidence from actually running the system rather than just reading the code. Don't modify any source files in the repository, but you can create test scripts to observe behavior - just clean them up afterward.",0.046979865771812,0.0264924471406068,0.05,0.8333333333333334,6,True,low,nonzero,mid_sim
20260907T111756.126345861Z-openclaw-sweatlasqa-pilot30-shuffle2-amem-task-sglang,pilot30-shuffle2,task-scope,task-6905333b74f22949d97baa1d,5,simple-login/app,a8ae3c5f-4fd2-48c8-b5d3-17283984e4ed,2,session corruption deserialization pickle,3,3,0,63.457267,56.522405,69.382226,3957bcc0-ba04-43bd-804a-88a958e025b6;ce6726dd-c70e-4167-86f7-730ae9e70fd3;4faa634c-66ce-4a67-967d-2a53939a9505,session corruption deserialization pickle,3,108,0.5,0.0,0.75,-0.25,degraded,"I’m testing the SimpleLogin repository and trying to understand how server-side session handling behaves at runtime, especially when stored session data is turned back into Python objects. I want to see what normal sessions look like as users log in and out and then what actually happens if the session data in Redis is corrupted or malformed. Does the next request fail, silently reset the session, or surface an error, and what shows up in responses or logs when that happens? I’m trying to understand where the boundary lies between a harmless reset and a real deserialization risk, based on what you can observe while the system is running rather than theory alone. If an attacker could tamper with session bytes but not forge the signed session ID, does that meaningfully change the risk, and how does the runtime behavior support that conclusion? Temporary scripts may be used for observation, but the repository itself should remain unchanged, and anything temporary should be cleaned up afterward.",0.0285714285714285,0.1089839424141749,0.1625,1.0,3,True,low,nonzero,mid_sim
20260907T111756.126379309Z-openclaw-sweatlasqa-pilot30-shuffle2-amem-repo-sglang,pilot30-shuffle2,repo-scope,task-6905333b74f22949d97ba9a7,2,simple-login/app,f87f5bef-01d5-4e33-884b-ed10dfbfbdcd,1,SimpleLogin codebase,1,1,0,53.14409,53.14409,53.14409,18452a10-5171-49a8-8cb9-262edfa4b13e,SimpleLogin codebase,1,153,1.0,1.0,0.9230769230769232,0.0769230769230768,improved,"I want to understand how SimpleLogin processes multi step workflows at runtime.

In scenarios where a mailbox verification code is submitted incorrectly multiple times in succession, what observable state changes and enforcement mechanisms does the running system apply? Trace the actual runtime behavior to determine what limits exist, how failed attempts are tracked, and what ultimately prevents further submissions.

For background tasks that are scheduled and later picked up for execution, trace the complete lifecycle from initial creation through final completion. If a task encounters an error during execution, what recovery or retry behavior is applied, and what observable state reflects that failure?

During email forwarding through an alias, what exact format is used for the special address generated to handle delivery failures? If a failure notification arrives at this address, trace how the system identifies the original email, what state changes are recorded, and how the handling behavior differs depending on the direction of the original message.

Temporary inspection or debugging tools may be used to observe runtime behavior, but source files should not be modified and any temporary artifacts should be cleaned up afterward.",0.0112359550561797,0.0384615384615384,0.0384615384615384,0.0,1,False,low,nonzero,low_sim
20260907T111756.126379309Z-openclaw-sweatlasqa-pilot30-shuffle2-amem-repo-sglang,pilot30-shuffle2,repo-scope,task-6905333b74f22949d97ba9a7,2,simple-login/app,f87f5bef-01d5-4e33-884b-ed10dfbfbdcd,2,verification code mailbox limit retry,1,1,0,46.81638,46.81638,46.81638,18452a10-5171-49a8-8cb9-262edfa4b13e,verification code mailbox limit retry,1,353,1.0,1.0,0.9230769230769232,0.0769230769230768,improved,"I want to understand how SimpleLogin processes multi step workflows at runtime.

In scenarios where a mailbox verification code is submitted incorrectly multiple times in succession, what observable state changes and enforcement mechanisms does the running system apply? Trace the actual runtime behavior to determine what limits exist, how failed attempts are tracked, and what ultimately prevents further submissions.

For background tasks that are scheduled and later picked up for execution, trace the complete lifecycle from initial creation through final completion. If a task encounters an error during execution, what recovery or retry behavior is applied, and what observable state reflects that failure?

During email forwarding through an alias, what exact format is used for the special address generated to handle delivery failures? If a failure notification arrives at this address, trace how the system identifies the original email, what state changes are recorded, and how the handling behavior differs depending on the direction of the original message.

Temporary inspection or debugging tools may be used to observe runtime behavior, but source files should not be modified and any temporary artifacts should be cleaned up afterward.",0.0333333333333333,0.0384615384615384,0.0384615384615384,0.0,1,False,low,nonzero,low_sim
20260907T111756.126379309Z-openclaw-sweatlasqa-pilot30-shuffle2-amem-repo-sglang,pilot30-shuffle2,repo-scope,task-6905333b74f22949d97ba9d1,18,paperless-ngx/paperless-ngx,ca95716b-6113-4265-a3e2-8eab6ef33327,1,Paperless-NGX search index document changes,2,2,0,53.1075785,49.220157,56.995,8dac22c9-f08a-40d4-a272-3f7ef7c68419;c191fd9d-e3df-4a03-95a1-087996bf64b0,Paperless-NGX search index document changes,2,280,0.875,0.0,0.875,0.0,tied,"I want to understand how Paperless-NGX keeps its search index synchronized with document changes before I start working with this codebase. With the full environment running, I'm curious what actually happens at runtime when a document gets modified after it's already been ingested. If I change an existing document's title through the API to something unique and then search for that exact new title within a few seconds, does the document appear in results immediately, or do I need to wait for background processing to complete? While making this change, I want to watch what happens in the background task worker process specifically to see whether any job gets picked up in response to the edit, or whether the update completes entirely within the API request before returning. Something I particularly want to explore is what happens if a document's title gets updates directly in the database using a raw SQL statement rather than through the API. After making that direct change and searching for the new title, does the document appear in search results, or does the index remain stale? If it stays stale, I want to know whether there is a way to force the system to reconcile the index with the current database state, and what observable effect that reconciliation process has on the worker logs and task queue. I'm also wondering how the system would behave if the search index became corrupted or deleted entirely while documents still exist in the database. After removing the index files and triggering whatever recovery mechanism exists, how long does reconstruction take for a small set of documents, and what processing activity is visible during that rebuild? The goal is to understand whether the system can self-heal from index inconsistencies or whether manual intervention is always required. You may create temporary test documents for observation, but don't modify any source files and clean up test artifacts when finished.",0.0427350427350427,0.0181952819210832,0.0218978102189781,0.0,2,False,low,nonzero,low_sim
20260907T111756.126379309Z-openclaw-sweatlasqa-pilot30-shuffle2-amem-repo-sglang,pilot30-shuffle2,repo-scope,task-6905333b74f22949d97ba9d1,18,paperless-ngx/paperless-ngx,ca95716b-6113-4265-a3e2-8eab6ef33327,2,Paperless-NGX document update API index sync post_save,2,2,0,54.96466,50.62692,59.3024,8dac22c9-f08a-40d4-a272-3f7ef7c68419;c191fd9d-e3df-4a03-95a1-087996bf64b0,Paperless-NGX document update API index sync post_save,2,251,0.875,0.0,0.875,0.0,tied,"I want to understand how Paperless-NGX keeps its search index synchronized with document changes before I start working with this codebase. With the full environment running, I'm curious what actually happens at runtime when a document gets modified after it's already been ingested. If I change an existing document's title through the API to something unique and then search for that exact new title within a few seconds, does the document appear in results immediately, or do I need to wait for background processing to complete? While making this change, I want to watch what happens in the background task worker process specifically to see whether any job gets picked up in response to the edit, or whether the update completes entirely within the API request before returning. Something I particularly want to explore is what happens if a document's title gets updates directly in the database using a raw SQL statement rather than through the API. After making that direct change and searching for the new title, does the document appear in search results, or does the index remain stale? If it stays stale, I want to know whether there is a way to force the system to reconcile the index with the current database state, and what observable effect that reconciliation process has on the worker logs and task queue. I'm also wondering how the system would behave if the search index became corrupted or deleted entirely while documents still exist in the database. After removing the index files and triggering whatever recovery mechanism exists, how long does reconstruction take for a small set of documents, and what processing activity is visible during that rebuild? The goal is to understand whether the system can self-heal from index inconsistencies or whether manual intervention is always required. You may create temporary test documents for observation, but don't modify any source files and clean up test artifacts when finished.",0.0336134453781512,0.0181952819210832,0.0218978102189781,0.0,2,False,low,nonzero,low_sim
20260907T111756.126379309Z-openclaw-sweatlasqa-pilot30-shuffle2-amem-repo-sglang,pilot30-shuffle2,repo-scope,task-6905333b74f22949d97ba9d2,19,paperless-ngx/paperless-ngx,fee2050f-0abd-483c-ae64-f1d7bcb52a5c,1,paperless-ngx document processing workflow background jobs metadata,2,2,0,58.8769735,55.951643,61.802304,8dac22c9-f08a-40d4-a272-3f7ef7c68419;c191fd9d-e3df-4a03-95a1-087996bf64b0,paperless-ngx document processing workflow background jobs metadata,2,472,0.7272727272727273,0.0,0.9090909090909092,-0.1818181818181817,degraded,"I’m trying to get a big-picture understanding of how documents flow through the system. How does a new document usually enter paperless-ngx. Once a document is received, what are the main stages it goes through before it’s fully processed and available, are there any background jobs and what is used for background execution.

I’m also curious about the kind of information paperless stores for each document. What metadata fields are saved, and which ones are absolutely required versus optional or derived later during runtime-processing. Can you show with a runtime example?

Also I wonder how things like tags, correspondents, and document types are used together to organize documents in a practical way.

Please don’t make any changes to the repository itself. You can create temporary scripts for testing if needed but do clean them up once you're done.",0.0983606557377049,0.0248475609756097,0.0375,1.0,2,True,high,nonzero,mid_sim
20260907T111756.126379309Z-openclaw-sweatlasqa-pilot30-shuffle2-amem-repo-sglang,pilot30-shuffle2,repo-scope,task-6905333b74f22949d97ba9d6,17,paperless-ngx/paperless-ngx,f4e0d78b-2405-4181-9103-14bca5102b93,1,paperless-ngx OCR processing document pipeline,1,1,0,58.8951,58.8951,58.8951,8dac22c9-f08a-40d4-a272-3f7ef7c68419,paperless-ngx OCR processing document pipeline,1,203,0.9,0.0,0.9,0.0,tied,"I’m trying to get a practical understanding of how OCR behaves in paperless-ngx at runtime, especially in cases where it’s hard to tell what the system is actually doing. When I upload an image that has no embedded text, how can I see that OCR has started, and what does the document’s processing state look like while it’s running? I want to watch how background workers behave during this phase and understand what signals really indicate active OCR work. If I upload a similar image that already contains text, does the system skip OCR entirely, or does it still touch the OCR pipeline in some way, and how can I tell the difference after processing finishes? I also want to compare the final API responses for both cases to understand which fields show OCR-generated text versus existing text. Finally, when OCR produces weak or incomplete results, what actually happens to the document’s final state? Does it still count as fully processed, and how is that reflected in the saved metadata? Temporary scripts may be used for observation, but the repository itself should remain unchanged, and anything temporary should be cleaned up afterward.",0.054054054054054,0.0210526315789473,0.0210526315789473,0.0,1,False,low,nonzero,mid_sim
20260907T111756.126379309Z-openclaw-sweatlasqa-pilot30-shuffle2-amem-repo-sglang,pilot30-shuffle2,repo-scope,task-6905333b74f22949d97ba9d6,17,paperless-ngx/paperless-ngx,f4e0d78b-2405-4181-9103-14bca5102b93,2,OCR processing document pipeline state,2,2,0,52.461767,42.403388,62.520146,c191fd9d-e3df-4a03-95a1-087996bf64b0;8dac22c9-f08a-40d4-a272-3f7ef7c68419,OCR processing document pipeline state,2,93,0.9,0.0,0.9,0.0,tied,"I’m trying to get a practical understanding of how OCR behaves in paperless-ngx at runtime, especially in cases where it’s hard to tell what the system is actually doing. When I upload an image that has no embedded text, how can I see that OCR has started, and what does the document’s processing state look like while it’s running? I want to watch how background workers behave during this phase and understand what signals really indicate active OCR work. If I upload a similar image that already contains text, does the system skip OCR entirely, or does it still touch the OCR pipeline in some way, and how can I tell the difference after processing finishes? I also want to compare the final API responses for both cases to understand which fields show OCR-generated text versus existing text. Finally, when OCR produces weak or incomplete results, what actually happens to the document’s final state? Does it still count as fully processed, and how is that reflected in the saved metadata? Temporary scripts may be used for observation, but the repository itself should remain unchanged, and anything temporary should be cleaned up afterward.",0.054054054054054,0.0494152046783625,0.0777777777777777,0.5,2,True,low,nonzero,low_sim
20260907T111756.126379309Z-openclaw-sweatlasqa-pilot30-shuffle2-amem-repo-sglang,pilot30-shuffle2,repo-scope,task-6905333b74f22949d97ba9db,20,paperless-ngx/paperless-ngx,ef2fb7d8-e0a4-43e1-a8c8-4e8684b9e204,1,Paperless-NGX file move rename tags duplicate checksum,4,4,0,54.072599,46.0324,59.93426,486fdfcf-e185-453f-8cbb-49b6c29ae9ac;8dac22c9-f08a-40d4-a272-3f7ef7c68419;93adea52-6ae9-447a-90c1-280a9c21ba52;c191fd9d-e3df-4a03-95a1-087996bf64b0,Paperless-NGX file move rename tags duplicate checksum,4,427,0.9166666666666666,0.0,0.9166666666666666,0.0,tied,"I'm onboarding into the Paperless-NGX repository and I'm curious about the hidden choreography that happens when the system is actually running. When a document's tags change and the filename format includes tags in the directory structure, files apparently relocate themselves. I wonder what log messages actually appear during that dance, and what the before and after paths look like in practice. There's supposedly a rollback safety net if something goes wrong during a file move, but I can't tell from reading the code whether it truly recovers or just promises to, what actually happens to files when a move fails partway through? Beyond file handling, there are other runtime mysteries I want to explore. The classifier's behavior puzzles me, sometimes training finishes instantly, other times it takes much longer. I want to trigger both scenarios and see the actual log messages that explain why training was skipped versus why it proceeded with full retraining, including whatever hash or checksum the system uses to detect changes. Duplicate detection feels like magic, two files that look completely different can still be rejected as duplicates, and I want to see the actual checksums being compared at that moment of judgment. The sanity checker intrigues me as well, what does its output actually look like when an archive is healthy versus when something has gone wrong, and can I see the specific hash values it compares when it discovers a mismatch? I also wonder about ghost files, whether orphaned files really linger in the media folder and what the system actually reports when it finds them. I need to see real runtime evidence for all of this; actual paths, actual checksums, actual log messages. Temporary scripts may be used for observation, but the repository itself should remain unchanged and anything temporary cleaned up afterward.",0.0461538461538461,0.0216903626515954,0.0335570469798657,0.0,4,False,low,nonzero,low_sim
20260914T035338.436341279Z-openclaw-sweatlasqa-pilot30-shuffle1-amem-global-sglang,pilot30-shuffle1,global-scope,task-6905333b74f22949d97ba9ac,1,simple-login/app,369e7eca-269e-4ce6-9841-bb0ae1bfb366,2,SimpleLogin email forwarding log message status code from header VERP,2,2,0,68.890545,66.48475,71.29634,ccc0679b-1976-46e6-9de9-6e9fe28d809a;50b46470-6669-4a2f-bc8c-4151733514ff,SimpleLogin email forwarding log message status code from header VERP,2,208,,,0.6,,,"I'm investigating a production issue where users report inconsistent behavior when emails are forwarded through SimpleLogin aliases. I need to trace the actual email processing flow to understand what's happening. When the email handler processes an incoming email to an alias, I want to observe, what is the exact log message text that appears when an email is successfully forwarded versus when it fails due to a non-existent alias, what specific SL Message-ID gets generated during forwarding and how does it differ from the original Message-ID, what is the exact From header value in the forwarded email after transformation including the reply-email address format, and what database records are created during a single forward operation show me the actual record IDs and timestamps. Trace through an actual email forward operation and capture these specific runtime values. I need to see actual generated values, not what the code logic suggests should happen. Just don't modify any source files while investigating, and clean up any test containers or DB instances you spin up.",0.0694444444444444,0.0759423503325942,0.0909090909090909,0.5,2,True,high,nonzero,high_sim
20260914T035338.436341279Z-openclaw-sweatlasqa-pilot30-shuffle1-amem-global-sglang,pilot30-shuffle1,global-scope,task-6905333b74f22949d97ba9ae,2,simple-login/app,fa25ed0b-2e02-4be6-9469-d6c383e0e9d5,1,SimpleLogin inbound reply email contact resolution forwarding,2,2,0,66.787968,64.35581,69.22012600000001,ccc0679b-1976-46e6-9de9-6e9fe28d809a;50b46470-6669-4a2f-bc8c-4151733514ff,SimpleLogin inbound reply email contact resolution forwarding,2,258,0.6666666666666666,0.0,0.5,0.1666666666666666,improved,"I’d like to understand how SimpleLogin resolves inbound email replies to a contact and forwarding destination during normal alias usage, specifically in cases where a reply ends up being delivered to a different user than the alias owner. As inbound reply messages are processed, focus on how the system derives the reply email address and uses it to identify the associated contact. Observe the actual runtime values involved in this resolution, the extracted reply email, the contact (if any) that it resolves to, and the user or alias ultimately selected as the forwarding destination. Track how these values behave across multiple reply events. Note whether the same reply email ever resolves to different contacts over time, fails to resolve temporarily, or resolves correctly but later results in forwarding to a different user than expected. Use these observations to determine whether the reply-handling logic specifically the lookup of contacts by reply email exhibits any race conditions, uniqueness assumptions, or timing-related inconsistencies that could explain why a reply is routed to the wrong user. Describe the runtime values you observed during reply resolution and explain how those values lead to the observed behavior. Don’t modify any repository source files. If temporary scripts or tooling are needed to observe behavior, that’s fine, but clean them up afterward and leave the repository unchanged.",0.0786516853932584,0.0527272727272727,0.06,0.5,2,True,high,nonzero,high_sim
20260914T035338.436341279Z-openclaw-sweatlasqa-pilot30-shuffle1-amem-global-sglang,pilot30-shuffle1,global-scope,task-6905333b74f22949d97ba9ae,2,simple-login/app,fa25ed0b-2e02-4be6-9469-d6c383e0e9d5,2,SimpleLogin reply resolution race condition contact lookup forwarding,4,4,0,59.51513675,55.39701,65.591997,ccc0679b-1976-46e6-9de9-6e9fe28d809a;475e2c95-af0c-4fd3-92a7-0bc6a3835bb3;d5c66f52-1951-4440-a0bc-08a7bb0e2e95;50b46470-6669-4a2f-bc8c-4151733514ff,SimpleLogin reply resolution race condition contact lookup forwarding,4,123,0.6666666666666666,0.0,0.5,0.1666666666666666,improved,"I’d like to understand how SimpleLogin resolves inbound email replies to a contact and forwarding destination during normal alias usage, specifically in cases where a reply ends up being delivered to a different user than the alias owner. As inbound reply messages are processed, focus on how the system derives the reply email address and uses it to identify the associated contact. Observe the actual runtime values involved in this resolution, the extracted reply email, the contact (if any) that it resolves to, and the user or alias ultimately selected as the forwarding destination. Track how these values behave across multiple reply events. Note whether the same reply email ever resolves to different contacts over time, fails to resolve temporarily, or resolves correctly but later results in forwarding to a different user than expected. Use these observations to determine whether the reply-handling logic specifically the lookup of contacts by reply email exhibits any race conditions, uniqueness assumptions, or timing-related inconsistencies that could explain why a reply is routed to the wrong user. Describe the runtime values you observed during reply resolution and explain how those values lead to the observed behavior. Don’t modify any repository source files. If temporary scripts or tooling are needed to observe behavior, that’s fine, but clean them up afterward and leave the repository unchanged.",0.0777777777777777,0.0480709087578477,0.0679611650485436,0.75,4,True,high,nonzero,mid_sim
20260914T035338.436341279Z-openclaw-sweatlasqa-pilot30-shuffle1-amem-global-sglang,pilot30-shuffle1,global-scope,task-6905333b74f22949d97ba9af,3,simple-login/app,27fb13c5-789c-445b-84ba-e48e1d3118af,1,application structure database server email,4,4,0,52.021189750000005,49.916905,54.277754,ccc0679b-1976-46e6-9de9-6e9fe28d809a;475e2c95-af0c-4fd3-92a7-0bc6a3835bb3;50b46470-6669-4a2f-bc8c-4151733514ff;d5c66f52-1951-4440-a0bc-08a7bb0e2e95,application structure database server email,4,138,0.6153846153846154,0.0,0.7692307692307693,-0.1538461538461538,degraded,"I'm trying to get the development environment running locally for the first time, and the documentation isn't very clear about the startup order or what breaks if certain setup steps are skipped. I want to bring the whole stack up from scratch and note what actually happens along the way.

To start with, I want to see what happens if the database isn't fully set up yet. With PostgreSQL running and an empty database created (no tables, migrations not run), what error do I actually hit when I start the server with python [server.py](http://server.py) and then try to open the login page in the browser? I'm looking for the full Python exception that gets raised.

Once the database migrations and the initialization script (init\_[app.py](http://app.py)) have been run and everything is set up correctly, I need to understand which Python services must be running for the system to work. Start each required service and show me the exact log output that confirms it's running and ready to accept connections. I want to see the actual startup messages from stdout/stderr, not just what the code says I need to verify the services are actually binding to their ports and working.

I'm also curious about what happens if the initialization step is skipped. If I run the migrations but don't run init\_[app.py](http://app.py), the SLDomain table should be empty (no email domains configured). If I then start the email handler and simulate an incoming email addressed to any @sl.local address, what happens? What SMTP status code does the email handler return to the sender, and what does it log to explain the rejection?

I'm not changing or deleting any source files here I just want to observe the system's behavior. Temporary config files or small test scripts are fine if needed.",0.0277777777777777,0.0181611944965603,0.025,0.25,4,False,low,nonzero,low_sim
20260914T035345.813663967Z-openclaw-sweatlasqa-pilot30-shuffle2-amem-global-sglang,pilot30-shuffle2,global-scope,task-6905333b74f22949d97ba9a7,2,simple-login/app,acf084a4-1a0b-49fc-8184-011179f588e9,1,SimpleLogin workflow mailbox verification code email forwarding,1,1,0,61.10311000000001,61.10311000000001,61.10311000000001,d66e85ec-97fe-4cf6-b9a2-a99f76f3a485,SimpleLogin workflow mailbox verification code email forwarding,1,110,,,0.9230769230769232,,,"I want to understand how SimpleLogin processes multi step workflows at runtime.

In scenarios where a mailbox verification code is submitted incorrectly multiple times in succession, what observable state changes and enforcement mechanisms does the running system apply? Trace the actual runtime behavior to determine what limits exist, how failed attempts are tracked, and what ultimately prevents further submissions.

For background tasks that are scheduled and later picked up for execution, trace the complete lifecycle from initial creation through final completion. If a task encounters an error during execution, what recovery or retry behavior is applied, and what observable state reflects that failure?

During email forwarding through an alias, what exact format is used for the special address generated to handle delivery failures? If a failure notification arrives at this address, trace how the system identifies the original email, what state changes are recorded, and how the handling behavior differs depending on the direction of the original message.

Temporary inspection or debugging tools may be used to observe runtime behavior, but source files should not be modified and any temporary artifacts should be cleaned up afterward.",0.0555555555555555,0.0490196078431372,0.0490196078431372,0.0,1,False,low,nonzero,mid_sim
20260914T035345.813663967Z-openclaw-sweatlasqa-pilot30-shuffle2-amem-global-sglang,pilot30-shuffle2,global-scope,task-6905333b74f22949d97ba9a9,3,simple-login/app,7cf42607-34be-4254-b4b3-ac6964d8686d,1,SimpleLogin alias reply handling routing,6,5,1,46.699408000000005,36.450058,58.66724,d66e85ec-97fe-4cf6-b9a2-a99f76f3a485;a0f25f88-0777-4de3-b45f-35b0e8303f87;a618e7c9-2c35-4c80-9cf8-dccc9ee183ab;54f9e39c-c2da-4e19-9524-f9449131b0cc;9eeb53cb-cb87-4b1e-a500-600c801bb1e4;b55f3b00-76a4-40ca-a90e-524e5548ca9c,SimpleLogin alias reply handling routing,6,166,0.7,0.0,0.5,0.1999999999999999,improved,"I'm running into unexpected behavior in the alias reply-handling flow of SimpleLogin and I want to determine whether it's a real issue or just a misunderstanding of how the pipeline works. When a user replies to an email that was forwarded through an alias, the backend is supposed to receive the inbound message, identify which alias it belongs to, and relay it back to the correct recipient, but in my local tests some replies appear to be routed to the wrong user even though the logs show the alias being recognized. Using the development environment, simulate an inbound email reply and trace the runtime flow end-to-end: observe which part of the system handles the incoming message, how the alias is resolved to a user, and what user ID the system ultimately decides to forward the reply to. Based on this live execution trace, explain the actual data flow and identify the most likely point in the pipeline where an incorrect routing decision could originate. You can create temporary scripts or logs that's fine but clean them up and leave the codebase as you found it.",0.0641025641025641,0.0295051224448304,0.0549450549450549,0.16666666666666666,6,False,high,nonzero,low_sim
20260914T035345.813663967Z-openclaw-sweatlasqa-pilot30-shuffle2-amem-global-sglang,pilot30-shuffle2,global-scope,task-6905333b74f22949d97ba9ac,1,simple-login/app,06cf3f47-4cd1-42d5-8f08-c14dd465a4a5,2,email forwarding log messages email handler forward success failure,1,1,0,49.4352,49.4352,49.4352,d66e85ec-97fe-4cf6-b9a2-a99f76f3a485,email forwarding log messages email handler forward success failure,1,283,,,0.6,,,"I'm investigating a production issue where users report inconsistent behavior when emails are forwarded through SimpleLogin aliases. I need to trace the actual email processing flow to understand what's happening. When the email handler processes an incoming email to an alias, I want to observe, what is the exact log message text that appears when an email is successfully forwarded versus when it fails due to a non-existent alias, what specific SL Message-ID gets generated during forwarding and how does it differ from the original Message-ID, what is the exact From header value in the forwarded email after transformation including the reply-email address format, and what database records are created during a single forward operation show me the actual record IDs and timestamps. Trace through an actual email forward operation and capture these specific runtime values. I need to see actual generated values, not what the code logic suggests should happen. Just don't modify any source files while investigating, and clean up any test containers or DB instances you spin up.",0.0547945205479452,0.0476190476190476,0.0476190476190476,0.0,1,False,low,nonzero,low_sim
