run_dir,task_id,occurrence,call_seq,arm,n_results,query,question,outcome,note_id,reason
20260906T141944.964671697Z-openclaw-sweatlasqa-pilot30-amem-repo-sglang,task-6905333b74f22949d97ba9a4,1,1,repo-scope,0,SimpleLogin backend startup configuration dev mode,"I'm trying to understand what actually happens when SimpleLogin is started locally in development environment. I'm wondering how the backend starts up in dev mode, how configuration is loaded, which log messages indicate that it's ready to accept requests, and what ports or endpoints it exposes. 

I’m interested in how a single authenticated request is handled by the app, where the request first enters the application, how the user identity is determined at runtime, and how that authentication context is carried through request handling. The entry point and user identification flow are my main concerns here. I also want to know whether the app automatically starts any background jobs or schedulers, or if there’s anything going on besides handling incoming requests.

I'm not looking for what the code says should happen, I want to know what actually gets printed when you run it. Please don’t modify any repository source files while investigating. Temporary scripts are fine if needed, but leave the codebase unchanged and clean up anything you create when you’re done.",addition_gap,,no candidate notes existed in store at call time
20260906T141944.964671697Z-openclaw-sweatlasqa-pilot30-amem-repo-sglang,task-6905333b74f22949d97ba9a5,2,1,repo-scope,6,alias creation signed suffix validation rate limiting,"I am debugging intermittent validation failures during custom alias creation that don't match the expected behavior, which seems related to how signed suffixes are verified. When attempting to create custom aliases with invalid or expired signed suffixes, what exact HTTP status codes and error messages appear in the API responses, and what corresponding validation log entries show up in the server console? Check whether any rate-limiting headers appear in the responses and what their actual values are. For successful alias creation attempts, what quota-related checks occur, what specific values get logged when the system verifies whether the user can create more aliases? Trace through the execution path to identify which component validates signed suffixes and enforces creation limits, and what conditions trigger rejection. Don't modify the repository code temporary test scripts or API calls are fine but keep the codebase unchanged.",addition_gap,,no candidate notes existed in store at call time
20260906T141944.964671697Z-openclaw-sweatlasqa-pilot30-amem-repo-sglang,task-6905333b74f22949d97ba9a6,3,1,repo-scope,0,email privacy system anonymous aliases database migration server startup,"I'm trying to get this email privacy system with anonymous aliases running for the first time and I want to understand how all the pieces fit together during initialization.

The system has a web server, an email handler, background jobs, and some cron tasks. I need to set everything up from scratch and see what actually happens when it starts.

Here's what I'm trying to figure out:

When I run the database migrations on an empty PostgreSQL database, how many tables get created in total? And what's the exact name of the last table that gets created based on the migration output order?

For the web server startup, what's the log message that tells me it's actually ready to accept connections? I'm also curious how many milliseconds pass between the first log entry and that ready message.

The email handler can take a custom port. If I start it with port 25025, does the startup log confirm it's listening on that port? What message shows up exactly?

I want to test the registration flow. If I create a user account with email ""[testuser@example.com](mailto:testuser@example.com)"" and password ""testpass123"", then immediately try to login before activating it, what's the exact JSON error message the API returns and what HTTP status code comes with it? I'd also like to see the full curl command output. And when I query the database directly for that user, what boolean values do the activated and notification columns actually show?

Also, there are different alias limits for different account types. I want to verify how the system handles this dynamically. First, create a fresh user and call /api/user_info to see what max_alias_free_plan value the API actually returns in the JSON response. Then, experiment with changing the configuration - try setting a different limit value like 10, restart the server, create a second new user, and call /api/user_info again for that user. What are the exact API responses before and after the change? Do both users reflect the new limit or only the one created after the change?

I'm trying to understand the actual runtime behavior here, not just what the code suggests should happen. Don't modify any of the source files, but feel free to create test config files or .env files to experiment with different settings.",retrieval_miss,id=2c524f41-b9a7-4f3a-a5af-94b151c0fab4,"This note contains the specific startup log messages and the 'Running on' ready message required to answer the question about the web server startup log and timing, which the other notes do not provide."
20260906T141944.964671697Z-openclaw-sweatlasqa-pilot30-amem-repo-sglang,task-6905333b74f22949d97ba9a6,3,2,repo-scope,0,SimpleLogin database migration tables server startup email handler API registration login user_info,"I'm trying to get this email privacy system with anonymous aliases running for the first time and I want to understand how all the pieces fit together during initialization.

The system has a web server, an email handler, background jobs, and some cron tasks. I need to set everything up from scratch and see what actually happens when it starts.

Here's what I'm trying to figure out:

When I run the database migrations on an empty PostgreSQL database, how many tables get created in total? And what's the exact name of the last table that gets created based on the migration output order?

For the web server startup, what's the log message that tells me it's actually ready to accept connections? I'm also curious how many milliseconds pass between the first log entry and that ready message.

The email handler can take a custom port. If I start it with port 25025, does the startup log confirm it's listening on that port? What message shows up exactly?

I want to test the registration flow. If I create a user account with email ""[testuser@example.com](mailto:testuser@example.com)"" and password ""testpass123"", then immediately try to login before activating it, what's the exact JSON error message the API returns and what HTTP status code comes with it? I'd also like to see the full curl command output. And when I query the database directly for that user, what boolean values do the activated and notification columns actually show?

Also, there are different alias limits for different account types. I want to verify how the system handles this dynamically. First, create a fresh user and call /api/user_info to see what max_alias_free_plan value the API actually returns in the JSON response. Then, experiment with changing the configuration - try setting a different limit value like 10, restart the server, create a second new user, and call /api/user_info again for that user. What are the exact API responses before and after the change? Do both users reflect the new limit or only the one created after the change?

I'm trying to understand the actual runtime behavior here, not just what the code suggests should happen. Don't modify any of the source files, but feel free to create test config files or .env files to experiment with different settings.",retrieval_miss,id=1b354cf5-5d19-402f-904f-c47c393d6c31,"This note explicitly contains the exact JSON error message and HTTP status code for logging in with an unactivated account, which directly answers a specific part of the user's question that the other notes do not cover."
20260906T141944.964671697Z-openclaw-sweatlasqa-pilot30-amem-repo-sglang,task-6905333b74f22949d97ba9a7,4,1,repo-scope,0,SimpleLogin multi step workflow mailbox verification background tasks email forwarding aliases,"I want to understand how SimpleLogin processes multi step workflows at runtime.

In scenarios where a mailbox verification code is submitted incorrectly multiple times in succession, what observable state changes and enforcement mechanisms does the running system apply? Trace the actual runtime behavior to determine what limits exist, how failed attempts are tracked, and what ultimately prevents further submissions.

For background tasks that are scheduled and later picked up for execution, trace the complete lifecycle from initial creation through final completion. If a task encounters an error during execution, what recovery or retry behavior is applied, and what observable state reflects that failure?

During email forwarding through an alias, what exact format is used for the special address generated to handle delivery failures? If a failure notification arrives at this address, trace how the system identifies the original email, what state changes are recorded, and how the handling behavior differs depending on the direction of the original message.

Temporary inspection or debugging tools may be used to observe runtime behavior, but source files should not be modified and any temporary artifacts should be cleaned up afterward.",addition_gap,,"None of the provided notes contain specific details about runtime state changes, retry logic for background tasks, or the exact format of failure notification addresses required to answer the question."
20260906T141944.964671697Z-openclaw-sweatlasqa-pilot30-amem-repo-sglang,task-6905333b74f22949d97ba9a7,4,2,repo-scope,0,mailbox verification code multi-step workflow enforcement failed attempts rate limit,"I want to understand how SimpleLogin processes multi step workflows at runtime.

In scenarios where a mailbox verification code is submitted incorrectly multiple times in succession, what observable state changes and enforcement mechanisms does the running system apply? Trace the actual runtime behavior to determine what limits exist, how failed attempts are tracked, and what ultimately prevents further submissions.

For background tasks that are scheduled and later picked up for execution, trace the complete lifecycle from initial creation through final completion. If a task encounters an error during execution, what recovery or retry behavior is applied, and what observable state reflects that failure?

During email forwarding through an alias, what exact format is used for the special address generated to handle delivery failures? If a failure notification arrives at this address, trace how the system identifies the original email, what state changes are recorded, and how the handling behavior differs depending on the direction of the original message.

Temporary inspection or debugging tools may be used to observe runtime behavior, but source files should not be modified and any temporary artifacts should be cleaned up afterward.",addition_gap,,"None of the provided notes contain specific details about multi-step workflow state machines, rate-limiting enforcement logic for verification codes, background job retry mechanisms, or the specific format of failure notification addresses."
20260906T141944.964671697Z-openclaw-sweatlasqa-pilot30-amem-repo-sglang,task-6905333b74f22949d97ba9a8,5,1,repo-scope,0,SimpleLogin codebase Flask port database API,"I'm onboarding into the SimpleLogin codebase and need to understand how it actually behaves when running. I want to know what port the Flask app binds to and what the startup logs look like when it initializes. For the health check, what response body and status code does it return? When a user creates an alias through the API, what does the actual JSON response look like, and what ends up in the database, which table, and what values? I'm also curious about failure behavior. If PostgreSQL isn't available when the app starts, what error appears, and where does it break? I need to see actual runtime output, not just what the code says should happen. You can create temporary test scripts, but don't modify the repository and clean up afterward.",retrieval_miss,id=2c524f41-1a46f5-b762-a4583711b8b0,"This note explicitly details the startup log messages and the specific port the Flask app binds to, directly answering two of the user's core questions about runtime behavior."
20260906T141944.964671697Z-openclaw-sweatlasqa-pilot30-amem-repo-sglang,task-6905333b74f22949d97ba9a8,5,2,repo-scope,0,SimpleLogin runtime startup health check alias creation database PostgreSQL error,"I'm onboarding into the SimpleLogin codebase and need to understand how it actually behaves when running. I want to know what port the Flask app binds to and what the startup logs look like when it initializes. For the health check, what response body and status code does it return? When a user creates an alias through the API, what does the actual JSON response look like, and what ends up in the database, which table, and what values? I'm also curious about failure behavior. If PostgreSQL isn't available when the app starts, what error appears, and where does it break? I need to see actual runtime output, not just what the code says should happen. You can create temporary test scripts, but don't modify the repository and clean up afterward.",retrieval_miss,id=2c524f41-1a54-46f5-b762-a4583711b8b0,"This note explicitly details the startup logs, the Flask serving message, and the port (7777), directly answering the user's questions about runtime behavior and initialization output."
20260906T141944.964671697Z-openclaw-sweatlasqa-pilot30-amem-repo-sglang,task-6905333b74f22949d97ba9a9,6,1,repo-scope,0,SimpleLogin alias reply routing pipeline,"I'm running into unexpected behavior in the alias reply-handling flow of SimpleLogin and I want to determine whether it's a real issue or just a misunderstanding of how the pipeline works. When a user replies to an email that was forwarded through an alias, the backend is supposed to receive the inbound message, identify which alias it belongs to, and relay it back to the correct recipient, but in my local tests some replies appear to be routed to the wrong user even though the logs show the alias being recognized. Using the development environment, simulate an inbound email reply and trace the runtime flow end-to-end: observe which part of the system handles the incoming message, how the alias is resolved to a user, and what user ID the system ultimately decides to forward the reply to. Based on this live execution trace, explain the actual data flow and identify the most likely point in the pipeline where an incorrect routing decision could originate. You can create temporary scripts or logs that's fine but clean them up and leave the codebase as you found it.",retrieval_miss,7c29c400-c05d-4c1f-831c-a9fd35cc3fc5,"This note identifies the specific email handler component (email_handler.py) and its use of aiosmtpd, which is the entry point for inbound emails and essential for tracing the reply routing flow described in the question."
20260906T141944.964671697Z-openclaw-sweatlasqa-pilot30-amem-repo-sglang,task-6905333b74f22949d97ba9a9,6,2,repo-scope,0,reply phase alias user routing mailbox handle_reply email_handler,"I'm running into unexpected behavior in the alias reply-handling flow of SimpleLogin and I want to determine whether it's a real issue or just a misunderstanding of how the pipeline works. When a user replies to an email that was forwarded through an alias, the backend is supposed to receive the inbound message, identify which alias it belongs to, and relay it back to the correct recipient, but in my local tests some replies appear to be routed to the wrong user even though the logs show the alias being recognized. Using the development environment, simulate an inbound email reply and trace the runtime flow end-to-end: observe which part of the system handles the incoming message, how the alias is resolved to a user, and what user ID the system ultimately decides to forward the reply to. Based on this live execution trace, explain the actual data flow and identify the most likely point in the pipeline where an incorrect routing decision could originate. You can create temporary scripts or logs that's fine but clean them up and leave the codebase as you found it.",retrieval_miss,7c29c400-c05d-4c1f-831c-a9fd35cc3fc5,"This note identifies the specific email handler component (email_handler.py) and its startup mechanism, which is the entry point for processing inbound replies and is essential for tracing the routing flow described in the question."
20260906T141944.964671697Z-openclaw-sweatlasqa-pilot30-amem-repo-sglang,task-6905333b74f22949d97ba9aa,7,1,repo-scope,0,SimpleLogin setup run web server email job runner,"I'm new to SimpleLogin and trying to get everything running locally. Once the application starts, how can I tell that the web server, email handler, and job runner are actually up and responding? What should I see in the logs or dashboard UI that confirms users can sign in and manage their aliases?

After it's running, try performing some basic user actions like creating a new account, creating an alias, and having that alias receive an email. What happens when a new account interacts with aliases or tries to receive mail, and how does the system show that these actions were handled correctly? What should I see at runtime that confirms the behavior you would expect?

While the application is active, do the email handler and job runner automatically come online in the background to support email activity or data handling? What behavior suggests that these internal components are functioning as intended across different situations?

Do not modify the source code. You can create temporary testing data such as accounts or aliases but clean them up when you are done.",retrieval_miss,2c524f41-1a54-46f5-b762-a4583711b8b0,"This note explicitly lists the specific log messages ('>>> URL:', '>>> init logging <<<', 'Serving Flask app') that confirm the web server is up, directly answering the user's question about how to verify the server is running via logs."
20260906T141944.964671697Z-openclaw-sweatlasqa-pilot30-amem-repo-sglang,task-6905333b74f22949d97ba9ab,8,1,repo-scope,0,SimpleLogin alias creation repository codebase,"I want to understand how SimpleLogin behaves during a normal alias-creation flow. To do that, run the full application locally using the standard development setup, login with any test user, and create a new alias while observing the system in real time.

As you go through this flow, watch the frontend and note exactly what request it sends to the backend when an alias is created. Then observe what the backend returns, including any status codes, payloads, or metadata that appear in the response. While the request is being processed, check what changes occur in the database. Identify which records are inserted or updated, how many tables are touched, and whether any related entities are created as part of the same operation.

Pay close attention to the logs to see whether the system triggers any background tasks, emits follow-up events, or performs additional work beyond the initial write. If anything fails, such as validation problems, DB errors, or network issues. Note how the error surfaces in the API response, logs, and resulting database state. Don't modify any of the repository source files while investigating. Feel free to create temporary scripts that's fine, but leave the actual codebase as you found it and ensure to clean up any temporary files or scripts you create when you're done.",retrieval_miss,id=770a21ac-ee2e-46b9-84bc-9d37c89b87ba,"This note explicitly details the components and validation logic involved in the alias creation flow, which is directly relevant to understanding the behavior requested, unlike the other notes which focus on configuration, database schema, or unrelated endpoints."
20260906T141944.964671697Z-openclaw-sweatlasqa-pilot30-amem-repo-sglang,task-6905333b74f22949d97ba9ab,8,2,repo-scope,0,DailyMetric alias creation alias_used_on background job event,"I want to understand how SimpleLogin behaves during a normal alias-creation flow. To do that, run the full application locally using the standard development setup, login with any test user, and create a new alias while observing the system in real time.

As you go through this flow, watch the frontend and note exactly what request it sends to the backend when an alias is created. Then observe what the backend returns, including any status codes, payloads, or metadata that appear in the response. While the request is being processed, check what changes occur in the database. Identify which records are inserted or updated, how many tables are touched, and whether any related entities are created as part of the same operation.

Pay close attention to the logs to see whether the system triggers any background tasks, emits follow-up events, or performs additional work beyond the initial write. If anything fails, such as validation problems, DB errors, or network issues. Note how the error surfaces in the API response, logs, and resulting database state. Don't modify any of the repository source files while investigating. Feel free to create temporary scripts that's fine, but leave the actual codebase as you found it and ensure to clean up any temporary files or scripts you create when you're done.",retrieval_miss,id=770a21ac-ee2e-46b9-84bc-9d37c89b87ba,"This note explicitly details the components and validation logic involved in the alias creation flow, which is directly relevant to understanding the request and backend behavior requested in the question."
20260906T141944.964671697Z-openclaw-sweatlasqa-pilot30-amem-repo-sglang,task-6905333b74f22949d97ba9ab,8,3,repo-scope,0,SimpleLogin alias creation complete flow API response DB tables errors,"I want to understand how SimpleLogin behaves during a normal alias-creation flow. To do that, run the full application locally using the standard development setup, login with any test user, and create a new alias while observing the system in real time.

As you go through this flow, watch the frontend and note exactly what request it sends to the backend when an alias is created. Then observe what the backend returns, including any status codes, payloads, or metadata that appear in the response. While the request is being processed, check what changes occur in the database. Identify which records are inserted or updated, how many tables are touched, and whether any related entities are created as part of the same operation.

Pay close attention to the logs to see whether the system triggers any background tasks, emits follow-up events, or performs additional work beyond the initial write. If anything fails, such as validation problems, DB errors, or network issues. Note how the error surfaces in the API response, logs, and resulting database state. Don't modify any of the repository source files while investigating. Feel free to create temporary scripts that's fine, but leave the actual codebase as you found it and ensure to clean up any temporary files or scripts you create when you're done.",retrieval_miss,ef6592e9-049d-97bc-5f7eb7153956,"This note explicitly details the database writes (4 tables touched) and specific fields inserted during alias creation, which directly answers the user's request to identify records inserted, tables touched, and related entities created."
20260906T141944.964671697Z-openclaw-sweatlasqa-pilot30-amem-repo-sglang,task-6905333b74f22949d97ba9ac,9,1,repo-scope,0,SimpleLogin email forwarding processing flow,"I'm investigating a production issue where users report inconsistent behavior when emails are forwarded through SimpleLogin aliases. I need to trace the actual email processing flow to understand what's happening. When the email handler processes an incoming email to an alias, I want to observe, what is the exact log message text that appears when an email is successfully forwarded versus when it fails due to a non-existent alias, what specific SL Message-ID gets generated during forwarding and how does it differ from the original Message-ID, what is the exact From header value in the forwarded email after transformation including the reply-email address format, and what database records are created during a single forward operation show me the actual record IDs and timestamps. Trace through an actual email forward operation and capture these specific runtime values. I need to see actual generated values, not what the code logic suggests should happen. Just don't modify any source files while investigating, and clean up any test containers or DB instances you spin up.",addition_gap,,"None of the existing notes contain the specific runtime log messages, generated Message-IDs, or database record details for the email forwarding process, which is the core of the investigation."
20260906T141944.964671697Z-openclaw-sweatlasqa-pilot30-amem-repo-sglang,task-6905333b74f22949d97ba9ad,10,1,repo-scope,0,SimpleLogin setup authentication email alias,"I am setting up SimpleLogin for the first time and I want to confirm that the platform is actually working the way it should when everything is running locally. After starting the system what should I notice in the logs or UI that shows the app is ready to handle user authentication and alias based email activity?

Once it is running can you try walking through the typical product experience as if you were a new user signing up for the first time. What happens when a user registers verifies their address and tries to log in. What visible behavior confirms that the system is handling every step correctly and forwarding the user into the dashboard as expected?

I am also curious about what the application does behind the scenes during that flow. Are there any indicators that background jobs or internal services are doing their part to support email forwarding or identity verification. What should I expect to observe at runtime that tells me these moving pieces are active and talking to each other properly?

You can create anything temporary that you need for testing like new users or aliases but remove them when you are done and please do not make any changes to the source code.",retrieval_miss,id=2c524f41-1a54-46f5-b762-a4583711b8b0,"This note explicitly lists the specific log messages ('>>> URL:', '>>> init logging <<<', 'Serving Flask app') that confirm the application is ready, directly answering the user's question about what to notice in the logs."
20260906T141944.964671697Z-openclaw-sweatlasqa-pilot30-amem-repo-sglang,task-6905333b74f22949d97ba9ad,10,2,repo-scope,0,SimpleLogin setup authentication email alias,"I am setting up SimpleLogin for the first time and I want to confirm that the platform is actually working the way it should when everything is running locally. After starting the system what should I notice in the logs or UI that shows the app is ready to handle user authentication and alias based email activity?

Once it is running can you try walking through the typical product experience as if you were a new user signing up for the first time. What happens when a user registers verifies their address and tries to log in. What visible behavior confirms that the system is handling every step correctly and forwarding the user into the dashboard as expected?

I am also curious about what the application does behind the scenes during that flow. Are there any indicators that background jobs or internal services are doing their part to support email forwarding or identity verification. What should I expect to observe at runtime that tells me these moving pieces are active and talking to each other properly?

You can create anything temporary that you need for testing like new users or aliases but remove them when you are done and please do not make any changes to the source code.",retrieval_miss,2c524f41-1a54-46f5-b762-a4583711b8b0,"This note explicitly lists the specific log messages ('Serving Flask app', 'Running on...') that indicate the web server is ready, directly answering the user's question about what to notice in the logs to confirm the app is ready."
20260906T141944.964671697Z-openclaw-sweatlasqa-pilot30-amem-repo-sglang,task-6905333b74f22949d97ba9ae,11,1,repo-scope,0,SimpleLogin inbound email reply resolution contact forwarding,"I’d like to understand how SimpleLogin resolves inbound email replies to a contact and forwarding destination during normal alias usage, specifically in cases where a reply ends up being delivered to a different user than the alias owner. As inbound reply messages are processed, focus on how the system derives the reply email address and uses it to identify the associated contact. Observe the actual runtime values involved in this resolution, the extracted reply email, the contact (if any) that it resolves to, and the user or alias ultimately selected as the forwarding destination. Track how these values behave across multiple reply events. Note whether the same reply email ever resolves to different contacts over time, fails to resolve temporarily, or resolves correctly but later results in forwarding to a different user than expected. Use these observations to determine whether the reply-handling logic specifically the lookup of contacts by reply email exhibits any race conditions, uniqueness assumptions, or timing-related inconsistencies that could explain why a reply is routed to the wrong user. Describe the runtime values you observed during reply resolution and explain how those values lead to the observed behavior. Don’t modify any repository source files. If temporary scripts or tooling are needed to observe behavior, that’s fine, but clean them up afterward and leave the repository unchanged.",retrieval_miss,816056d0-d467-4430-bfeb-640dac6607a6,"This note contains a complete trace of the email forwarding flow including specific log messages for forwarding and contact creation, which directly provides the runtime values and logic needed to analyze how replies are resolved and routed."
20260906T141944.964671697Z-openclaw-sweatlasqa-pilot30-amem-repo-sglang,task-6905333b74f22949d97ba9af,12,1,repo-scope,0,app repository development environment postgresql server,"I'm trying to get the development environment running locally for the first time, and the documentation isn't very clear about the startup order or what breaks if certain setup steps are skipped. I want to bring the whole stack up from scratch and note what actually happens along the way.

To start with, I want to see what happens if the database isn't fully set up yet. With PostgreSQL running and an empty database created (no tables, migrations not run), what error do I actually hit when I start the server with python [server.py](http://server.py) and then try to open the login page in the browser? I'm looking for the full Python exception that gets raised.

Once the database migrations and the initialization script (init\_[app.py](http://app.py)) have been run and everything is set up correctly, I need to understand which Python services must be running for the system to work. Start each required service and show me the exact log output that confirms it's running and ready to accept connections. I want to see the actual startup messages from stdout/stderr, not just what the code says I need to verify the services are actually binding to their ports and working.

I'm also curious about what happens if the initialization step is skipped. If I run the migrations but don't run init\_[app.py](http://app.py), the SLDomain table should be empty (no email domains configured). If I then start the email handler and simulate an incoming email addressed to any @sl.local address, what happens? What SMTP status code does the email handler return to the sender, and what does it log to explain the rejection?

I'm not changing or deleting any source files here I just want to observe the system's behavior. Temporary config files or small test scripts are fine if needed.",retrieval_miss,0f85c69e-eedc-4cd6-a00a-89d3c9c88533,"This note explicitly identifies the specific Python exception (psycopg2.OperationalError) raised when the database exists but has no tables, directly answering the user's first question about the error encountered."
20260906T141944.964671697Z-openclaw-sweatlasqa-pilot30-amem-repo-sglang,task-6905333b74f22949d97ba9b2,13,1,repo-scope,0,SimpleLogin bounce email handling,"I'm investigating a potential information leakage issue in SimpleLogin's bounce email handling system. I've noticed that the codebase appears to support two different address formats for processing email bounces, what looks like an older format with the email log ID visible in plain text and a newer format that seems to use some kind of signature verification.

I wonder how bounces are routed, I'm seeing that emails sent to addresses like bounce+12345+@domain seem to be processed differently than those using the newer signed format. What concerns me is whether an external attacker could craft bounce emails to these older-style addresses and learn something by observing the SMTP responses.

I'm curious what's actually happening under the hood here, where the security boundaries really are, and what slips through without cryptographic validation. I wonder what exact SMTP responses come back when probing different scenarios, such as hitting a valid ID versus an invalid one, and what happens when something doesn't quite meet the bounce validation requirements. I don't want theoretical explanations of what the code should do, I want to see actual evidence of how the system behaves in practice.

What also puzzles me is the bounce detection itself. What makes the system accept something as a bounce in the first place? What criteria does it check? Could an attacker who controls the SMTP envelope and headers spoof those criteria? I'm curious what happens when those checks pass versus when they don't. And beyond just valid versus invalid, I wonder if the response codes reveal more than just whether an ID exists.

Don't modify any source files in the repository. You can create test scripts to observe the actual behavior, but clean them up when finished.",retrieval_miss,80c5a411-cd79-437b-ad44-4044d0f1689f,"This note explicitly describes the new signed VERP format and the HMAC-SHA3-224 signature mechanism, which is the core technical detail needed to understand the security boundary and why the older format might be vulnerable compared to the new one."
20260906T141944.964671697Z-openclaw-sweatlasqa-pilot30-amem-repo-sglang,task-6905333b74f22949d97ba9b2,13,2,repo-scope,0,SimpleLogin bounce email leakage SMTP response Oracle,"I'm investigating a potential information leakage issue in SimpleLogin's bounce email handling system. I've noticed that the codebase appears to support two different address formats for processing email bounces, what looks like an older format with the email log ID visible in plain text and a newer format that seems to use some kind of signature verification.

I wonder how bounces are routed, I'm seeing that emails sent to addresses like bounce+12345+@domain seem to be processed differently than those using the newer signed format. What concerns me is whether an external attacker could craft bounce emails to these older-style addresses and learn something by observing the SMTP responses.

I'm curious what's actually happening under the hood here, where the security boundaries really are, and what slips through without cryptographic validation. I wonder what exact SMTP responses come back when probing different scenarios, such as hitting a valid ID versus an invalid one, and what happens when something doesn't quite meet the bounce validation requirements. I don't want theoretical explanations of what the code should do, I want to see actual evidence of how the system behaves in practice.

What also puzzles me is the bounce detection itself. What makes the system accept something as a bounce in the first place? What criteria does it check? Could an attacker who controls the SMTP envelope and headers spoof those criteria? I'm curious what happens when those checks pass versus when they don't. And beyond just valid versus invalid, I wonder if the response codes reveal more than just whether an ID exists.

Don't modify any source files in the repository. You can create test scripts to observe the actual behavior, but clean them up when finished.",retrieval_miss,id=5df8b8f8-c32c-431a-8b13-b63d1776ec93,"This note explicitly describes the bounce routing logic in email_handler.py, distinguishing between VERP-signed addresses and legacy formats, which directly addresses the user's question about how different address formats are processed and routed."
20260906T141944.964671697Z-openclaw-sweatlasqa-pilot30-amem-repo-sglang,task-6905333b74f22949d97ba9d0,16,1,repo-scope,0,paperless-ngx architecture task scheduler maintenance,"I'm evaluating paperless-ngx architecture and need to understand what background maintenance happens automatically. Set up the development environment, what periodic tasks are registered with the task scheduler, and where is the schedule configuration defined? Find the sanity checker; what does it validate, what log output does it produce, and how often does it run? Is there automatic index optimization or database cleanup? Check if there's a task that handles failed document retries or stuck processing jobs. Look at the Celery beat schedule configuration and list all recurring tasks with their intervals. Trace through the code to find where periodic tasks are defined and registered. What happens if a scheduled task fails; is there retry logic or alerting? Are there any tasks that run on startup versus strictly on schedule? Query the database to see if there's a table tracking task execution history or scheduled job state. What controls whether these maintenance features are enabled or disabled? Don't modify source code; observing system behavior is fine, clean up any test artifacts when done.",addition_gap,,no candidate notes existed in store at call time
20260906T141944.964671697Z-openclaw-sweatlasqa-pilot30-amem-repo-sglang,task-6905333b74f22949d97ba9d1,17,1,repo-scope,0,Paperless-NGX search index synchronization,"I want to understand how Paperless-NGX keeps its search index synchronized with document changes before I start working with this codebase. With the full environment running, I'm curious what actually happens at runtime when a document gets modified after it's already been ingested. If I change an existing document's title through the API to something unique and then search for that exact new title within a few seconds, does the document appear in results immediately, or do I need to wait for background processing to complete? While making this change, I want to watch what happens in the background task worker process specifically to see whether any job gets picked up in response to the edit, or whether the update completes entirely within the API request before returning. Something I particularly want to explore is what happens if a document's title gets updates directly in the database using a raw SQL statement rather than through the API. After making that direct change and searching for the new title, does the document appear in search results, or does the index remain stale? If it stays stale, I want to know whether there is a way to force the system to reconcile the index with the current database state, and what observable effect that reconciliation process has on the worker logs and task queue. I'm also wondering how the system would behave if the search index became corrupted or deleted entirely while documents still exist in the database. After removing the index files and triggering whatever recovery mechanism exists, how long does reconstruction take for a small set of documents, and what processing activity is visible during that rebuild? The goal is to understand whether the system can self-heal from index inconsistencies or whether manual intervention is always required. You may create temporary test documents for observation, but don't modify any source files and clean up test artifacts when finished.",addition_gap,,no candidate notes existed in store at call time
20260906T141944.964671697Z-openclaw-sweatlasqa-pilot30-amem-repo-sglang,task-6905333b74f22949d97ba9d2,18,1,repo-scope,2,paperless-ngx document processing pipeline workflow,"I’m trying to get a big-picture understanding of how documents flow through the system. How does a new document usually enter paperless-ngx. Once a document is received, what are the main stages it goes through before it’s fully processed and available, are there any background jobs and what is used for background execution.

I’m also curious about the kind of information paperless stores for each document. What metadata fields are saved, and which ones are absolutely required versus optional or derived later during runtime-processing. Can you show with a runtime example?

Also I wonder how things like tags, correspondents, and document types are used together to organize documents in a practical way.

Please don’t make any changes to the repository itself. You can create temporary scripts for testing if needed but do clean them up once you're done.",addition_gap,,no candidate notes existed in store at call time
20260906T141944.964671697Z-openclaw-sweatlasqa-pilot30-amem-repo-sglang,task-6905333b74f22949d97ba9d3,19,1,repo-scope,1,paperless-ngx document processing ingestion pipeline,"I am trying to understand how paperless-ngx processes documents at runtime before making any changes. Once the application is up and all of its services are running, I want to submit a test PDF and observe how the ingestion pipeline actually behaves. As the document moves through the system, which services are involved, and what sequence of events shows up in the logs? I also want to upload a few more documents and watch how the system reacts after each one. Does the machine learning classifier retrain automatically on every upload, or only under certain conditions, and what log messages make it clear when training is happening versus when the classifier stays idle? After a document finishes processing, I want to see where it ends up on disk, what directory structure and filename pattern paperless-ngx uses by default, and which database tables receive new rows as part of ingestion. You should not modify or edit any existing files in the repository, but you can create temporary scripts or test documents if they help with the investigation, as long as everything you create is cleaned up when you are done.",addition_gap,,no candidate notes existed in store at call time
20260906T141944.964671697Z-openclaw-sweatlasqa-pilot30-amem-repo-sglang,task-6905333b74f22949d97ba9d3,19,2,repo-scope,1,machine learning classifier retrain training conditions logs,"I am trying to understand how paperless-ngx processes documents at runtime before making any changes. Once the application is up and all of its services are running, I want to submit a test PDF and observe how the ingestion pipeline actually behaves. As the document moves through the system, which services are involved, and what sequence of events shows up in the logs? I also want to upload a few more documents and watch how the system reacts after each one. Does the machine learning classifier retrain automatically on every upload, or only under certain conditions, and what log messages make it clear when training is happening versus when the classifier stays idle? After a document finishes processing, I want to see where it ends up on disk, what directory structure and filename pattern paperless-ngx uses by default, and which database tables receive new rows as part of ingestion. You should not modify or edit any existing files in the repository, but you can create temporary scripts or test documents if they help with the investigation, as long as everything you create is cleaned up when you are done.",addition_gap,,no candidate notes existed in store at call time
20260906T141944.964671697Z-openclaw-sweatlasqa-pilot30-amem-repo-sglang,task-6905333b74f22949d97ba9d3,19,3,repo-scope,0,paperless-ngx ingestion pipeline document classification file storage,"I am trying to understand how paperless-ngx processes documents at runtime before making any changes. Once the application is up and all of its services are running, I want to submit a test PDF and observe how the ingestion pipeline actually behaves. As the document moves through the system, which services are involved, and what sequence of events shows up in the logs? I also want to upload a few more documents and watch how the system reacts after each one. Does the machine learning classifier retrain automatically on every upload, or only under certain conditions, and what log messages make it clear when training is happening versus when the classifier stays idle? After a document finishes processing, I want to see where it ends up on disk, what directory structure and filename pattern paperless-ngx uses by default, and which database tables receive new rows as part of ingestion. You should not modify or edit any existing files in the repository, but you can create temporary scripts or test documents if they help with the investigation, as long as everything you create is cleaned up when you are done.",retrieval_miss,ad054983-82e2-4962-96c2-f690c2b343d4,"This note provides the specific sequence of events and services involved in the ingestion pipeline (detection, API upload, etc.), which directly answers the user's primary question about observing the runtime behavior and log sequence."
20260906T141944.964671697Z-openclaw-sweatlasqa-pilot30-amem-repo-sglang,task-6905333b74f22949d97ba9d4,20,1,repo-scope,0,Paperless-NGX runtime processes background tasks logs,"I want to understand how Paperless-NGX behaves at runtime once the system is up and idle, before I start making changes to the codebase. Get Paperless-NGX running at the specified commit. Once it's idle and stable, what background processes or tasks continue executing automatically? What are the actual log entries that appear periodically showing the system is healthy and ready? I need the specific log messages, their frequency, and what they indicate. 
Also, if you briefly interrupt and restart part of the system, what specific log messages confirm everything has reconnected and is operational again? What components or processes keep running continuously to maintain Paperless-NGX in a ready state, even when no documents are being processed? You may use temporary helper commands or inspection tools if needed, but don’t modify any source files and clean up any temporary artifacts when you’re done.",addition_gap,,"None of the existing notes contain information about runtime background processes, periodic health log messages, or system reconnection behavior, which are the core requirements of the question."
20260906T141944.964671697Z-openclaw-sweatlasqa-pilot30-amem-repo-sglang,task-6905333b74f22949d97ba9d5,21,1,repo-scope,0,Paperless-NGX document ingestion processing pipeline,"I’m trying to understand how data moves through Paperless-NGX during normal document ingestion so I can get oriented before working on the codebase. When Paperless-NGX is running from this repository at the specified commit and a new document appears in the system, what observable runtime behavior shows how the document is detected and handed off for processing? What log messages, task names, or state changes indicate the transition from initial detection into parsing, classification, and indexing, and how does the system reflect progress or completion of each stage while the document is being processed? After processing finishes, what observable evidence shows where the document’s data ends up and how its final state is recorded? Based on what you can directly observe at runtime, how does Paperless-NGX track whether a document has already been processed or needs further work, and what behavior or logs indicate how the system avoids duplicate processing? Keep the explanation grounded in runtime observations rather than assumptions from reading the code alone. You may use temporary test files if helpful, but don’t modify any source files and clean up any temporary artifacts when you’re done.",retrieval_miss,ad054983-82e2-4962-96c2-f690c2b343d4,"This note explicitly details the document ingestion pipeline trace, including detection mechanisms and the sequence of processing steps, which directly answers the user's question about runtime behavior and state transitions."
20260906T141944.964671697Z-openclaw-sweatlasqa-pilot30-amem-repo-sglang,task-6905333b74f22949d97ba9d6,22,1,repo-scope,0,paperless-ngx OCR processing pipeline,"I’m trying to get a practical understanding of how OCR behaves in paperless-ngx at runtime, especially in cases where it’s hard to tell what the system is actually doing. When I upload an image that has no embedded text, how can I see that OCR has started, and what does the document’s processing state look like while it’s running? I want to watch how background workers behave during this phase and understand what signals really indicate active OCR work. If I upload a similar image that already contains text, does the system skip OCR entirely, or does it still touch the OCR pipeline in some way, and how can I tell the difference after processing finishes? I also want to compare the final API responses for both cases to understand which fields show OCR-generated text versus existing text. Finally, when OCR produces weak or incomplete results, what actually happens to the document’s final state? Does it still count as fully processed, and how is that reflected in the saved metadata? Temporary scripts may be used for observation, but the repository itself should remain unchanged, and anything temporary should be cleaned up afterward.",retrieval_miss,ad054983-82e2-4962-96c2-f690c2b343d4,"This note describes the document ingestion pipeline trace, which is essential for understanding the runtime states, background worker behavior, and processing steps (like OCR detection) that the user is asking about."
20260906T141944.964671697Z-openclaw-sweatlasqa-pilot30-amem-repo-sglang,task-6905333b74f22949d97ba9d6,22,2,repo-scope,0,OCR paperless-ngx skip text detection progress status,"I’m trying to get a practical understanding of how OCR behaves in paperless-ngx at runtime, especially in cases where it’s hard to tell what the system is actually doing. When I upload an image that has no embedded text, how can I see that OCR has started, and what does the document’s processing state look like while it’s running? I want to watch how background workers behave during this phase and understand what signals really indicate active OCR work. If I upload a similar image that already contains text, does the system skip OCR entirely, or does it still touch the OCR pipeline in some way, and how can I tell the difference after processing finishes? I also want to compare the final API responses for both cases to understand which fields show OCR-generated text versus existing text. Finally, when OCR produces weak or incomplete results, what actually happens to the document’s final state? Does it still count as fully processed, and how is that reflected in the saved metadata? Temporary scripts may be used for observation, but the repository itself should remain unchanged, and anything temporary should be cleaned up afterward.",retrieval_miss,ad054983-82e2-4962-96c2-f690c2b343d4,"This note describes the document ingestion pipeline and detection mechanisms, which is essential for understanding how the system processes uploads and triggers background tasks like OCR, directly addressing the user's question about runtime behavior and state changes."
20260906T141944.964671697Z-openclaw-sweatlasqa-pilot30-amem-repo-sglang,task-6905333b74f22949d97ba9d7,23,1,repo-scope,0,paperless API authentication token,"I'm planning to integrate some external tools with the paperless API and need to understand how authentication works first. Get paperless running locally, create a test user, and generate an API token for them. Make an authenticated request to list documents. What's the exact HTTP header name and format paperless expects for the token, and what's the complete endpoint path? What does the JSON response look like, specifically what are the top level fields, and is pagination involved or does it dump everything at once? Try that same request without auth and tell me what status code and error message you get. Then trace through the Django code to find which authentication class handles token authentication and what model stores the tokens. Don't modify the codebase, creating test users, tokens, and any temporary files you need is fine, but leave the source code untouched and clean up any additional files or changes when you're done.",addition_gap,,"None of the existing notes contain information regarding API authentication mechanisms, HTTP headers, endpoint paths, or Django authentication classes, which are the core requirements of the question."
20260906T141944.964671697Z-openclaw-sweatlasqa-pilot30-amem-repo-sglang,task-6905333b74f22949d97ba9d8,24,1,repo-scope,0,document classification machine learning OCR barcode training test,"I am debugging non-deterministic failures in the document classification tests and want to understand how the machine learning pipeline behaves during test execution when training and OCR. I want to observe whether the classifier reuses an existing model or retrains during the same test run, and how that affects later tests. When a test exercises automatic correspondent matching, how many training documents are created, when does training occur relative to those inserts, and what confidence threshold is used to accept or reject predictions? I also want to see how edge cases are handled, such as when a document has no extractable text, including which OCR subprocess is invoked and what mime type is assigned to the output. Finally, when barcode splitting is involved, how many document records are created from a single input, which barcode values trigger a split, and where in the code that decision is made, especially if this changes the effective training data during the test run. Please do not modify the source code; you may create temporary helpers while investigating, but clean up anything temporary before finishing.",retrieval_miss,b74505f9-1c20-4d76-6680dfc88a51,This note directly addresses the core question of whether the classifier retrains during test execution by identifying the specific function and its trigger in the consumer pipeline.
20260906T141944.964671697Z-openclaw-sweatlasqa-pilot30-amem-repo-sglang,task-6905333b74f22949d97ba9d9,25,1,repo-scope,0,paperless-ngx background processing queue async jobs,"I'm trying to understand how paperless-ngx actually handles background processing when it ingests documents. I want to see what happens at runtime, not just read the config files.

Can you help me make sense of how async work behaves in a live setup? I’m interested in what services are involved behind the scenes, how background jobs appear once they are created, and how the system tells the difference between work that is waiting and work that is actively being processed. I also want to understand where the task state ends up being stored and how you can tell, after the fact, what happened to a given job.

From the code perspective, I want to connect that runtime behavior back to its origin. Where are these background jobs actually triggered, and what part of the code is responsible for sending them into the queue? Don’t modify any repository source files. If you need to create temporary scripts or artifacts to observe behavior, that’s fine, but clean them up afterward and leave the codebase unchanged.",retrieval_miss,ad054983-82e2-4964-9bf3-1e9c8cbc6e39,"This note provides the high-level trace of the document ingestion pipeline, identifying the detection mechanisms and the consumer pipeline which is the origin of the background jobs the user is asking about."
20260906T141944.964671697Z-openclaw-sweatlasqa-pilot30-amem-repo-sglang,task-6905333b74f22949d97ba9db,26,1,repo-scope,0,Paperless-NGX repository file move tags classifier duplicate sanity check,"I'm onboarding into the Paperless-NGX repository and I'm curious about the hidden choreography that happens when the system is actually running. When a document's tags change and the filename format includes tags in the directory structure, files apparently relocate themselves. I wonder what log messages actually appear during that dance, and what the before and after paths look like in practice. There's supposedly a rollback safety net if something goes wrong during a file move, but I can't tell from reading the code whether it truly recovers or just promises to, what actually happens to files when a move fails partway through? Beyond file handling, there are other runtime mysteries I want to explore. The classifier's behavior puzzles me, sometimes training finishes instantly, other times it takes much longer. I want to trigger both scenarios and see the actual log messages that explain why training was skipped versus why it proceeded with full retraining, including whatever hash or checksum the system uses to detect changes. Duplicate detection feels like magic, two files that look completely different can still be rejected as duplicates, and I want to see the actual checksums being compared at that moment of judgment. The sanity checker intrigues me as well, what does its output actually look like when an archive is healthy versus when something has gone wrong, and can I see the specific hash values it compares when it discovers a mismatch? I also wonder about ghost files, whether orphaned files really linger in the media folder and what the system actually reports when it finds them. I need to see real runtime evidence for all of this; actual paths, actual checksums, actual log messages. Temporary scripts may be used for observation, but the repository itself should remain unchanged and anything temporary cleaned up afterward.",retrieval_miss,b74505f9-1c20-4d76-9a0d-6680dfc88a51,This note explicitly addresses the user's question about why classifier training sometimes finishes instantly versus taking longer by explaining the retraining logic and conditions.
20260906T141944.964671697Z-openclaw-sweatlasqa-pilot30-amem-repo-sglang,task-6905333b74f22949d97ba9db,26,2,repo-scope,0,Paperless-NGX file move rollback orphan sanity classifier duplicate log messages checksum,"I'm onboarding into the Paperless-NGX repository and I'm curious about the hidden choreography that happens when the system is actually running. When a document's tags change and the filename format includes tags in the directory structure, files apparently relocate themselves. I wonder what log messages actually appear during that dance, and what the before and after paths look like in practice. There's supposedly a rollback safety net if something goes wrong during a file move, but I can't tell from reading the code whether it truly recovers or just promises to, what actually happens to files when a move fails partway through? Beyond file handling, there are other runtime mysteries I want to explore. The classifier's behavior puzzles me, sometimes training finishes instantly, other times it takes much longer. I want to trigger both scenarios and see the actual log messages that explain why training was skipped versus why it proceeded with full retraining, including whatever hash or checksum the system uses to detect changes. Duplicate detection feels like magic, two files that look completely different can still be rejected as duplicates, and I want to see the actual checksums being compared at that moment of judgment. The sanity checker intrigues me as well, what does its output actually look like when an archive is healthy versus when something has gone wrong, and can I see the specific hash values it compares when it discovers a mismatch? I also wonder about ghost files, whether orphaned files really linger in the media folder and what the system actually reports when it finds them. I need to see real runtime evidence for all of this; actual paths, actual checksums, actual log messages. Temporary scripts may be used for observation, but the repository itself should remain unchanged and anything temporary cleaned up afterward.",retrieval_miss,ed20882e-f772-4a84-8f11-355f7ab1c2db,"This note explicitly describes the file move rollback behavior in `update_filename_and_move_files`, directly answering the user's specific question about what happens to files when a move fails partway through."
20260906T141944.964671697Z-openclaw-sweatlasqa-pilot30-amem-repo-sglang,task-6905333b74f22949d97ba9dc,27,1,repo-scope,0,paperless-ngx OCR PDF processing,"I'm getting inconsistent OCR results when testing paperless-ngx locally with multi-page PDFs and need to understand the processing behavior better. Get the development environment running normally (create admin user if needed during setup), then upload a multi-page PDF through the standard interface that requires OCR processing. What HTTP response status and message do you receive immediately after upload submission? As processing happens, what key log patterns appear that show the document moving through different stages, including the OCRmyPDF invocation parameters? After processing finishes, what do the generated archive PDF and thumbnail filenames look like in the media storage area? Check the document record in the database - what fields are actually stored (not filesystem-only metadata) and what values appear for the processed document? No file modifications or permanent changes allowed, clean up any test files completely when done.",retrieval_miss,ad054983-82e2-4962-963a-0a838cdfd512,"This note provides the high-level document ingestion pipeline trace, which is essential for understanding the sequence of events (API upload, async task triggering, OCR invocation) required to answer the question about HTTP responses, log patterns, and processing stages."
20260906T141944.964671697Z-openclaw-sweatlasqa-pilot30-amem-repo-sglang,task-6905333b74f22949d97ba9dd,28,1,repo-scope,0,Paperless-NGX codebase document ingestion processing workflow,"I need to understand how Paperless-NGX processes a document from ingestion through indexing before I start working with the codebase. Set up the full environment and get all services running normally. Drop a small test file into the consumption directory and follow what happens. What log messages appear when the system first detects the file, what ingestion task gets triggered, and what additional tasks show up as the document moves through parsing, classification, and indexing? While the task is queued, check what the message broker is storing. What payload format or data structure represents the queued task? After processing completes, query the database to see where the document record is stored, which fields capture the parsed metadata, and where the system keeps a record of task execution or processing history.
Then trace the high-level codepath behind this workflow based on the behavior you observe. Starting from the part of the system that detects the new file, follow the chain of components involved in creating and submitting the ingestion task. Which part of the application is responsible for creating that task object, and what queuing framework does Paperless-NGX rely on to dispatch it? You may use temporary helper scripts or test files if needed, but don’t modify the actual source code, and clean up any temporary artifacts when you’re done.",retrieval_miss,ad054983-82e2-4962-96c2-f690c2b343d4,"This note explicitly traces the document ingestion pipeline from detection via inotify to the creation of the consumption task, directly addressing the user's request to trace the high-level codepath and identify the components involved."
20260906T141944.964671697Z-openclaw-sweatlasqa-pilot30-amem-repo-sglang,task-6905333b74f22949d97ba9de,29,1,repo-scope,0,Paperless memory usage metadata processing,"I'm investigating a strange memory usage pattern in the Paperless document processing system. When the system imports documents, it sometimes consumes far more memory than expected for the metadata handling, but this doesn't happen consistently and seems to vary based on the document source or processing stage.

What I'm seeing is that memory usage spikes significantly during document import operations, particularly when metadata is being processed, but the spike seems disproportionate to the actual document size. The odd part is that this memory doesn't always get released back to the system in a timely manner, even after processing is complete. This seems unusual because these are mostly text documents with relatively small metadata - we're not dealing with massive image processing here.

Can you figure out what's causing these memory spikes? I'm curious whether there's something in the metadata handling that's creating unnecessary copies or holding references longer than needed, or if there's caching behavior that's accumulating data unexpectedly. What's different between the cases where memory spikes and cases where it doesn't? How does the behavior change with different document types or batch sizes?

I need to see actual runtime memory measurements during processing, understand which components or methods are responsible for holding onto memory, and get evidence showing whether this is normal Python garbage collection behavior or something problematic. Show me what patterns you can find and where the memory is actually going.

Don't modify any repository source files. You can create temporary test scripts or helper tools to reproduce and analyze the behavior, but clean them up and leave the codebase unchanged when done.",addition_gap,,"None of the provided notes contain information regarding memory profiling, garbage collection behavior, reference holding, or specific memory allocation patterns during metadata processing."
20260906T141944.964671697Z-openclaw-sweatlasqa-pilot30-amem-repo-sglang,task-6905333b74f22949d97ba9e0,30,1,repo-scope,0,documents list pagination duplicates sorting,"I am trying to figure out why the documents list can feel haunted during normal browsing, where paging through the documents view with a couple of common filters enabled can make the same document show up twice across neighboring pages or disappear for a page and then come back even though nobody is editing anything and the sort order looks unchanged. It gets stranger when the viewer is not an all powerful admin and visibility is shaped by sharing rules, because the glitch seems to depend on what the user is allowed to see rather than what exists. Is the backend producing duplicates that get collapsed somewhere later, is pagination happening before any de duplication, or is the ordering quietly unstable when multiple rows tie on the primary sort key? I want to watch what the API actually returns across consecutive page requests, and line that up with what the UI thinks pagination means until the exact condition that destabilizes the list becomes clear. Temporary scripts may be used for observation, but the repository itself should remain unchanged and anything temporary should be cleaned up afterward.",retrieval_miss,3265c681-01e2-4dd6-ac46-f774a493bd47,"This note identifies the specific API endpoint and viewset (UnifiedSearchViewSet) handling the document list, which is essential for tracing the backend logic responsible for the pagination and filtering behavior described in the question."
20260906T141944.964671697Z-openclaw-sweatlasqa-pilot30-amem-repo-sglang,task-6905333b74f22949d97ba9e0,30,2,repo-scope,0,document list pagination haunting ordering duplicate,"I am trying to figure out why the documents list can feel haunted during normal browsing, where paging through the documents view with a couple of common filters enabled can make the same document show up twice across neighboring pages or disappear for a page and then come back even though nobody is editing anything and the sort order looks unchanged. It gets stranger when the viewer is not an all powerful admin and visibility is shaped by sharing rules, because the glitch seems to depend on what the user is allowed to see rather than what exists. Is the backend producing duplicates that get collapsed somewhere later, is pagination happening before any de duplication, or is the ordering quietly unstable when multiple rows tie on the primary sort key? I want to watch what the API actually returns across consecutive page requests, and line that up with what the UI thinks pagination means until the exact condition that destabilizes the list becomes clear. Temporary scripts may be used for observation, but the repository itself should remain unchanged and anything temporary should be cleaned up afterward.",retrieval_miss,9b58a63e-81e6-4652-9e45-b14f934b94cf,"This note explicitly identifies the root cause of the 'haunted' list behavior as the missing 'ordering' attribute in DocumentViewSet, which leads to unstable sort order and duplicate/disappearing documents during pagination."
20260906T141944.964671697Z-openclaw-sweatlasqa-pilot30-amem-repo-sglang,task-6905333b74f22949d97ba9e8,14,1,repo-scope,0,SimpleLogin authentication API session email forwarding,"I've been investigating SimpleLogin's authentication and noticed some behaviors I need to verify by actually observing the running system.

When I'm logged into the web interface and make API calls without an API key header, the requests seem to work. I need to confirm what HTTP status code actually comes back and what the response body structure looks like ,not what the code says should happen, but what actually happens when you try it.There's also something odd when trying to access privileged operations with just a browser session. The HTTP status code I get back isn't a standard authorization error, and the error message is unusual. What specific status code and exact error message text does the system actually return in this scenario?

For sessions, I want to understand what the stored session data actually looks like when you examine it directly in storage. Capture the raw bytes from the storage backend and show me what format they're in, what keys are present in the deserialized data for an authenticated session, and how the session key itself is structured.I'm also curious about session identifier behavior during authentication. If you capture the session ID from your cookie before login, then go through the login flow, does that identifier value stay the same or get replaced with a new one? I need to see the actual before and after values to know for sure.

On the email forwarding side, I want to know what happens to specific headers when a message passes through. If an incoming email has a custom X-header, a Received header, and a Reply-To header, which of those three actually make it through to the forwarded message and which get stripped? Send an actual test email and examine the result.

For the alias creation tokens, they clearly expire after some time window. I want to experimentally verify what that window is by testing whether a token works immediately, then waiting and testing if it still works, until you find the boundary where it stops working.

I also noticed that the API tracks usage statistics for API keys. When you make several API calls with the same key, what fields get updated in the database and what are the actual values you observe after making the calls?Finally, when a login attempt fails with wrong credentials, what specific log messages appear and what HTTP response details come back? I want to see the actual logged output and response, not just what the code says should happen.

Show me evidence from actually running the system rather than just reading the code. Don't modify any source files in the repository, but you can create test scripts to observe behavior - just clean them up afterward.",addition_gap,,"None of the existing notes contain the specific runtime behavioral data (actual HTTP status codes, exact error messages, raw session storage formats, or header filtering results) required to answer the user's empirical questions."
20260906T141944.964671697Z-openclaw-sweatlasqa-pilot30-amem-repo-sglang,task-6905333b74f22949d97baa1d,15,1,repo-scope,0,SimpleLogin session handling Redis deserialization,"I’m testing the SimpleLogin repository and trying to understand how server-side session handling behaves at runtime, especially when stored session data is turned back into Python objects. I want to see what normal sessions look like as users log in and out and then what actually happens if the session data in Redis is corrupted or malformed. Does the next request fail, silently reset the session, or surface an error, and what shows up in responses or logs when that happens? I’m trying to understand where the boundary lies between a harmless reset and a real deserialization risk, based on what you can observe while the system is running rather than theory alone. If an attacker could tamper with session bytes but not forge the signed session ID, does that meaningfully change the risk, and how does the runtime behavior support that conclusion? Temporary scripts may be used for observation, but the repository itself should remain unchanged, and anything temporary should be cleaned up afterward.",retrieval_miss,208cf5e4-de5c-4635-8393-b27175b1f09b,"Note 208cf5e4 explicitly states that session data is serialized via pickle.dumps, which directly addresses the user's concern about deserialization risks and how corrupted session bytes would be handled at runtime."
20260906T141944.964671697Z-openclaw-sweatlasqa-pilot30-amem-repo-sglang,task-6905333b74f22949d97baa1d,15,2,repo-scope,0,session corruption pickle deserialization behavior,"I’m testing the SimpleLogin repository and trying to understand how server-side session handling behaves at runtime, especially when stored session data is turned back into Python objects. I want to see what normal sessions look like as users log in and out and then what actually happens if the session data in Redis is corrupted or malformed. Does the next request fail, silently reset the session, or surface an error, and what shows up in responses or logs when that happens? I’m trying to understand where the boundary lies between a harmless reset and a real deserialization risk, based on what you can observe while the system is running rather than theory alone. If an attacker could tamper with session bytes but not forge the signed session ID, does that meaningfully change the risk, and how does the runtime behavior support that conclusion? Temporary scripts may be used for observation, but the repository itself should remain unchanged, and anything temporary should be cleaned up afterward.",retrieval_miss,208cf5e4-de5c-4635-8393-b27175b1f09b,"Note 208cf5e4 explicitly states that session data is serialized via pickle.dumps, which directly explains the deserialization mechanism and associated risks (such as arbitrary code execution or object reconstruction) that the user is investigating."
20260906T141944.965072498Z-openclaw-sweatlasqa-pilot30-amem-task-sglang,task-6905333b74f22949d97ba9a4,1,1,task-scope,0,SimpleLogin backend startup dev mode configuration,"I'm trying to understand what actually happens when SimpleLogin is started locally in development environment. I'm wondering how the backend starts up in dev mode, how configuration is loaded, which log messages indicate that it's ready to accept requests, and what ports or endpoints it exposes. 

I’m interested in how a single authenticated request is handled by the app, where the request first enters the application, how the user identity is determined at runtime, and how that authentication context is carried through request handling. The entry point and user identification flow are my main concerns here. I also want to know whether the app automatically starts any background jobs or schedulers, or if there’s anything going on besides handling incoming requests.

I'm not looking for what the code says should happen, I want to know what actually gets printed when you run it. Please don’t modify any repository source files while investigating. Temporary scripts are fine if needed, but leave the codebase unchanged and clean up anything you create when you’re done.",addition_gap,,no candidate notes existed in store at call time
20260906T141944.965072498Z-openclaw-sweatlasqa-pilot30-amem-task-sglang,task-6905333b74f22949d97ba9a5,2,1,task-scope,0,custom alias signed suffix validation API error codes,"I am debugging intermittent validation failures during custom alias creation that don't match the expected behavior, which seems related to how signed suffixes are verified. When attempting to create custom aliases with invalid or expired signed suffixes, what exact HTTP status codes and error messages appear in the API responses, and what corresponding validation log entries show up in the server console? Check whether any rate-limiting headers appear in the responses and what their actual values are. For successful alias creation attempts, what quota-related checks occur, what specific values get logged when the system verifies whether the user can create more aliases? Trace through the execution path to identify which component validates signed suffixes and enforces creation limits, and what conditions trigger rejection. Don't modify the repository code temporary test scripts or API calls are fine but keep the codebase unchanged.",addition_gap,,no candidate notes existed in store at call time
20260906T141944.965072498Z-openclaw-sweatlasqa-pilot30-amem-task-sglang,task-6905333b74f22949d97ba9a6,3,1,task-scope,0,email privacy system anonymous aliases,"I'm trying to get this email privacy system with anonymous aliases running for the first time and I want to understand how all the pieces fit together during initialization.

The system has a web server, an email handler, background jobs, and some cron tasks. I need to set everything up from scratch and see what actually happens when it starts.

Here's what I'm trying to figure out:

When I run the database migrations on an empty PostgreSQL database, how many tables get created in total? And what's the exact name of the last table that gets created based on the migration output order?

For the web server startup, what's the log message that tells me it's actually ready to accept connections? I'm also curious how many milliseconds pass between the first log entry and that ready message.

The email handler can take a custom port. If I start it with port 25025, does the startup log confirm it's listening on that port? What message shows up exactly?

I want to test the registration flow. If I create a user account with email ""[testuser@example.com](mailto:testuser@example.com)"" and password ""testpass123"", then immediately try to login before activating it, what's the exact JSON error message the API returns and what HTTP status code comes with it? I'd also like to see the full curl command output. And when I query the database directly for that user, what boolean values do the activated and notification columns actually show?

Also, there are different alias limits for different account types. I want to verify how the system handles this dynamically. First, create a fresh user and call /api/user_info to see what max_alias_free_plan value the API actually returns in the JSON response. Then, experiment with changing the configuration - try setting a different limit value like 10, restart the server, create a second new user, and call /api/user_info again for that user. What are the exact API responses before and after the change? Do both users reflect the new limit or only the one created after the change?

I'm trying to understand the actual runtime behavior here, not just what the code suggests should happen. Don't modify any of the source files, but feel free to create test config files or .env files to experiment with different settings.",addition_gap,,no candidate notes existed in store at call time
20260906T141944.965072498Z-openclaw-sweatlasqa-pilot30-amem-task-sglang,task-6905333b74f22949d97ba9a7,4,1,task-scope,0,SimpleLogin codebase workflow,"I want to understand how SimpleLogin processes multi step workflows at runtime.

In scenarios where a mailbox verification code is submitted incorrectly multiple times in succession, what observable state changes and enforcement mechanisms does the running system apply? Trace the actual runtime behavior to determine what limits exist, how failed attempts are tracked, and what ultimately prevents further submissions.

For background tasks that are scheduled and later picked up for execution, trace the complete lifecycle from initial creation through final completion. If a task encounters an error during execution, what recovery or retry behavior is applied, and what observable state reflects that failure?

During email forwarding through an alias, what exact format is used for the special address generated to handle delivery failures? If a failure notification arrives at this address, trace how the system identifies the original email, what state changes are recorded, and how the handling behavior differs depending on the direction of the original message.

Temporary inspection or debugging tools may be used to observe runtime behavior, but source files should not be modified and any temporary artifacts should be cleaned up afterward.",addition_gap,,no candidate notes existed in store at call time
20260906T141944.965072498Z-openclaw-sweatlasqa-pilot30-amem-task-sglang,task-6905333b74f22949d97ba9a8,5,1,task-scope,0,SimpleLogin codebase Flask port startup,"I'm onboarding into the SimpleLogin codebase and need to understand how it actually behaves when running. I want to know what port the Flask app binds to and what the startup logs look like when it initializes. For the health check, what response body and status code does it return? When a user creates an alias through the API, what does the actual JSON response look like, and what ends up in the database, which table, and what values? I'm also curious about failure behavior. If PostgreSQL isn't available when the app starts, what error appears, and where does it break? I need to see actual runtime output, not just what the code says should happen. You can create temporary test scripts, but don't modify the repository and clean up afterward.",addition_gap,,no candidate notes existed in store at call time
20260906T141944.965072498Z-openclaw-sweatlasqa-pilot30-amem-task-sglang,task-6905333b74f22949d97ba9a9,6,1,task-scope,0,SimpleLogin alias reply handling routing,"I'm running into unexpected behavior in the alias reply-handling flow of SimpleLogin and I want to determine whether it's a real issue or just a misunderstanding of how the pipeline works. When a user replies to an email that was forwarded through an alias, the backend is supposed to receive the inbound message, identify which alias it belongs to, and relay it back to the correct recipient, but in my local tests some replies appear to be routed to the wrong user even though the logs show the alias being recognized. Using the development environment, simulate an inbound email reply and trace the runtime flow end-to-end: observe which part of the system handles the incoming message, how the alias is resolved to a user, and what user ID the system ultimately decides to forward the reply to. Based on this live execution trace, explain the actual data flow and identify the most likely point in the pipeline where an incorrect routing decision could originate. You can create temporary scripts or logs that's fine but clean them up and leave the codebase as you found it.",addition_gap,,no candidate notes existed in store at call time
20260906T141944.965072498Z-openclaw-sweatlasqa-pilot30-amem-task-sglang,task-6905333b74f22949d97ba9a9,6,2,task-scope,0,SimpleLogin codebase structure,"I'm running into unexpected behavior in the alias reply-handling flow of SimpleLogin and I want to determine whether it's a real issue or just a misunderstanding of how the pipeline works. When a user replies to an email that was forwarded through an alias, the backend is supposed to receive the inbound message, identify which alias it belongs to, and relay it back to the correct recipient, but in my local tests some replies appear to be routed to the wrong user even though the logs show the alias being recognized. Using the development environment, simulate an inbound email reply and trace the runtime flow end-to-end: observe which part of the system handles the incoming message, how the alias is resolved to a user, and what user ID the system ultimately decides to forward the reply to. Based on this live execution trace, explain the actual data flow and identify the most likely point in the pipeline where an incorrect routing decision could originate. You can create temporary scripts or logs that's fine but clean them up and leave the codebase as you found it.",addition_gap,,no candidate notes existed in store at call time
20260906T141944.965072498Z-openclaw-sweatlasqa-pilot30-amem-task-sglang,task-6905333b74f22949d97ba9aa,7,1,task-scope,0,SimpleLogin codebase repository structure,"I'm new to SimpleLogin and trying to get everything running locally. Once the application starts, how can I tell that the web server, email handler, and job runner are actually up and responding? What should I see in the logs or dashboard UI that confirms users can sign in and manage their aliases?

After it's running, try performing some basic user actions like creating a new account, creating an alias, and having that alias receive an email. What happens when a new account interacts with aliases or tries to receive mail, and how does the system show that these actions were handled correctly? What should I see at runtime that confirms the behavior you would expect?

While the application is active, do the email handler and job runner automatically come online in the background to support email activity or data handling? What behavior suggests that these internal components are functioning as intended across different situations?

Do not modify the source code. You can create temporary testing data such as accounts or aliases but clean them up when you are done.",addition_gap,,no candidate notes existed in store at call time
20260906T141944.965072498Z-openclaw-sweatlasqa-pilot30-amem-task-sglang,task-6905333b74f22949d97ba9ab,8,1,task-scope,0,SimpleLogin alias creation,"I want to understand how SimpleLogin behaves during a normal alias-creation flow. To do that, run the full application locally using the standard development setup, login with any test user, and create a new alias while observing the system in real time.

As you go through this flow, watch the frontend and note exactly what request it sends to the backend when an alias is created. Then observe what the backend returns, including any status codes, payloads, or metadata that appear in the response. While the request is being processed, check what changes occur in the database. Identify which records are inserted or updated, how many tables are touched, and whether any related entities are created as part of the same operation.

Pay close attention to the logs to see whether the system triggers any background tasks, emits follow-up events, or performs additional work beyond the initial write. If anything fails, such as validation problems, DB errors, or network issues. Note how the error surfaces in the API response, logs, and resulting database state. Don't modify any of the repository source files while investigating. Feel free to create temporary scripts that's fine, but leave the actual codebase as you found it and ensure to clean up any temporary files or scripts you create when you're done.",addition_gap,,no candidate notes existed in store at call time
20260906T141944.965072498Z-openclaw-sweatlasqa-pilot30-amem-task-sglang,task-6905333b74f22949d97ba9ac,9,1,task-scope,0,SimpleLogin email forwarding alias,"I'm investigating a production issue where users report inconsistent behavior when emails are forwarded through SimpleLogin aliases. I need to trace the actual email processing flow to understand what's happening. When the email handler processes an incoming email to an alias, I want to observe, what is the exact log message text that appears when an email is successfully forwarded versus when it fails due to a non-existent alias, what specific SL Message-ID gets generated during forwarding and how does it differ from the original Message-ID, what is the exact From header value in the forwarded email after transformation including the reply-email address format, and what database records are created during a single forward operation show me the actual record IDs and timestamps. Trace through an actual email forward operation and capture these specific runtime values. I need to see actual generated values, not what the code logic suggests should happen. Just don't modify any source files while investigating, and clean up any test containers or DB instances you spin up.",addition_gap,,no candidate notes existed in store at call time
20260906T141944.965072498Z-openclaw-sweatlasqa-pilot30-amem-task-sglang,task-6905333b74f22949d97ba9ad,10,1,task-scope,0,SimpleLogin codebase structure,"I am setting up SimpleLogin for the first time and I want to confirm that the platform is actually working the way it should when everything is running locally. After starting the system what should I notice in the logs or UI that shows the app is ready to handle user authentication and alias based email activity?

Once it is running can you try walking through the typical product experience as if you were a new user signing up for the first time. What happens when a user registers verifies their address and tries to log in. What visible behavior confirms that the system is handling every step correctly and forwarding the user into the dashboard as expected?

I am also curious about what the application does behind the scenes during that flow. Are there any indicators that background jobs or internal services are doing their part to support email forwarding or identity verification. What should I expect to observe at runtime that tells me these moving pieces are active and talking to each other properly?

You can create anything temporary that you need for testing like new users or aliases but remove them when you are done and please do not make any changes to the source code.",addition_gap,,no candidate notes existed in store at call time
20260906T141944.965072498Z-openclaw-sweatlasqa-pilot30-amem-task-sglang,task-6905333b74f22949d97ba9ae,11,1,task-scope,0,SimpleLogin inbound email reply contact resolution alias,"I’d like to understand how SimpleLogin resolves inbound email replies to a contact and forwarding destination during normal alias usage, specifically in cases where a reply ends up being delivered to a different user than the alias owner. As inbound reply messages are processed, focus on how the system derives the reply email address and uses it to identify the associated contact. Observe the actual runtime values involved in this resolution, the extracted reply email, the contact (if any) that it resolves to, and the user or alias ultimately selected as the forwarding destination. Track how these values behave across multiple reply events. Note whether the same reply email ever resolves to different contacts over time, fails to resolve temporarily, or resolves correctly but later results in forwarding to a different user than expected. Use these observations to determine whether the reply-handling logic specifically the lookup of contacts by reply email exhibits any race conditions, uniqueness assumptions, or timing-related inconsistencies that could explain why a reply is routed to the wrong user. Describe the runtime values you observed during reply resolution and explain how those values lead to the observed behavior. Don’t modify any repository source files. If temporary scripts or tooling are needed to observe behavior, that’s fine, but clean them up afterward and leave the repository unchanged.",addition_gap,,no candidate notes existed in store at call time
20260906T141944.965072498Z-openclaw-sweatlasqa-pilot30-amem-task-sglang,task-6905333b74f22949d97ba9af,12,1,task-scope,0,repository codebase structure development environment,"I'm trying to get the development environment running locally for the first time, and the documentation isn't very clear about the startup order or what breaks if certain setup steps are skipped. I want to bring the whole stack up from scratch and note what actually happens along the way.

To start with, I want to see what happens if the database isn't fully set up yet. With PostgreSQL running and an empty database created (no tables, migrations not run), what error do I actually hit when I start the server with python [server.py](http://server.py) and then try to open the login page in the browser? I'm looking for the full Python exception that gets raised.

Once the database migrations and the initialization script (init\_[app.py](http://app.py)) have been run and everything is set up correctly, I need to understand which Python services must be running for the system to work. Start each required service and show me the exact log output that confirms it's running and ready to accept connections. I want to see the actual startup messages from stdout/stderr, not just what the code says I need to verify the services are actually binding to their ports and working.

I'm also curious about what happens if the initialization step is skipped. If I run the migrations but don't run init\_[app.py](http://app.py), the SLDomain table should be empty (no email domains configured). If I then start the email handler and simulate an incoming email addressed to any @sl.local address, what happens? What SMTP status code does the email handler return to the sender, and what does it log to explain the rejection?

I'm not changing or deleting any source files here I just want to observe the system's behavior. Temporary config files or small test scripts are fine if needed.",addition_gap,,no candidate notes existed in store at call time
20260906T141944.965072498Z-openclaw-sweatlasqa-pilot30-amem-task-sglang,task-6905333b74f22949d97ba9b2,13,1,task-scope,0,bounce email SimpleLogin address format routing security,"I'm investigating a potential information leakage issue in SimpleLogin's bounce email handling system. I've noticed that the codebase appears to support two different address formats for processing email bounces, what looks like an older format with the email log ID visible in plain text and a newer format that seems to use some kind of signature verification.

I wonder how bounces are routed, I'm seeing that emails sent to addresses like bounce+12345+@domain seem to be processed differently than those using the newer signed format. What concerns me is whether an external attacker could craft bounce emails to these older-style addresses and learn something by observing the SMTP responses.

I'm curious what's actually happening under the hood here, where the security boundaries really are, and what slips through without cryptographic validation. I wonder what exact SMTP responses come back when probing different scenarios, such as hitting a valid ID versus an invalid one, and what happens when something doesn't quite meet the bounce validation requirements. I don't want theoretical explanations of what the code should do, I want to see actual evidence of how the system behaves in practice.

What also puzzles me is the bounce detection itself. What makes the system accept something as a bounce in the first place? What criteria does it check? Could an attacker who controls the SMTP envelope and headers spoof those criteria? I'm curious what happens when those checks pass versus when they don't. And beyond just valid versus invalid, I wonder if the response codes reveal more than just whether an ID exists.

Don't modify any source files in the repository. You can create test scripts to observe the actual behavior, but clean them up when finished.",addition_gap,,no candidate notes existed in store at call time
20260906T141944.965072498Z-openclaw-sweatlasqa-pilot30-amem-task-sglang,task-6905333b74f22949d97ba9d0,16,1,task-scope,0,paperless-ngx architecture background tasks scheduled periodic celery,"I'm evaluating paperless-ngx architecture and need to understand what background maintenance happens automatically. Set up the development environment, what periodic tasks are registered with the task scheduler, and where is the schedule configuration defined? Find the sanity checker; what does it validate, what log output does it produce, and how often does it run? Is there automatic index optimization or database cleanup? Check if there's a task that handles failed document retries or stuck processing jobs. Look at the Celery beat schedule configuration and list all recurring tasks with their intervals. Trace through the code to find where periodic tasks are defined and registered. What happens if a scheduled task fails; is there retry logic or alerting? Are there any tasks that run on startup versus strictly on schedule? Query the database to see if there's a table tracking task execution history or scheduled job state. What controls whether these maintenance features are enabled or disabled? Don't modify source code; observing system behavior is fine, clean up any test artifacts when done.",addition_gap,,no candidate notes existed in store at call time
20260906T141944.965072498Z-openclaw-sweatlasqa-pilot30-amem-task-sglang,task-6905333b74f22949d97ba9d0,16,2,task-scope,0,paperless-ngx periodic scheduled maintenance background tasks,"I'm evaluating paperless-ngx architecture and need to understand what background maintenance happens automatically. Set up the development environment, what periodic tasks are registered with the task scheduler, and where is the schedule configuration defined? Find the sanity checker; what does it validate, what log output does it produce, and how often does it run? Is there automatic index optimization or database cleanup? Check if there's a task that handles failed document retries or stuck processing jobs. Look at the Celery beat schedule configuration and list all recurring tasks with their intervals. Trace through the code to find where periodic tasks are defined and registered. What happens if a scheduled task fails; is there retry logic or alerting? Are there any tasks that run on startup versus strictly on schedule? Query the database to see if there's a table tracking task execution history or scheduled job state. What controls whether these maintenance features are enabled or disabled? Don't modify source code; observing system behavior is fine, clean up any test artifacts when done.",retrieval_miss,d1a11cc3-11d0-4c97-9f2f-35257871c011,"This note directly answers the core question about which periodic tasks are registered and their intervals, correcting the user's false premise about Celery and identifying the specific sanity check task."
20260906T141944.965072498Z-openclaw-sweatlasqa-pilot30-amem-task-sglang,task-6905333b74f22949d97ba9d1,17,1,task-scope,0,Paperless-NGX search index synchronization,"I want to understand how Paperless-NGX keeps its search index synchronized with document changes before I start working with this codebase. With the full environment running, I'm curious what actually happens at runtime when a document gets modified after it's already been ingested. If I change an existing document's title through the API to something unique and then search for that exact new title within a few seconds, does the document appear in results immediately, or do I need to wait for background processing to complete? While making this change, I want to watch what happens in the background task worker process specifically to see whether any job gets picked up in response to the edit, or whether the update completes entirely within the API request before returning. Something I particularly want to explore is what happens if a document's title gets updates directly in the database using a raw SQL statement rather than through the API. After making that direct change and searching for the new title, does the document appear in search results, or does the index remain stale? If it stays stale, I want to know whether there is a way to force the system to reconcile the index with the current database state, and what observable effect that reconciliation process has on the worker logs and task queue. I'm also wondering how the system would behave if the search index became corrupted or deleted entirely while documents still exist in the database. After removing the index files and triggering whatever recovery mechanism exists, how long does reconstruction take for a small set of documents, and what processing activity is visible during that rebuild? The goal is to understand whether the system can self-heal from index inconsistencies or whether manual intervention is always required. You may create temporary test documents for observation, but don't modify any source files and clean up test artifacts when finished.",addition_gap,,no candidate notes existed in store at call time
20260906T141944.965072498Z-openclaw-sweatlasqa-pilot30-amem-task-sglang,task-6905333b74f22949d97ba9d2,18,1,task-scope,0,paperless-ngx document processing pipeline,"I’m trying to get a big-picture understanding of how documents flow through the system. How does a new document usually enter paperless-ngx. Once a document is received, what are the main stages it goes through before it’s fully processed and available, are there any background jobs and what is used for background execution.

I’m also curious about the kind of information paperless stores for each document. What metadata fields are saved, and which ones are absolutely required versus optional or derived later during runtime-processing. Can you show with a runtime example?

Also I wonder how things like tags, correspondents, and document types are used together to organize documents in a practical way.

Please don’t make any changes to the repository itself. You can create temporary scripts for testing if needed but do clean them up once you're done.",addition_gap,,no candidate notes existed in store at call time
20260906T141944.965072498Z-openclaw-sweatlasqa-pilot30-amem-task-sglang,task-6905333b74f22949d97ba9d3,19,1,task-scope,0,paperless-ngx document ingestion pipeline processing,"I am trying to understand how paperless-ngx processes documents at runtime before making any changes. Once the application is up and all of its services are running, I want to submit a test PDF and observe how the ingestion pipeline actually behaves. As the document moves through the system, which services are involved, and what sequence of events shows up in the logs? I also want to upload a few more documents and watch how the system reacts after each one. Does the machine learning classifier retrain automatically on every upload, or only under certain conditions, and what log messages make it clear when training is happening versus when the classifier stays idle? After a document finishes processing, I want to see where it ends up on disk, what directory structure and filename pattern paperless-ngx uses by default, and which database tables receive new rows as part of ingestion. You should not modify or edit any existing files in the repository, but you can create temporary scripts or test documents if they help with the investigation, as long as everything you create is cleaned up when you are done.",addition_gap,,no candidate notes existed in store at call time
20260906T141944.965072498Z-openclaw-sweatlasqa-pilot30-amem-task-sglang,task-6905333b74f22949d97ba9d4,20,1,task-scope,0,Paperless-NGX background processes tasks runtime,"I want to understand how Paperless-NGX behaves at runtime once the system is up and idle, before I start making changes to the codebase. Get Paperless-NGX running at the specified commit. Once it's idle and stable, what background processes or tasks continue executing automatically? What are the actual log entries that appear periodically showing the system is healthy and ready? I need the specific log messages, their frequency, and what they indicate. 
Also, if you briefly interrupt and restart part of the system, what specific log messages confirm everything has reconnected and is operational again? What components or processes keep running continuously to maintain Paperless-NGX in a ready state, even when no documents are being processed? You may use temporary helper commands or inspection tools if needed, but don’t modify any source files and clean up any temporary artifacts when you’re done.",addition_gap,,no candidate notes existed in store at call time
20260906T141944.965072498Z-openclaw-sweatlasqa-pilot30-amem-task-sglang,task-6905333b74f22949d97ba9d5,21,1,task-scope,0,Paperless-NGX document ingestion processing pipeline,"I’m trying to understand how data moves through Paperless-NGX during normal document ingestion so I can get oriented before working on the codebase. When Paperless-NGX is running from this repository at the specified commit and a new document appears in the system, what observable runtime behavior shows how the document is detected and handed off for processing? What log messages, task names, or state changes indicate the transition from initial detection into parsing, classification, and indexing, and how does the system reflect progress or completion of each stage while the document is being processed? After processing finishes, what observable evidence shows where the document’s data ends up and how its final state is recorded? Based on what you can directly observe at runtime, how does Paperless-NGX track whether a document has already been processed or needs further work, and what behavior or logs indicate how the system avoids duplicate processing? Keep the explanation grounded in runtime observations rather than assumptions from reading the code alone. You may use temporary test files if helpful, but don’t modify any source files and clean up any temporary artifacts when you’re done.",addition_gap,,no candidate notes existed in store at call time
20260906T141944.965072498Z-openclaw-sweatlasqa-pilot30-amem-task-sglang,task-6905333b74f22949d97ba9d6,22,1,task-scope,0,paperless-ngx OCR processing document pipeline,"I’m trying to get a practical understanding of how OCR behaves in paperless-ngx at runtime, especially in cases where it’s hard to tell what the system is actually doing. When I upload an image that has no embedded text, how can I see that OCR has started, and what does the document’s processing state look like while it’s running? I want to watch how background workers behave during this phase and understand what signals really indicate active OCR work. If I upload a similar image that already contains text, does the system skip OCR entirely, or does it still touch the OCR pipeline in some way, and how can I tell the difference after processing finishes? I also want to compare the final API responses for both cases to understand which fields show OCR-generated text versus existing text. Finally, when OCR produces weak or incomplete results, what actually happens to the document’s final state? Does it still count as fully processed, and how is that reflected in the saved metadata? Temporary scripts may be used for observation, but the repository itself should remain unchanged, and anything temporary should be cleaned up afterward.",addition_gap,,no candidate notes existed in store at call time
20260906T141944.965072498Z-openclaw-sweatlasqa-pilot30-amem-task-sglang,task-6905333b74f22949d97ba9d6,22,2,task-scope,1,OCR pdf has text skip force redo mode sidecar ocrmypdf progress callback,"I’m trying to get a practical understanding of how OCR behaves in paperless-ngx at runtime, especially in cases where it’s hard to tell what the system is actually doing. When I upload an image that has no embedded text, how can I see that OCR has started, and what does the document’s processing state look like while it’s running? I want to watch how background workers behave during this phase and understand what signals really indicate active OCR work. If I upload a similar image that already contains text, does the system skip OCR entirely, or does it still touch the OCR pipeline in some way, and how can I tell the difference after processing finishes? I also want to compare the final API responses for both cases to understand which fields show OCR-generated text versus existing text. Finally, when OCR produces weak or incomplete results, what actually happens to the document’s final state? Does it still count as fully processed, and how is that reflected in the saved metadata? Temporary scripts may be used for observation, but the repository itself should remain unchanged, and anything temporary should be cleaned up afterward.",addition_gap,,no candidate notes existed in store at call time
20260906T141944.965072498Z-openclaw-sweatlasqa-pilot30-amem-task-sglang,task-6905333b74f22949d97ba9d7,23,1,task-scope,0,paperless API authentication token,"I'm planning to integrate some external tools with the paperless API and need to understand how authentication works first. Get paperless running locally, create a test user, and generate an API token for them. Make an authenticated request to list documents. What's the exact HTTP header name and format paperless expects for the token, and what's the complete endpoint path? What does the JSON response look like, specifically what are the top level fields, and is pagination involved or does it dump everything at once? Try that same request without auth and tell me what status code and error message you get. Then trace through the Django code to find which authentication class handles token authentication and what model stores the tokens. Don't modify the codebase, creating test users, tokens, and any temporary files you need is fine, but leave the source code untouched and clean up any additional files or changes when you're done.",addition_gap,,no candidate notes existed in store at call time
20260906T141944.965072498Z-openclaw-sweatlasqa-pilot30-amem-task-sglang,task-6905333b74f22949d97ba9d8,24,1,task-scope,0,document classification machine learning pipeline test OCR,"I am debugging non-deterministic failures in the document classification tests and want to understand how the machine learning pipeline behaves during test execution when training and OCR. I want to observe whether the classifier reuses an existing model or retrains during the same test run, and how that affects later tests. When a test exercises automatic correspondent matching, how many training documents are created, when does training occur relative to those inserts, and what confidence threshold is used to accept or reject predictions? I also want to see how edge cases are handled, such as when a document has no extractable text, including which OCR subprocess is invoked and what mime type is assigned to the output. Finally, when barcode splitting is involved, how many document records are created from a single input, which barcode values trigger a split, and where in the code that decision is made, especially if this changes the effective training data during the test run. Please do not modify the source code; you may create temporary helpers while investigating, but clean up anything temporary before finishing.",addition_gap,,no candidate notes existed in store at call time
20260906T141944.965072498Z-openclaw-sweatlasqa-pilot30-amem-task-sglang,task-6905333b74f22949d97ba9d9,25,1,task-scope,0,paperless-ngx background processing queue async document ingestion,"I'm trying to understand how paperless-ngx actually handles background processing when it ingests documents. I want to see what happens at runtime, not just read the config files.

Can you help me make sense of how async work behaves in a live setup? I’m interested in what services are involved behind the scenes, how background jobs appear once they are created, and how the system tells the difference between work that is waiting and work that is actively being processed. I also want to understand where the task state ends up being stored and how you can tell, after the fact, what happened to a given job.

From the code perspective, I want to connect that runtime behavior back to its origin. Where are these background jobs actually triggered, and what part of the code is responsible for sending them into the queue? Don’t modify any repository source files. If you need to create temporary scripts or artifacts to observe behavior, that’s fine, but clean them up afterward and leave the codebase unchanged.",addition_gap,,no candidate notes existed in store at call time
20260906T141944.965072498Z-openclaw-sweatlasqa-pilot30-amem-task-sglang,task-6905333b74f22949d97ba9db,26,1,task-scope,0,Paperless-NGX repository codebase structure,"I'm onboarding into the Paperless-NGX repository and I'm curious about the hidden choreography that happens when the system is actually running. When a document's tags change and the filename format includes tags in the directory structure, files apparently relocate themselves. I wonder what log messages actually appear during that dance, and what the before and after paths look like in practice. There's supposedly a rollback safety net if something goes wrong during a file move, but I can't tell from reading the code whether it truly recovers or just promises to, what actually happens to files when a move fails partway through? Beyond file handling, there are other runtime mysteries I want to explore. The classifier's behavior puzzles me, sometimes training finishes instantly, other times it takes much longer. I want to trigger both scenarios and see the actual log messages that explain why training was skipped versus why it proceeded with full retraining, including whatever hash or checksum the system uses to detect changes. Duplicate detection feels like magic, two files that look completely different can still be rejected as duplicates, and I want to see the actual checksums being compared at that moment of judgment. The sanity checker intrigues me as well, what does its output actually look like when an archive is healthy versus when something has gone wrong, and can I see the specific hash values it compares when it discovers a mismatch? I also wonder about ghost files, whether orphaned files really linger in the media folder and what the system actually reports when it finds them. I need to see real runtime evidence for all of this; actual paths, actual checksums, actual log messages. Temporary scripts may be used for observation, but the repository itself should remain unchanged and anything temporary cleaned up afterward.",addition_gap,,no candidate notes existed in store at call time
20260906T141944.965072498Z-openclaw-sweatlasqa-pilot30-amem-task-sglang,task-6905333b74f22949d97ba9dc,27,1,task-scope,0,paperless-ngx repository OCR PDF processing,"I'm getting inconsistent OCR results when testing paperless-ngx locally with multi-page PDFs and need to understand the processing behavior better. Get the development environment running normally (create admin user if needed during setup), then upload a multi-page PDF through the standard interface that requires OCR processing. What HTTP response status and message do you receive immediately after upload submission? As processing happens, what key log patterns appear that show the document moving through different stages, including the OCRmyPDF invocation parameters? After processing finishes, what do the generated archive PDF and thumbnail filenames look like in the media storage area? Check the document record in the database - what fields are actually stored (not filesystem-only metadata) and what values appear for the processed document? No file modifications or permanent changes allowed, clean up any test files completely when done.",addition_gap,,no candidate notes existed in store at call time
20260906T141944.965072498Z-openclaw-sweatlasqa-pilot30-amem-task-sglang,task-6905333b74f22949d97ba9dd,28,1,task-scope,0,Paperless-NGX codebase document processing ingestion,"I need to understand how Paperless-NGX processes a document from ingestion through indexing before I start working with the codebase. Set up the full environment and get all services running normally. Drop a small test file into the consumption directory and follow what happens. What log messages appear when the system first detects the file, what ingestion task gets triggered, and what additional tasks show up as the document moves through parsing, classification, and indexing? While the task is queued, check what the message broker is storing. What payload format or data structure represents the queued task? After processing completes, query the database to see where the document record is stored, which fields capture the parsed metadata, and where the system keeps a record of task execution or processing history.
Then trace the high-level codepath behind this workflow based on the behavior you observe. Starting from the part of the system that detects the new file, follow the chain of components involved in creating and submitting the ingestion task. Which part of the application is responsible for creating that task object, and what queuing framework does Paperless-NGX rely on to dispatch it? You may use temporary helper scripts or test files if needed, but don’t modify the actual source code, and clean up any temporary artifacts when you’re done.",addition_gap,,no candidate notes existed in store at call time
20260906T141944.965072498Z-openclaw-sweatlasqa-pilot30-amem-task-sglang,task-6905333b74f22949d97ba9de,29,1,task-scope,0,Paperless memory usage metadata document processing,"I'm investigating a strange memory usage pattern in the Paperless document processing system. When the system imports documents, it sometimes consumes far more memory than expected for the metadata handling, but this doesn't happen consistently and seems to vary based on the document source or processing stage.

What I'm seeing is that memory usage spikes significantly during document import operations, particularly when metadata is being processed, but the spike seems disproportionate to the actual document size. The odd part is that this memory doesn't always get released back to the system in a timely manner, even after processing is complete. This seems unusual because these are mostly text documents with relatively small metadata - we're not dealing with massive image processing here.

Can you figure out what's causing these memory spikes? I'm curious whether there's something in the metadata handling that's creating unnecessary copies or holding references longer than needed, or if there's caching behavior that's accumulating data unexpectedly. What's different between the cases where memory spikes and cases where it doesn't? How does the behavior change with different document types or batch sizes?

I need to see actual runtime memory measurements during processing, understand which components or methods are responsible for holding onto memory, and get evidence showing whether this is normal Python garbage collection behavior or something problematic. Show me what patterns you can find and where the memory is actually going.

Don't modify any repository source files. You can create temporary test scripts or helper tools to reproduce and analyze the behavior, but clean them up and leave the codebase unchanged when done.",addition_gap,,no candidate notes existed in store at call time
20260906T141944.965072498Z-openclaw-sweatlasqa-pilot30-amem-task-sglang,task-6905333b74f22949d97ba9e0,30,1,task-scope,0,documents list pagination duplicates haunting,"I am trying to figure out why the documents list can feel haunted during normal browsing, where paging through the documents view with a couple of common filters enabled can make the same document show up twice across neighboring pages or disappear for a page and then come back even though nobody is editing anything and the sort order looks unchanged. It gets stranger when the viewer is not an all powerful admin and visibility is shaped by sharing rules, because the glitch seems to depend on what the user is allowed to see rather than what exists. Is the backend producing duplicates that get collapsed somewhere later, is pagination happening before any de duplication, or is the ordering quietly unstable when multiple rows tie on the primary sort key? I want to watch what the API actually returns across consecutive page requests, and line that up with what the UI thinks pagination means until the exact condition that destabilizes the list becomes clear. Temporary scripts may be used for observation, but the repository itself should remain unchanged and anything temporary should be cleaned up afterward.",addition_gap,,no candidate notes existed in store at call time
20260906T141944.965072498Z-openclaw-sweatlasqa-pilot30-amem-task-sglang,task-6905333b74f22949d97ba9e8,14,1,task-scope,0,SimpleLogin authentication API session email forwarding,"I've been investigating SimpleLogin's authentication and noticed some behaviors I need to verify by actually observing the running system.

When I'm logged into the web interface and make API calls without an API key header, the requests seem to work. I need to confirm what HTTP status code actually comes back and what the response body structure looks like ,not what the code says should happen, but what actually happens when you try it.There's also something odd when trying to access privileged operations with just a browser session. The HTTP status code I get back isn't a standard authorization error, and the error message is unusual. What specific status code and exact error message text does the system actually return in this scenario?

For sessions, I want to understand what the stored session data actually looks like when you examine it directly in storage. Capture the raw bytes from the storage backend and show me what format they're in, what keys are present in the deserialized data for an authenticated session, and how the session key itself is structured.I'm also curious about session identifier behavior during authentication. If you capture the session ID from your cookie before login, then go through the login flow, does that identifier value stay the same or get replaced with a new one? I need to see the actual before and after values to know for sure.

On the email forwarding side, I want to know what happens to specific headers when a message passes through. If an incoming email has a custom X-header, a Received header, and a Reply-To header, which of those three actually make it through to the forwarded message and which get stripped? Send an actual test email and examine the result.

For the alias creation tokens, they clearly expire after some time window. I want to experimentally verify what that window is by testing whether a token works immediately, then waiting and testing if it still works, until you find the boundary where it stops working.

I also noticed that the API tracks usage statistics for API keys. When you make several API calls with the same key, what fields get updated in the database and what are the actual values you observe after making the calls?Finally, when a login attempt fails with wrong credentials, what specific log messages appear and what HTTP response details come back? I want to see the actual logged output and response, not just what the code says should happen.

Show me evidence from actually running the system rather than just reading the code. Don't modify any source files in the repository, but you can create test scripts to observe behavior - just clean them up afterward.",addition_gap,,no candidate notes existed in store at call time
20260906T141944.965072498Z-openclaw-sweatlasqa-pilot30-amem-task-sglang,task-6905333b74f22949d97ba9e8,14,2,task-scope,0,SimpleLogin API authentication session email headers token expiration,"I've been investigating SimpleLogin's authentication and noticed some behaviors I need to verify by actually observing the running system.

When I'm logged into the web interface and make API calls without an API key header, the requests seem to work. I need to confirm what HTTP status code actually comes back and what the response body structure looks like ,not what the code says should happen, but what actually happens when you try it.There's also something odd when trying to access privileged operations with just a browser session. The HTTP status code I get back isn't a standard authorization error, and the error message is unusual. What specific status code and exact error message text does the system actually return in this scenario?

For sessions, I want to understand what the stored session data actually looks like when you examine it directly in storage. Capture the raw bytes from the storage backend and show me what format they're in, what keys are present in the deserialized data for an authenticated session, and how the session key itself is structured.I'm also curious about session identifier behavior during authentication. If you capture the session ID from your cookie before login, then go through the login flow, does that identifier value stay the same or get replaced with a new one? I need to see the actual before and after values to know for sure.

On the email forwarding side, I want to know what happens to specific headers when a message passes through. If an incoming email has a custom X-header, a Received header, and a Reply-To header, which of those three actually make it through to the forwarded message and which get stripped? Send an actual test email and examine the result.

For the alias creation tokens, they clearly expire after some time window. I want to experimentally verify what that window is by testing whether a token works immediately, then waiting and testing if it still works, until you find the boundary where it stops working.

I also noticed that the API tracks usage statistics for API keys. When you make several API calls with the same key, what fields get updated in the database and what are the actual values you observe after making the calls?Finally, when a login attempt fails with wrong credentials, what specific log messages appear and what HTTP response details come back? I want to see the actual logged output and response, not just what the code says should happen.

Show me evidence from actually running the system rather than just reading the code. Don't modify any source files in the repository, but you can create test scripts to observe behavior - just clean them up afterward.",retrieval_miss,id=9186a1d1-d601-46be-9de6-222c85adaecb,"This note directly answers the user's specific question about the format, keys, and structure of stored session data, which was one of the core requirements of the query."
20260906T141944.965072498Z-openclaw-sweatlasqa-pilot30-amem-task-sglang,task-6905333b74f22949d97baa1d,15,1,task-scope,0,SimpleLogin session handling Redis deserialization,"I’m testing the SimpleLogin repository and trying to understand how server-side session handling behaves at runtime, especially when stored session data is turned back into Python objects. I want to see what normal sessions look like as users log in and out and then what actually happens if the session data in Redis is corrupted or malformed. Does the next request fail, silently reset the session, or surface an error, and what shows up in responses or logs when that happens? I’m trying to understand where the boundary lies between a harmless reset and a real deserialization risk, based on what you can observe while the system is running rather than theory alone. If an attacker could tamper with session bytes but not forge the signed session ID, does that meaningfully change the risk, and how does the runtime behavior support that conclusion? Temporary scripts may be used for observation, but the repository itself should remain unchanged, and anything temporary should be cleaned up afterward.",addition_gap,,no candidate notes existed in store at call time
20260907T013422.077067776Z-openclaw-sweatlasqa-pilot30-shuffle1-amem-repo-sglang,task-6905333b74f22949d97ba9a4,12,1,repo-scope,0,SimpleLogin backend startup development configuration,"I'm trying to understand what actually happens when SimpleLogin is started locally in development environment. I'm wondering how the backend starts up in dev mode, how configuration is loaded, which log messages indicate that it's ready to accept requests, and what ports or endpoints it exposes. 

I’m interested in how a single authenticated request is handled by the app, where the request first enters the application, how the user identity is determined at runtime, and how that authentication context is carried through request handling. The entry point and user identification flow are my main concerns here. I also want to know whether the app automatically starts any background jobs or schedulers, or if there’s anything going on besides handling incoming requests.

I'm not looking for what the code says should happen, I want to know what actually gets printed when you run it. Please don’t modify any repository source files while investigating. Temporary scripts are fine if needed, but leave the codebase unchanged and clean up anything you create when you’re done.",retrieval_miss,630403ed-6974-480e-bd13-901620d80158,"This note explicitly confirms the runtime port (7777) and startup behavior via actual testing, directly addressing the user's request for what actually happens and gets printed when running the app locally."
20260907T013422.077067776Z-openclaw-sweatlasqa-pilot30-shuffle1-amem-repo-sglang,task-6905333b74f22949d97ba9a5,6,1,repo-scope,0,custom alias signed suffix validation rate limit,"I am debugging intermittent validation failures during custom alias creation that don't match the expected behavior, which seems related to how signed suffixes are verified. When attempting to create custom aliases with invalid or expired signed suffixes, what exact HTTP status codes and error messages appear in the API responses, and what corresponding validation log entries show up in the server console? Check whether any rate-limiting headers appear in the responses and what their actual values are. For successful alias creation attempts, what quota-related checks occur, what specific values get logged when the system verifies whether the user can create more aliases? Trace through the execution path to identify which component validates signed suffixes and enforces creation limits, and what conditions trigger rejection. Don't modify the repository code temporary test scripts or API calls are fine but keep the codebase unchanged.",addition_gap,,"None of the provided notes contain information regarding custom alias creation, signed suffix validation, API error responses, or quota enforcement logic."
20260907T013422.077067776Z-openclaw-sweatlasqa-pilot30-shuffle1-amem-repo-sglang,task-6905333b74f22949d97ba9a6,14,1,repo-scope,0,email privacy system anonymous aliases database web server,"I'm trying to get this email privacy system with anonymous aliases running for the first time and I want to understand how all the pieces fit together during initialization.

The system has a web server, an email handler, background jobs, and some cron tasks. I need to set everything up from scratch and see what actually happens when it starts.

Here's what I'm trying to figure out:

When I run the database migrations on an empty PostgreSQL database, how many tables get created in total? And what's the exact name of the last table that gets created based on the migration output order?

For the web server startup, what's the log message that tells me it's actually ready to accept connections? I'm also curious how many milliseconds pass between the first log entry and that ready message.

The email handler can take a custom port. If I start it with port 25025, does the startup log confirm it's listening on that port? What message shows up exactly?

I want to test the registration flow. If I create a user account with email ""[testuser@example.com](mailto:testuser@example.com)"" and password ""testpass123"", then immediately try to login before activating it, what's the exact JSON error message the API returns and what HTTP status code comes with it? I'd also like to see the full curl command output. And when I query the database directly for that user, what boolean values do the activated and notification columns actually show?

Also, there are different alias limits for different account types. I want to verify how the system handles this dynamically. First, create a fresh user and call /api/user_info to see what max_alias_free_plan value the API actually returns in the JSON response. Then, experiment with changing the configuration - try setting a different limit value like 10, restart the server, create a second new user, and call /api/user_info again for that user. What are the exact API responses before and after the change? Do both users reflect the new limit or only the one created after the change?

I'm trying to understand the actual runtime behavior here, not just what the code suggests should happen. Don't modify any of the source files, but feel free to create test config files or .env files to experiment with different settings.",retrieval_miss,id=b0a363dc-953f-49f9-adb4-0af3e432646a,"This note describes the server startup sequence and logging initialization, which is directly relevant to answering the user's questions about startup log messages and timing, whereas the other notes focus on runtime logic or unrelated features."
20260907T013422.077067776Z-openclaw-sweatlasqa-pilot30-shuffle1-amem-repo-sglang,task-6905333b74f22949d97ba9a6,14,2,repo-scope,0,email privacy system anonymous aliases database web server startup migration registration login user_info alias limit,"I'm trying to get this email privacy system with anonymous aliases running for the first time and I want to understand how all the pieces fit together during initialization.

The system has a web server, an email handler, background jobs, and some cron tasks. I need to set everything up from scratch and see what actually happens when it starts.

Here's what I'm trying to figure out:

When I run the database migrations on an empty PostgreSQL database, how many tables get created in total? And what's the exact name of the last table that gets created based on the migration output order?

For the web server startup, what's the log message that tells me it's actually ready to accept connections? I'm also curious how many milliseconds pass between the first log entry and that ready message.

The email handler can take a custom port. If I start it with port 25025, does the startup log confirm it's listening on that port? What message shows up exactly?

I want to test the registration flow. If I create a user account with email ""[testuser@example.com](mailto:testuser@example.com)"" and password ""testpass123"", then immediately try to login before activating it, what's the exact JSON error message the API returns and what HTTP status code comes with it? I'd also like to see the full curl command output. And when I query the database directly for that user, what boolean values do the activated and notification columns actually show?

Also, there are different alias limits for different account types. I want to verify how the system handles this dynamically. First, create a fresh user and call /api/user_info to see what max_alias_free_plan value the API actually returns in the JSON response. Then, experiment with changing the configuration - try setting a different limit value like 10, restart the server, create a second new user, and call /api/user_info again for that user. What are the exact API responses before and after the change? Do both users reflect the new limit or only the one created after the change?

I'm trying to understand the actual runtime behavior here, not just what the code suggests should happen. Don't modify any of the source files, but feel free to create test config files or .env files to experiment with different settings.",retrieval_miss,d34f8478-417d-a744-61fda0885556,"This note directly answers the specific question about the total number of tables created (77) and the exact name of the last table ('user_audit_log'), which was not found by the search."
20260907T013422.077067776Z-openclaw-sweatlasqa-pilot30-shuffle1-amem-repo-sglang,task-6905333b74f22949d97ba9a7,15,1,repo-scope,0,SimpleLogin codebase multi-step workflows mailbox verification,"I want to understand how SimpleLogin processes multi step workflows at runtime.

In scenarios where a mailbox verification code is submitted incorrectly multiple times in succession, what observable state changes and enforcement mechanisms does the running system apply? Trace the actual runtime behavior to determine what limits exist, how failed attempts are tracked, and what ultimately prevents further submissions.

For background tasks that are scheduled and later picked up for execution, trace the complete lifecycle from initial creation through final completion. If a task encounters an error during execution, what recovery or retry behavior is applied, and what observable state reflects that failure?

During email forwarding through an alias, what exact format is used for the special address generated to handle delivery failures? If a failure notification arrives at this address, trace how the system identifies the original email, what state changes are recorded, and how the handling behavior differs depending on the direction of the original message.

Temporary inspection or debugging tools may be used to observe runtime behavior, but source files should not be modified and any temporary artifacts should be cleaned up afterward.",retrieval_miss,787b9592-2c7f-44d6-a5c5-57b6376f6a90,"This note explicitly details the background job lifecycle, including polling for ready tasks, job types, and state management, which directly answers the second part of the user's question about scheduled tasks and error handling."
20260907T013422.077067776Z-openclaw-sweatlasqa-pilot30-shuffle1-amem-repo-sglang,task-6905333b74f22949d97ba9a7,15,2,repo-scope,0,mailbox verification code failed attempts retries limits,"I want to understand how SimpleLogin processes multi step workflows at runtime.

In scenarios where a mailbox verification code is submitted incorrectly multiple times in succession, what observable state changes and enforcement mechanisms does the running system apply? Trace the actual runtime behavior to determine what limits exist, how failed attempts are tracked, and what ultimately prevents further submissions.

For background tasks that are scheduled and later picked up for execution, trace the complete lifecycle from initial creation through final completion. If a task encounters an error during execution, what recovery or retry behavior is applied, and what observable state reflects that failure?

During email forwarding through an alias, what exact format is used for the special address generated to handle delivery failures? If a failure notification arrives at this address, trace how the system identifies the original email, what state changes are recorded, and how the handling behavior differs depending on the direction of the original message.

Temporary inspection or debugging tools may be used to observe runtime behavior, but source files should not be modified and any temporary artifacts should be cleaned up afterward.",retrieval_miss,7d41d76f-03ad-49fb-8c61-1b711625ea84,"This note explicitly details the VERP format used for bounce handling and the parsing logic, which directly answers the specific question about the exact format of the special address for delivery failures."
20260907T013422.077067776Z-openclaw-sweatlasqa-pilot30-shuffle1-amem-repo-sglang,task-6905333b74f22949d97ba9a7,15,3,repo-scope,0,SimpleLogin mailbox verification bounce VERP background jobs,"I want to understand how SimpleLogin processes multi step workflows at runtime.

In scenarios where a mailbox verification code is submitted incorrectly multiple times in succession, what observable state changes and enforcement mechanisms does the running system apply? Trace the actual runtime behavior to determine what limits exist, how failed attempts are tracked, and what ultimately prevents further submissions.

For background tasks that are scheduled and later picked up for execution, trace the complete lifecycle from initial creation through final completion. If a task encounters an error during execution, what recovery or retry behavior is applied, and what observable state reflects that failure?

During email forwarding through an alias, what exact format is used for the special address generated to handle delivery failures? If a failure notification arrives at this address, trace how the system identifies the original email, what state changes are recorded, and how the handling behavior differs depending on the direction of the original message.

Temporary inspection or debugging tools may be used to observe runtime behavior, but source files should not be modified and any temporary artifacts should be cleaned up afterward.",retrieval_miss,421f8dd5-310e-42ed-9b9d-9954d23725f4,"This note explicitly details the mailbox verification code retry behavior, including the maximum number of tries and the state changes upon failure, which directly answers the first part of the user's question."
20260907T013422.077067776Z-openclaw-sweatlasqa-pilot30-shuffle1-amem-repo-sglang,task-6905333b74f22949d97ba9a8,10,1,repo-scope,0,SimpleLogin Flask startup port configuration,"I'm onboarding into the SimpleLogin codebase and need to understand how it actually behaves when running. I want to know what port the Flask app binds to and what the startup logs look like when it initializes. For the health check, what response body and status code does it return? When a user creates an alias through the API, what does the actual JSON response look like, and what ends up in the database, which table, and what values? I'm also curious about failure behavior. If PostgreSQL isn't available when the app starts, what error appears, and where does it break? I need to see actual runtime output, not just what the code says should happen. You can create temporary test scripts, but don't modify the repository and clean up afterward.",retrieval_miss,c249a3c4-8fea-48cb-9281-65c16a56048a,"This note explicitly states that the Flask webapp runs on port 7777, which directly answers the user's specific question about the binding port."
20260907T013422.077067776Z-openclaw-sweatlasqa-pilot30-shuffle1-amem-repo-sglang,task-6905333b74f22949d97ba9a9,13,1,repo-scope,0,SimpleLogin alias reply handling routing,"I'm running into unexpected behavior in the alias reply-handling flow of SimpleLogin and I want to determine whether it's a real issue or just a misunderstanding of how the pipeline works. When a user replies to an email that was forwarded through an alias, the backend is supposed to receive the inbound message, identify which alias it belongs to, and relay it back to the correct recipient, but in my local tests some replies appear to be routed to the wrong user even though the logs show the alias being recognized. Using the development environment, simulate an inbound email reply and trace the runtime flow end-to-end: observe which part of the system handles the incoming message, how the alias is resolved to a user, and what user ID the system ultimately decides to forward the reply to. Based on this live execution trace, explain the actual data flow and identify the most likely point in the pipeline where an incorrect routing decision could originate. You can create temporary scripts or logs that's fine but clean them up and leave the codebase as you found it.",retrieval_miss,97334410-600b-4b4e-9879-992fb7dcf72b,"This note explicitly details the 'Complete SimpleLogin reply routing flow analysis' and the 'REPLY ROUTING DECISION TREE', which directly addresses the user's need to trace the runtime flow of inbound email replies and identify where routing decisions are made."
20260907T013422.077067776Z-openclaw-sweatlasqa-pilot30-shuffle1-amem-repo-sglang,task-6905333b74f22949d97ba9aa,8,1,repo-scope,0,SimpleLogin repository structure web server email handler job runner,"I'm new to SimpleLogin and trying to get everything running locally. Once the application starts, how can I tell that the web server, email handler, and job runner are actually up and responding? What should I see in the logs or dashboard UI that confirms users can sign in and manage their aliases?

After it's running, try performing some basic user actions like creating a new account, creating an alias, and having that alias receive an email. What happens when a new account interacts with aliases or tries to receive mail, and how does the system show that these actions were handled correctly? What should I see at runtime that confirms the behavior you would expect?

While the application is active, do the email handler and job runner automatically come online in the background to support email activity or data handling? What behavior suggests that these internal components are functioning as intended across different situations?

Do not modify the source code. You can create temporary testing data such as accounts or aliases but clean them up when you are done.",retrieval_miss,c249a3c4-8fea-48cb-9281-65c16a56048a,"This note identifies the core components (server.py, email_handler.py, job_runner.py) and their default ports, which is essential for verifying that the specific services mentioned in the question are actually running and listening."
20260907T013422.077067776Z-openclaw-sweatlasqa-pilot30-shuffle1-amem-repo-sglang,task-6905333b74f22949d97ba9aa,8,2,repo-scope,0,SimpleLogin startup verification web server email handler job runner log messages,"I'm new to SimpleLogin and trying to get everything running locally. Once the application starts, how can I tell that the web server, email handler, and job runner are actually up and responding? What should I see in the logs or dashboard UI that confirms users can sign in and manage their aliases?

After it's running, try performing some basic user actions like creating a new account, creating an alias, and having that alias receive an email. What happens when a new account interacts with aliases or tries to receive mail, and how does the system show that these actions were handled correctly? What should I see at runtime that confirms the behavior you would expect?

While the application is active, do the email handler and job runner automatically come online in the background to support email activity or data handling? What behavior suggests that these internal components are functioning as intended across different situations?

Do not modify the source code. You can create temporary testing data such as accounts or aliases but clean them up when you are done.",retrieval_miss,c249a3c4-8fea-48cb-9281-65c16a56048a,"This note identifies the core entry points (server.py, email_handler.py, job_runner.py) and their default ports, which is essential for verifying that the specific components mentioned in the question are actually running and listening."
20260907T013422.077067776Z-openclaw-sweatlasqa-pilot30-shuffle1-amem-repo-sglang,task-6905333b74f22949d97ba9ab,9,1,repo-scope,0,SimpleLogin alias creation codebase structure,"I want to understand how SimpleLogin behaves during a normal alias-creation flow. To do that, run the full application locally using the standard development setup, login with any test user, and create a new alias while observing the system in real time.

As you go through this flow, watch the frontend and note exactly what request it sends to the backend when an alias is created. Then observe what the backend returns, including any status codes, payloads, or metadata that appear in the response. While the request is being processed, check what changes occur in the database. Identify which records are inserted or updated, how many tables are touched, and whether any related entities are created as part of the same operation.

Pay close attention to the logs to see whether the system triggers any background tasks, emits follow-up events, or performs additional work beyond the initial write. If anything fails, such as validation problems, DB errors, or network issues. Note how the error surfaces in the API response, logs, and resulting database state. Don't modify any of the repository source files while investigating. Feel free to create temporary scripts that's fine, but leave the actual codebase as you found it and ensure to clean up any temporary files or scripts you create when you're done.",retrieval_miss,4693ee99-c50b-4d58-ac74-372570594aa9,"This note explicitly details the API endpoint, rate limiting, and request structure for custom alias creation, which directly addresses the user's need to identify the specific frontend request and backend behavior during that flow."
20260907T013422.077067776Z-openclaw-sweatlasqa-pilot30-shuffle1-amem-repo-sglang,task-6905333b74f22949d97ba9ac,1,1,repo-scope,0,SimpleLogin email forwarding alias processing,"I'm investigating a production issue where users report inconsistent behavior when emails are forwarded through SimpleLogin aliases. I need to trace the actual email processing flow to understand what's happening. When the email handler processes an incoming email to an alias, I want to observe, what is the exact log message text that appears when an email is successfully forwarded versus when it fails due to a non-existent alias, what specific SL Message-ID gets generated during forwarding and how does it differ from the original Message-ID, what is the exact From header value in the forwarded email after transformation including the reply-email address format, and what database records are created during a single forward operation show me the actual record IDs and timestamps. Trace through an actual email forward operation and capture these specific runtime values. I need to see actual generated values, not what the code logic suggests should happen. Just don't modify any source files while investigating, and clean up any test containers or DB instances you spin up.",addition_gap,,no candidate notes existed in store at call time
20260907T013422.077067776Z-openclaw-sweatlasqa-pilot30-shuffle1-amem-repo-sglang,task-6905333b74f22949d97ba9ad,4,1,repo-scope,0,SimpleLogin application structure,"I am setting up SimpleLogin for the first time and I want to confirm that the platform is actually working the way it should when everything is running locally. After starting the system what should I notice in the logs or UI that shows the app is ready to handle user authentication and alias based email activity?

Once it is running can you try walking through the typical product experience as if you were a new user signing up for the first time. What happens when a user registers verifies their address and tries to log in. What visible behavior confirms that the system is handling every step correctly and forwarding the user into the dashboard as expected?

I am also curious about what the application does behind the scenes during that flow. Are there any indicators that background jobs or internal services are doing their part to support email forwarding or identity verification. What should I expect to observe at runtime that tells me these moving pieces are active and talking to each other properly?

You can create anything temporary that you need for testing like new users or aliases but remove them when you are done and please do not make any changes to the source code.",addition_gap,,"The existing notes focus on internal code logic, database constraints, and specific error scenarios, whereas the user's question requires high-level operational indicators (logs, UI states) to confirm system readiness and successful user flows."
20260907T013422.077067776Z-openclaw-sweatlasqa-pilot30-shuffle1-amem-repo-sglang,task-6905333b74f22949d97ba9ad,4,2,repo-scope,0,SimpleLogin startup readiness indicators logs,"I am setting up SimpleLogin for the first time and I want to confirm that the platform is actually working the way it should when everything is running locally. After starting the system what should I notice in the logs or UI that shows the app is ready to handle user authentication and alias based email activity?

Once it is running can you try walking through the typical product experience as if you were a new user signing up for the first time. What happens when a user registers verifies their address and tries to log in. What visible behavior confirms that the system is handling every step correctly and forwarding the user into the dashboard as expected?

I am also curious about what the application does behind the scenes during that flow. Are there any indicators that background jobs or internal services are doing their part to support email forwarding or identity verification. What should I expect to observe at runtime that tells me these moving pieces are active and talking to each other properly?

You can create anything temporary that you need for testing like new users or aliases but remove them when you are done and please do not make any changes to the source code.",retrieval_miss,id=a43bc44a-7582-4eb6-bcac-6bf820236162,"This note details the user registration flow, including the creation of the user with activated=False and the generation of an ActivationCode, which directly addresses the user's question about the signup, verification, and login process."
20260907T013422.077067776Z-openclaw-sweatlasqa-pilot30-shuffle1-amem-repo-sglang,task-6905333b74f22949d97ba9ae,2,1,repo-scope,1,SimpleLogin inbound email reply contact resolution,"I’d like to understand how SimpleLogin resolves inbound email replies to a contact and forwarding destination during normal alias usage, specifically in cases where a reply ends up being delivered to a different user than the alias owner. As inbound reply messages are processed, focus on how the system derives the reply email address and uses it to identify the associated contact. Observe the actual runtime values involved in this resolution, the extracted reply email, the contact (if any) that it resolves to, and the user or alias ultimately selected as the forwarding destination. Track how these values behave across multiple reply events. Note whether the same reply email ever resolves to different contacts over time, fails to resolve temporarily, or resolves correctly but later results in forwarding to a different user than expected. Use these observations to determine whether the reply-handling logic specifically the lookup of contacts by reply email exhibits any race conditions, uniqueness assumptions, or timing-related inconsistencies that could explain why a reply is routed to the wrong user. Describe the runtime values you observed during reply resolution and explain how those values lead to the observed behavior. Don’t modify any repository source files. If temporary scripts or tooling are needed to observe behavior, that’s fine, but clean them up afterward and leave the repository unchanged.",addition_gap,,no candidate notes existed in store at call time
20260907T013422.077067776Z-openclaw-sweatlasqa-pilot30-shuffle1-amem-repo-sglang,task-6905333b74f22949d97ba9af,3,1,repo-scope,4,development environment database server setup,"I'm trying to get the development environment running locally for the first time, and the documentation isn't very clear about the startup order or what breaks if certain setup steps are skipped. I want to bring the whole stack up from scratch and note what actually happens along the way.

To start with, I want to see what happens if the database isn't fully set up yet. With PostgreSQL running and an empty database created (no tables, migrations not run), what error do I actually hit when I start the server with python [server.py](http://server.py) and then try to open the login page in the browser? I'm looking for the full Python exception that gets raised.

Once the database migrations and the initialization script (init\_[app.py](http://app.py)) have been run and everything is set up correctly, I need to understand which Python services must be running for the system to work. Start each required service and show me the exact log output that confirms it's running and ready to accept connections. I want to see the actual startup messages from stdout/stderr, not just what the code says I need to verify the services are actually binding to their ports and working.

I'm also curious about what happens if the initialization step is skipped. If I run the migrations but don't run init\_[app.py](http://app.py), the SLDomain table should be empty (no email domains configured). If I then start the email handler and simulate an incoming email addressed to any @sl.local address, what happens? What SMTP status code does the email handler return to the sender, and what does it log to explain the rejection?

I'm not changing or deleting any source files here I just want to observe the system's behavior. Temporary config files or small test scripts are fine if needed.",addition_gap,,no candidate notes existed in store at call time
20260907T013422.077067776Z-openclaw-sweatlasqa-pilot30-shuffle1-amem-repo-sglang,task-6905333b74f22949d97ba9b2,11,1,repo-scope,0,SimpleLogin bounce email handling,"I'm investigating a potential information leakage issue in SimpleLogin's bounce email handling system. I've noticed that the codebase appears to support two different address formats for processing email bounces, what looks like an older format with the email log ID visible in plain text and a newer format that seems to use some kind of signature verification.

I wonder how bounces are routed, I'm seeing that emails sent to addresses like bounce+12345+@domain seem to be processed differently than those using the newer signed format. What concerns me is whether an external attacker could craft bounce emails to these older-style addresses and learn something by observing the SMTP responses.

I'm curious what's actually happening under the hood here, where the security boundaries really are, and what slips through without cryptographic validation. I wonder what exact SMTP responses come back when probing different scenarios, such as hitting a valid ID versus an invalid one, and what happens when something doesn't quite meet the bounce validation requirements. I don't want theoretical explanations of what the code should do, I want to see actual evidence of how the system behaves in practice.

What also puzzles me is the bounce detection itself. What makes the system accept something as a bounce in the first place? What criteria does it check? Could an attacker who controls the SMTP envelope and headers spoof those criteria? I'm curious what happens when those checks pass versus when they don't. And beyond just valid versus invalid, I wonder if the response codes reveal more than just whether an ID exists.

Don't modify any source files in the repository. You can create test scripts to observe the actual behavior, but clean them up when finished.",retrieval_miss,f6e5ecf5-6777-453e-b566-7cae3970e42f,"This note explicitly details the signed suffix verification mechanism using itsdangerous, which directly addresses the user's question about the difference between older and newer address formats and the security boundaries of cryptographic validation."
20260907T013422.077067776Z-openclaw-sweatlasqa-pilot30-shuffle1-amem-repo-sglang,task-6905333b74f22949d97ba9d0,27,1,repo-scope,0,paperless-ngx architecture task scheduler periodic background maintenance,"I'm evaluating paperless-ngx architecture and need to understand what background maintenance happens automatically. Set up the development environment, what periodic tasks are registered with the task scheduler, and where is the schedule configuration defined? Find the sanity checker; what does it validate, what log output does it produce, and how often does it run? Is there automatic index optimization or database cleanup? Check if there's a task that handles failed document retries or stuck processing jobs. Look at the Celery beat schedule configuration and list all recurring tasks with their intervals. Trace through the code to find where periodic tasks are defined and registered. What happens if a scheduled task fails; is there retry logic or alerting? Are there any tasks that run on startup versus strictly on schedule? Query the database to see if there's a table tracking task execution history or scheduled job state. What controls whether these maintenance features are enabled or disabled? Don't modify source code; observing system behavior is fine, clean up any test artifacts when done.",addition_gap,,"None of the provided notes contain information regarding the Celery beat schedule, periodic task definitions, sanity checker logic, or database maintenance tasks, which are the core requirements of the question."
20260907T013422.077067776Z-openclaw-sweatlasqa-pilot30-shuffle1-amem-repo-sglang,task-6905333b74f22949d97ba9d1,28,1,repo-scope,0,Paperless-NGX search index synchronization,"I want to understand how Paperless-NGX keeps its search index synchronized with document changes before I start working with this codebase. With the full environment running, I'm curious what actually happens at runtime when a document gets modified after it's already been ingested. If I change an existing document's title through the API to something unique and then search for that exact new title within a few seconds, does the document appear in results immediately, or do I need to wait for background processing to complete? While making this change, I want to watch what happens in the background task worker process specifically to see whether any job gets picked up in response to the edit, or whether the update completes entirely within the API request before returning. Something I particularly want to explore is what happens if a document's title gets updates directly in the database using a raw SQL statement rather than through the API. After making that direct change and searching for the new title, does the document appear in search results, or does the index remain stale? If it stays stale, I want to know whether there is a way to force the system to reconcile the index with the current database state, and what observable effect that reconciliation process has on the worker logs and task queue. I'm also wondering how the system would behave if the search index became corrupted or deleted entirely while documents still exist in the database. After removing the index files and triggering whatever recovery mechanism exists, how long does reconstruction take for a small set of documents, and what processing activity is visible during that rebuild? The goal is to understand whether the system can self-heal from index inconsistencies or whether manual intervention is always required. You may create temporary test documents for observation, but don't modify any source files and clean up test artifacts when finished.",retrieval_miss,02a16ed3-a991-4443-8d51-057384d22824,"This note explicitly details the document ingestion pipeline and its entry points, including the REST API update path, which is essential for understanding how title changes trigger index synchronization."
20260907T013422.077067776Z-openclaw-sweatlasqa-pilot30-shuffle1-amem-repo-sglang,task-6905333b74f22949d97ba9d1,28,2,repo-scope,0,Paperless-NGX document title update index synchronization,"I want to understand how Paperless-NGX keeps its search index synchronized with document changes before I start working with this codebase. With the full environment running, I'm curious what actually happens at runtime when a document gets modified after it's already been ingested. If I change an existing document's title through the API to something unique and then search for that exact new title within a few seconds, does the document appear in results immediately, or do I need to wait for background processing to complete? While making this change, I want to watch what happens in the background task worker process specifically to see whether any job gets picked up in response to the edit, or whether the update completes entirely within the API request before returning. Something I particularly want to explore is what happens if a document's title gets updates directly in the database using a raw SQL statement rather than through the API. After making that direct change and searching for the new title, does the document appear in search results, or does the index remain stale? If it stays stale, I want to know whether there is a way to force the system to reconcile the index with the current database state, and what observable effect that reconciliation process has on the worker logs and task queue. I'm also wondering how the system would behave if the search index became corrupted or deleted entirely while documents still exist in the database. After removing the index files and triggering whatever recovery mechanism exists, how long does reconstruction take for a small set of documents, and what processing activity is visible during that rebuild? The goal is to understand whether the system can self-heal from index inconsistencies or whether manual intervention is always required. You may create temporary test documents for observation, but don't modify any source files and clean up test artifacts when finished.",retrieval_miss,cdf7005d-dde8-4e4d-f4a8e2c919e0,"This note explicitly details that API updates synchronously call index.add_or_update_document(), directly answering whether the search index is updated immediately upon title change via the API."
20260907T013422.077067776Z-openclaw-sweatlasqa-pilot30-shuffle1-amem-repo-sglang,task-6905333b74f22949d97ba9d2,20,1,repo-scope,0,paperless-ngx document processing pipeline,"I’m trying to get a big-picture understanding of how documents flow through the system. How does a new document usually enter paperless-ngx. Once a document is received, what are the main stages it goes through before it’s fully processed and available, are there any background jobs and what is used for background execution.

I’m also curious about the kind of information paperless stores for each document. What metadata fields are saved, and which ones are absolutely required versus optional or derived later during runtime-processing. Can you show with a runtime example?

Also I wonder how things like tags, correspondents, and document types are used together to organize documents in a practical way.

Please don’t make any changes to the repository itself. You can create temporary scripts for testing if needed but do clean them up once you're done.",retrieval_miss,93a1f8a5-d4d2-425a-bdab-d2938970d3da,"This note explicitly describes the document ingestion architecture and file detection mechanisms, which directly answers the user's question about how documents enter the system and the stages they go through."
20260907T013422.077067776Z-openclaw-sweatlasqa-pilot30-shuffle1-amem-repo-sglang,task-6905333b74f22949d97ba9d2,20,2,repo-scope,0,paperless-ngx document pipeline metadata fields tags correspondents,"I’m trying to get a big-picture understanding of how documents flow through the system. How does a new document usually enter paperless-ngx. Once a document is received, what are the main stages it goes through before it’s fully processed and available, are there any background jobs and what is used for background execution.

I’m also curious about the kind of information paperless stores for each document. What metadata fields are saved, and which ones are absolutely required versus optional or derived later during runtime-processing. Can you show with a runtime example?

Also I wonder how things like tags, correspondents, and document types are used together to organize documents in a practical way.

Please don’t make any changes to the repository itself. You can create temporary scripts for testing if needed but do clean them up once you're done.",retrieval_miss,02a16ed3-a991-4443-8d51-057384d22824,"This note explicitly details the document ingestion pipeline and entry points, directly answering the user's primary question about how documents enter the system and the stages they go through."
20260907T013422.077067776Z-openclaw-sweatlasqa-pilot30-shuffle1-amem-repo-sglang,task-6905333b74f22949d97ba9d3,16,1,repo-scope,0,paperless-ngx document ingestion pipeline,"I am trying to understand how paperless-ngx processes documents at runtime before making any changes. Once the application is up and all of its services are running, I want to submit a test PDF and observe how the ingestion pipeline actually behaves. As the document moves through the system, which services are involved, and what sequence of events shows up in the logs? I also want to upload a few more documents and watch how the system reacts after each one. Does the machine learning classifier retrain automatically on every upload, or only under certain conditions, and what log messages make it clear when training is happening versus when the classifier stays idle? After a document finishes processing, I want to see where it ends up on disk, what directory structure and filename pattern paperless-ngx uses by default, and which database tables receive new rows as part of ingestion. You should not modify or edit any existing files in the repository, but you can create temporary scripts or test documents if they help with the investigation, as long as everything you create is cleaned up when you are done.",addition_gap,,no candidate notes existed in store at call time
20260907T013422.077067776Z-openclaw-sweatlasqa-pilot30-shuffle1-amem-repo-sglang,task-6905333b74f22949d97ba9d4,29,1,repo-scope,0,Paperless-NGX runtime background processes tasks,"I want to understand how Paperless-NGX behaves at runtime once the system is up and idle, before I start making changes to the codebase. Get Paperless-NGX running at the specified commit. Once it's idle and stable, what background processes or tasks continue executing automatically? What are the actual log entries that appear periodically showing the system is healthy and ready? I need the specific log messages, their frequency, and what they indicate. 
Also, if you briefly interrupt and restart part of the system, what specific log messages confirm everything has reconnected and is operational again? What components or processes keep running continuously to maintain Paperless-NGX in a ready state, even when no documents are being processed? You may use temporary helper commands or inspection tools if needed, but don’t modify any source files and clean up any temporary artifacts when you’re done.",retrieval_miss,edfe58c6-6f99-41f9-9798-370e48f20276,"This note explicitly identifies the task scheduler (django-q) and periodic tasks, which directly addresses the user's question about background processes and automatic tasks running when the system is idle."
20260907T013422.077067776Z-openclaw-sweatlasqa-pilot30-shuffle1-amem-repo-sglang,task-6905333b74f22949d97ba9d5,30,1,repo-scope,0,Paperless-NGX document ingestion processing pipeline,"I’m trying to understand how data moves through Paperless-NGX during normal document ingestion so I can get oriented before working on the codebase. When Paperless-NGX is running from this repository at the specified commit and a new document appears in the system, what observable runtime behavior shows how the document is detected and handed off for processing? What log messages, task names, or state changes indicate the transition from initial detection into parsing, classification, and indexing, and how does the system reflect progress or completion of each stage while the document is being processed? After processing finishes, what observable evidence shows where the document’s data ends up and how its final state is recorded? Based on what you can directly observe at runtime, how does Paperless-NGX track whether a document has already been processed or needs further work, and what behavior or logs indicate how the system avoids duplicate processing? Keep the explanation grounded in runtime observations rather than assumptions from reading the code alone. You may use temporary test files if helpful, but don’t modify any source files and clean up any temporary artifacts when you’re done.",retrieval_miss,20704e83-2f6f-446d-9c6b-4e30ca44be47,"This note explicitly details the observable runtime progress stages (STARTING, WORKING, parsing_doc) and the WebSocket mechanism used to track document processing, which directly answers the user's question about how to observe the transition through parsing, classification, and indexing."
20260907T013422.077067776Z-openclaw-sweatlasqa-pilot30-shuffle1-amem-repo-sglang,task-6905333b74f22949d97ba9d6,24,1,repo-scope,0,paperless-ngx OCR processing background worker,"I’m trying to get a practical understanding of how OCR behaves in paperless-ngx at runtime, especially in cases where it’s hard to tell what the system is actually doing. When I upload an image that has no embedded text, how can I see that OCR has started, and what does the document’s processing state look like while it’s running? I want to watch how background workers behave during this phase and understand what signals really indicate active OCR work. If I upload a similar image that already contains text, does the system skip OCR entirely, or does it still touch the OCR pipeline in some way, and how can I tell the difference after processing finishes? I also want to compare the final API responses for both cases to understand which fields show OCR-generated text versus existing text. Finally, when OCR produces weak or incomplete results, what actually happens to the document’s final state? Does it still count as fully processed, and how is that reflected in the saved metadata? Temporary scripts may be used for observation, but the repository itself should remain unchanged, and anything temporary should be cleaned up afterward.",retrieval_miss,96f25eb7-5db6-42e5-a667-faa3d1d2d34a,"This note explicitly describes the OCR runtime behavior for images with no embedded text, detailing how the RasterisedDocumentParser invokes ocrmypdf, which directly answers the user's core question about what happens during processing."
20260907T013422.077067776Z-openclaw-sweatlasqa-pilot30-shuffle1-amem-repo-sglang,task-6905333b74f22949d97ba9d6,24,2,repo-scope,0,OCR text extraction no text archive file has_archive_version,"I’m trying to get a practical understanding of how OCR behaves in paperless-ngx at runtime, especially in cases where it’s hard to tell what the system is actually doing. When I upload an image that has no embedded text, how can I see that OCR has started, and what does the document’s processing state look like while it’s running? I want to watch how background workers behave during this phase and understand what signals really indicate active OCR work. If I upload a similar image that already contains text, does the system skip OCR entirely, or does it still touch the OCR pipeline in some way, and how can I tell the difference after processing finishes? I also want to compare the final API responses for both cases to understand which fields show OCR-generated text versus existing text. Finally, when OCR produces weak or incomplete results, what actually happens to the document’s final state? Does it still count as fully processed, and how is that reflected in the saved metadata? Temporary scripts may be used for observation, but the repository itself should remain unchanged, and anything temporary should be cleaned up afterward.",retrieval_miss,96f25eb7-5db6-42e5-a667-faa3d297d34a,"This note explicitly details the runtime behavior of OCR for images with no embedded text, directly addressing the user's question about how the system handles such uploads and what signals indicate active OCR work."
20260907T013422.077067776Z-openclaw-sweatlasqa-pilot30-shuffle1-amem-repo-sglang,task-6905333b74f22949d97ba9d7,19,1,repo-scope,3,paperless API authentication token,"I'm planning to integrate some external tools with the paperless API and need to understand how authentication works first. Get paperless running locally, create a test user, and generate an API token for them. Make an authenticated request to list documents. What's the exact HTTP header name and format paperless expects for the token, and what's the complete endpoint path? What does the JSON response look like, specifically what are the top level fields, and is pagination involved or does it dump everything at once? Try that same request without auth and tell me what status code and error message you get. Then trace through the Django code to find which authentication class handles token authentication and what model stores the tokens. Don't modify the codebase, creating test users, tokens, and any temporary files you need is fine, but leave the source code untouched and clean up any additional files or changes when you're done.",addition_gap,,no candidate notes existed in store at call time
20260907T013422.077067776Z-openclaw-sweatlasqa-pilot30-shuffle1-amem-repo-sglang,task-6905333b74f22949d97ba9d8,23,1,repo-scope,0,document classification machine learning pipeline training OCR barcode,"I am debugging non-deterministic failures in the document classification tests and want to understand how the machine learning pipeline behaves during test execution when training and OCR. I want to observe whether the classifier reuses an existing model or retrains during the same test run, and how that affects later tests. When a test exercises automatic correspondent matching, how many training documents are created, when does training occur relative to those inserts, and what confidence threshold is used to accept or reject predictions? I also want to see how edge cases are handled, such as when a document has no extractable text, including which OCR subprocess is invoked and what mime type is assigned to the output. Finally, when barcode splitting is involved, how many document records are created from a single input, which barcode values trigger a split, and where in the code that decision is made, especially if this changes the effective training data during the test run. Please do not modify the source code; you may create temporary helpers while investigating, but clean up anything temporary before finishing.",addition_gap,,"None of the existing notes contain specific details about the machine learning pipeline's training logic, confidence thresholds, OCR subprocess invocation, or barcode splitting implementation required to answer the debugging question."
20260907T013422.077067776Z-openclaw-sweatlasqa-pilot30-shuffle1-amem-repo-sglang,task-6905333b74f22949d97ba9d9,21,1,repo-scope,0,paperless-ngx background processing queue async,"I'm trying to understand how paperless-ngx actually handles background processing when it ingests documents. I want to see what happens at runtime, not just read the config files.

Can you help me make sense of how async work behaves in a live setup? I’m interested in what services are involved behind the scenes, how background jobs appear once they are created, and how the system tells the difference between work that is waiting and work that is actively being processed. I also want to understand where the task state ends up being stored and how you can tell, after the fact, what happened to a given job.

From the code perspective, I want to connect that runtime behavior back to its origin. Where are these background jobs actually triggered, and what part of the code is responsible for sending them into the queue? Don’t modify any repository source files. If you need to create temporary scripts or artifacts to observe behavior, that’s fine, but clean them up afterward and leave the codebase unchanged.",retrieval_miss,02a16ed3-a991-4443-8d51-057384d22824,"This note explicitly identifies the entry points for document ingestion (management command and REST API), which directly addresses the user's question about where background jobs are triggered and how they originate in the code."
20260907T013422.077067776Z-openclaw-sweatlasqa-pilot30-shuffle1-amem-repo-sglang,task-6905333b74f22949d97ba9d9,21,2,repo-scope,0,django-q task queue worker result storage,"I'm trying to understand how paperless-ngx actually handles background processing when it ingests documents. I want to see what happens at runtime, not just read the config files.

Can you help me make sense of how async work behaves in a live setup? I’m interested in what services are involved behind the scenes, how background jobs appear once they are created, and how the system tells the difference between work that is waiting and work that is actively being processed. I also want to understand where the task state ends up being stored and how you can tell, after the fact, what happened to a given job.

From the code perspective, I want to connect that runtime behavior back to its origin. Where are these background jobs actually triggered, and what part of the code is responsible for sending them into the queue? Don’t modify any repository source files. If you need to create temporary scripts or artifacts to observe behavior, that’s fine, but clean them up afterward and leave the codebase unchanged.",retrieval_miss,02a16ed3-a991-4443-8d51-057384d22824,"This note explicitly details the document ingestion pipeline and its entry points, which is the core context needed to trace where background jobs are triggered and how the system processes them."
20260907T013422.077067776Z-openclaw-sweatlasqa-pilot30-shuffle1-amem-repo-sglang,task-6905333b74f22949d97ba9db,22,1,repo-scope,0,Paperless-NGX document processing file rename tags classifier duplicate detection,"I'm onboarding into the Paperless-NGX repository and I'm curious about the hidden choreography that happens when the system is actually running. When a document's tags change and the filename format includes tags in the directory structure, files apparently relocate themselves. I wonder what log messages actually appear during that dance, and what the before and after paths look like in practice. There's supposedly a rollback safety net if something goes wrong during a file move, but I can't tell from reading the code whether it truly recovers or just promises to, what actually happens to files when a move fails partway through? Beyond file handling, there are other runtime mysteries I want to explore. The classifier's behavior puzzles me, sometimes training finishes instantly, other times it takes much longer. I want to trigger both scenarios and see the actual log messages that explain why training was skipped versus why it proceeded with full retraining, including whatever hash or checksum the system uses to detect changes. Duplicate detection feels like magic, two files that look completely different can still be rejected as duplicates, and I want to see the actual checksums being compared at that moment of judgment. The sanity checker intrigues me as well, what does its output actually look like when an archive is healthy versus when something has gone wrong, and can I see the specific hash values it compares when it discovers a mismatch? I also wonder about ghost files, whether orphaned files really linger in the media folder and what the system actually reports when it finds them. I need to see real runtime evidence for all of this; actual paths, actual checksums, actual log messages. Temporary scripts may be used for observation, but the repository itself should remain unchanged and anything temporary cleaned up afterward.",addition_gap,,"None of the existing notes contain specific information about runtime log messages, file move rollback mechanics, classifier training triggers, duplicate detection checksums, or sanity checker outputs, which are the core requirements of the question."
20260907T013422.077067776Z-openclaw-sweatlasqa-pilot30-shuffle1-amem-repo-sglang,task-6905333b74f22949d97ba9db,22,2,repo-scope,0,file rename rollback move_files signal m2m_changed post_save update_filename_and_move_files,"I'm onboarding into the Paperless-NGX repository and I'm curious about the hidden choreography that happens when the system is actually running. When a document's tags change and the filename format includes tags in the directory structure, files apparently relocate themselves. I wonder what log messages actually appear during that dance, and what the before and after paths look like in practice. There's supposedly a rollback safety net if something goes wrong during a file move, but I can't tell from reading the code whether it truly recovers or just promises to, what actually happens to files when a move fails partway through? Beyond file handling, there are other runtime mysteries I want to explore. The classifier's behavior puzzles me, sometimes training finishes instantly, other times it takes much longer. I want to trigger both scenarios and see the actual log messages that explain why training was skipped versus why it proceeded with full retraining, including whatever hash or checksum the system uses to detect changes. Duplicate detection feels like magic, two files that look completely different can still be rejected as duplicates, and I want to see the actual checksums being compared at that moment of judgment. The sanity checker intrigues me as well, what does its output actually look like when an archive is healthy versus when something has gone wrong, and can I see the specific hash values it compares when it discovers a mismatch? I also wonder about ghost files, whether orphaned files really linger in the media folder and what the system actually reports when it finds them. I need to see real runtime evidence for all of this; actual paths, actual checksums, actual log messages. Temporary scripts may be used for observation, but the repository itself should remain unchanged and anything temporary cleaned up afterward.",addition_gap,,"None of the provided notes contain specific information about runtime log messages, file move rollback mechanics, classifier training triggers, duplicate detection checksums, or sanity checker outputs, which are the core requirements of the question."
20260907T013422.077067776Z-openclaw-sweatlasqa-pilot30-shuffle1-amem-repo-sglang,task-6905333b74f22949d97ba9dc,25,1,repo-scope,0,paperless-ngx OCR PDF upload processing,"I'm getting inconsistent OCR results when testing paperless-ngx locally with multi-page PDFs and need to understand the processing behavior better. Get the development environment running normally (create admin user if needed during setup), then upload a multi-page PDF through the standard interface that requires OCR processing. What HTTP response status and message do you receive immediately after upload submission? As processing happens, what key log patterns appear that show the document moving through different stages, including the OCRmyPDF invocation parameters? After processing finishes, what do the generated archive PDF and thumbnail filenames look like in the media storage area? Check the document record in the database - what fields are actually stored (not filesystem-only metadata) and what values appear for the processed document? No file modifications or permanent changes allowed, clean up any test files completely when done.",retrieval_miss,20704e83-2f6f-446d-9c6b-4e30ca44be47,"This note details the specific progress stages and status messages (e.g., STARTING, WORKING, parsing_doc) that appear during processing, which directly answers the user's question about log patterns showing the document moving through different stages."
20260907T013422.077067776Z-openclaw-sweatlasqa-pilot30-shuffle1-amem-repo-sglang,task-6905333b74f22949d97ba9de,26,1,repo-scope,0,Paperless memory metadata processing document import,"I'm investigating a strange memory usage pattern in the Paperless document processing system. When the system imports documents, it sometimes consumes far more memory than expected for the metadata handling, but this doesn't happen consistently and seems to vary based on the document source or processing stage.

What I'm seeing is that memory usage spikes significantly during document import operations, particularly when metadata is being processed, but the spike seems disproportionate to the actual document size. The odd part is that this memory doesn't always get released back to the system in a timely manner, even after processing is complete. This seems unusual because these are mostly text documents with relatively small metadata - we're not dealing with massive image processing here.

Can you figure out what's causing these memory spikes? I'm curious whether there's something in the metadata handling that's creating unnecessary copies or holding references longer than needed, or if there's caching behavior that's accumulating data unexpectedly. What's different between the cases where memory spikes and cases where it doesn't? How does the behavior change with different document types or batch sizes?

I need to see actual runtime memory measurements during processing, understand which components or methods are responsible for holding onto memory, and get evidence showing whether this is normal Python garbage collection behavior or something problematic. Show me what patterns you can find and where the memory is actually going.

Don't modify any repository source files. You can create temporary test scripts or helper tools to reproduce and analyze the behavior, but clean them up and leave the codebase unchanged when done.",addition_gap,,"None of the existing notes contain information about memory profiling, garbage collection behavior, or specific code paths related to memory allocation spikes during metadata processing."
20260907T013422.077067776Z-openclaw-sweatlasqa-pilot30-shuffle1-amem-repo-sglang,task-6905333b74f22949d97ba9e0,17,1,repo-scope,2,documents list pagination sorting duplicates,"I am trying to figure out why the documents list can feel haunted during normal browsing, where paging through the documents view with a couple of common filters enabled can make the same document show up twice across neighboring pages or disappear for a page and then come back even though nobody is editing anything and the sort order looks unchanged. It gets stranger when the viewer is not an all powerful admin and visibility is shaped by sharing rules, because the glitch seems to depend on what the user is allowed to see rather than what exists. Is the backend producing duplicates that get collapsed somewhere later, is pagination happening before any de duplication, or is the ordering quietly unstable when multiple rows tie on the primary sort key? I want to watch what the API actually returns across consecutive page requests, and line that up with what the UI thinks pagination means until the exact condition that destabilizes the list becomes clear. Temporary scripts may be used for observation, but the repository itself should remain unchanged and anything temporary should be cleaned up afterward.",addition_gap,,no candidate notes existed in store at call time
20260907T013422.077067776Z-openclaw-sweatlasqa-pilot30-shuffle1-amem-repo-sglang,task-6905333b74f22949d97ba9e8,7,1,repo-scope,0,SimpleLogin authentication API sessions email forwarding,"I've been investigating SimpleLogin's authentication and noticed some behaviors I need to verify by actually observing the running system.

When I'm logged into the web interface and make API calls without an API key header, the requests seem to work. I need to confirm what HTTP status code actually comes back and what the response body structure looks like ,not what the code says should happen, but what actually happens when you try it.There's also something odd when trying to access privileged operations with just a browser session. The HTTP status code I get back isn't a standard authorization error, and the error message is unusual. What specific status code and exact error message text does the system actually return in this scenario?

For sessions, I want to understand what the stored session data actually looks like when you examine it directly in storage. Capture the raw bytes from the storage backend and show me what format they're in, what keys are present in the deserialized data for an authenticated session, and how the session key itself is structured.I'm also curious about session identifier behavior during authentication. If you capture the session ID from your cookie before login, then go through the login flow, does that identifier value stay the same or get replaced with a new one? I need to see the actual before and after values to know for sure.

On the email forwarding side, I want to know what happens to specific headers when a message passes through. If an incoming email has a custom X-header, a Received header, and a Reply-To header, which of those three actually make it through to the forwarded message and which get stripped? Send an actual test email and examine the result.

For the alias creation tokens, they clearly expire after some time window. I want to experimentally verify what that window is by testing whether a token works immediately, then waiting and testing if it still works, until you find the boundary where it stops working.

I also noticed that the API tracks usage statistics for API keys. When you make several API calls with the same key, what fields get updated in the database and what are the actual values you observe after making the calls?Finally, when a login attempt fails with wrong credentials, what specific log messages appear and what HTTP response details come back? I want to see the actual logged output and response, not just what the code says should happen.

Show me evidence from actually running the system rather than just reading the code. Don't modify any source files in the repository, but you can create test scripts to observe behavior - just clean them up afterward.",retrieval_miss,16d9f0ea-f95c-43a7-ace3-fc5d5929ee07,"This note directly addresses the user's specific questions about session storage format (pickled bytes in Redis), session ID structure (signed with itsdangerous), and session handling, which are key parts of the investigation."
20260907T013422.077067776Z-openclaw-sweatlasqa-pilot30-shuffle1-amem-repo-sglang,task-6905333b74f22949d97baa1d,5,1,repo-scope,0,SimpleLogin session handling Redis deserialization,"I’m testing the SimpleLogin repository and trying to understand how server-side session handling behaves at runtime, especially when stored session data is turned back into Python objects. I want to see what normal sessions look like as users log in and out and then what actually happens if the session data in Redis is corrupted or malformed. Does the next request fail, silently reset the session, or surface an error, and what shows up in responses or logs when that happens? I’m trying to understand where the boundary lies between a harmless reset and a real deserialization risk, based on what you can observe while the system is running rather than theory alone. If an attacker could tamper with session bytes but not forge the signed session ID, does that meaningfully change the risk, and how does the runtime behavior support that conclusion? Temporary scripts may be used for observation, but the repository itself should remain unchanged, and anything temporary should be cleaned up afterward.",addition_gap,,"None of the provided notes contain information regarding server-side session handling, Redis session storage, deserialization risks, or runtime behavior during session corruption."
20260907T013422.077076453Z-openclaw-sweatlasqa-pilot30-shuffle1-amem-task-sglang,task-6905333b74f22949d97ba9a4,12,1,task-scope,0,SimpleLogin dev startup backend configuration,"I'm trying to understand what actually happens when SimpleLogin is started locally in development environment. I'm wondering how the backend starts up in dev mode, how configuration is loaded, which log messages indicate that it's ready to accept requests, and what ports or endpoints it exposes. 

I’m interested in how a single authenticated request is handled by the app, where the request first enters the application, how the user identity is determined at runtime, and how that authentication context is carried through request handling. The entry point and user identification flow are my main concerns here. I also want to know whether the app automatically starts any background jobs or schedulers, or if there’s anything going on besides handling incoming requests.

I'm not looking for what the code says should happen, I want to know what actually gets printed when you run it. Please don’t modify any repository source files while investigating. Temporary scripts are fine if needed, but leave the codebase unchanged and clean up anything you create when you’re done.",addition_gap,,no candidate notes existed in store at call time
20260907T013422.077076453Z-openclaw-sweatlasqa-pilot30-shuffle1-amem-task-sglang,task-6905333b74f22949d97ba9a5,6,1,task-scope,0,alias creation signed suffix validation rate limiting,"I am debugging intermittent validation failures during custom alias creation that don't match the expected behavior, which seems related to how signed suffixes are verified. When attempting to create custom aliases with invalid or expired signed suffixes, what exact HTTP status codes and error messages appear in the API responses, and what corresponding validation log entries show up in the server console? Check whether any rate-limiting headers appear in the responses and what their actual values are. For successful alias creation attempts, what quota-related checks occur, what specific values get logged when the system verifies whether the user can create more aliases? Trace through the execution path to identify which component validates signed suffixes and enforces creation limits, and what conditions trigger rejection. Don't modify the repository code temporary test scripts or API calls are fine but keep the codebase unchanged.",addition_gap,,no candidate notes existed in store at call time
20260907T013422.077076453Z-openclaw-sweatlasqa-pilot30-shuffle1-amem-task-sglang,task-6905333b74f22949d97ba9a6,14,1,task-scope,0,email privacy anonymous aliases system setup,"I'm trying to get this email privacy system with anonymous aliases running for the first time and I want to understand how all the pieces fit together during initialization.

The system has a web server, an email handler, background jobs, and some cron tasks. I need to set everything up from scratch and see what actually happens when it starts.

Here's what I'm trying to figure out:

When I run the database migrations on an empty PostgreSQL database, how many tables get created in total? And what's the exact name of the last table that gets created based on the migration output order?

For the web server startup, what's the log message that tells me it's actually ready to accept connections? I'm also curious how many milliseconds pass between the first log entry and that ready message.

The email handler can take a custom port. If I start it with port 25025, does the startup log confirm it's listening on that port? What message shows up exactly?

I want to test the registration flow. If I create a user account with email ""[testuser@example.com](mailto:testuser@example.com)"" and password ""testpass123"", then immediately try to login before activating it, what's the exact JSON error message the API returns and what HTTP status code comes with it? I'd also like to see the full curl command output. And when I query the database directly for that user, what boolean values do the activated and notification columns actually show?

Also, there are different alias limits for different account types. I want to verify how the system handles this dynamically. First, create a fresh user and call /api/user_info to see what max_alias_free_plan value the API actually returns in the JSON response. Then, experiment with changing the configuration - try setting a different limit value like 10, restart the server, create a second new user, and call /api/user_info again for that user. What are the exact API responses before and after the change? Do both users reflect the new limit or only the one created after the change?

I'm trying to understand the actual runtime behavior here, not just what the code suggests should happen. Don't modify any of the source files, but feel free to create test config files or .env files to experiment with different settings.",addition_gap,,no candidate notes existed in store at call time
20260907T013422.077076453Z-openclaw-sweatlasqa-pilot30-shuffle1-amem-task-sglang,task-6905333b74f22949d97ba9a6,14,2,task-scope,0,email privacy system SimpleLogin database migration registration,"I'm trying to get this email privacy system with anonymous aliases running for the first time and I want to understand how all the pieces fit together during initialization.

The system has a web server, an email handler, background jobs, and some cron tasks. I need to set everything up from scratch and see what actually happens when it starts.

Here's what I'm trying to figure out:

When I run the database migrations on an empty PostgreSQL database, how many tables get created in total? And what's the exact name of the last table that gets created based on the migration output order?

For the web server startup, what's the log message that tells me it's actually ready to accept connections? I'm also curious how many milliseconds pass between the first log entry and that ready message.

The email handler can take a custom port. If I start it with port 25025, does the startup log confirm it's listening on that port? What message shows up exactly?

I want to test the registration flow. If I create a user account with email ""[testuser@example.com](mailto:testuser@example.com)"" and password ""testpass123"", then immediately try to login before activating it, what's the exact JSON error message the API returns and what HTTP status code comes with it? I'd also like to see the full curl command output. And when I query the database directly for that user, what boolean values do the activated and notification columns actually show?

Also, there are different alias limits for different account types. I want to verify how the system handles this dynamically. First, create a fresh user and call /api/user_info to see what max_alias_free_plan value the API actually returns in the JSON response. Then, experiment with changing the configuration - try setting a different limit value like 10, restart the server, create a second new user, and call /api/user_info again for that user. What are the exact API responses before and after the change? Do both users reflect the new limit or only the one created after the change?

I'm trying to understand the actual runtime behavior here, not just what the code suggests should happen. Don't modify any of the source files, but feel free to create test config files or .env files to experiment with different settings.",addition_gap,,no candidate notes existed in store at call time
20260907T013422.077076453Z-openclaw-sweatlasqa-pilot30-shuffle1-amem-task-sglang,task-6905333b74f22949d97ba9a7,15,1,task-scope,0,SimpleLogin codebase workflow task email forwarding,"I want to understand how SimpleLogin processes multi step workflows at runtime.

In scenarios where a mailbox verification code is submitted incorrectly multiple times in succession, what observable state changes and enforcement mechanisms does the running system apply? Trace the actual runtime behavior to determine what limits exist, how failed attempts are tracked, and what ultimately prevents further submissions.

For background tasks that are scheduled and later picked up for execution, trace the complete lifecycle from initial creation through final completion. If a task encounters an error during execution, what recovery or retry behavior is applied, and what observable state reflects that failure?

During email forwarding through an alias, what exact format is used for the special address generated to handle delivery failures? If a failure notification arrives at this address, trace how the system identifies the original email, what state changes are recorded, and how the handling behavior differs depending on the direction of the original message.

Temporary inspection or debugging tools may be used to observe runtime behavior, but source files should not be modified and any temporary artifacts should be cleaned up afterward.",addition_gap,,no candidate notes existed in store at call time
20260907T013422.077076453Z-openclaw-sweatlasqa-pilot30-shuffle1-amem-task-sglang,task-6905333b74f22949d97ba9a8,10,1,task-scope,0,SimpleLogin codebase Flask startup port health check,"I'm onboarding into the SimpleLogin codebase and need to understand how it actually behaves when running. I want to know what port the Flask app binds to and what the startup logs look like when it initializes. For the health check, what response body and status code does it return? When a user creates an alias through the API, what does the actual JSON response look like, and what ends up in the database, which table, and what values? I'm also curious about failure behavior. If PostgreSQL isn't available when the app starts, what error appears, and where does it break? I need to see actual runtime output, not just what the code says should happen. You can create temporary test scripts, but don't modify the repository and clean up afterward.",addition_gap,,no candidate notes existed in store at call time
20260907T013422.077076453Z-openclaw-sweatlasqa-pilot30-shuffle1-amem-task-sglang,task-6905333b74f22949d97ba9a9,13,1,task-scope,0,SimpleLogin alias reply routing pipeline,"I'm running into unexpected behavior in the alias reply-handling flow of SimpleLogin and I want to determine whether it's a real issue or just a misunderstanding of how the pipeline works. When a user replies to an email that was forwarded through an alias, the backend is supposed to receive the inbound message, identify which alias it belongs to, and relay it back to the correct recipient, but in my local tests some replies appear to be routed to the wrong user even though the logs show the alias being recognized. Using the development environment, simulate an inbound email reply and trace the runtime flow end-to-end: observe which part of the system handles the incoming message, how the alias is resolved to a user, and what user ID the system ultimately decides to forward the reply to. Based on this live execution trace, explain the actual data flow and identify the most likely point in the pipeline where an incorrect routing decision could originate. You can create temporary scripts or logs that's fine but clean them up and leave the codebase as you found it.",addition_gap,,no candidate notes existed in store at call time
20260907T013422.077076453Z-openclaw-sweatlasqa-pilot30-shuffle1-amem-task-sglang,task-6905333b74f22949d97ba9aa,8,1,task-scope,0,SimpleLogin application structure components,"I'm new to SimpleLogin and trying to get everything running locally. Once the application starts, how can I tell that the web server, email handler, and job runner are actually up and responding? What should I see in the logs or dashboard UI that confirms users can sign in and manage their aliases?

After it's running, try performing some basic user actions like creating a new account, creating an alias, and having that alias receive an email. What happens when a new account interacts with aliases or tries to receive mail, and how does the system show that these actions were handled correctly? What should I see at runtime that confirms the behavior you would expect?

While the application is active, do the email handler and job runner automatically come online in the background to support email activity or data handling? What behavior suggests that these internal components are functioning as intended across different situations?

Do not modify the source code. You can create temporary testing data such as accounts or aliases but clean them up when you are done.",addition_gap,,no candidate notes existed in store at call time
20260907T013422.077076453Z-openclaw-sweatlasqa-pilot30-shuffle1-amem-task-sglang,task-6905333b74f22949d97ba9aa,8,2,task-scope,1,SimpleLogin web server email handler job runner startup log verification,"I'm new to SimpleLogin and trying to get everything running locally. Once the application starts, how can I tell that the web server, email handler, and job runner are actually up and responding? What should I see in the logs or dashboard UI that confirms users can sign in and manage their aliases?

After it's running, try performing some basic user actions like creating a new account, creating an alias, and having that alias receive an email. What happens when a new account interacts with aliases or tries to receive mail, and how does the system show that these actions were handled correctly? What should I see at runtime that confirms the behavior you would expect?

While the application is active, do the email handler and job runner automatically come online in the background to support email activity or data handling? What behavior suggests that these internal components are functioning as intended across different situations?

Do not modify the source code. You can create temporary testing data such as accounts or aliases but clean them up when you are done.",retrieval_miss,90db693e-0011-45a5-905c-2d38fbfea5a7,"This note provides the specific health check endpoint and port information needed to verify the web server is up, directly addressing the user's question about confirming service status."
20260907T013422.077076453Z-openclaw-sweatlasqa-pilot30-shuffle1-amem-task-sglang,task-6905333b74f22949d97ba9ab,9,1,task-scope,0,SimpleLogin alias creation codebase structure,"I want to understand how SimpleLogin behaves during a normal alias-creation flow. To do that, run the full application locally using the standard development setup, login with any test user, and create a new alias while observing the system in real time.

As you go through this flow, watch the frontend and note exactly what request it sends to the backend when an alias is created. Then observe what the backend returns, including any status codes, payloads, or metadata that appear in the response. While the request is being processed, check what changes occur in the database. Identify which records are inserted or updated, how many tables are touched, and whether any related entities are created as part of the same operation.

Pay close attention to the logs to see whether the system triggers any background tasks, emits follow-up events, or performs additional work beyond the initial write. If anything fails, such as validation problems, DB errors, or network issues. Note how the error surfaces in the API response, logs, and resulting database state. Don't modify any of the repository source files while investigating. Feel free to create temporary scripts that's fine, but leave the actual codebase as you found it and ensure to clean up any temporary files or scripts you create when you're done.",addition_gap,,no candidate notes existed in store at call time
20260907T013422.077076453Z-openclaw-sweatlasqa-pilot30-shuffle1-amem-task-sglang,task-6905333b74f22949d97ba9ac,1,1,task-scope,0,SimpleLogin email forwarding alias processing,"I'm investigating a production issue where users report inconsistent behavior when emails are forwarded through SimpleLogin aliases. I need to trace the actual email processing flow to understand what's happening. When the email handler processes an incoming email to an alias, I want to observe, what is the exact log message text that appears when an email is successfully forwarded versus when it fails due to a non-existent alias, what specific SL Message-ID gets generated during forwarding and how does it differ from the original Message-ID, what is the exact From header value in the forwarded email after transformation including the reply-email address format, and what database records are created during a single forward operation show me the actual record IDs and timestamps. Trace through an actual email forward operation and capture these specific runtime values. I need to see actual generated values, not what the code logic suggests should happen. Just don't modify any source files while investigating, and clean up any test containers or DB instances you spin up.",addition_gap,,no candidate notes existed in store at call time
20260907T013422.077076453Z-openclaw-sweatlasqa-pilot30-shuffle1-amem-task-sglang,task-6905333b74f22949d97ba9ad,4,1,task-scope,0,SimpleLogin codebase repository structure,"I am setting up SimpleLogin for the first time and I want to confirm that the platform is actually working the way it should when everything is running locally. After starting the system what should I notice in the logs or UI that shows the app is ready to handle user authentication and alias based email activity?

Once it is running can you try walking through the typical product experience as if you were a new user signing up for the first time. What happens when a user registers verifies their address and tries to log in. What visible behavior confirms that the system is handling every step correctly and forwarding the user into the dashboard as expected?

I am also curious about what the application does behind the scenes during that flow. Are there any indicators that background jobs or internal services are doing their part to support email forwarding or identity verification. What should I expect to observe at runtime that tells me these moving pieces are active and talking to each other properly?

You can create anything temporary that you need for testing like new users or aliases but remove them when you are done and please do not make any changes to the source code.",addition_gap,,no candidate notes existed in store at call time
20260907T013422.077076453Z-openclaw-sweatlasqa-pilot30-shuffle1-amem-task-sglang,task-6905333b74f22949d97ba9ae,2,1,task-scope,0,SimpleLogin reply handling contact alias forwarding,"I’d like to understand how SimpleLogin resolves inbound email replies to a contact and forwarding destination during normal alias usage, specifically in cases where a reply ends up being delivered to a different user than the alias owner. As inbound reply messages are processed, focus on how the system derives the reply email address and uses it to identify the associated contact. Observe the actual runtime values involved in this resolution, the extracted reply email, the contact (if any) that it resolves to, and the user or alias ultimately selected as the forwarding destination. Track how these values behave across multiple reply events. Note whether the same reply email ever resolves to different contacts over time, fails to resolve temporarily, or resolves correctly but later results in forwarding to a different user than expected. Use these observations to determine whether the reply-handling logic specifically the lookup of contacts by reply email exhibits any race conditions, uniqueness assumptions, or timing-related inconsistencies that could explain why a reply is routed to the wrong user. Describe the runtime values you observed during reply resolution and explain how those values lead to the observed behavior. Don’t modify any repository source files. If temporary scripts or tooling are needed to observe behavior, that’s fine, but clean them up afterward and leave the repository unchanged.",addition_gap,,no candidate notes existed in store at call time
20260907T013422.077076453Z-openclaw-sweatlasqa-pilot30-shuffle1-amem-task-sglang,task-6905333b74f22949d97ba9af,3,1,task-scope,0,application stack database email domain initialization,"I'm trying to get the development environment running locally for the first time, and the documentation isn't very clear about the startup order or what breaks if certain setup steps are skipped. I want to bring the whole stack up from scratch and note what actually happens along the way.

To start with, I want to see what happens if the database isn't fully set up yet. With PostgreSQL running and an empty database created (no tables, migrations not run), what error do I actually hit when I start the server with python [server.py](http://server.py) and then try to open the login page in the browser? I'm looking for the full Python exception that gets raised.

Once the database migrations and the initialization script (init\_[app.py](http://app.py)) have been run and everything is set up correctly, I need to understand which Python services must be running for the system to work. Start each required service and show me the exact log output that confirms it's running and ready to accept connections. I want to see the actual startup messages from stdout/stderr, not just what the code says I need to verify the services are actually binding to their ports and working.

I'm also curious about what happens if the initialization step is skipped. If I run the migrations but don't run init\_[app.py](http://app.py), the SLDomain table should be empty (no email domains configured). If I then start the email handler and simulate an incoming email addressed to any @sl.local address, what happens? What SMTP status code does the email handler return to the sender, and what does it log to explain the rejection?

I'm not changing or deleting any source files here I just want to observe the system's behavior. Temporary config files or small test scripts are fine if needed.",addition_gap,,no candidate notes existed in store at call time
20260907T013422.077076453Z-openclaw-sweatlasqa-pilot30-shuffle1-amem-task-sglang,task-6905333b74f22949d97ba9b2,11,1,task-scope,0,SimpleLogin bounce email handling,"I'm investigating a potential information leakage issue in SimpleLogin's bounce email handling system. I've noticed that the codebase appears to support two different address formats for processing email bounces, what looks like an older format with the email log ID visible in plain text and a newer format that seems to use some kind of signature verification.

I wonder how bounces are routed, I'm seeing that emails sent to addresses like bounce+12345+@domain seem to be processed differently than those using the newer signed format. What concerns me is whether an external attacker could craft bounce emails to these older-style addresses and learn something by observing the SMTP responses.

I'm curious what's actually happening under the hood here, where the security boundaries really are, and what slips through without cryptographic validation. I wonder what exact SMTP responses come back when probing different scenarios, such as hitting a valid ID versus an invalid one, and what happens when something doesn't quite meet the bounce validation requirements. I don't want theoretical explanations of what the code should do, I want to see actual evidence of how the system behaves in practice.

What also puzzles me is the bounce detection itself. What makes the system accept something as a bounce in the first place? What criteria does it check? Could an attacker who controls the SMTP envelope and headers spoof those criteria? I'm curious what happens when those checks pass versus when they don't. And beyond just valid versus invalid, I wonder if the response codes reveal more than just whether an ID exists.

Don't modify any source files in the repository. You can create test scripts to observe the actual behavior, but clean them up when finished.",addition_gap,,no candidate notes existed in store at call time
20260907T013422.077076453Z-openclaw-sweatlasqa-pilot30-shuffle1-amem-task-sglang,task-6905333b74f22949d97ba9d0,27,1,task-scope,0,paperless-ngx architecture periodic tasks Celery beat schedule,"I'm evaluating paperless-ngx architecture and need to understand what background maintenance happens automatically. Set up the development environment, what periodic tasks are registered with the task scheduler, and where is the schedule configuration defined? Find the sanity checker; what does it validate, what log output does it produce, and how often does it run? Is there automatic index optimization or database cleanup? Check if there's a task that handles failed document retries or stuck processing jobs. Look at the Celery beat schedule configuration and list all recurring tasks with their intervals. Trace through the code to find where periodic tasks are defined and registered. What happens if a scheduled task fails; is there retry logic or alerting? Are there any tasks that run on startup versus strictly on schedule? Query the database to see if there's a table tracking task execution history or scheduled job state. What controls whether these maintenance features are enabled or disabled? Don't modify source code; observing system behavior is fine, clean up any test artifacts when done.",addition_gap,,no candidate notes existed in store at call time
20260907T013422.077076453Z-openclaw-sweatlasqa-pilot30-shuffle1-amem-task-sglang,task-6905333b74f22949d97ba9d1,28,1,task-scope,0,Paperless-NGX search index synchronization document changes,"I want to understand how Paperless-NGX keeps its search index synchronized with document changes before I start working with this codebase. With the full environment running, I'm curious what actually happens at runtime when a document gets modified after it's already been ingested. If I change an existing document's title through the API to something unique and then search for that exact new title within a few seconds, does the document appear in results immediately, or do I need to wait for background processing to complete? While making this change, I want to watch what happens in the background task worker process specifically to see whether any job gets picked up in response to the edit, or whether the update completes entirely within the API request before returning. Something I particularly want to explore is what happens if a document's title gets updates directly in the database using a raw SQL statement rather than through the API. After making that direct change and searching for the new title, does the document appear in search results, or does the index remain stale? If it stays stale, I want to know whether there is a way to force the system to reconcile the index with the current database state, and what observable effect that reconciliation process has on the worker logs and task queue. I'm also wondering how the system would behave if the search index became corrupted or deleted entirely while documents still exist in the database. After removing the index files and triggering whatever recovery mechanism exists, how long does reconstruction take for a small set of documents, and what processing activity is visible during that rebuild? The goal is to understand whether the system can self-heal from index inconsistencies or whether manual intervention is always required. You may create temporary test documents for observation, but don't modify any source files and clean up test artifacts when finished.",addition_gap,,no candidate notes existed in store at call time
20260907T013422.077076453Z-openclaw-sweatlasqa-pilot30-shuffle1-amem-task-sglang,task-6905333b74f22949d97ba9d2,20,1,task-scope,0,paperless-ngx document processing pipeline metadata,"I’m trying to get a big-picture understanding of how documents flow through the system. How does a new document usually enter paperless-ngx. Once a document is received, what are the main stages it goes through before it’s fully processed and available, are there any background jobs and what is used for background execution.

I’m also curious about the kind of information paperless stores for each document. What metadata fields are saved, and which ones are absolutely required versus optional or derived later during runtime-processing. Can you show with a runtime example?

Also I wonder how things like tags, correspondents, and document types are used together to organize documents in a practical way.

Please don’t make any changes to the repository itself. You can create temporary scripts for testing if needed but do clean them up once you're done.",addition_gap,,no candidate notes existed in store at call time
20260907T013422.077076453Z-openclaw-sweatlasqa-pilot30-shuffle1-amem-task-sglang,task-6905333b74f22949d97ba9d3,16,1,task-scope,0,paperless-ngx document ingestion pipeline processing,"I am trying to understand how paperless-ngx processes documents at runtime before making any changes. Once the application is up and all of its services are running, I want to submit a test PDF and observe how the ingestion pipeline actually behaves. As the document moves through the system, which services are involved, and what sequence of events shows up in the logs? I also want to upload a few more documents and watch how the system reacts after each one. Does the machine learning classifier retrain automatically on every upload, or only under certain conditions, and what log messages make it clear when training is happening versus when the classifier stays idle? After a document finishes processing, I want to see where it ends up on disk, what directory structure and filename pattern paperless-ngx uses by default, and which database tables receive new rows as part of ingestion. You should not modify or edit any existing files in the repository, but you can create temporary scripts or test documents if they help with the investigation, as long as everything you create is cleaned up when you are done.",addition_gap,,no candidate notes existed in store at call time
20260907T013422.077076453Z-openclaw-sweatlasqa-pilot30-shuffle1-amem-task-sglang,task-6905333b74f22949d97ba9d3,16,2,task-scope,1,paperless-ngx ingestion classifier retraining train,"I am trying to understand how paperless-ngx processes documents at runtime before making any changes. Once the application is up and all of its services are running, I want to submit a test PDF and observe how the ingestion pipeline actually behaves. As the document moves through the system, which services are involved, and what sequence of events shows up in the logs? I also want to upload a few more documents and watch how the system reacts after each one. Does the machine learning classifier retrain automatically on every upload, or only under certain conditions, and what log messages make it clear when training is happening versus when the classifier stays idle? After a document finishes processing, I want to see where it ends up on disk, what directory structure and filename pattern paperless-ngx uses by default, and which database tables receive new rows as part of ingestion. You should not modify or edit any existing files in the repository, but you can create temporary scripts or test documents if they help with the investigation, as long as everything you create is cleaned up when you are done.",addition_gap,,no candidate notes existed in store at call time
20260907T013422.077076453Z-openclaw-sweatlasqa-pilot30-shuffle1-amem-task-sglang,task-6905333b74f22949d97ba9d4,29,1,task-scope,0,Paperless-NGX runtime background processes tasks,"I want to understand how Paperless-NGX behaves at runtime once the system is up and idle, before I start making changes to the codebase. Get Paperless-NGX running at the specified commit. Once it's idle and stable, what background processes or tasks continue executing automatically? What are the actual log entries that appear periodically showing the system is healthy and ready? I need the specific log messages, their frequency, and what they indicate. 
Also, if you briefly interrupt and restart part of the system, what specific log messages confirm everything has reconnected and is operational again? What components or processes keep running continuously to maintain Paperless-NGX in a ready state, even when no documents are being processed? You may use temporary helper commands or inspection tools if needed, but don’t modify any source files and clean up any temporary artifacts when you’re done.",addition_gap,,no candidate notes existed in store at call time
20260907T013422.077076453Z-openclaw-sweatlasqa-pilot30-shuffle1-amem-task-sglang,task-6905333b74f22949d97ba9d5,30,1,task-scope,0,Paperless-NGX document ingestion processing pipeline,"I’m trying to understand how data moves through Paperless-NGX during normal document ingestion so I can get oriented before working on the codebase. When Paperless-NGX is running from this repository at the specified commit and a new document appears in the system, what observable runtime behavior shows how the document is detected and handed off for processing? What log messages, task names, or state changes indicate the transition from initial detection into parsing, classification, and indexing, and how does the system reflect progress or completion of each stage while the document is being processed? After processing finishes, what observable evidence shows where the document’s data ends up and how its final state is recorded? Based on what you can directly observe at runtime, how does Paperless-NGX track whether a document has already been processed or needs further work, and what behavior or logs indicate how the system avoids duplicate processing? Keep the explanation grounded in runtime observations rather than assumptions from reading the code alone. You may use temporary test files if helpful, but don’t modify any source files and clean up any temporary artifacts when you’re done.",addition_gap,,no candidate notes existed in store at call time
20260907T013422.077076453Z-openclaw-sweatlasqa-pilot30-shuffle1-amem-task-sglang,task-6905333b74f22949d97ba9d6,24,1,task-scope,0,paperless-ngx OCR processing document pipeline,"I’m trying to get a practical understanding of how OCR behaves in paperless-ngx at runtime, especially in cases where it’s hard to tell what the system is actually doing. When I upload an image that has no embedded text, how can I see that OCR has started, and what does the document’s processing state look like while it’s running? I want to watch how background workers behave during this phase and understand what signals really indicate active OCR work. If I upload a similar image that already contains text, does the system skip OCR entirely, or does it still touch the OCR pipeline in some way, and how can I tell the difference after processing finishes? I also want to compare the final API responses for both cases to understand which fields show OCR-generated text versus existing text. Finally, when OCR produces weak or incomplete results, what actually happens to the document’s final state? Does it still count as fully processed, and how is that reflected in the saved metadata? Temporary scripts may be used for observation, but the repository itself should remain unchanged, and anything temporary should be cleaned up afterward.",addition_gap,,no candidate notes existed in store at call time
20260907T013422.077076453Z-openclaw-sweatlasqa-pilot30-shuffle1-amem-task-sglang,task-6905333b74f22949d97ba9d7,19,1,task-scope,0,paperless authentication API token Django,"I'm planning to integrate some external tools with the paperless API and need to understand how authentication works first. Get paperless running locally, create a test user, and generate an API token for them. Make an authenticated request to list documents. What's the exact HTTP header name and format paperless expects for the token, and what's the complete endpoint path? What does the JSON response look like, specifically what are the top level fields, and is pagination involved or does it dump everything at once? Try that same request without auth and tell me what status code and error message you get. Then trace through the Django code to find which authentication class handles token authentication and what model stores the tokens. Don't modify the codebase, creating test users, tokens, and any temporary files you need is fine, but leave the source code untouched and clean up any additional files or changes when you're done.",addition_gap,,no candidate notes existed in store at call time
20260907T013422.077076453Z-openclaw-sweatlasqa-pilot30-shuffle1-amem-task-sglang,task-6905333b74f22949d97ba9d8,23,1,task-scope,0,document classification machine learning pipeline OCR training tests,"I am debugging non-deterministic failures in the document classification tests and want to understand how the machine learning pipeline behaves during test execution when training and OCR. I want to observe whether the classifier reuses an existing model or retrains during the same test run, and how that affects later tests. When a test exercises automatic correspondent matching, how many training documents are created, when does training occur relative to those inserts, and what confidence threshold is used to accept or reject predictions? I also want to see how edge cases are handled, such as when a document has no extractable text, including which OCR subprocess is invoked and what mime type is assigned to the output. Finally, when barcode splitting is involved, how many document records are created from a single input, which barcode values trigger a split, and where in the code that decision is made, especially if this changes the effective training data during the test run. Please do not modify the source code; you may create temporary helpers while investigating, but clean up anything temporary before finishing.",addition_gap,,no candidate notes existed in store at call time
20260907T013422.077076453Z-openclaw-sweatlasqa-pilot30-shuffle1-amem-task-sglang,task-6905333b74f22949d97ba9d9,21,1,task-scope,0,paperless-ngx background processing queue tasks,"I'm trying to understand how paperless-ngx actually handles background processing when it ingests documents. I want to see what happens at runtime, not just read the config files.

Can you help me make sense of how async work behaves in a live setup? I’m interested in what services are involved behind the scenes, how background jobs appear once they are created, and how the system tells the difference between work that is waiting and work that is actively being processed. I also want to understand where the task state ends up being stored and how you can tell, after the fact, what happened to a given job.

From the code perspective, I want to connect that runtime behavior back to its origin. Where are these background jobs actually triggered, and what part of the code is responsible for sending them into the queue? Don’t modify any repository source files. If you need to create temporary scripts or artifacts to observe behavior, that’s fine, but clean them up afterward and leave the codebase unchanged.",addition_gap,,no candidate notes existed in store at call time
20260907T013422.077076453Z-openclaw-sweatlasqa-pilot30-shuffle1-amem-task-sglang,task-6905333b74f22949d97ba9db,22,1,task-scope,0,Paperless-NGX document tags file move classifier duplicate detection,"I'm onboarding into the Paperless-NGX repository and I'm curious about the hidden choreography that happens when the system is actually running. When a document's tags change and the filename format includes tags in the directory structure, files apparently relocate themselves. I wonder what log messages actually appear during that dance, and what the before and after paths look like in practice. There's supposedly a rollback safety net if something goes wrong during a file move, but I can't tell from reading the code whether it truly recovers or just promises to, what actually happens to files when a move fails partway through? Beyond file handling, there are other runtime mysteries I want to explore. The classifier's behavior puzzles me, sometimes training finishes instantly, other times it takes much longer. I want to trigger both scenarios and see the actual log messages that explain why training was skipped versus why it proceeded with full retraining, including whatever hash or checksum the system uses to detect changes. Duplicate detection feels like magic, two files that look completely different can still be rejected as duplicates, and I want to see the actual checksums being compared at that moment of judgment. The sanity checker intrigues me as well, what does its output actually look like when an archive is healthy versus when something has gone wrong, and can I see the specific hash values it compares when it discovers a mismatch? I also wonder about ghost files, whether orphaned files really linger in the media folder and what the system actually reports when it finds them. I need to see real runtime evidence for all of this; actual paths, actual checksums, actual log messages. Temporary scripts may be used for observation, but the repository itself should remain unchanged and anything temporary cleaned up afterward.",addition_gap,,no candidate notes existed in store at call time
20260907T013422.077076453Z-openclaw-sweatlasqa-pilot30-shuffle1-amem-task-sglang,task-6905333b74f22949d97ba9dc,25,1,task-scope,0,paperless-ngx repository structure OCR,"I'm getting inconsistent OCR results when testing paperless-ngx locally with multi-page PDFs and need to understand the processing behavior better. Get the development environment running normally (create admin user if needed during setup), then upload a multi-page PDF through the standard interface that requires OCR processing. What HTTP response status and message do you receive immediately after upload submission? As processing happens, what key log patterns appear that show the document moving through different stages, including the OCRmyPDF invocation parameters? After processing finishes, what do the generated archive PDF and thumbnail filenames look like in the media storage area? Check the document record in the database - what fields are actually stored (not filesystem-only metadata) and what values appear for the processed document? No file modifications or permanent changes allowed, clean up any test files completely when done.",addition_gap,,no candidate notes existed in store at call time
20260907T013422.077076453Z-openclaw-sweatlasqa-pilot30-shuffle1-amem-task-sglang,task-6905333b74f22949d97ba9dd,18,1,task-scope,0,Paperless-NGX document ingestion workflow,"I need to understand how Paperless-NGX processes a document from ingestion through indexing before I start working with the codebase. Set up the full environment and get all services running normally. Drop a small test file into the consumption directory and follow what happens. What log messages appear when the system first detects the file, what ingestion task gets triggered, and what additional tasks show up as the document moves through parsing, classification, and indexing? While the task is queued, check what the message broker is storing. What payload format or data structure represents the queued task? After processing completes, query the database to see where the document record is stored, which fields capture the parsed metadata, and where the system keeps a record of task execution or processing history.
Then trace the high-level codepath behind this workflow based on the behavior you observe. Starting from the part of the system that detects the new file, follow the chain of components involved in creating and submitting the ingestion task. Which part of the application is responsible for creating that task object, and what queuing framework does Paperless-NGX rely on to dispatch it? You may use temporary helper scripts or test files if needed, but don’t modify the actual source code, and clean up any temporary artifacts when you’re done.",addition_gap,,no candidate notes existed in store at call time
20260907T013422.077076453Z-openclaw-sweatlasqa-pilot30-shuffle1-amem-task-sglang,task-6905333b74f22949d97ba9de,26,1,task-scope,0,Paperless memory usage metadata processing,"I'm investigating a strange memory usage pattern in the Paperless document processing system. When the system imports documents, it sometimes consumes far more memory than expected for the metadata handling, but this doesn't happen consistently and seems to vary based on the document source or processing stage.

What I'm seeing is that memory usage spikes significantly during document import operations, particularly when metadata is being processed, but the spike seems disproportionate to the actual document size. The odd part is that this memory doesn't always get released back to the system in a timely manner, even after processing is complete. This seems unusual because these are mostly text documents with relatively small metadata - we're not dealing with massive image processing here.

Can you figure out what's causing these memory spikes? I'm curious whether there's something in the metadata handling that's creating unnecessary copies or holding references longer than needed, or if there's caching behavior that's accumulating data unexpectedly. What's different between the cases where memory spikes and cases where it doesn't? How does the behavior change with different document types or batch sizes?

I need to see actual runtime memory measurements during processing, understand which components or methods are responsible for holding onto memory, and get evidence showing whether this is normal Python garbage collection behavior or something problematic. Show me what patterns you can find and where the memory is actually going.

Don't modify any repository source files. You can create temporary test scripts or helper tools to reproduce and analyze the behavior, but clean them up and leave the codebase unchanged when done.",addition_gap,,no candidate notes existed in store at call time
20260907T013422.077076453Z-openclaw-sweatlasqa-pilot30-shuffle1-amem-task-sglang,task-6905333b74f22949d97ba9de,26,2,task-scope,0,Paperless memory content field DocumentSerializer serialization,"I'm investigating a strange memory usage pattern in the Paperless document processing system. When the system imports documents, it sometimes consumes far more memory than expected for the metadata handling, but this doesn't happen consistently and seems to vary based on the document source or processing stage.

What I'm seeing is that memory usage spikes significantly during document import operations, particularly when metadata is being processed, but the spike seems disproportionate to the actual document size. The odd part is that this memory doesn't always get released back to the system in a timely manner, even after processing is complete. This seems unusual because these are mostly text documents with relatively small metadata - we're not dealing with massive image processing here.

Can you figure out what's causing these memory spikes? I'm curious whether there's something in the metadata handling that's creating unnecessary copies or holding references longer than needed, or if there's caching behavior that's accumulating data unexpectedly. What's different between the cases where memory spikes and cases where it doesn't? How does the behavior change with different document types or batch sizes?

I need to see actual runtime memory measurements during processing, understand which components or methods are responsible for holding onto memory, and get evidence showing whether this is normal Python garbage collection behavior or something problematic. Show me what patterns you can find and where the memory is actually going.

Don't modify any repository source files. You can create temporary test scripts or helper tools to reproduce and analyze the behavior, but clean them up and leave the codebase unchanged when done.",addition_gap,,no candidate notes existed in store at call time
20260907T013422.077076453Z-openclaw-sweatlasqa-pilot30-shuffle1-amem-task-sglang,task-6905333b74f22949d97ba9e0,17,1,task-scope,0,documents list pagination duplicate ghost haunt,"I am trying to figure out why the documents list can feel haunted during normal browsing, where paging through the documents view with a couple of common filters enabled can make the same document show up twice across neighboring pages or disappear for a page and then come back even though nobody is editing anything and the sort order looks unchanged. It gets stranger when the viewer is not an all powerful admin and visibility is shaped by sharing rules, because the glitch seems to depend on what the user is allowed to see rather than what exists. Is the backend producing duplicates that get collapsed somewhere later, is pagination happening before any de duplication, or is the ordering quietly unstable when multiple rows tie on the primary sort key? I want to watch what the API actually returns across consecutive page requests, and line that up with what the UI thinks pagination means until the exact condition that destabilizes the list becomes clear. Temporary scripts may be used for observation, but the repository itself should remain unchanged and anything temporary should be cleaned up afterward.",addition_gap,,no candidate notes existed in store at call time
20260907T013422.077076453Z-openclaw-sweatlasqa-pilot30-shuffle1-amem-task-sglang,task-6905333b74f22949d97ba9e8,7,1,task-scope,0,SimpleLogin authentication API sessions email forwarding alias,"I've been investigating SimpleLogin's authentication and noticed some behaviors I need to verify by actually observing the running system.

When I'm logged into the web interface and make API calls without an API key header, the requests seem to work. I need to confirm what HTTP status code actually comes back and what the response body structure looks like ,not what the code says should happen, but what actually happens when you try it.There's also something odd when trying to access privileged operations with just a browser session. The HTTP status code I get back isn't a standard authorization error, and the error message is unusual. What specific status code and exact error message text does the system actually return in this scenario?

For sessions, I want to understand what the stored session data actually looks like when you examine it directly in storage. Capture the raw bytes from the storage backend and show me what format they're in, what keys are present in the deserialized data for an authenticated session, and how the session key itself is structured.I'm also curious about session identifier behavior during authentication. If you capture the session ID from your cookie before login, then go through the login flow, does that identifier value stay the same or get replaced with a new one? I need to see the actual before and after values to know for sure.

On the email forwarding side, I want to know what happens to specific headers when a message passes through. If an incoming email has a custom X-header, a Received header, and a Reply-To header, which of those three actually make it through to the forwarded message and which get stripped? Send an actual test email and examine the result.

For the alias creation tokens, they clearly expire after some time window. I want to experimentally verify what that window is by testing whether a token works immediately, then waiting and testing if it still works, until you find the boundary where it stops working.

I also noticed that the API tracks usage statistics for API keys. When you make several API calls with the same key, what fields get updated in the database and what are the actual values you observe after making the calls?Finally, when a login attempt fails with wrong credentials, what specific log messages appear and what HTTP response details come back? I want to see the actual logged output and response, not just what the code says should happen.

Show me evidence from actually running the system rather than just reading the code. Don't modify any source files in the repository, but you can create test scripts to observe behavior - just clean them up afterward.",addition_gap,,no candidate notes existed in store at call time
20260907T013422.077076453Z-openclaw-sweatlasqa-pilot30-shuffle1-amem-task-sglang,task-6905333b74f22949d97ba9e8,7,2,task-scope,0,SimpleLogin API key session email forwarding header alias token,"I've been investigating SimpleLogin's authentication and noticed some behaviors I need to verify by actually observing the running system.

When I'm logged into the web interface and make API calls without an API key header, the requests seem to work. I need to confirm what HTTP status code actually comes back and what the response body structure looks like ,not what the code says should happen, but what actually happens when you try it.There's also something odd when trying to access privileged operations with just a browser session. The HTTP status code I get back isn't a standard authorization error, and the error message is unusual. What specific status code and exact error message text does the system actually return in this scenario?

For sessions, I want to understand what the stored session data actually looks like when you examine it directly in storage. Capture the raw bytes from the storage backend and show me what format they're in, what keys are present in the deserialized data for an authenticated session, and how the session key itself is structured.I'm also curious about session identifier behavior during authentication. If you capture the session ID from your cookie before login, then go through the login flow, does that identifier value stay the same or get replaced with a new one? I need to see the actual before and after values to know for sure.

On the email forwarding side, I want to know what happens to specific headers when a message passes through. If an incoming email has a custom X-header, a Received header, and a Reply-To header, which of those three actually make it through to the forwarded message and which get stripped? Send an actual test email and examine the result.

For the alias creation tokens, they clearly expire after some time window. I want to experimentally verify what that window is by testing whether a token works immediately, then waiting and testing if it still works, until you find the boundary where it stops working.

I also noticed that the API tracks usage statistics for API keys. When you make several API calls with the same key, what fields get updated in the database and what are the actual values you observe after making the calls?Finally, when a login attempt fails with wrong credentials, what specific log messages appear and what HTTP response details come back? I want to see the actual logged output and response, not just what the code says should happen.

Show me evidence from actually running the system rather than just reading the code. Don't modify any source files in the repository, but you can create test scripts to observe behavior - just clean them up afterward.",retrieval_miss,id=80d586b6-c3aa-454d-b551-a4b9bdadd10f,"This note explicitly provides the specific HTTP status code (400) and exact error message text ('Email or password incorrect') for failed login attempts, directly answering a key part of the user's question that the search failed to retrieve."
20260907T013422.077076453Z-openclaw-sweatlasqa-pilot30-shuffle1-amem-task-sglang,task-6905333b74f22949d97baa1d,5,1,task-scope,0,SimpleLogin session handling Redis deserialization,"I’m testing the SimpleLogin repository and trying to understand how server-side session handling behaves at runtime, especially when stored session data is turned back into Python objects. I want to see what normal sessions look like as users log in and out and then what actually happens if the session data in Redis is corrupted or malformed. Does the next request fail, silently reset the session, or surface an error, and what shows up in responses or logs when that happens? I’m trying to understand where the boundary lies between a harmless reset and a real deserialization risk, based on what you can observe while the system is running rather than theory alone. If an attacker could tamper with session bytes but not forge the signed session ID, does that meaningfully change the risk, and how does the runtime behavior support that conclusion? Temporary scripts may be used for observation, but the repository itself should remain unchanged, and anything temporary should be cleaned up afterward.",addition_gap,,no candidate notes existed in store at call time
20260907T111756.126345861Z-openclaw-sweatlasqa-pilot30-shuffle2-amem-task-sglang,task-6905333b74f22949d97ba9a4,14,1,task-scope,0,SimpleLogin backend startup configuration,"I'm trying to understand what actually happens when SimpleLogin is started locally in development environment. I'm wondering how the backend starts up in dev mode, how configuration is loaded, which log messages indicate that it's ready to accept requests, and what ports or endpoints it exposes. 

I’m interested in how a single authenticated request is handled by the app, where the request first enters the application, how the user identity is determined at runtime, and how that authentication context is carried through request handling. The entry point and user identification flow are my main concerns here. I also want to know whether the app automatically starts any background jobs or schedulers, or if there’s anything going on besides handling incoming requests.

I'm not looking for what the code says should happen, I want to know what actually gets printed when you run it. Please don’t modify any repository source files while investigating. Temporary scripts are fine if needed, but leave the codebase unchanged and clean up anything you create when you’re done.",addition_gap,,no candidate notes existed in store at call time
20260907T111756.126345861Z-openclaw-sweatlasqa-pilot30-shuffle2-amem-task-sglang,task-6905333b74f22949d97ba9a4,14,2,task-scope,5,SimpleLogin startup log messages ready,"I'm trying to understand what actually happens when SimpleLogin is started locally in development environment. I'm wondering how the backend starts up in dev mode, how configuration is loaded, which log messages indicate that it's ready to accept requests, and what ports or endpoints it exposes. 

I’m interested in how a single authenticated request is handled by the app, where the request first enters the application, how the user identity is determined at runtime, and how that authentication context is carried through request handling. The entry point and user identification flow are my main concerns here. I also want to know whether the app automatically starts any background jobs or schedulers, or if there’s anything going on besides handling incoming requests.

I'm not looking for what the code says should happen, I want to know what actually gets printed when you run it. Please don’t modify any repository source files while investigating. Temporary scripts are fine if needed, but leave the codebase unchanged and clean up anything you create when you’re done.",addition_gap,,no candidate notes existed in store at call time
20260907T111756.126345861Z-openclaw-sweatlasqa-pilot30-shuffle2-amem-task-sglang,task-6905333b74f22949d97ba9a5,12,1,task-scope,0,alias signed suffix validation HTTP status code quota,"I am debugging intermittent validation failures during custom alias creation that don't match the expected behavior, which seems related to how signed suffixes are verified. When attempting to create custom aliases with invalid or expired signed suffixes, what exact HTTP status codes and error messages appear in the API responses, and what corresponding validation log entries show up in the server console? Check whether any rate-limiting headers appear in the responses and what their actual values are. For successful alias creation attempts, what quota-related checks occur, what specific values get logged when the system verifies whether the user can create more aliases? Trace through the execution path to identify which component validates signed suffixes and enforces creation limits, and what conditions trigger rejection. Don't modify the repository code temporary test scripts or API calls are fine but keep the codebase unchanged.",addition_gap,,no candidate notes existed in store at call time
20260907T111756.126345861Z-openclaw-sweatlasqa-pilot30-shuffle2-amem-task-sglang,task-6905333b74f22949d97ba9a6,13,1,task-scope,0,email privacy anonymous aliases initialization database,"I'm trying to get this email privacy system with anonymous aliases running for the first time and I want to understand how all the pieces fit together during initialization.

The system has a web server, an email handler, background jobs, and some cron tasks. I need to set everything up from scratch and see what actually happens when it starts.

Here's what I'm trying to figure out:

When I run the database migrations on an empty PostgreSQL database, how many tables get created in total? And what's the exact name of the last table that gets created based on the migration output order?

For the web server startup, what's the log message that tells me it's actually ready to accept connections? I'm also curious how many milliseconds pass between the first log entry and that ready message.

The email handler can take a custom port. If I start it with port 25025, does the startup log confirm it's listening on that port? What message shows up exactly?

I want to test the registration flow. If I create a user account with email ""[testuser@example.com](mailto:testuser@example.com)"" and password ""testpass123"", then immediately try to login before activating it, what's the exact JSON error message the API returns and what HTTP status code comes with it? I'd also like to see the full curl command output. And when I query the database directly for that user, what boolean values do the activated and notification columns actually show?

Also, there are different alias limits for different account types. I want to verify how the system handles this dynamically. First, create a fresh user and call /api/user_info to see what max_alias_free_plan value the API actually returns in the JSON response. Then, experiment with changing the configuration - try setting a different limit value like 10, restart the server, create a second new user, and call /api/user_info again for that user. What are the exact API responses before and after the change? Do both users reflect the new limit or only the one created after the change?

I'm trying to understand the actual runtime behavior here, not just what the code suggests should happen. Don't modify any of the source files, but feel free to create test config files or .env files to experiment with different settings.",addition_gap,,no candidate notes existed in store at call time
20260907T111756.126345861Z-openclaw-sweatlasqa-pilot30-shuffle2-amem-task-sglang,task-6905333b74f22949d97ba9a7,2,1,task-scope,0,SimpleLogin multi-step workflow verification code failure retry email forwarding,"I want to understand how SimpleLogin processes multi step workflows at runtime.

In scenarios where a mailbox verification code is submitted incorrectly multiple times in succession, what observable state changes and enforcement mechanisms does the running system apply? Trace the actual runtime behavior to determine what limits exist, how failed attempts are tracked, and what ultimately prevents further submissions.

For background tasks that are scheduled and later picked up for execution, trace the complete lifecycle from initial creation through final completion. If a task encounters an error during execution, what recovery or retry behavior is applied, and what observable state reflects that failure?

During email forwarding through an alias, what exact format is used for the special address generated to handle delivery failures? If a failure notification arrives at this address, trace how the system identifies the original email, what state changes are recorded, and how the handling behavior differs depending on the direction of the original message.

Temporary inspection or debugging tools may be used to observe runtime behavior, but source files should not be modified and any temporary artifacts should be cleaned up afterward.",addition_gap,,no candidate notes existed in store at call time
20260907T111756.126345861Z-openclaw-sweatlasqa-pilot30-shuffle2-amem-task-sglang,task-6905333b74f22949d97ba9a8,7,1,task-scope,0,SimpleLogin codebase Flask port startup,"I'm onboarding into the SimpleLogin codebase and need to understand how it actually behaves when running. I want to know what port the Flask app binds to and what the startup logs look like when it initializes. For the health check, what response body and status code does it return? When a user creates an alias through the API, what does the actual JSON response look like, and what ends up in the database, which table, and what values? I'm also curious about failure behavior. If PostgreSQL isn't available when the app starts, what error appears, and where does it break? I need to see actual runtime output, not just what the code says should happen. You can create temporary test scripts, but don't modify the repository and clean up afterward.",addition_gap,,no candidate notes existed in store at call time
20260907T111756.126345861Z-openclaw-sweatlasqa-pilot30-shuffle2-amem-task-sglang,task-6905333b74f22949d97ba9a9,3,1,task-scope,0,SimpleLogin alias reply handling email routing,"I'm running into unexpected behavior in the alias reply-handling flow of SimpleLogin and I want to determine whether it's a real issue or just a misunderstanding of how the pipeline works. When a user replies to an email that was forwarded through an alias, the backend is supposed to receive the inbound message, identify which alias it belongs to, and relay it back to the correct recipient, but in my local tests some replies appear to be routed to the wrong user even though the logs show the alias being recognized. Using the development environment, simulate an inbound email reply and trace the runtime flow end-to-end: observe which part of the system handles the incoming message, how the alias is resolved to a user, and what user ID the system ultimately decides to forward the reply to. Based on this live execution trace, explain the actual data flow and identify the most likely point in the pipeline where an incorrect routing decision could originate. You can create temporary scripts or logs that's fine but clean them up and leave the codebase as you found it.",addition_gap,,no candidate notes existed in store at call time
20260907T111756.126345861Z-openclaw-sweatlasqa-pilot30-shuffle2-amem-task-sglang,task-6905333b74f22949d97ba9a9,3,2,task-scope,0,SimpleLogin alias reply handling flow email_handler handle_reply,"I'm running into unexpected behavior in the alias reply-handling flow of SimpleLogin and I want to determine whether it's a real issue or just a misunderstanding of how the pipeline works. When a user replies to an email that was forwarded through an alias, the backend is supposed to receive the inbound message, identify which alias it belongs to, and relay it back to the correct recipient, but in my local tests some replies appear to be routed to the wrong user even though the logs show the alias being recognized. Using the development environment, simulate an inbound email reply and trace the runtime flow end-to-end: observe which part of the system handles the incoming message, how the alias is resolved to a user, and what user ID the system ultimately decides to forward the reply to. Based on this live execution trace, explain the actual data flow and identify the most likely point in the pipeline where an incorrect routing decision could originate. You can create temporary scripts or logs that's fine but clean them up and leave the codebase as you found it.",addition_gap,,no candidate notes existed in store at call time
20260907T111756.126345861Z-openclaw-sweatlasqa-pilot30-shuffle2-amem-task-sglang,task-6905333b74f22949d97ba9aa,11,1,task-scope,0,SimpleLogin setup web server email handler job runner,"I'm new to SimpleLogin and trying to get everything running locally. Once the application starts, how can I tell that the web server, email handler, and job runner are actually up and responding? What should I see in the logs or dashboard UI that confirms users can sign in and manage their aliases?

After it's running, try performing some basic user actions like creating a new account, creating an alias, and having that alias receive an email. What happens when a new account interacts with aliases or tries to receive mail, and how does the system show that these actions were handled correctly? What should I see at runtime that confirms the behavior you would expect?

While the application is active, do the email handler and job runner automatically come online in the background to support email activity or data handling? What behavior suggests that these internal components are functioning as intended across different situations?

Do not modify the source code. You can create temporary testing data such as accounts or aliases but clean them up when you are done.",addition_gap,,no candidate notes existed in store at call time
20260907T111756.126345861Z-openclaw-sweatlasqa-pilot30-shuffle2-amem-task-sglang,task-6905333b74f22949d97ba9ab,4,1,task-scope,0,SimpleLogin alias creation flow,"I want to understand how SimpleLogin behaves during a normal alias-creation flow. To do that, run the full application locally using the standard development setup, login with any test user, and create a new alias while observing the system in real time.

As you go through this flow, watch the frontend and note exactly what request it sends to the backend when an alias is created. Then observe what the backend returns, including any status codes, payloads, or metadata that appear in the response. While the request is being processed, check what changes occur in the database. Identify which records are inserted or updated, how many tables are touched, and whether any related entities are created as part of the same operation.

Pay close attention to the logs to see whether the system triggers any background tasks, emits follow-up events, or performs additional work beyond the initial write. If anything fails, such as validation problems, DB errors, or network issues. Note how the error surfaces in the API response, logs, and resulting database state. Don't modify any of the repository source files while investigating. Feel free to create temporary scripts that's fine, but leave the actual codebase as you found it and ensure to clean up any temporary files or scripts you create when you're done.",addition_gap,,no candidate notes existed in store at call time
20260907T111756.126345861Z-openclaw-sweatlasqa-pilot30-shuffle2-amem-task-sglang,task-6905333b74f22949d97ba9ac,1,1,task-scope,0,SimpleLogin email forwarding codebase,"I'm investigating a production issue where users report inconsistent behavior when emails are forwarded through SimpleLogin aliases. I need to trace the actual email processing flow to understand what's happening. When the email handler processes an incoming email to an alias, I want to observe, what is the exact log message text that appears when an email is successfully forwarded versus when it fails due to a non-existent alias, what specific SL Message-ID gets generated during forwarding and how does it differ from the original Message-ID, what is the exact From header value in the forwarded email after transformation including the reply-email address format, and what database records are created during a single forward operation show me the actual record IDs and timestamps. Trace through an actual email forward operation and capture these specific runtime values. I need to see actual generated values, not what the code logic suggests should happen. Just don't modify any source files while investigating, and clean up any test containers or DB instances you spin up.",addition_gap,,no candidate notes existed in store at call time
20260907T111756.126345861Z-openclaw-sweatlasqa-pilot30-shuffle2-amem-task-sglang,task-6905333b74f22949d97ba9ad,15,1,task-scope,0,SimpleLogin application structure,"I am setting up SimpleLogin for the first time and I want to confirm that the platform is actually working the way it should when everything is running locally. After starting the system what should I notice in the logs or UI that shows the app is ready to handle user authentication and alias based email activity?

Once it is running can you try walking through the typical product experience as if you were a new user signing up for the first time. What happens when a user registers verifies their address and tries to log in. What visible behavior confirms that the system is handling every step correctly and forwarding the user into the dashboard as expected?

I am also curious about what the application does behind the scenes during that flow. Are there any indicators that background jobs or internal services are doing their part to support email forwarding or identity verification. What should I expect to observe at runtime that tells me these moving pieces are active and talking to each other properly?

You can create anything temporary that you need for testing like new users or aliases but remove them when you are done and please do not make any changes to the source code.",addition_gap,,no candidate notes existed in store at call time
20260907T111756.126345861Z-openclaw-sweatlasqa-pilot30-shuffle2-amem-task-sglang,task-6905333b74f22949d97ba9ae,10,1,task-scope,0,SimpleLogin reply resolution contact forwarding alias,"I’d like to understand how SimpleLogin resolves inbound email replies to a contact and forwarding destination during normal alias usage, specifically in cases where a reply ends up being delivered to a different user than the alias owner. As inbound reply messages are processed, focus on how the system derives the reply email address and uses it to identify the associated contact. Observe the actual runtime values involved in this resolution, the extracted reply email, the contact (if any) that it resolves to, and the user or alias ultimately selected as the forwarding destination. Track how these values behave across multiple reply events. Note whether the same reply email ever resolves to different contacts over time, fails to resolve temporarily, or resolves correctly but later results in forwarding to a different user than expected. Use these observations to determine whether the reply-handling logic specifically the lookup of contacts by reply email exhibits any race conditions, uniqueness assumptions, or timing-related inconsistencies that could explain why a reply is routed to the wrong user. Describe the runtime values you observed during reply resolution and explain how those values lead to the observed behavior. Don’t modify any repository source files. If temporary scripts or tooling are needed to observe behavior, that’s fine, but clean them up afterward and leave the repository unchanged.",addition_gap,,no candidate notes existed in store at call time
20260907T111756.126345861Z-openclaw-sweatlasqa-pilot30-shuffle2-amem-task-sglang,task-6905333b74f22949d97ba9af,9,1,task-scope,0,development environment PostgreSQL email handler init_app,"I'm trying to get the development environment running locally for the first time, and the documentation isn't very clear about the startup order or what breaks if certain setup steps are skipped. I want to bring the whole stack up from scratch and note what actually happens along the way.

To start with, I want to see what happens if the database isn't fully set up yet. With PostgreSQL running and an empty database created (no tables, migrations not run), what error do I actually hit when I start the server with python [server.py](http://server.py) and then try to open the login page in the browser? I'm looking for the full Python exception that gets raised.

Once the database migrations and the initialization script (init\_[app.py](http://app.py)) have been run and everything is set up correctly, I need to understand which Python services must be running for the system to work. Start each required service and show me the exact log output that confirms it's running and ready to accept connections. I want to see the actual startup messages from stdout/stderr, not just what the code says I need to verify the services are actually binding to their ports and working.

I'm also curious about what happens if the initialization step is skipped. If I run the migrations but don't run init\_[app.py](http://app.py), the SLDomain table should be empty (no email domains configured). If I then start the email handler and simulate an incoming email addressed to any @sl.local address, what happens? What SMTP status code does the email handler return to the sender, and what does it log to explain the rejection?

I'm not changing or deleting any source files here I just want to observe the system's behavior. Temporary config files or small test scripts are fine if needed.",addition_gap,,no candidate notes existed in store at call time
20260907T111756.126345861Z-openclaw-sweatlasqa-pilot30-shuffle2-amem-task-sglang,task-6905333b74f22949d97ba9af,9,2,task-scope,1,SimpleLogin development environment startup PostgreSQL migration email handler,"I'm trying to get the development environment running locally for the first time, and the documentation isn't very clear about the startup order or what breaks if certain setup steps are skipped. I want to bring the whole stack up from scratch and note what actually happens along the way.

To start with, I want to see what happens if the database isn't fully set up yet. With PostgreSQL running and an empty database created (no tables, migrations not run), what error do I actually hit when I start the server with python [server.py](http://server.py) and then try to open the login page in the browser? I'm looking for the full Python exception that gets raised.

Once the database migrations and the initialization script (init\_[app.py](http://app.py)) have been run and everything is set up correctly, I need to understand which Python services must be running for the system to work. Start each required service and show me the exact log output that confirms it's running and ready to accept connections. I want to see the actual startup messages from stdout/stderr, not just what the code says I need to verify the services are actually binding to their ports and working.

I'm also curious about what happens if the initialization step is skipped. If I run the migrations but don't run init\_[app.py](http://app.py), the SLDomain table should be empty (no email domains configured). If I then start the email handler and simulate an incoming email addressed to any @sl.local address, what happens? What SMTP status code does the email handler return to the sender, and what does it log to explain the rejection?

I'm not changing or deleting any source files here I just want to observe the system's behavior. Temporary config files or small test scripts are fine if needed.",addition_gap,,no candidate notes existed in store at call time
20260907T111756.126345861Z-openclaw-sweatlasqa-pilot30-shuffle2-amem-task-sglang,task-6905333b74f22949d97ba9b2,6,1,task-scope,0,SimpleLogin bounce email handling information leakage,"I'm investigating a potential information leakage issue in SimpleLogin's bounce email handling system. I've noticed that the codebase appears to support two different address formats for processing email bounces, what looks like an older format with the email log ID visible in plain text and a newer format that seems to use some kind of signature verification.

I wonder how bounces are routed, I'm seeing that emails sent to addresses like bounce+12345+@domain seem to be processed differently than those using the newer signed format. What concerns me is whether an external attacker could craft bounce emails to these older-style addresses and learn something by observing the SMTP responses.

I'm curious what's actually happening under the hood here, where the security boundaries really are, and what slips through without cryptographic validation. I wonder what exact SMTP responses come back when probing different scenarios, such as hitting a valid ID versus an invalid one, and what happens when something doesn't quite meet the bounce validation requirements. I don't want theoretical explanations of what the code should do, I want to see actual evidence of how the system behaves in practice.

What also puzzles me is the bounce detection itself. What makes the system accept something as a bounce in the first place? What criteria does it check? Could an attacker who controls the SMTP envelope and headers spoof those criteria? I'm curious what happens when those checks pass versus when they don't. And beyond just valid versus invalid, I wonder if the response codes reveal more than just whether an ID exists.

Don't modify any source files in the repository. You can create test scripts to observe the actual behavior, but clean them up when finished.",addition_gap,,no candidate notes existed in store at call time
20260907T111756.126345861Z-openclaw-sweatlasqa-pilot30-shuffle2-amem-task-sglang,task-6905333b74f22949d97ba9b2,6,2,task-scope,0,SimpleLogin bounce VERP parse_id_from_bounce signed,"I'm investigating a potential information leakage issue in SimpleLogin's bounce email handling system. I've noticed that the codebase appears to support two different address formats for processing email bounces, what looks like an older format with the email log ID visible in plain text and a newer format that seems to use some kind of signature verification.

I wonder how bounces are routed, I'm seeing that emails sent to addresses like bounce+12345+@domain seem to be processed differently than those using the newer signed format. What concerns me is whether an external attacker could craft bounce emails to these older-style addresses and learn something by observing the SMTP responses.

I'm curious what's actually happening under the hood here, where the security boundaries really are, and what slips through without cryptographic validation. I wonder what exact SMTP responses come back when probing different scenarios, such as hitting a valid ID versus an invalid one, and what happens when something doesn't quite meet the bounce validation requirements. I don't want theoretical explanations of what the code should do, I want to see actual evidence of how the system behaves in practice.

What also puzzles me is the bounce detection itself. What makes the system accept something as a bounce in the first place? What criteria does it check? Could an attacker who controls the SMTP envelope and headers spoof those criteria? I'm curious what happens when those checks pass versus when they don't. And beyond just valid versus invalid, I wonder if the response codes reveal more than just whether an ID exists.

Don't modify any source files in the repository. You can create test scripts to observe the actual behavior, but clean them up when finished.",addition_gap,,no candidate notes existed in store at call time
20260907T111756.126345861Z-openclaw-sweatlasqa-pilot30-shuffle2-amem-task-sglang,task-6905333b74f22949d97ba9d0,26,1,task-scope,0,paperless-ngx architecture task scheduler periodic tasks maintenance,"I'm evaluating paperless-ngx architecture and need to understand what background maintenance happens automatically. Set up the development environment, what periodic tasks are registered with the task scheduler, and where is the schedule configuration defined? Find the sanity checker; what does it validate, what log output does it produce, and how often does it run? Is there automatic index optimization or database cleanup? Check if there's a task that handles failed document retries or stuck processing jobs. Look at the Celery beat schedule configuration and list all recurring tasks with their intervals. Trace through the code to find where periodic tasks are defined and registered. What happens if a scheduled task fails; is there retry logic or alerting? Are there any tasks that run on startup versus strictly on schedule? Query the database to see if there's a table tracking task execution history or scheduled job state. What controls whether these maintenance features are enabled or disabled? Don't modify source code; observing system behavior is fine, clean up any test artifacts when done.",addition_gap,,no candidate notes existed in store at call time
20260907T111756.126345861Z-openclaw-sweatlasqa-pilot30-shuffle2-amem-task-sglang,task-6905333b74f22949d97ba9d1,18,1,task-scope,0,Paperless-NGX search index synchronization document changes,"I want to understand how Paperless-NGX keeps its search index synchronized with document changes before I start working with this codebase. With the full environment running, I'm curious what actually happens at runtime when a document gets modified after it's already been ingested. If I change an existing document's title through the API to something unique and then search for that exact new title within a few seconds, does the document appear in results immediately, or do I need to wait for background processing to complete? While making this change, I want to watch what happens in the background task worker process specifically to see whether any job gets picked up in response to the edit, or whether the update completes entirely within the API request before returning. Something I particularly want to explore is what happens if a document's title gets updates directly in the database using a raw SQL statement rather than through the API. After making that direct change and searching for the new title, does the document appear in search results, or does the index remain stale? If it stays stale, I want to know whether there is a way to force the system to reconcile the index with the current database state, and what observable effect that reconciliation process has on the worker logs and task queue. I'm also wondering how the system would behave if the search index became corrupted or deleted entirely while documents still exist in the database. After removing the index files and triggering whatever recovery mechanism exists, how long does reconstruction take for a small set of documents, and what processing activity is visible during that rebuild? The goal is to understand whether the system can self-heal from index inconsistencies or whether manual intervention is always required. You may create temporary test documents for observation, but don't modify any source files and clean up test artifacts when finished.",addition_gap,,no candidate notes existed in store at call time
20260907T111756.126345861Z-openclaw-sweatlasqa-pilot30-shuffle2-amem-task-sglang,task-6905333b74f22949d97ba9d2,19,1,task-scope,0,paperless-ngx document processing pipeline metadata,"I’m trying to get a big-picture understanding of how documents flow through the system. How does a new document usually enter paperless-ngx. Once a document is received, what are the main stages it goes through before it’s fully processed and available, are there any background jobs and what is used for background execution.

I’m also curious about the kind of information paperless stores for each document. What metadata fields are saved, and which ones are absolutely required versus optional or derived later during runtime-processing. Can you show with a runtime example?

Also I wonder how things like tags, correspondents, and document types are used together to organize documents in a practical way.

Please don’t make any changes to the repository itself. You can create temporary scripts for testing if needed but do clean them up once you're done.",addition_gap,,no candidate notes existed in store at call time
20260907T111756.126345861Z-openclaw-sweatlasqa-pilot30-shuffle2-amem-task-sglang,task-6905333b74f22949d97ba9d3,29,1,task-scope,0,paperless-ngx document processing ingestion pipeline,"I am trying to understand how paperless-ngx processes documents at runtime before making any changes. Once the application is up and all of its services are running, I want to submit a test PDF and observe how the ingestion pipeline actually behaves. As the document moves through the system, which services are involved, and what sequence of events shows up in the logs? I also want to upload a few more documents and watch how the system reacts after each one. Does the machine learning classifier retrain automatically on every upload, or only under certain conditions, and what log messages make it clear when training is happening versus when the classifier stays idle? After a document finishes processing, I want to see where it ends up on disk, what directory structure and filename pattern paperless-ngx uses by default, and which database tables receive new rows as part of ingestion. You should not modify or edit any existing files in the repository, but you can create temporary scripts or test documents if they help with the investigation, as long as everything you create is cleaned up when you are done.",addition_gap,,no candidate notes existed in store at call time
20260907T111756.126345861Z-openclaw-sweatlasqa-pilot30-shuffle2-amem-task-sglang,task-6905333b74f22949d97ba9d3,29,2,task-scope,0,paperless-ngx ingestion pipeline classifier training document consumption,"I am trying to understand how paperless-ngx processes documents at runtime before making any changes. Once the application is up and all of its services are running, I want to submit a test PDF and observe how the ingestion pipeline actually behaves. As the document moves through the system, which services are involved, and what sequence of events shows up in the logs? I also want to upload a few more documents and watch how the system reacts after each one. Does the machine learning classifier retrain automatically on every upload, or only under certain conditions, and what log messages make it clear when training is happening versus when the classifier stays idle? After a document finishes processing, I want to see where it ends up on disk, what directory structure and filename pattern paperless-ngx uses by default, and which database tables receive new rows as part of ingestion. You should not modify or edit any existing files in the repository, but you can create temporary scripts or test documents if they help with the investigation, as long as everything you create is cleaned up when you are done.",retrieval_miss,49ef9e83-9121-44f3-8eb9-1fd1df0189a4,"This note explicitly details the document ingestion pipeline flow, directly addressing the user's primary question about which services are involved and the sequence of events during processing."
20260907T111756.126345861Z-openclaw-sweatlasqa-pilot30-shuffle2-amem-task-sglang,task-6905333b74f22949d97ba9d4,24,1,task-scope,0,Paperless-NGX runtime background processes tasks,"I want to understand how Paperless-NGX behaves at runtime once the system is up and idle, before I start making changes to the codebase. Get Paperless-NGX running at the specified commit. Once it's idle and stable, what background processes or tasks continue executing automatically? What are the actual log entries that appear periodically showing the system is healthy and ready? I need the specific log messages, their frequency, and what they indicate. 
Also, if you briefly interrupt and restart part of the system, what specific log messages confirm everything has reconnected and is operational again? What components or processes keep running continuously to maintain Paperless-NGX in a ready state, even when no documents are being processed? You may use temporary helper commands or inspection tools if needed, but don’t modify any source files and clean up any temporary artifacts when you’re done.",addition_gap,,no candidate notes existed in store at call time
20260907T111756.126345861Z-openclaw-sweatlasqa-pilot30-shuffle2-amem-task-sglang,task-6905333b74f22949d97ba9d4,24,2,task-scope,0,Paperless-NGX docker supervisord consumer scheduler maintenance,"I want to understand how Paperless-NGX behaves at runtime once the system is up and idle, before I start making changes to the codebase. Get Paperless-NGX running at the specified commit. Once it's idle and stable, what background processes or tasks continue executing automatically? What are the actual log entries that appear periodically showing the system is healthy and ready? I need the specific log messages, their frequency, and what they indicate. 
Also, if you briefly interrupt and restart part of the system, what specific log messages confirm everything has reconnected and is operational again? What components or processes keep running continuously to maintain Paperless-NGX in a ready state, even when no documents are being processed? You may use temporary helper commands or inspection tools if needed, but don’t modify any source files and clean up any temporary artifacts when you’re done.",addition_gap,,no candidate notes existed in store at call time
20260907T111756.126345861Z-openclaw-sweatlasqa-pilot30-shuffle2-amem-task-sglang,task-6905333b74f22949d97ba9d5,27,1,task-scope,0,Paperless-NGX document ingestion processing pipeline,"I’m trying to understand how data moves through Paperless-NGX during normal document ingestion so I can get oriented before working on the codebase. When Paperless-NGX is running from this repository at the specified commit and a new document appears in the system, what observable runtime behavior shows how the document is detected and handed off for processing? What log messages, task names, or state changes indicate the transition from initial detection into parsing, classification, and indexing, and how does the system reflect progress or completion of each stage while the document is being processed? After processing finishes, what observable evidence shows where the document’s data ends up and how its final state is recorded? Based on what you can directly observe at runtime, how does Paperless-NGX track whether a document has already been processed or needs further work, and what behavior or logs indicate how the system avoids duplicate processing? Keep the explanation grounded in runtime observations rather than assumptions from reading the code alone. You may use temporary test files if helpful, but don’t modify any source files and clean up any temporary artifacts when you’re done.",addition_gap,,no candidate notes existed in store at call time
20260907T111756.126345861Z-openclaw-sweatlasqa-pilot30-shuffle2-amem-task-sglang,task-6905333b74f22949d97ba9d6,17,1,task-scope,0,paperless-ngx OCR processing pipeline,"I’m trying to get a practical understanding of how OCR behaves in paperless-ngx at runtime, especially in cases where it’s hard to tell what the system is actually doing. When I upload an image that has no embedded text, how can I see that OCR has started, and what does the document’s processing state look like while it’s running? I want to watch how background workers behave during this phase and understand what signals really indicate active OCR work. If I upload a similar image that already contains text, does the system skip OCR entirely, or does it still touch the OCR pipeline in some way, and how can I tell the difference after processing finishes? I also want to compare the final API responses for both cases to understand which fields show OCR-generated text versus existing text. Finally, when OCR produces weak or incomplete results, what actually happens to the document’s final state? Does it still count as fully processed, and how is that reflected in the saved metadata? Temporary scripts may be used for observation, but the repository itself should remain unchanged, and anything temporary should be cleaned up afterward.",addition_gap,,no candidate notes existed in store at call time
20260907T111756.126345861Z-openclaw-sweatlasqa-pilot30-shuffle2-amem-task-sglang,task-6905333b74f22949d97ba9d7,22,1,task-scope,0,paperless API authentication token,"I'm planning to integrate some external tools with the paperless API and need to understand how authentication works first. Get paperless running locally, create a test user, and generate an API token for them. Make an authenticated request to list documents. What's the exact HTTP header name and format paperless expects for the token, and what's the complete endpoint path? What does the JSON response look like, specifically what are the top level fields, and is pagination involved or does it dump everything at once? Try that same request without auth and tell me what status code and error message you get. Then trace through the Django code to find which authentication class handles token authentication and what model stores the tokens. Don't modify the codebase, creating test users, tokens, and any temporary files you need is fine, but leave the source code untouched and clean up any additional files or changes when you're done.",addition_gap,,no candidate notes existed in store at call time
20260907T111756.126345861Z-openclaw-sweatlasqa-pilot30-shuffle2-amem-task-sglang,task-6905333b74f22949d97ba9d8,25,1,task-scope,0,document classification test machine learning pipeline OCR,"I am debugging non-deterministic failures in the document classification tests and want to understand how the machine learning pipeline behaves during test execution when training and OCR. I want to observe whether the classifier reuses an existing model or retrains during the same test run, and how that affects later tests. When a test exercises automatic correspondent matching, how many training documents are created, when does training occur relative to those inserts, and what confidence threshold is used to accept or reject predictions? I also want to see how edge cases are handled, such as when a document has no extractable text, including which OCR subprocess is invoked and what mime type is assigned to the output. Finally, when barcode splitting is involved, how many document records are created from a single input, which barcode values trigger a split, and where in the code that decision is made, especially if this changes the effective training data during the test run. Please do not modify the source code; you may create temporary helpers while investigating, but clean up anything temporary before finishing.",addition_gap,,no candidate notes existed in store at call time
20260907T111756.126345861Z-openclaw-sweatlasqa-pilot30-shuffle2-amem-task-sglang,task-6905333b74f22949d97ba9d9,21,1,task-scope,0,paperless-ngx background processing async tasks queue,"I'm trying to understand how paperless-ngx actually handles background processing when it ingests documents. I want to see what happens at runtime, not just read the config files.

Can you help me make sense of how async work behaves in a live setup? I’m interested in what services are involved behind the scenes, how background jobs appear once they are created, and how the system tells the difference between work that is waiting and work that is actively being processed. I also want to understand where the task state ends up being stored and how you can tell, after the fact, what happened to a given job.

From the code perspective, I want to connect that runtime behavior back to its origin. Where are these background jobs actually triggered, and what part of the code is responsible for sending them into the queue? Don’t modify any repository source files. If you need to create temporary scripts or artifacts to observe behavior, that’s fine, but clean them up afterward and leave the codebase unchanged.",addition_gap,,no candidate notes existed in store at call time
20260907T111756.126345861Z-openclaw-sweatlasqa-pilot30-shuffle2-amem-task-sglang,task-6905333b74f22949d97ba9d9,21,2,task-scope,0,paperless-ngx document ingestion codebase structure,"I'm trying to understand how paperless-ngx actually handles background processing when it ingests documents. I want to see what happens at runtime, not just read the config files.

Can you help me make sense of how async work behaves in a live setup? I’m interested in what services are involved behind the scenes, how background jobs appear once they are created, and how the system tells the difference between work that is waiting and work that is actively being processed. I also want to understand where the task state ends up being stored and how you can tell, after the fact, what happened to a given job.

From the code perspective, I want to connect that runtime behavior back to its origin. Where are these background jobs actually triggered, and what part of the code is responsible for sending them into the queue? Don’t modify any repository source files. If you need to create temporary scripts or artifacts to observe behavior, that’s fine, but clean them up afterward and leave the codebase unchanged.",addition_gap,,no candidate notes existed in store at call time
20260907T111756.126345861Z-openclaw-sweatlasqa-pilot30-shuffle2-amem-task-sglang,task-6905333b74f22949d97ba9db,20,1,task-scope,0,Paperless-NGX repository codebase structure,"I'm onboarding into the Paperless-NGX repository and I'm curious about the hidden choreography that happens when the system is actually running. When a document's tags change and the filename format includes tags in the directory structure, files apparently relocate themselves. I wonder what log messages actually appear during that dance, and what the before and after paths look like in practice. There's supposedly a rollback safety net if something goes wrong during a file move, but I can't tell from reading the code whether it truly recovers or just promises to, what actually happens to files when a move fails partway through? Beyond file handling, there are other runtime mysteries I want to explore. The classifier's behavior puzzles me, sometimes training finishes instantly, other times it takes much longer. I want to trigger both scenarios and see the actual log messages that explain why training was skipped versus why it proceeded with full retraining, including whatever hash or checksum the system uses to detect changes. Duplicate detection feels like magic, two files that look completely different can still be rejected as duplicates, and I want to see the actual checksums being compared at that moment of judgment. The sanity checker intrigues me as well, what does its output actually look like when an archive is healthy versus when something has gone wrong, and can I see the specific hash values it compares when it discovers a mismatch? I also wonder about ghost files, whether orphaned files really linger in the media folder and what the system actually reports when it finds them. I need to see real runtime evidence for all of this; actual paths, actual checksums, actual log messages. Temporary scripts may be used for observation, but the repository itself should remain unchanged and anything temporary cleaned up afterward.",addition_gap,,no candidate notes existed in store at call time
20260907T111756.126345861Z-openclaw-sweatlasqa-pilot30-shuffle2-amem-task-sglang,task-6905333b74f22949d97ba9dc,30,1,task-scope,0,paperless-ngx OCR multi-page PDF processing,"I'm getting inconsistent OCR results when testing paperless-ngx locally with multi-page PDFs and need to understand the processing behavior better. Get the development environment running normally (create admin user if needed during setup), then upload a multi-page PDF through the standard interface that requires OCR processing. What HTTP response status and message do you receive immediately after upload submission? As processing happens, what key log patterns appear that show the document moving through different stages, including the OCRmyPDF invocation parameters? After processing finishes, what do the generated archive PDF and thumbnail filenames look like in the media storage area? Check the document record in the database - what fields are actually stored (not filesystem-only metadata) and what values appear for the processed document? No file modifications or permanent changes allowed, clean up any test files completely when done.",addition_gap,,no candidate notes existed in store at call time
20260907T111756.126345861Z-openclaw-sweatlasqa-pilot30-shuffle2-amem-task-sglang,task-6905333b74f22949d97ba9dd,16,1,task-scope,0,Paperless-NGX document ingestion processing workflow,"I need to understand how Paperless-NGX processes a document from ingestion through indexing before I start working with the codebase. Set up the full environment and get all services running normally. Drop a small test file into the consumption directory and follow what happens. What log messages appear when the system first detects the file, what ingestion task gets triggered, and what additional tasks show up as the document moves through parsing, classification, and indexing? While the task is queued, check what the message broker is storing. What payload format or data structure represents the queued task? After processing completes, query the database to see where the document record is stored, which fields capture the parsed metadata, and where the system keeps a record of task execution or processing history.
Then trace the high-level codepath behind this workflow based on the behavior you observe. Starting from the part of the system that detects the new file, follow the chain of components involved in creating and submitting the ingestion task. Which part of the application is responsible for creating that task object, and what queuing framework does Paperless-NGX rely on to dispatch it? You may use temporary helper scripts or test files if needed, but don’t modify the actual source code, and clean up any temporary artifacts when you’re done.",addition_gap,,no candidate notes existed in store at call time
20260907T111756.126345861Z-openclaw-sweatlasqa-pilot30-shuffle2-amem-task-sglang,task-6905333b74f22949d97ba9de,28,1,task-scope,0,paperless memory metadata processing,"I'm investigating a strange memory usage pattern in the Paperless document processing system. When the system imports documents, it sometimes consumes far more memory than expected for the metadata handling, but this doesn't happen consistently and seems to vary based on the document source or processing stage.

What I'm seeing is that memory usage spikes significantly during document import operations, particularly when metadata is being processed, but the spike seems disproportionate to the actual document size. The odd part is that this memory doesn't always get released back to the system in a timely manner, even after processing is complete. This seems unusual because these are mostly text documents with relatively small metadata - we're not dealing with massive image processing here.

Can you figure out what's causing these memory spikes? I'm curious whether there's something in the metadata handling that's creating unnecessary copies or holding references longer than needed, or if there's caching behavior that's accumulating data unexpectedly. What's different between the cases where memory spikes and cases where it doesn't? How does the behavior change with different document types or batch sizes?

I need to see actual runtime memory measurements during processing, understand which components or methods are responsible for holding onto memory, and get evidence showing whether this is normal Python garbage collection behavior or something problematic. Show me what patterns you can find and where the memory is actually going.

Don't modify any repository source files. You can create temporary test scripts or helper tools to reproduce and analyze the behavior, but clean them up and leave the codebase unchanged when done.",addition_gap,,no candidate notes existed in store at call time
20260907T111756.126345861Z-openclaw-sweatlasqa-pilot30-shuffle2-amem-task-sglang,task-6905333b74f22949d97ba9e0,23,1,task-scope,0,documents list pagination duplicates sorting sharing rules,"I am trying to figure out why the documents list can feel haunted during normal browsing, where paging through the documents view with a couple of common filters enabled can make the same document show up twice across neighboring pages or disappear for a page and then come back even though nobody is editing anything and the sort order looks unchanged. It gets stranger when the viewer is not an all powerful admin and visibility is shaped by sharing rules, because the glitch seems to depend on what the user is allowed to see rather than what exists. Is the backend producing duplicates that get collapsed somewhere later, is pagination happening before any de duplication, or is the ordering quietly unstable when multiple rows tie on the primary sort key? I want to watch what the API actually returns across consecutive page requests, and line that up with what the UI thinks pagination means until the exact condition that destabilizes the list becomes clear. Temporary scripts may be used for observation, but the repository itself should remain unchanged and anything temporary should be cleaned up afterward.",addition_gap,,no candidate notes existed in store at call time
20260907T111756.126345861Z-openclaw-sweatlasqa-pilot30-shuffle2-amem-task-sglang,task-6905333b74f22949d97ba9e8,8,1,task-scope,0,SimpleLogin authentication API sessions email forwarding,"I've been investigating SimpleLogin's authentication and noticed some behaviors I need to verify by actually observing the running system.

When I'm logged into the web interface and make API calls without an API key header, the requests seem to work. I need to confirm what HTTP status code actually comes back and what the response body structure looks like ,not what the code says should happen, but what actually happens when you try it.There's also something odd when trying to access privileged operations with just a browser session. The HTTP status code I get back isn't a standard authorization error, and the error message is unusual. What specific status code and exact error message text does the system actually return in this scenario?

For sessions, I want to understand what the stored session data actually looks like when you examine it directly in storage. Capture the raw bytes from the storage backend and show me what format they're in, what keys are present in the deserialized data for an authenticated session, and how the session key itself is structured.I'm also curious about session identifier behavior during authentication. If you capture the session ID from your cookie before login, then go through the login flow, does that identifier value stay the same or get replaced with a new one? I need to see the actual before and after values to know for sure.

On the email forwarding side, I want to know what happens to specific headers when a message passes through. If an incoming email has a custom X-header, a Received header, and a Reply-To header, which of those three actually make it through to the forwarded message and which get stripped? Send an actual test email and examine the result.

For the alias creation tokens, they clearly expire after some time window. I want to experimentally verify what that window is by testing whether a token works immediately, then waiting and testing if it still works, until you find the boundary where it stops working.

I also noticed that the API tracks usage statistics for API keys. When you make several API calls with the same key, what fields get updated in the database and what are the actual values you observe after making the calls?Finally, when a login attempt fails with wrong credentials, what specific log messages appear and what HTTP response details come back? I want to see the actual logged output and response, not just what the code says should happen.

Show me evidence from actually running the system rather than just reading the code. Don't modify any source files in the repository, but you can create test scripts to observe behavior - just clean them up afterward.",addition_gap,,no candidate notes existed in store at call time
20260907T111756.126345861Z-openclaw-sweatlasqa-pilot30-shuffle2-amem-task-sglang,task-6905333b74f22949d97baa1d,5,1,task-scope,0,SimpleLogin session handling Redis deserialization,"I’m testing the SimpleLogin repository and trying to understand how server-side session handling behaves at runtime, especially when stored session data is turned back into Python objects. I want to see what normal sessions look like as users log in and out and then what actually happens if the session data in Redis is corrupted or malformed. Does the next request fail, silently reset the session, or surface an error, and what shows up in responses or logs when that happens? I’m trying to understand where the boundary lies between a harmless reset and a real deserialization risk, based on what you can observe while the system is running rather than theory alone. If an attacker could tamper with session bytes but not forge the signed session ID, does that meaningfully change the risk, and how does the runtime behavior support that conclusion? Temporary scripts may be used for observation, but the repository itself should remain unchanged, and anything temporary should be cleaned up afterward.",addition_gap,,no candidate notes existed in store at call time
20260907T111756.126379309Z-openclaw-sweatlasqa-pilot30-shuffle2-amem-repo-sglang,task-6905333b74f22949d97ba9a4,14,1,repo-scope,0,SimpleLogin startup configuration dev mode,"I'm trying to understand what actually happens when SimpleLogin is started locally in development environment. I'm wondering how the backend starts up in dev mode, how configuration is loaded, which log messages indicate that it's ready to accept requests, and what ports or endpoints it exposes. 

I’m interested in how a single authenticated request is handled by the app, where the request first enters the application, how the user identity is determined at runtime, and how that authentication context is carried through request handling. The entry point and user identification flow are my main concerns here. I also want to know whether the app automatically starts any background jobs or schedulers, or if there’s anything going on besides handling incoming requests.

I'm not looking for what the code says should happen, I want to know what actually gets printed when you run it. Please don’t modify any repository source files while investigating. Temporary scripts are fine if needed, but leave the codebase unchanged and clean up anything you create when you’re done.",retrieval_miss,bc4ec481-3804-4612-9e31-dc9cd14e40eb,"This note explicitly describes the SimpleLogin startup process, including the entry point (create_app in server.py), the ports used (7777 for Flask, 20381 for SMTP), and the health check endpoint, which directly answers the user's questions about how the backend starts, configuration loading context, and exposed endpoints."
20260907T111756.126379309Z-openclaw-sweatlasqa-pilot30-shuffle2-amem-repo-sglang,task-6905333b74f22949d97ba9a5,12,1,repo-scope,0,alias creation signed suffix validation,"I am debugging intermittent validation failures during custom alias creation that don't match the expected behavior, which seems related to how signed suffixes are verified. When attempting to create custom aliases with invalid or expired signed suffixes, what exact HTTP status codes and error messages appear in the API responses, and what corresponding validation log entries show up in the server console? Check whether any rate-limiting headers appear in the responses and what their actual values are. For successful alias creation attempts, what quota-related checks occur, what specific values get logged when the system verifies whether the user can create more aliases? Trace through the execution path to identify which component validates signed suffixes and enforces creation limits, and what conditions trigger rejection. Don't modify the repository code temporary test scripts or API calls are fine but keep the codebase unchanged.",retrieval_miss,e17b7996-c18c-46c2-a76f-05ad596cd92d,"This note explicitly describes the alias creation flow and API endpoints, which is the exact context needed to trace the validation logic for signed suffixes and quota checks mentioned in the question."
20260907T111756.126379309Z-openclaw-sweatlasqa-pilot30-shuffle2-amem-repo-sglang,task-6905333b74f22949d97ba9a6,13,1,repo-scope,0,email privacy system anonymous aliases migration web server,"I'm trying to get this email privacy system with anonymous aliases running for the first time and I want to understand how all the pieces fit together during initialization.

The system has a web server, an email handler, background jobs, and some cron tasks. I need to set everything up from scratch and see what actually happens when it starts.

Here's what I'm trying to figure out:

When I run the database migrations on an empty PostgreSQL database, how many tables get created in total? And what's the exact name of the last table that gets created based on the migration output order?

For the web server startup, what's the log message that tells me it's actually ready to accept connections? I'm also curious how many milliseconds pass between the first log entry and that ready message.

The email handler can take a custom port. If I start it with port 25025, does the startup log confirm it's listening on that port? What message shows up exactly?

I want to test the registration flow. If I create a user account with email ""[testuser@example.com](mailto:testuser@example.com)"" and password ""testpass123"", then immediately try to login before activating it, what's the exact JSON error message the API returns and what HTTP status code comes with it? I'd also like to see the full curl command output. And when I query the database directly for that user, what boolean values do the activated and notification columns actually show?

Also, there are different alias limits for different account types. I want to verify how the system handles this dynamically. First, create a fresh user and call /api/user_info to see what max_alias_free_plan value the API actually returns in the JSON response. Then, experiment with changing the configuration - try setting a different limit value like 10, restart the server, create a second new user, and call /api/user_info again for that user. What are the exact API responses before and after the change? Do both users reflect the new limit or only the one created after the change?

I'm trying to understand the actual runtime behavior here, not just what the code suggests should happen. Don't modify any of the source files, but feel free to create test config files or .env files to experiment with different settings.",addition_gap,,"None of the provided notes contain the specific runtime details required to answer the question, such as the exact number of migration tables, the specific startup log messages, the behavior of the email handler on custom ports, or the precise API responses for unactivated user login and alias limit configuration."
20260907T111756.126379309Z-openclaw-sweatlasqa-pilot30-shuffle2-amem-repo-sglang,task-6905333b74f22949d97ba9a6,13,2,repo-scope,0,migration tables count last table created web server startup email handler port registration login alias limit,"I'm trying to get this email privacy system with anonymous aliases running for the first time and I want to understand how all the pieces fit together during initialization.

The system has a web server, an email handler, background jobs, and some cron tasks. I need to set everything up from scratch and see what actually happens when it starts.

Here's what I'm trying to figure out:

When I run the database migrations on an empty PostgreSQL database, how many tables get created in total? And what's the exact name of the last table that gets created based on the migration output order?

For the web server startup, what's the log message that tells me it's actually ready to accept connections? I'm also curious how many milliseconds pass between the first log entry and that ready message.

The email handler can take a custom port. If I start it with port 25025, does the startup log confirm it's listening on that port? What message shows up exactly?

I want to test the registration flow. If I create a user account with email ""[testuser@example.com](mailto:testuser@example.com)"" and password ""testpass123"", then immediately try to login before activating it, what's the exact JSON error message the API returns and what HTTP status code comes with it? I'd also like to see the full curl command output. And when I query the database directly for that user, what boolean values do the activated and notification columns actually show?

Also, there are different alias limits for different account types. I want to verify how the system handles this dynamically. First, create a fresh user and call /api/user_info to see what max_alias_free_plan value the API actually returns in the JSON response. Then, experiment with changing the configuration - try setting a different limit value like 10, restart the server, create a second new user, and call /api/user_info again for that user. What are the exact API responses before and after the change? Do both users reflect the new limit or only the one created after the change?

I'm trying to understand the actual runtime behavior here, not just what the code suggests should happen. Don't modify any of the source files, but feel free to create test config files or .env files to experiment with different settings.",retrieval_miss,de244d69-d86e-44a9-b55e-72b7119fe2bc,"This note explicitly states that 76 tables are created in total, directly answering the first part of the user's specific question about the database migration output."
20260907T111756.126379309Z-openclaw-sweatlasqa-pilot30-shuffle2-amem-repo-sglang,task-6905333b74f22949d97ba9a7,2,1,repo-scope,1,SimpleLogin codebase,"I want to understand how SimpleLogin processes multi step workflows at runtime.

In scenarios where a mailbox verification code is submitted incorrectly multiple times in succession, what observable state changes and enforcement mechanisms does the running system apply? Trace the actual runtime behavior to determine what limits exist, how failed attempts are tracked, and what ultimately prevents further submissions.

For background tasks that are scheduled and later picked up for execution, trace the complete lifecycle from initial creation through final completion. If a task encounters an error during execution, what recovery or retry behavior is applied, and what observable state reflects that failure?

During email forwarding through an alias, what exact format is used for the special address generated to handle delivery failures? If a failure notification arrives at this address, trace how the system identifies the original email, what state changes are recorded, and how the handling behavior differs depending on the direction of the original message.

Temporary inspection or debugging tools may be used to observe runtime behavior, but source files should not be modified and any temporary artifacts should be cleaned up afterward.",addition_gap,,no candidate notes existed in store at call time
20260907T111756.126379309Z-openclaw-sweatlasqa-pilot30-shuffle2-amem-repo-sglang,task-6905333b74f22949d97ba9a7,2,2,repo-scope,1,verification code mailbox limit retry,"I want to understand how SimpleLogin processes multi step workflows at runtime.

In scenarios where a mailbox verification code is submitted incorrectly multiple times in succession, what observable state changes and enforcement mechanisms does the running system apply? Trace the actual runtime behavior to determine what limits exist, how failed attempts are tracked, and what ultimately prevents further submissions.

For background tasks that are scheduled and later picked up for execution, trace the complete lifecycle from initial creation through final completion. If a task encounters an error during execution, what recovery or retry behavior is applied, and what observable state reflects that failure?

During email forwarding through an alias, what exact format is used for the special address generated to handle delivery failures? If a failure notification arrives at this address, trace how the system identifies the original email, what state changes are recorded, and how the handling behavior differs depending on the direction of the original message.

Temporary inspection or debugging tools may be used to observe runtime behavior, but source files should not be modified and any temporary artifacts should be cleaned up afterward.",addition_gap,,no candidate notes existed in store at call time
20260907T111756.126379309Z-openclaw-sweatlasqa-pilot30-shuffle2-amem-repo-sglang,task-6905333b74f22949d97ba9a7,2,3,repo-scope,0,mailbox verification code limit bounce VERP job lifecycle task,"I want to understand how SimpleLogin processes multi step workflows at runtime.

In scenarios where a mailbox verification code is submitted incorrectly multiple times in succession, what observable state changes and enforcement mechanisms does the running system apply? Trace the actual runtime behavior to determine what limits exist, how failed attempts are tracked, and what ultimately prevents further submissions.

For background tasks that are scheduled and later picked up for execution, trace the complete lifecycle from initial creation through final completion. If a task encounters an error during execution, what recovery or retry behavior is applied, and what observable state reflects that failure?

During email forwarding through an alias, what exact format is used for the special address generated to handle delivery failures? If a failure notification arrives at this address, trace how the system identifies the original email, what state changes are recorded, and how the handling behavior differs depending on the direction of the original message.

Temporary inspection or debugging tools may be used to observe runtime behavior, but source files should not be modified and any temporary artifacts should be cleaned up afterward.",retrieval_miss,id=4d9b7798-be65-42c8-a635-817b53d25957,"This note directly answers the specific question about mailbox verification code limits and state tracking, which the search failed to retrieve."
20260907T111756.126379309Z-openclaw-sweatlasqa-pilot30-shuffle2-amem-repo-sglang,task-6905333b74f22949d97ba9a8,7,1,repo-scope,0,SimpleLogin codebase structure startup port database,"I'm onboarding into the SimpleLogin codebase and need to understand how it actually behaves when running. I want to know what port the Flask app binds to and what the startup logs look like when it initializes. For the health check, what response body and status code does it return? When a user creates an alias through the API, what does the actual JSON response look like, and what ends up in the database, which table, and what values? I'm also curious about failure behavior. If PostgreSQL isn't available when the app starts, what error appears, and where does it break? I need to see actual runtime output, not just what the code says should happen. You can create temporary test scripts, but don't modify the repository and clean up afterward.",retrieval_miss,df4a9ecf-460d-48de-a86c666fd92d,"Note df4a9ecf explicitly details the database table (Alias) and specific column values inserted during alias creation, directly answering the user's question about the database footprint, whereas other notes focus on email handling or repo structure."
20260907T111756.126379309Z-openclaw-sweatlasqa-pilot30-shuffle2-amem-repo-sglang,task-6905333b74f22949d97ba9a9,3,1,repo-scope,0,SimpleLogin alias reply handling routing pipeline,"I'm running into unexpected behavior in the alias reply-handling flow of SimpleLogin and I want to determine whether it's a real issue or just a misunderstanding of how the pipeline works. When a user replies to an email that was forwarded through an alias, the backend is supposed to receive the inbound message, identify which alias it belongs to, and relay it back to the correct recipient, but in my local tests some replies appear to be routed to the wrong user even though the logs show the alias being recognized. Using the development environment, simulate an inbound email reply and trace the runtime flow end-to-end: observe which part of the system handles the incoming message, how the alias is resolved to a user, and what user ID the system ultimately decides to forward the reply to. Based on this live execution trace, explain the actual data flow and identify the most likely point in the pipeline where an incorrect routing decision could originate. You can create temporary scripts or logs that's fine but clean them up and leave the codebase as you found it.",retrieval_miss,18452a10-5171-49a8-8cb9-262edfa4b13e,"This note explicitly describes the email forward flow and alias resolution logic in email_handler.py, which is the core mechanism needed to trace how an inbound reply is routed to a user."
20260907T111756.126379309Z-openclaw-sweatlasqa-pilot30-shuffle2-amem-repo-sglang,task-6905333b74f22949d97ba9a9,3,2,repo-scope,0,SimpleLogin reply phase email handler routing misrouting issue,"I'm running into unexpected behavior in the alias reply-handling flow of SimpleLogin and I want to determine whether it's a real issue or just a misunderstanding of how the pipeline works. When a user replies to an email that was forwarded through an alias, the backend is supposed to receive the inbound message, identify which alias it belongs to, and relay it back to the correct recipient, but in my local tests some replies appear to be routed to the wrong user even though the logs show the alias being recognized. Using the development environment, simulate an inbound email reply and trace the runtime flow end-to-end: observe which part of the system handles the incoming message, how the alias is resolved to a user, and what user ID the system ultimately decides to forward the reply to. Based on this live execution trace, explain the actual data flow and identify the most likely point in the pipeline where an incorrect routing decision could originate. You can create temporary scripts or logs that's fine but clean them up and leave the codebase as you found it.",retrieval_miss,bcbe75f6-308e-4d23-8bce-334be946ec30,"This note explicitly describes the reply-phase routing logic in email_handler.py, including how handle_reply() resolves the contact and determines the recipient, which is exactly the information needed to trace the runtime flow and identify routing errors."
20260907T111756.126379309Z-openclaw-sweatlasqa-pilot30-shuffle2-amem-repo-sglang,task-6905333b74f22949d97ba9aa,11,1,repo-scope,0,SimpleLogin application structure web server email handler job runner,"I'm new to SimpleLogin and trying to get everything running locally. Once the application starts, how can I tell that the web server, email handler, and job runner are actually up and responding? What should I see in the logs or dashboard UI that confirms users can sign in and manage their aliases?

After it's running, try performing some basic user actions like creating a new account, creating an alias, and having that alias receive an email. What happens when a new account interacts with aliases or tries to receive mail, and how does the system show that these actions were handled correctly? What should I see at runtime that confirms the behavior you would expect?

While the application is active, do the email handler and job runner automatically come online in the background to support email activity or data handling? What behavior suggests that these internal components are functioning as intended across different situations?

Do not modify the source code. You can create temporary testing data such as accounts or aliases but clean them up when you are done.",retrieval_miss,bc4ec481-3804-4612-9e31-dc9cd14e40eb,"This note explicitly describes the startup process, the specific ports used by the web server and email handler, and the existence of a health check endpoint, which directly answers how to verify the services are up and responding."
20260907T111756.126379309Z-openclaw-sweatlasqa-pilot30-shuffle2-amem-repo-sglang,task-6905333b74f22949d97ba9aa,11,2,repo-scope,0,SimpleLogin startup confirmation log messages health check dashboard,"I'm new to SimpleLogin and trying to get everything running locally. Once the application starts, how can I tell that the web server, email handler, and job runner are actually up and responding? What should I see in the logs or dashboard UI that confirms users can sign in and manage their aliases?

After it's running, try performing some basic user actions like creating a new account, creating an alias, and having that alias receive an email. What happens when a new account interacts with aliases or tries to receive mail, and how does the system show that these actions were handled correctly? What should I see at runtime that confirms the behavior you would expect?

While the application is active, do the email handler and job runner automatically come online in the background to support email activity or data handling? What behavior suggests that these internal components are functioning as intended across different situations?

Do not modify the source code. You can create temporary testing data such as accounts or aliases but clean them up when you are done.",retrieval_miss,bc4ec481-3804-4612-9e31-dc9cd14e40eb,"This note explicitly describes the startup process, the specific ports for the web server and email handler, and the existence of a health check endpoint, which directly answers how to verify that the services are up and responding."
20260907T111756.126379309Z-openclaw-sweatlasqa-pilot30-shuffle2-amem-repo-sglang,task-6905333b74f22949d97ba9ab,4,1,repo-scope,0,SimpleLogin alias creation codebase,"I want to understand how SimpleLogin behaves during a normal alias-creation flow. To do that, run the full application locally using the standard development setup, login with any test user, and create a new alias while observing the system in real time.

As you go through this flow, watch the frontend and note exactly what request it sends to the backend when an alias is created. Then observe what the backend returns, including any status codes, payloads, or metadata that appear in the response. While the request is being processed, check what changes occur in the database. Identify which records are inserted or updated, how many tables are touched, and whether any related entities are created as part of the same operation.

Pay close attention to the logs to see whether the system triggers any background tasks, emits follow-up events, or performs additional work beyond the initial write. If anything fails, such as validation problems, DB errors, or network issues. Note how the error surfaces in the API response, logs, and resulting database state. Don't modify any of the repository source files while investigating. Feel free to create temporary scripts that's fine, but leave the actual codebase as you found it and ensure to clean up any temporary files or scripts you create when you're done.",addition_gap,,"None of the existing notes describe the alias creation API endpoint, frontend request structure, or the specific database transactions triggered during the alias creation flow."
20260907T111756.126379309Z-openclaw-sweatlasqa-pilot30-shuffle2-amem-repo-sglang,task-6905333b74f22949d97ba9ac,1,1,repo-scope,0,email forwarding SimpleLogin alias SL Message-ID,"I'm investigating a production issue where users report inconsistent behavior when emails are forwarded through SimpleLogin aliases. I need to trace the actual email processing flow to understand what's happening. When the email handler processes an incoming email to an alias, I want to observe, what is the exact log message text that appears when an email is successfully forwarded versus when it fails due to a non-existent alias, what specific SL Message-ID gets generated during forwarding and how does it differ from the original Message-ID, what is the exact From header value in the forwarded email after transformation including the reply-email address format, and what database records are created during a single forward operation show me the actual record IDs and timestamps. Trace through an actual email forward operation and capture these specific runtime values. I need to see actual generated values, not what the code logic suggests should happen. Just don't modify any source files while investigating, and clean up any test containers or DB instances you spin up.",addition_gap,,no candidate notes existed in store at call time
20260907T111756.126379309Z-openclaw-sweatlasqa-pilot30-shuffle2-amem-repo-sglang,task-6905333b74f22949d97ba9ad,15,1,repo-scope,0,SimpleLogin codebase setup email aliases,"I am setting up SimpleLogin for the first time and I want to confirm that the platform is actually working the way it should when everything is running locally. After starting the system what should I notice in the logs or UI that shows the app is ready to handle user authentication and alias based email activity?

Once it is running can you try walking through the typical product experience as if you were a new user signing up for the first time. What happens when a user registers verifies their address and tries to log in. What visible behavior confirms that the system is handling every step correctly and forwarding the user into the dashboard as expected?

I am also curious about what the application does behind the scenes during that flow. Are there any indicators that background jobs or internal services are doing their part to support email forwarding or identity verification. What should I expect to observe at runtime that tells me these moving pieces are active and talking to each other properly?

You can create anything temporary that you need for testing like new users or aliases but remove them when you are done and please do not make any changes to the source code.",retrieval_miss,a35d1ab4-7441-4f51-a853-0700e082c5df,"This note details the specific startup sequence and log outputs of the dev server, which directly answers the user's question about what to notice in the logs to confirm the app is ready."
20260907T111756.126379309Z-openclaw-sweatlasqa-pilot30-shuffle2-amem-repo-sglang,task-6905333b74f22949d97ba9ad,15,2,repo-scope,0,SimpleLogin startup services email forwarding background jobs,"I am setting up SimpleLogin for the first time and I want to confirm that the platform is actually working the way it should when everything is running locally. After starting the system what should I notice in the logs or UI that shows the app is ready to handle user authentication and alias based email activity?

Once it is running can you try walking through the typical product experience as if you were a new user signing up for the first time. What happens when a user registers verifies their address and tries to log in. What visible behavior confirms that the system is handling every step correctly and forwarding the user into the dashboard as expected?

I am also curious about what the application does behind the scenes during that flow. Are there any indicators that background jobs or internal services are doing their part to support email forwarding or identity verification. What should I expect to observe at runtime that tells me these moving pieces are active and talking to each other properly?

You can create anything temporary that you need for testing like new users or aliases but remove them when you are done and please do not make any changes to the source code.",retrieval_miss,a35d1ab4-7441-4f51-a853-0700e082c5df,"This note details the specific startup sequence and log outputs (e.g., 'load config'), which directly answers the user's question about what to notice in the logs to confirm the app is ready."
20260907T111756.126379309Z-openclaw-sweatlasqa-pilot30-shuffle2-amem-repo-sglang,task-6905333b74f22949d97ba9ae,10,1,repo-scope,0,SimpleLogin reply email contact resolution alias forwarding,"I’d like to understand how SimpleLogin resolves inbound email replies to a contact and forwarding destination during normal alias usage, specifically in cases where a reply ends up being delivered to a different user than the alias owner. As inbound reply messages are processed, focus on how the system derives the reply email address and uses it to identify the associated contact. Observe the actual runtime values involved in this resolution, the extracted reply email, the contact (if any) that it resolves to, and the user or alias ultimately selected as the forwarding destination. Track how these values behave across multiple reply events. Note whether the same reply email ever resolves to different contacts over time, fails to resolve temporarily, or resolves correctly but later results in forwarding to a different user than expected. Use these observations to determine whether the reply-handling logic specifically the lookup of contacts by reply email exhibits any race conditions, uniqueness assumptions, or timing-related inconsistencies that could explain why a reply is routed to the wrong user. Describe the runtime values you observed during reply resolution and explain how those values lead to the observed behavior. Don’t modify any repository source files. If temporary scripts or tooling are needed to observe behavior, that’s fine, but clean them up afterward and leave the repository unchanged.",retrieval_miss,bcbe75f6-308e-4d23-8bce-334be946ec30,"This note explicitly describes the core reply-handling logic (handle_reply finding contact by reply_email), which is the exact mechanism the question asks to analyze for routing inconsistencies."
20260907T111756.126379309Z-openclaw-sweatlasqa-pilot30-shuffle2-amem-repo-sglang,task-6905333b74f22949d97ba9af,9,1,repo-scope,0,codebase structure server database email init,"I'm trying to get the development environment running locally for the first time, and the documentation isn't very clear about the startup order or what breaks if certain setup steps are skipped. I want to bring the whole stack up from scratch and note what actually happens along the way.

To start with, I want to see what happens if the database isn't fully set up yet. With PostgreSQL running and an empty database created (no tables, migrations not run), what error do I actually hit when I start the server with python [server.py](http://server.py) and then try to open the login page in the browser? I'm looking for the full Python exception that gets raised.

Once the database migrations and the initialization script (init\_[app.py](http://app.py)) have been run and everything is set up correctly, I need to understand which Python services must be running for the system to work. Start each required service and show me the exact log output that confirms it's running and ready to accept connections. I want to see the actual startup messages from stdout/stderr, not just what the code says I need to verify the services are actually binding to their ports and working.

I'm also curious about what happens if the initialization step is skipped. If I run the migrations but don't run init\_[app.py](http://app.py), the SLDomain table should be empty (no email domains configured). If I then start the email handler and simulate an incoming email addressed to any @sl.local address, what happens? What SMTP status code does the email handler return to the sender, and what does it log to explain the rejection?

I'm not changing or deleting any source files here I just want to observe the system's behavior. Temporary config files or small test scripts are fine if needed.",addition_gap,,"None of the existing notes contain information about database migration errors, specific startup log outputs, or the behavior of the email handler when the SLDomain table is empty."
20260907T111756.126379309Z-openclaw-sweatlasqa-pilot30-shuffle2-amem-repo-sglang,task-6905333b74f22949d97ba9af,9,2,repo-scope,0,SLDomain empty database email handler SMTP status code login error,"I'm trying to get the development environment running locally for the first time, and the documentation isn't very clear about the startup order or what breaks if certain setup steps are skipped. I want to bring the whole stack up from scratch and note what actually happens along the way.

To start with, I want to see what happens if the database isn't fully set up yet. With PostgreSQL running and an empty database created (no tables, migrations not run), what error do I actually hit when I start the server with python [server.py](http://server.py) and then try to open the login page in the browser? I'm looking for the full Python exception that gets raised.

Once the database migrations and the initialization script (init\_[app.py](http://app.py)) have been run and everything is set up correctly, I need to understand which Python services must be running for the system to work. Start each required service and show me the exact log output that confirms it's running and ready to accept connections. I want to see the actual startup messages from stdout/stderr, not just what the code says I need to verify the services are actually binding to their ports and working.

I'm also curious about what happens if the initialization step is skipped. If I run the migrations but don't run init\_[app.py](http://app.py), the SLDomain table should be empty (no email domains configured). If I then start the email handler and simulate an incoming email addressed to any @sl.local address, what happens? What SMTP status code does the email handler return to the sender, and what does it log to explain the rejection?

I'm not changing or deleting any source files here I just want to observe the system's behavior. Temporary config files or small test scripts are fine if needed.",retrieval_miss,864cd725-654d-4412-9e31-dc9cd14e40eb,"This note explicitly describes the exact sqlalchemy.exc.OperationalError raised when the database has no tables, directly answering the user's first specific question about the exception encountered."
20260907T111756.126379309Z-openclaw-sweatlasqa-pilot30-shuffle2-amem-repo-sglang,task-6905333b74f22949d97ba9b2,6,1,repo-scope,0,bounce email SimpleLogin information leakage,"I'm investigating a potential information leakage issue in SimpleLogin's bounce email handling system. I've noticed that the codebase appears to support two different address formats for processing email bounces, what looks like an older format with the email log ID visible in plain text and a newer format that seems to use some kind of signature verification.

I wonder how bounces are routed, I'm seeing that emails sent to addresses like bounce+12345+@domain seem to be processed differently than those using the newer signed format. What concerns me is whether an external attacker could craft bounce emails to these older-style addresses and learn something by observing the SMTP responses.

I'm curious what's actually happening under the hood here, where the security boundaries really are, and what slips through without cryptographic validation. I wonder what exact SMTP responses come back when probing different scenarios, such as hitting a valid ID versus an invalid one, and what happens when something doesn't quite meet the bounce validation requirements. I don't want theoretical explanations of what the code should do, I want to see actual evidence of how the system behaves in practice.

What also puzzles me is the bounce detection itself. What makes the system accept something as a bounce in the first place? What criteria does it check? Could an attacker who controls the SMTP envelope and headers spoof those criteria? I'm curious what happens when those checks pass versus when they don't. And beyond just valid versus invalid, I wonder if the response codes reveal more than just whether an ID exists.

Don't modify any source files in the repository. You can create test scripts to observe the actual behavior, but clean them up when finished.",retrieval_miss,id=6f9a5b6a-af96-4046-b079-6c525610765b,"This note explicitly defines the VERP format including the signature component and payload structure, which directly addresses the user's question about the difference between older and newer address formats and how signature verification works."
20260907T111756.126379309Z-openclaw-sweatlasqa-pilot30-shuffle2-amem-repo-sglang,task-6905333b74f22949d97ba9d0,26,1,repo-scope,0,paperless-ngx architecture task scheduler maintenance,"I'm evaluating paperless-ngx architecture and need to understand what background maintenance happens automatically. Set up the development environment, what periodic tasks are registered with the task scheduler, and where is the schedule configuration defined? Find the sanity checker; what does it validate, what log output does it produce, and how often does it run? Is there automatic index optimization or database cleanup? Check if there's a task that handles failed document retries or stuck processing jobs. Look at the Celery beat schedule configuration and list all recurring tasks with their intervals. Trace through the code to find where periodic tasks are defined and registered. What happens if a scheduled task fails; is there retry logic or alerting? Are there any tasks that run on startup versus strictly on schedule? Query the database to see if there's a table tracking task execution history or scheduled job state. What controls whether these maintenance features are enabled or disabled? Don't modify source code; observing system behavior is fine, clean up any test artifacts when done.",retrieval_miss,8850b7a5-389d-40bf-8b6c-7b1f1f61f87e,"This note explicitly details the sanity checker's validation logic and checks, directly answering a specific part of the user's complex query about background maintenance tasks."
20260907T111756.126379309Z-openclaw-sweatlasqa-pilot30-shuffle2-amem-repo-sglang,task-6905333b74f22949d97ba9d0,26,2,repo-scope,0,paperless-ngx task scheduler periodic tasks sanity check index optimize,"I'm evaluating paperless-ngx architecture and need to understand what background maintenance happens automatically. Set up the development environment, what periodic tasks are registered with the task scheduler, and where is the schedule configuration defined? Find the sanity checker; what does it validate, what log output does it produce, and how often does it run? Is there automatic index optimization or database cleanup? Check if there's a task that handles failed document retries or stuck processing jobs. Look at the Celery beat schedule configuration and list all recurring tasks with their intervals. Trace through the code to find where periodic tasks are defined and registered. What happens if a scheduled task fails; is there retry logic or alerting? Are there any tasks that run on startup versus strictly on schedule? Query the database to see if there's a table tracking task execution history or scheduled job state. What controls whether these maintenance features are enabled or disabled? Don't modify source code; observing system behavior is fine, clean up any test artifacts when done.",retrieval_miss,44a00966-e462-4e6f-a772-97201c193bc4,"This note explicitly identifies the task scheduling framework as django-q (correcting the user's assumption about Celery) and lists the registered scheduled tasks, directly answering the core questions about periodic tasks, schedule configuration, and task definitions."
20260907T111756.126379309Z-openclaw-sweatlasqa-pilot30-shuffle2-amem-repo-sglang,task-6905333b74f22949d97ba9d1,18,1,repo-scope,2,Paperless-NGX search index document changes,"I want to understand how Paperless-NGX keeps its search index synchronized with document changes before I start working with this codebase. With the full environment running, I'm curious what actually happens at runtime when a document gets modified after it's already been ingested. If I change an existing document's title through the API to something unique and then search for that exact new title within a few seconds, does the document appear in results immediately, or do I need to wait for background processing to complete? While making this change, I want to watch what happens in the background task worker process specifically to see whether any job gets picked up in response to the edit, or whether the update completes entirely within the API request before returning. Something I particularly want to explore is what happens if a document's title gets updates directly in the database using a raw SQL statement rather than through the API. After making that direct change and searching for the new title, does the document appear in search results, or does the index remain stale? If it stays stale, I want to know whether there is a way to force the system to reconcile the index with the current database state, and what observable effect that reconciliation process has on the worker logs and task queue. I'm also wondering how the system would behave if the search index became corrupted or deleted entirely while documents still exist in the database. After removing the index files and triggering whatever recovery mechanism exists, how long does reconstruction take for a small set of documents, and what processing activity is visible during that rebuild? The goal is to understand whether the system can self-heal from index inconsistencies or whether manual intervention is always required. You may create temporary test documents for observation, but don't modify any source files and clean up test artifacts when finished.",addition_gap,,no candidate notes existed in store at call time
20260907T111756.126379309Z-openclaw-sweatlasqa-pilot30-shuffle2-amem-repo-sglang,task-6905333b74f22949d97ba9d1,18,2,repo-scope,2,Paperless-NGX document update API index sync post_save,"I want to understand how Paperless-NGX keeps its search index synchronized with document changes before I start working with this codebase. With the full environment running, I'm curious what actually happens at runtime when a document gets modified after it's already been ingested. If I change an existing document's title through the API to something unique and then search for that exact new title within a few seconds, does the document appear in results immediately, or do I need to wait for background processing to complete? While making this change, I want to watch what happens in the background task worker process specifically to see whether any job gets picked up in response to the edit, or whether the update completes entirely within the API request before returning. Something I particularly want to explore is what happens if a document's title gets updates directly in the database using a raw SQL statement rather than through the API. After making that direct change and searching for the new title, does the document appear in search results, or does the index remain stale? If it stays stale, I want to know whether there is a way to force the system to reconcile the index with the current database state, and what observable effect that reconciliation process has on the worker logs and task queue. I'm also wondering how the system would behave if the search index became corrupted or deleted entirely while documents still exist in the database. After removing the index files and triggering whatever recovery mechanism exists, how long does reconstruction take for a small set of documents, and what processing activity is visible during that rebuild? The goal is to understand whether the system can self-heal from index inconsistencies or whether manual intervention is always required. You may create temporary test documents for observation, but don't modify any source files and clean up test artifacts when finished.",addition_gap,,no candidate notes existed in store at call time
20260907T111756.126379309Z-openclaw-sweatlasqa-pilot30-shuffle2-amem-repo-sglang,task-6905333b74f22949d97ba9d3,29,1,repo-scope,0,paperless-ngx document ingestion pipeline processing,"I am trying to understand how paperless-ngx processes documents at runtime before making any changes. Once the application is up and all of its services are running, I want to submit a test PDF and observe how the ingestion pipeline actually behaves. As the document moves through the system, which services are involved, and what sequence of events shows up in the logs? I also want to upload a few more documents and watch how the system reacts after each one. Does the machine learning classifier retrain automatically on every upload, or only under certain conditions, and what log messages make it clear when training is happening versus when the classifier stays idle? After a document finishes processing, I want to see where it ends up on disk, what directory structure and filename pattern paperless-ngx uses by default, and which database tables receive new rows as part of ingestion. You should not modify or edit any existing files in the repository, but you can create temporary scripts or test documents if they help with the investigation, as long as everything you create is cleaned up when you are done.",retrieval_miss,8dac22c9-f08a-40d4-a272-3f7ef7c68419,"This note explicitly details the document ingestion pipeline steps, including file detection, waiting for stability, and the sequence of events, which directly answers the user's question about how the system processes documents at runtime and the sequence of events."
20260907T111756.126379309Z-openclaw-sweatlasqa-pilot30-shuffle2-amem-repo-sglang,task-6905333b74f22949d97ba9d4,24,1,repo-scope,0,Paperless-NGX background processes runtime idle,"I want to understand how Paperless-NGX behaves at runtime once the system is up and idle, before I start making changes to the codebase. Get Paperless-NGX running at the specified commit. Once it's idle and stable, what background processes or tasks continue executing automatically? What are the actual log entries that appear periodically showing the system is healthy and ready? I need the specific log messages, their frequency, and what they indicate. 
Also, if you briefly interrupt and restart part of the system, what specific log messages confirm everything has reconnected and is operational again? What components or processes keep running continuously to maintain Paperless-NGX in a ready state, even when no documents are being processed? You may use temporary helper commands or inspection tools if needed, but don’t modify any source files and clean up any temporary artifacts when you’re done.",retrieval_miss,93adea52-6ae9-447a-90c1-280a9c21ba52,"This note explicitly lists the background processes (gunicorn, consumer, scheduler) and the framework (django-q) that keep the system running, which directly answers the user's question about continuous components and runtime behavior."
20260907T111756.126379309Z-openclaw-sweatlasqa-pilot30-shuffle2-amem-repo-sglang,task-6905333b74f22949d97ba9d4,24,2,repo-scope,0,periodic scheduled background task health check idle,"I want to understand how Paperless-NGX behaves at runtime once the system is up and idle, before I start making changes to the codebase. Get Paperless-NGX running at the specified commit. Once it's idle and stable, what background processes or tasks continue executing automatically? What are the actual log entries that appear periodically showing the system is healthy and ready? I need the specific log messages, their frequency, and what they indicate. 
Also, if you briefly interrupt and restart part of the system, what specific log messages confirm everything has reconnected and is operational again? What components or processes keep running continuously to maintain Paperless-NGX in a ready state, even when no documents are being processed? You may use temporary helper commands or inspection tools if needed, but don’t modify any source files and clean up any temporary artifacts when you’re done.",retrieval_miss,93adea52-6ae9-447a-90c1-280a9c21ba52,"This note explicitly lists the background jobs (django-q, consumer, scheduler) and their management via supervisord, which directly answers the question about which processes run continuously to maintain the system in a ready state."
20260907T111756.126379309Z-openclaw-sweatlasqa-pilot30-shuffle2-amem-repo-sglang,task-6905333b74f22949d97ba9d5,27,1,repo-scope,0,Paperless-NGX document ingestion processing pipeline,"I’m trying to understand how data moves through Paperless-NGX during normal document ingestion so I can get oriented before working on the codebase. When Paperless-NGX is running from this repository at the specified commit and a new document appears in the system, what observable runtime behavior shows how the document is detected and handed off for processing? What log messages, task names, or state changes indicate the transition from initial detection into parsing, classification, and indexing, and how does the system reflect progress or completion of each stage while the document is being processed? After processing finishes, what observable evidence shows where the document’s data ends up and how its final state is recorded? Based on what you can directly observe at runtime, how does Paperless-NGX track whether a document has already been processed or needs further work, and what behavior or logs indicate how the system avoids duplicate processing? Keep the explanation grounded in runtime observations rather than assumptions from reading the code alone. You may use temporary test files if helpful, but don’t modify any source files and clean up any temporary artifacts when you’re done.",retrieval_miss,8dac22c9-f08a-40d4-a272-3f7ef7c68419,"This note explicitly details the initial detection mechanism (inotify/polling) and the waiting logic for file stability, which directly answers the user's question about how a document is detected and handed off for processing."
20260907T111756.126379309Z-openclaw-sweatlasqa-pilot30-shuffle2-amem-repo-sglang,task-6905333b74f22949d97ba9d6,17,1,repo-scope,1,paperless-ngx OCR processing document pipeline,"I’m trying to get a practical understanding of how OCR behaves in paperless-ngx at runtime, especially in cases where it’s hard to tell what the system is actually doing. When I upload an image that has no embedded text, how can I see that OCR has started, and what does the document’s processing state look like while it’s running? I want to watch how background workers behave during this phase and understand what signals really indicate active OCR work. If I upload a similar image that already contains text, does the system skip OCR entirely, or does it still touch the OCR pipeline in some way, and how can I tell the difference after processing finishes? I also want to compare the final API responses for both cases to understand which fields show OCR-generated text versus existing text. Finally, when OCR produces weak or incomplete results, what actually happens to the document’s final state? Does it still count as fully processed, and how is that reflected in the saved metadata? Temporary scripts may be used for observation, but the repository itself should remain unchanged, and anything temporary should be cleaned up afterward.",addition_gap,,no candidate notes existed in store at call time
20260907T111756.126379309Z-openclaw-sweatlasqa-pilot30-shuffle2-amem-repo-sglang,task-6905333b74f22949d97ba9d7,22,1,repo-scope,0,paperless authentication API token,"I'm planning to integrate some external tools with the paperless API and need to understand how authentication works first. Get paperless running locally, create a test user, and generate an API token for them. Make an authenticated request to list documents. What's the exact HTTP header name and format paperless expects for the token, and what's the complete endpoint path? What does the JSON response look like, specifically what are the top level fields, and is pagination involved or does it dump everything at once? Try that same request without auth and tell me what status code and error message you get. Then trace through the Django code to find which authentication class handles token authentication and what model stores the tokens. Don't modify the codebase, creating test users, tokens, and any temporary files you need is fine, but leave the source code untouched and clean up any additional files or changes when you're done.",addition_gap,,"None of the provided notes contain information regarding API authentication mechanisms, HTTP headers, endpoint paths, or Django authentication classes, which are the core requirements of the question."
20260907T111756.126379309Z-openclaw-sweatlasqa-pilot30-shuffle2-amem-repo-sglang,task-6905333b74f22949d97ba9d8,25,1,repo-scope,0,document classification machine learning pipeline OCR barcode splitting,"I am debugging non-deterministic failures in the document classification tests and want to understand how the machine learning pipeline behaves during test execution when training and OCR. I want to observe whether the classifier reuses an existing model or retrains during the same test run, and how that affects later tests. When a test exercises automatic correspondent matching, how many training documents are created, when does training occur relative to those inserts, and what confidence threshold is used to accept or reject predictions? I also want to see how edge cases are handled, such as when a document has no extractable text, including which OCR subprocess is invoked and what mime type is assigned to the output. Finally, when barcode splitting is involved, how many document records are created from a single input, which barcode values trigger a split, and where in the code that decision is made, especially if this changes the effective training data during the test run. Please do not modify the source code; you may create temporary helpers while investigating, but clean up anything temporary before finishing.",retrieval_miss,55ac1b33-ba1d-42f5-811c-856c38e67d27,"This note directly explains the classifier's training logic (hashing training data to determine if retraining is needed), which is the core mechanism for answering whether the model is reused or retrained during test execution."
20260907T111756.126379309Z-openclaw-sweatlasqa-pilot30-shuffle2-amem-repo-sglang,task-6905333b74f22949d97ba9d9,21,1,repo-scope,0,paperless-ngx background processing async queue tasks,"I'm trying to understand how paperless-ngx actually handles background processing when it ingests documents. I want to see what happens at runtime, not just read the config files.

Can you help me make sense of how async work behaves in a live setup? I’m interested in what services are involved behind the scenes, how background jobs appear once they are created, and how the system tells the difference between work that is waiting and work that is actively being processed. I also want to understand where the task state ends up being stored and how you can tell, after the fact, what happened to a given job.

From the code perspective, I want to connect that runtime behavior back to its origin. Where are these background jobs actually triggered, and what part of the code is responsible for sending them into the queue? Don’t modify any repository source files. If you need to create temporary scripts or artifacts to observe behavior, that’s fine, but clean them up afterward and leave the codebase unchanged.",retrieval_miss,93adea52-6ae9-447a-90c1-280a9c21ba52,"This note explicitly identifies the background job framework (django-q with Redis), the specific services involved (consumer, scheduler), and the mechanism for enqueuing tasks (async_task), which directly answers the user's core questions about runtime behavior and job handling."
20260907T111756.126379309Z-openclaw-sweatlasqa-pilot30-shuffle2-amem-repo-sglang,task-6905333b74f22949d97ba9d9,21,2,repo-scope,0,django-q tasks group uuid task_id queue status,"I'm trying to understand how paperless-ngx actually handles background processing when it ingests documents. I want to see what happens at runtime, not just read the config files.

Can you help me make sense of how async work behaves in a live setup? I’m interested in what services are involved behind the scenes, how background jobs appear once they are created, and how the system tells the difference between work that is waiting and work that is actively being processed. I also want to understand where the task state ends up being stored and how you can tell, after the fact, what happened to a given job.

From the code perspective, I want to connect that runtime behavior back to its origin. Where are these background jobs actually triggered, and what part of the code is responsible for sending them into the queue? Don’t modify any repository source files. If you need to create temporary scripts or artifacts to observe behavior, that’s fine, but clean them up afterward and leave the codebase unchanged.",retrieval_miss,93adea52-6ae9-447a-90c1-280a9c21ba52,"This note explicitly identifies the background job framework (django-q with Redis), the specific services involved (consumer, scheduler), and the mechanism for enqueuing tasks (async_task), which directly answers the user's core questions about runtime behavior and job handling."
20260907T111756.126379309Z-openclaw-sweatlasqa-pilot30-shuffle2-amem-repo-sglang,task-6905333b74f22949d97ba9db,20,1,repo-scope,4,Paperless-NGX file move rename tags duplicate checksum,"I'm onboarding into the Paperless-NGX repository and I'm curious about the hidden choreography that happens when the system is actually running. When a document's tags change and the filename format includes tags in the directory structure, files apparently relocate themselves. I wonder what log messages actually appear during that dance, and what the before and after paths look like in practice. There's supposedly a rollback safety net if something goes wrong during a file move, but I can't tell from reading the code whether it truly recovers or just promises to, what actually happens to files when a move fails partway through? Beyond file handling, there are other runtime mysteries I want to explore. The classifier's behavior puzzles me, sometimes training finishes instantly, other times it takes much longer. I want to trigger both scenarios and see the actual log messages that explain why training was skipped versus why it proceeded with full retraining, including whatever hash or checksum the system uses to detect changes. Duplicate detection feels like magic, two files that look completely different can still be rejected as duplicates, and I want to see the actual checksums being compared at that moment of judgment. The sanity checker intrigues me as well, what does its output actually look like when an archive is healthy versus when something has gone wrong, and can I see the specific hash values it compares when it discovers a mismatch? I also wonder about ghost files, whether orphaned files really linger in the media folder and what the system actually reports when it finds them. I need to see real runtime evidence for all of this; actual paths, actual checksums, actual log messages. Temporary scripts may be used for observation, but the repository itself should remain unchanged and anything temporary cleaned up afterward.",addition_gap,,no candidate notes existed in store at call time
20260907T111756.126379309Z-openclaw-sweatlasqa-pilot30-shuffle2-amem-repo-sglang,task-6905333b74f22949d97ba9db,20,2,repo-scope,0,Paperless-NGX runtime log messages file move rename checksum classifier sanity orphaned,"I'm onboarding into the Paperless-NGX repository and I'm curious about the hidden choreography that happens when the system is actually running. When a document's tags change and the filename format includes tags in the directory structure, files apparently relocate themselves. I wonder what log messages actually appear during that dance, and what the before and after paths look like in practice. There's supposedly a rollback safety net if something goes wrong during a file move, but I can't tell from reading the code whether it truly recovers or just promises to, what actually happens to files when a move fails partway through? Beyond file handling, there are other runtime mysteries I want to explore. The classifier's behavior puzzles me, sometimes training finishes instantly, other times it takes much longer. I want to trigger both scenarios and see the actual log messages that explain why training was skipped versus why it proceeded with full retraining, including whatever hash or checksum the system uses to detect changes. Duplicate detection feels like magic, two files that look completely different can still be rejected as duplicates, and I want to see the actual checksums being compared at that moment of judgment. The sanity checker intrigues me as well, what does its output actually look like when an archive is healthy versus when something has gone wrong, and can I see the specific hash values it compares when it discovers a mismatch? I also wonder about ghost files, whether orphaned files really linger in the media folder and what the system actually reports when it finds them. I need to see real runtime evidence for all of this; actual paths, actual checksums, actual log messages. Temporary scripts may be used for observation, but the repository itself should remain unchanged and anything temporary cleaned up afterward.",retrieval_miss,id=a01bbabc-cb94-456b-bb04-794d26e5c687,"This note explicitly details the file move rollback behavior, directly answering the user's specific question about what happens to files when a move fails partway through, which was a key part of their inquiry."
20260907T111756.126379309Z-openclaw-sweatlasqa-pilot30-shuffle2-amem-repo-sglang,task-6905333b74f22949d97ba9dc,30,1,repo-scope,0,paperless-ngx document upload OCR processing,"I'm getting inconsistent OCR results when testing paperless-ngx locally with multi-page PDFs and need to understand the processing behavior better. Get the development environment running normally (create admin user if needed during setup), then upload a multi-page PDF through the standard interface that requires OCR processing. What HTTP response status and message do you receive immediately after upload submission? As processing happens, what key log patterns appear that show the document moving through different stages, including the OCRmyPDF invocation parameters? After processing finishes, what do the generated archive PDF and thumbnail filenames look like in the media storage area? Check the document record in the database - what fields are actually stored (not filesystem-only metadata) and what values appear for the processed document? No file modifications or permanent changes allowed, clean up any test files completely when done.",retrieval_miss,c191fd9d-e3df-4a03-95a1-087996bf64b0,"This note explicitly details the OCR pipeline stages, log messages (STARTING, WORKING), and the invocation of OCRmyPDF, which directly answers the user's questions about processing behavior and log patterns."
20260907T111756.126379309Z-openclaw-sweatlasqa-pilot30-shuffle2-amem-repo-sglang,task-6905333b74f22949d97ba9dc,30,2,repo-scope,0,OCR processing log patterns upload response status,"I'm getting inconsistent OCR results when testing paperless-ngx locally with multi-page PDFs and need to understand the processing behavior better. Get the development environment running normally (create admin user if needed during setup), then upload a multi-page PDF through the standard interface that requires OCR processing. What HTTP response status and message do you receive immediately after upload submission? As processing happens, what key log patterns appear that show the document moving through different stages, including the OCRmyPDF invocation parameters? After processing finishes, what do the generated archive PDF and thumbnail filenames look like in the media storage area? Check the document record in the database - what fields are actually stored (not filesystem-only metadata) and what values appear for the processed document? No file modifications or permanent changes allowed, clean up any test files completely when done.",retrieval_miss,c191fd9d-e3df-4a03-95a1-087996bf64b0,"This note explicitly details the OCR pipeline stages, log messages (STARTING, WORKING), and the invocation of OCRmyPDF, which directly answers the user's questions about processing behavior and log patterns."
20260907T111756.126379309Z-openclaw-sweatlasqa-pilot30-shuffle2-amem-repo-sglang,task-6905333b74f22949d97ba9dd,16,1,repo-scope,0,Paperless-NGX document ingestion processing workflow,"I need to understand how Paperless-NGX processes a document from ingestion through indexing before I start working with the codebase. Set up the full environment and get all services running normally. Drop a small test file into the consumption directory and follow what happens. What log messages appear when the system first detects the file, what ingestion task gets triggered, and what additional tasks show up as the document moves through parsing, classification, and indexing? While the task is queued, check what the message broker is storing. What payload format or data structure represents the queued task? After processing completes, query the database to see where the document record is stored, which fields capture the parsed metadata, and where the system keeps a record of task execution or processing history.
Then trace the high-level codepath behind this workflow based on the behavior you observe. Starting from the part of the system that detects the new file, follow the chain of components involved in creating and submitting the ingestion task. Which part of the application is responsible for creating that task object, and what queuing framework does Paperless-NGX rely on to dispatch it? You may use temporary helper scripts or test files if needed, but don’t modify the actual source code, and clean up any temporary artifacts when you’re done.",addition_gap,,no candidate notes existed in store at call time
20260907T111756.126379309Z-openclaw-sweatlasqa-pilot30-shuffle2-amem-repo-sglang,task-6905333b74f22949d97ba9de,28,1,repo-scope,0,Paperless memory usage metadata processing,"I'm investigating a strange memory usage pattern in the Paperless document processing system. When the system imports documents, it sometimes consumes far more memory than expected for the metadata handling, but this doesn't happen consistently and seems to vary based on the document source or processing stage.

What I'm seeing is that memory usage spikes significantly during document import operations, particularly when metadata is being processed, but the spike seems disproportionate to the actual document size. The odd part is that this memory doesn't always get released back to the system in a timely manner, even after processing is complete. This seems unusual because these are mostly text documents with relatively small metadata - we're not dealing with massive image processing here.

Can you figure out what's causing these memory spikes? I'm curious whether there's something in the metadata handling that's creating unnecessary copies or holding references longer than needed, or if there's caching behavior that's accumulating data unexpectedly. What's different between the cases where memory spikes and cases where it doesn't? How does the behavior change with different document types or batch sizes?

I need to see actual runtime memory measurements during processing, understand which components or methods are responsible for holding onto memory, and get evidence showing whether this is normal Python garbage collection behavior or something problematic. Show me what patterns you can find and where the memory is actually going.

Don't modify any repository source files. You can create temporary test scripts or helper tools to reproduce and analyze the behavior, but clean them up and leave the codebase unchanged when done.",addition_gap,,"None of the existing notes address memory profiling, garbage collection behavior, or specific memory leak patterns during metadata processing; they only cover high-level architecture, API details, and specific functional bugs unrelated to memory consumption."
20260907T111756.126379309Z-openclaw-sweatlasqa-pilot30-shuffle2-amem-repo-sglang,task-6905333b74f22949d97ba9de,28,2,repo-scope,0,paperless-ngx memory spike content field bulk update,"I'm investigating a strange memory usage pattern in the Paperless document processing system. When the system imports documents, it sometimes consumes far more memory than expected for the metadata handling, but this doesn't happen consistently and seems to vary based on the document source or processing stage.

What I'm seeing is that memory usage spikes significantly during document import operations, particularly when metadata is being processed, but the spike seems disproportionate to the actual document size. The odd part is that this memory doesn't always get released back to the system in a timely manner, even after processing is complete. This seems unusual because these are mostly text documents with relatively small metadata - we're not dealing with massive image processing here.

Can you figure out what's causing these memory spikes? I'm curious whether there's something in the metadata handling that's creating unnecessary copies or holding references longer than needed, or if there's caching behavior that's accumulating data unexpectedly. What's different between the cases where memory spikes and cases where it doesn't? How does the behavior change with different document types or batch sizes?

I need to see actual runtime memory measurements during processing, understand which components or methods are responsible for holding onto memory, and get evidence showing whether this is normal Python garbage collection behavior or something problematic. Show me what patterns you can find and where the memory is actually going.

Don't modify any repository source files. You can create temporary test scripts or helper tools to reproduce and analyze the behavior, but clean them up and leave the codebase unchanged when done.",retrieval_miss,2f50afe3-d407-4869-86d9-448ae3445db1,"This note explicitly identifies the root cause of the memory spikes (loading full OCR text via TextField) and points to the specific code paths responsible, directly answering the user's investigation."
20260907T111756.126379309Z-openclaw-sweatlasqa-pilot30-shuffle2-amem-repo-sglang,task-6905333b74f22949d97ba9e0,23,1,repo-scope,0,documents list pagination duplicates sorting API,"I am trying to figure out why the documents list can feel haunted during normal browsing, where paging through the documents view with a couple of common filters enabled can make the same document show up twice across neighboring pages or disappear for a page and then come back even though nobody is editing anything and the sort order looks unchanged. It gets stranger when the viewer is not an all powerful admin and visibility is shaped by sharing rules, because the glitch seems to depend on what the user is allowed to see rather than what exists. Is the backend producing duplicates that get collapsed somewhere later, is pagination happening before any de duplication, or is the ordering quietly unstable when multiple rows tie on the primary sort key? I want to watch what the API actually returns across consecutive page requests, and line that up with what the UI thinks pagination means until the exact condition that destabilizes the list becomes clear. Temporary scripts may be used for observation, but the repository itself should remain unchanged and anything temporary should be cleaned up afterward.",retrieval_miss,5ee7dd7c-31ca-4876-bdad-6b7b0931e2d4,"This note details the API pagination configuration (StandardPagination/PageNumberPagination) which is the direct mechanism responsible for the observed paging behavior, duplicates, and ordering issues, whereas other notes cover unrelated topics like authentication or file ingestion."
20260907T111756.126379309Z-openclaw-sweatlasqa-pilot30-shuffle2-amem-repo-sglang,task-6905333b74f22949d97ba9e0,23,2,repo-scope,0,document list pagination duplicates unstable ordering distinct tag filter,"I am trying to figure out why the documents list can feel haunted during normal browsing, where paging through the documents view with a couple of common filters enabled can make the same document show up twice across neighboring pages or disappear for a page and then come back even though nobody is editing anything and the sort order looks unchanged. It gets stranger when the viewer is not an all powerful admin and visibility is shaped by sharing rules, because the glitch seems to depend on what the user is allowed to see rather than what exists. Is the backend producing duplicates that get collapsed somewhere later, is pagination happening before any de duplication, or is the ordering quietly unstable when multiple rows tie on the primary sort key? I want to watch what the API actually returns across consecutive page requests, and line that up with what the UI thinks pagination means until the exact condition that destabilizes the list becomes clear. Temporary scripts may be used for observation, but the repository itself should remain unchanged and anything temporary should be cleaned up afterward.",retrieval_miss,000e3291-61e5-43e5-9af1-723efa9a86ab,"This note explicitly identifies the root cause of the described instability (unstable SQL ordering due to ties on the 'created' field), directly answering the user's diagnostic question about why duplicates appear and disappear."
20260907T111756.126379309Z-openclaw-sweatlasqa-pilot30-shuffle2-amem-repo-sglang,task-6905333b74f22949d97ba9e8,8,1,repo-scope,0,SimpleLogin authentication API sessions email forwarding,"I've been investigating SimpleLogin's authentication and noticed some behaviors I need to verify by actually observing the running system.

When I'm logged into the web interface and make API calls without an API key header, the requests seem to work. I need to confirm what HTTP status code actually comes back and what the response body structure looks like ,not what the code says should happen, but what actually happens when you try it.There's also something odd when trying to access privileged operations with just a browser session. The HTTP status code I get back isn't a standard authorization error, and the error message is unusual. What specific status code and exact error message text does the system actually return in this scenario?

For sessions, I want to understand what the stored session data actually looks like when you examine it directly in storage. Capture the raw bytes from the storage backend and show me what format they're in, what keys are present in the deserialized data for an authenticated session, and how the session key itself is structured.I'm also curious about session identifier behavior during authentication. If you capture the session ID from your cookie before login, then go through the login flow, does that identifier value stay the same or get replaced with a new one? I need to see the actual before and after values to know for sure.

On the email forwarding side, I want to know what happens to specific headers when a message passes through. If an incoming email has a custom X-header, a Received header, and a Reply-To header, which of those three actually make it through to the forwarded message and which get stripped? Send an actual test email and examine the result.

For the alias creation tokens, they clearly expire after some time window. I want to experimentally verify what that window is by testing whether a token works immediately, then waiting and testing if it still works, until you find the boundary where it stops working.

I also noticed that the API tracks usage statistics for API keys. When you make several API calls with the same key, what fields get updated in the database and what are the actual values you observe after making the calls?Finally, when a login attempt fails with wrong credentials, what specific log messages appear and what HTTP response details come back? I want to see the actual logged output and response, not just what the code says should happen.

Show me evidence from actually running the system rather than just reading the code. Don't modify any source files in the repository, but you can create test scripts to observe behavior - just clean them up afterward.",addition_gap,,"None of the provided notes contain information regarding HTTP status codes, session storage formats, session ID behavior, email header filtering, token expiration times, API usage statistics, or login failure logs."
20260907T111756.126379309Z-openclaw-sweatlasqa-pilot30-shuffle2-amem-repo-sglang,task-6905333b74f22949d97ba9e8,8,2,repo-scope,0,SimpleLogin API auth session cookie Reply-To headers session storage pickle,"I've been investigating SimpleLogin's authentication and noticed some behaviors I need to verify by actually observing the running system.

When I'm logged into the web interface and make API calls without an API key header, the requests seem to work. I need to confirm what HTTP status code actually comes back and what the response body structure looks like ,not what the code says should happen, but what actually happens when you try it.There's also something odd when trying to access privileged operations with just a browser session. The HTTP status code I get back isn't a standard authorization error, and the error message is unusual. What specific status code and exact error message text does the system actually return in this scenario?

For sessions, I want to understand what the stored session data actually looks like when you examine it directly in storage. Capture the raw bytes from the storage backend and show me what format they're in, what keys are present in the deserialized data for an authenticated session, and how the session key itself is structured.I'm also curious about session identifier behavior during authentication. If you capture the session ID from your cookie before login, then go through the login flow, does that identifier value stay the same or get replaced with a new one? I need to see the actual before and after values to know for sure.

On the email forwarding side, I want to know what happens to specific headers when a message passes through. If an incoming email has a custom X-header, a Received header, and a Reply-To header, which of those three actually make it through to the forwarded message and which get stripped? Send an actual test email and examine the result.

For the alias creation tokens, they clearly expire after some time window. I want to experimentally verify what that window is by testing whether a token works immediately, then waiting and testing if it still works, until you find the boundary where it stops working.

I also noticed that the API tracks usage statistics for API keys. When you make several API calls with the same key, what fields get updated in the database and what are the actual values you observe after making the calls?Finally, when a login attempt fails with wrong credentials, what specific log messages appear and what HTTP response details come back? I want to see the actual logged output and response, not just what the code says should happen.

Show me evidence from actually running the system rather than just reading the code. Don't modify any source files in the repository, but you can create test scripts to observe behavior - just clean them up afterward.",retrieval_miss,1b2cb11d-0fcd-45bc-b39a-f82ae0b94ded,"This note directly addresses the user's specific question about API calls made without an API key but with a valid session, confirming that the request proceeds normally, which is the core behavior the user needs to verify."
20260907T111756.126379309Z-openclaw-sweatlasqa-pilot30-shuffle2-amem-repo-sglang,task-6905333b74f22949d97baa1d,5,1,repo-scope,0,SimpleLogin session handling Redis deserialization,"I’m testing the SimpleLogin repository and trying to understand how server-side session handling behaves at runtime, especially when stored session data is turned back into Python objects. I want to see what normal sessions look like as users log in and out and then what actually happens if the session data in Redis is corrupted or malformed. Does the next request fail, silently reset the session, or surface an error, and what shows up in responses or logs when that happens? I’m trying to understand where the boundary lies between a harmless reset and a real deserialization risk, based on what you can observe while the system is running rather than theory alone. If an attacker could tamper with session bytes but not forge the signed session ID, does that meaningfully change the risk, and how does the runtime behavior support that conclusion? Temporary scripts may be used for observation, but the repository itself should remain unchanged, and anything temporary should be cleaned up afterward.",addition_gap,,"None of the provided notes contain information regarding server-side session handling, Redis session storage, deserialization logic, or security risks associated with session tampering."
20260907T111756.126379309Z-openclaw-sweatlasqa-pilot30-shuffle2-amem-repo-sglang,task-6905333b74f22949d97baa1d,5,2,repo-scope,0,SimpleLogin session handling deserialization pickle redis corruption,"I’m testing the SimpleLogin repository and trying to understand how server-side session handling behaves at runtime, especially when stored session data is turned back into Python objects. I want to see what normal sessions look like as users log in and out and then what actually happens if the session data in Redis is corrupted or malformed. Does the next request fail, silently reset the session, or surface an error, and what shows up in responses or logs when that happens? I’m trying to understand where the boundary lies between a harmless reset and a real deserialization risk, based on what you can observe while the system is running rather than theory alone. If an attacker could tamper with session bytes but not forge the signed session ID, does that meaningfully change the risk, and how does the runtime behavior support that conclusion? Temporary scripts may be used for observation, but the repository itself should remain unchanged, and anything temporary should be cleaned up afterward.",addition_gap,,"None of the provided notes contain information regarding server-side session handling, Redis session storage, deserialization logic, or security risks associated with session tampering."
20260913T063321.846516847Z-openclaw-sweatlasqa-pilot30-amem-global-sglang,task-6905333b74f22949d97ba9a4,1,1,global-scope,0,SimpleLogin backend startup development configuration,"I'm trying to understand what actually happens when SimpleLogin is started locally in development environment. I'm wondering how the backend starts up in dev mode, how configuration is loaded, which log messages indicate that it's ready to accept requests, and what ports or endpoints it exposes. 

I’m interested in how a single authenticated request is handled by the app, where the request first enters the application, how the user identity is determined at runtime, and how that authentication context is carried through request handling. The entry point and user identification flow are my main concerns here. I also want to know whether the app automatically starts any background jobs or schedulers, or if there’s anything going on besides handling incoming requests.

I'm not looking for what the code says should happen, I want to know what actually gets printed when you run it. Please don’t modify any repository source files while investigating. Temporary scripts are fine if needed, but leave the codebase unchanged and clean up anything you create when you’re done.",addition_gap,,no candidate notes existed in store at call time
20260913T063321.846516847Z-openclaw-sweatlasqa-pilot30-amem-global-sglang,task-6905333b74f22949d97ba9a4,1,2,global-scope,0,SimpleLogin startup backend dev mode configuration,"I'm trying to understand what actually happens when SimpleLogin is started locally in development environment. I'm wondering how the backend starts up in dev mode, how configuration is loaded, which log messages indicate that it's ready to accept requests, and what ports or endpoints it exposes. 

I’m interested in how a single authenticated request is handled by the app, where the request first enters the application, how the user identity is determined at runtime, and how that authentication context is carried through request handling. The entry point and user identification flow are my main concerns here. I also want to know whether the app automatically starts any background jobs or schedulers, or if there’s anything going on besides handling incoming requests.

I'm not looking for what the code says should happen, I want to know what actually gets printed when you run it. Please don’t modify any repository source files while investigating. Temporary scripts are fine if needed, but leave the codebase unchanged and clean up anything you create when you’re done.",retrieval_miss,65a86b97-ab8d-4fbf-87fe-58e3a536cc9b,"This note explicitly describes the specific startup log messages printed to stdout, which directly answers the user's request for 'what actually gets printed' during the startup phase."
20260913T063321.846516847Z-openclaw-sweatlasqa-pilot30-amem-global-sglang,task-6905333b74f22949d97ba9a5,2,1,global-scope,0,alias creation signed suffix validation rate limiting,"I am debugging intermittent validation failures during custom alias creation that don't match the expected behavior, which seems related to how signed suffixes are verified. When attempting to create custom aliases with invalid or expired signed suffixes, what exact HTTP status codes and error messages appear in the API responses, and what corresponding validation log entries show up in the server console? Check whether any rate-limiting headers appear in the responses and what their actual values are. For successful alias creation attempts, what quota-related checks occur, what specific values get logged when the system verifies whether the user can create more aliases? Trace through the execution path to identify which component validates signed suffixes and enforces creation limits, and what conditions trigger rejection. Don't modify the repository code temporary test scripts or API calls are fine but keep the codebase unchanged.",addition_gap,,"None of the provided notes contain specific information about API response status codes, error messages, rate-limiting headers, or the detailed validation logic for signed suffixes and alias creation limits."
20260913T063321.846516847Z-openclaw-sweatlasqa-pilot30-amem-global-sglang,task-6905333b74f22949d97ba9a6,3,1,global-scope,0,email privacy anonymous aliases system,"I'm trying to get this email privacy system with anonymous aliases running for the first time and I want to understand how all the pieces fit together during initialization.

The system has a web server, an email handler, background jobs, and some cron tasks. I need to set everything up from scratch and see what actually happens when it starts.

Here's what I'm trying to figure out:

When I run the database migrations on an empty PostgreSQL database, how many tables get created in total? And what's the exact name of the last table that gets created based on the migration output order?

For the web server startup, what's the log message that tells me it's actually ready to accept connections? I'm also curious how many milliseconds pass between the first log entry and that ready message.

The email handler can take a custom port. If I start it with port 25025, does the startup log confirm it's listening on that port? What message shows up exactly?

I want to test the registration flow. If I create a user account with email ""[testuser@example.com](mailto:testuser@example.com)"" and password ""testpass123"", then immediately try to login before activating it, what's the exact JSON error message the API returns and what HTTP status code comes with it? I'd also like to see the full curl command output. And when I query the database directly for that user, what boolean values do the activated and notification columns actually show?

Also, there are different alias limits for different account types. I want to verify how the system handles this dynamically. First, create a fresh user and call /api/user_info to see what max_alias_free_plan value the API actually returns in the JSON response. Then, experiment with changing the configuration - try setting a different limit value like 10, restart the server, create a second new user, and call /api/user_info again for that user. What are the exact API responses before and after the change? Do both users reflect the new limit or only the one created after the change?

I'm trying to understand the actual runtime behavior here, not just what the code suggests should happen. Don't modify any of the source files, but feel free to create test config files or .env files to experiment with different settings.",addition_gap,,"None of the existing notes contain the specific runtime details required, such as the exact number of database tables, the specific 'ready' log message with timing, the custom port confirmation log, or the exact JSON error response for unactivated login attempts."
20260913T063321.846516847Z-openclaw-sweatlasqa-pilot30-amem-global-sglang,task-6905333b74f22949d97ba9a6,3,2,global-scope,0,database migrations tables email handler registration,"I'm trying to get this email privacy system with anonymous aliases running for the first time and I want to understand how all the pieces fit together during initialization.

The system has a web server, an email handler, background jobs, and some cron tasks. I need to set everything up from scratch and see what actually happens when it starts.

Here's what I'm trying to figure out:

When I run the database migrations on an empty PostgreSQL database, how many tables get created in total? And what's the exact name of the last table that gets created based on the migration output order?

For the web server startup, what's the log message that tells me it's actually ready to accept connections? I'm also curious how many milliseconds pass between the first log entry and that ready message.

The email handler can take a custom port. If I start it with port 25025, does the startup log confirm it's listening on that port? What message shows up exactly?

I want to test the registration flow. If I create a user account with email ""[testuser@example.com](mailto:testuser@example.com)"" and password ""testpass123"", then immediately try to login before activating it, what's the exact JSON error message the API returns and what HTTP status code comes with it? I'd also like to see the full curl command output. And when I query the database directly for that user, what boolean values do the activated and notification columns actually show?

Also, there are different alias limits for different account types. I want to verify how the system handles this dynamically. First, create a fresh user and call /api/user_info to see what max_alias_free_plan value the API actually returns in the JSON response. Then, experiment with changing the configuration - try setting a different limit value like 10, restart the server, create a second new user, and call /api/user_info again for that user. What are the exact API responses before and after the change? Do both users reflect the new limit or only the one created after the change?

I'm trying to understand the actual runtime behavior here, not just what the code suggests should happen. Don't modify any of the source files, but feel free to create test config files or .env files to experiment with different settings.",retrieval_miss,c8357fd4-d3c8-46ce-95b6-e5f9960c08ac,"This note explicitly states that 77 tables are created and identifies the last table as 'user_audit_log', directly answering the specific factual questions in the prompt that the search failed to retrieve."
20260913T063321.846516847Z-openclaw-sweatlasqa-pilot30-amem-global-sglang,task-6905333b74f22949d97ba9a7,4,1,global-scope,0,SimpleLogin codebase repository structure,"I want to understand how SimpleLogin processes multi step workflows at runtime.

In scenarios where a mailbox verification code is submitted incorrectly multiple times in succession, what observable state changes and enforcement mechanisms does the running system apply? Trace the actual runtime behavior to determine what limits exist, how failed attempts are tracked, and what ultimately prevents further submissions.

For background tasks that are scheduled and later picked up for execution, trace the complete lifecycle from initial creation through final completion. If a task encounters an error during execution, what recovery or retry behavior is applied, and what observable state reflects that failure?

During email forwarding through an alias, what exact format is used for the special address generated to handle delivery failures? If a failure notification arrives at this address, trace how the system identifies the original email, what state changes are recorded, and how the handling behavior differs depending on the direction of the original message.

Temporary inspection or debugging tools may be used to observe runtime behavior, but source files should not be modified and any temporary artifacts should be cleaned up afterward.",addition_gap,,"None of the provided notes contain specific details about mailbox verification code retry limits, background job error recovery logic, or the exact format of failure notification addresses."
20260913T063321.846516847Z-openclaw-sweatlasqa-pilot30-amem-global-sglang,task-6905333b74f22949d97ba9a8,5,1,global-scope,0,SimpleLogin Flask app startup configuration,"I'm onboarding into the SimpleLogin codebase and need to understand how it actually behaves when running. I want to know what port the Flask app binds to and what the startup logs look like when it initializes. For the health check, what response body and status code does it return? When a user creates an alias through the API, what does the actual JSON response look like, and what ends up in the database, which table, and what values? I'm also curious about failure behavior. If PostgreSQL isn't available when the app starts, what error appears, and where does it break? I need to see actual runtime output, not just what the code says should happen. You can create temporary test scripts, but don't modify the repository and clean up afterward.",retrieval_miss,886b88d9-ff04-4c64-86f0-6504ebf9cc04,"This note explicitly states the port (7777) and the startup command (gunicorn), directly answering the user's questions about the Flask app's binding port and startup behavior."
20260913T063321.846516847Z-openclaw-sweatlasqa-pilot30-amem-global-sglang,task-6905333b74f22949d97ba9a9,6,1,global-scope,0,SimpleLogin alias reply handling email routing,"I'm running into unexpected behavior in the alias reply-handling flow of SimpleLogin and I want to determine whether it's a real issue or just a misunderstanding of how the pipeline works. When a user replies to an email that was forwarded through an alias, the backend is supposed to receive the inbound message, identify which alias it belongs to, and relay it back to the correct recipient, but in my local tests some replies appear to be routed to the wrong user even though the logs show the alias being recognized. Using the development environment, simulate an inbound email reply and trace the runtime flow end-to-end: observe which part of the system handles the incoming message, how the alias is resolved to a user, and what user ID the system ultimately decides to forward the reply to. Based on this live execution trace, explain the actual data flow and identify the most likely point in the pipeline where an incorrect routing decision could originate. You can create temporary scripts or logs that's fine but clean them up and leave the codebase as you found it.",retrieval_miss,7c2ddc9b-d263-4eff-ba48-441a92086a98,"This note describes the VERP format used for bounce/failure addresses, which is the critical mechanism for identifying the original recipient in inbound replies, directly addressing the routing logic issue."
20260913T063321.846516847Z-openclaw-sweatlasqa-pilot30-amem-global-sglang,task-6905333b74f22949d97ba9a9,6,2,global-scope,0,SimpleLogin handle_reply EmailLog mailbox alias routing,"I'm running into unexpected behavior in the alias reply-handling flow of SimpleLogin and I want to determine whether it's a real issue or just a misunderstanding of how the pipeline works. When a user replies to an email that was forwarded through an alias, the backend is supposed to receive the inbound message, identify which alias it belongs to, and relay it back to the correct recipient, but in my local tests some replies appear to be routed to the wrong user even though the logs show the alias being recognized. Using the development environment, simulate an inbound email reply and trace the runtime flow end-to-end: observe which part of the system handles the incoming message, how the alias is resolved to a user, and what user ID the system ultimately decides to forward the reply to. Based on this live execution trace, explain the actual data flow and identify the most likely point in the pipeline where an incorrect routing decision could originate. You can create temporary scripts or logs that's fine but clean them up and leave the codebase as you found it.",retrieval_miss,7c2ddc9b-d263-42bd-8974-b3ac7fc63ebc,"This note describes the VERP format used for bounce/failure addresses, which is the critical mechanism for identifying the original recipient in inbound replies, directly addressing the user's issue with incorrect routing."
20260913T063321.846516847Z-openclaw-sweatlasqa-pilot30-amem-global-sglang,task-6905333b74f22949d97ba9aa,7,1,global-scope,0,SimpleLogin repository structure,"I'm new to SimpleLogin and trying to get everything running locally. Once the application starts, how can I tell that the web server, email handler, and job runner are actually up and responding? What should I see in the logs or dashboard UI that confirms users can sign in and manage their aliases?

After it's running, try performing some basic user actions like creating a new account, creating an alias, and having that alias receive an email. What happens when a new account interacts with aliases or tries to receive mail, and how does the system show that these actions were handled correctly? What should I see at runtime that confirms the behavior you would expect?

While the application is active, do the email handler and job runner automatically come online in the background to support email activity or data handling? What behavior suggests that these internal components are functioning as intended across different situations?

Do not modify the source code. You can create temporary testing data such as accounts or aliases but clean them up when you are done.",retrieval_miss,d4821e62-b9ae-44d7-91c4-0a0fe9aa5c70,"This note explicitly describes the background processes (email_handler and job_runner) and their startup behaviors, directly answering how to verify they are running and functioning."
20260913T063321.846516847Z-openclaw-sweatlasqa-pilot30-amem-global-sglang,task-6905333b74f22949d97ba9ab,8,1,global-scope,0,SimpleLogin alias creation codebase,"I want to understand how SimpleLogin behaves during a normal alias-creation flow. To do that, run the full application locally using the standard development setup, login with any test user, and create a new alias while observing the system in real time.

As you go through this flow, watch the frontend and note exactly what request it sends to the backend when an alias is created. Then observe what the backend returns, including any status codes, payloads, or metadata that appear in the response. While the request is being processed, check what changes occur in the database. Identify which records are inserted or updated, how many tables are touched, and whether any related entities are created as part of the same operation.

Pay close attention to the logs to see whether the system triggers any background tasks, emits follow-up events, or performs additional work beyond the initial write. If anything fails, such as validation problems, DB errors, or network issues. Note how the error surfaces in the API response, logs, and resulting database state. Don't modify any of the repository source files while investigating. Feel free to create temporary scripts that's fine, but leave the actual codebase as you found it and ensure to clean up any temporary files or scripts you create when you're done.",retrieval_miss,ccce6d91-df6a-45ca-b348-8fddd58f1e1c,"This note explicitly identifies the API endpoints and source files responsible for custom alias creation, which directly answers the user's need to identify the specific request sent to the backend."
20260913T063321.846516847Z-openclaw-sweatlasqa-pilot30-amem-global-sglang,task-6905333b74f22949d97ba9ab,8,2,global-scope,0,SimpleLogin alias creation flow database tables request response,"I want to understand how SimpleLogin behaves during a normal alias-creation flow. To do that, run the full application locally using the standard development setup, login with any test user, and create a new alias while observing the system in real time.

As you go through this flow, watch the frontend and note exactly what request it sends to the backend when an alias is created. Then observe what the backend returns, including any status codes, payloads, or metadata that appear in the response. While the request is being processed, check what changes occur in the database. Identify which records are inserted or updated, how many tables are touched, and whether any related entities are created as part of the same operation.

Pay close attention to the logs to see whether the system triggers any background tasks, emits follow-up events, or performs additional work beyond the initial write. If anything fails, such as validation problems, DB errors, or network issues. Note how the error surfaces in the API response, logs, and resulting database state. Don't modify any of the repository source files while investigating. Feel free to create temporary scripts that's fine, but leave the actual codebase as you found it and ensure to clean up any temporary files or scripts you create when you're done.",retrieval_miss,bcebc662-0e61-47b6-a5a2-b4d39aeffdff,"This note explicitly details the alias creation flow, including the specific frontend endpoints and data collected, which directly addresses the user's request to understand the alias-creation behavior."
20260913T063321.846516847Z-openclaw-sweatlasqa-pilot30-amem-global-sglang,task-6905333b74f22949d97ba9ac,9,1,global-scope,0,SimpleLogin email forwarding message-id log,"I'm investigating a production issue where users report inconsistent behavior when emails are forwarded through SimpleLogin aliases. I need to trace the actual email processing flow to understand what's happening. When the email handler processes an incoming email to an alias, I want to observe, what is the exact log message text that appears when an email is successfully forwarded versus when it fails due to a non-existent alias, what specific SL Message-ID gets generated during forwarding and how does it differ from the original Message-ID, what is the exact From header value in the forwarded email after transformation including the reply-email address format, and what database records are created during a single forward operation show me the actual record IDs and timestamps. Trace through an actual email forward operation and capture these specific runtime values. I need to see actual generated values, not what the code logic suggests should happen. Just don't modify any source files while investigating, and clean up any test containers or DB instances you spin up.",addition_gap,,"None of the existing notes contain the specific runtime log messages, generated Message-IDs, transformed From headers, or database record details required to answer the question about tracing an actual email forward operation."
20260913T063321.846516847Z-openclaw-sweatlasqa-pilot30-amem-global-sglang,task-6905333b74f22949d97ba9ad,10,1,global-scope,0,SimpleLogin setup registration dashboard,"I am setting up SimpleLogin for the first time and I want to confirm that the platform is actually working the way it should when everything is running locally. After starting the system what should I notice in the logs or UI that shows the app is ready to handle user authentication and alias based email activity?

Once it is running can you try walking through the typical product experience as if you were a new user signing up for the first time. What happens when a user registers verifies their address and tries to log in. What visible behavior confirms that the system is handling every step correctly and forwarding the user into the dashboard as expected?

I am also curious about what the application does behind the scenes during that flow. Are there any indicators that background jobs or internal services are doing their part to support email forwarding or identity verification. What should I expect to observe at runtime that tells me these moving pieces are active and talking to each other properly?

You can create anything temporary that you need for testing like new users or aliases but remove them when you are done and please do not make any changes to the source code.",retrieval_miss,d03dde76-1303-457f-8494-b644931c1c,"The health check endpoint note provides a direct, programmatic way to verify the application is ready, which is more useful than the generic startup logs or architecture notes for confirming the system is handling requests."
20260913T063321.846516847Z-openclaw-sweatlasqa-pilot30-amem-global-sglang,task-6905333b74f22949d97ba9ae,11,1,global-scope,0,SimpleLogin reply resolution contact forwarding alias,"I’d like to understand how SimpleLogin resolves inbound email replies to a contact and forwarding destination during normal alias usage, specifically in cases where a reply ends up being delivered to a different user than the alias owner. As inbound reply messages are processed, focus on how the system derives the reply email address and uses it to identify the associated contact. Observe the actual runtime values involved in this resolution, the extracted reply email, the contact (if any) that it resolves to, and the user or alias ultimately selected as the forwarding destination. Track how these values behave across multiple reply events. Note whether the same reply email ever resolves to different contacts over time, fails to resolve temporarily, or resolves correctly but later results in forwarding to a different user than expected. Use these observations to determine whether the reply-handling logic specifically the lookup of contacts by reply email exhibits any race conditions, uniqueness assumptions, or timing-related inconsistencies that could explain why a reply is routed to the wrong user. Describe the runtime values you observed during reply resolution and explain how those values lead to the observed behavior. Don’t modify any repository source files. If temporary scripts or tooling are needed to observe behavior, that’s fine, but clean them up afterward and leave the repository unchanged.",retrieval_miss,af17c64d-bb3f-4e92-b6b7-6ca87ab15033,"This note explicitly describes the database record structure for a Contact, including the critical 'reply_email' field that maps the sender's address to the specific contact and user, which is the core mechanism required to answer how inbound replies are resolved and routed."
20260913T063321.846516847Z-openclaw-sweatlasqa-pilot30-amem-global-sglang,task-6905333b74f22949d97ba9af,12,1,global-scope,0,codebase structure development environment,"I'm trying to get the development environment running locally for the first time, and the documentation isn't very clear about the startup order or what breaks if certain setup steps are skipped. I want to bring the whole stack up from scratch and note what actually happens along the way.

To start with, I want to see what happens if the database isn't fully set up yet. With PostgreSQL running and an empty database created (no tables, migrations not run), what error do I actually hit when I start the server with python [server.py](http://server.py) and then try to open the login page in the browser? I'm looking for the full Python exception that gets raised.

Once the database migrations and the initialization script (init\_[app.py](http://app.py)) have been run and everything is set up correctly, I need to understand which Python services must be running for the system to work. Start each required service and show me the exact log output that confirms it's running and ready to accept connections. I want to see the actual startup messages from stdout/stderr, not just what the code says I need to verify the services are actually binding to their ports and working.

I'm also curious about what happens if the initialization step is skipped. If I run the migrations but don't run init\_[app.py](http://app.py), the SLDomain table should be empty (no email domains configured). If I then start the email handler and simulate an incoming email addressed to any @sl.local address, what happens? What SMTP status code does the email handler return to the sender, and what does it log to explain the rejection?

I'm not changing or deleting any source files here I just want to observe the system's behavior. Temporary config files or small test scripts are fine if needed.",retrieval_miss,c4404dab-c7a1-4325-a4db-5c86d8a2ed81,"This note explicitly states that database connection is established eagerly at module import time, meaning the server will fail to start with a database error before any routes are accessible, which directly answers the user's question about the error hit when starting the server with an empty/unmigrated database."
20260913T063321.846516847Z-openclaw-sweatlasqa-pilot30-amem-global-sglang,task-6905333b74f22949d97ba9b2,13,1,global-scope,0,bounce email handling SimpleLogin SMTP,"I'm investigating a potential information leakage issue in SimpleLogin's bounce email handling system. I've noticed that the codebase appears to support two different address formats for processing email bounces, what looks like an older format with the email log ID visible in plain text and a newer format that seems to use some kind of signature verification.

I wonder how bounces are routed, I'm seeing that emails sent to addresses like bounce+12345+@domain seem to be processed differently than those using the newer signed format. What concerns me is whether an external attacker could craft bounce emails to these older-style addresses and learn something by observing the SMTP responses.

I'm curious what's actually happening under the hood here, where the security boundaries really are, and what slips through without cryptographic validation. I wonder what exact SMTP responses come back when probing different scenarios, such as hitting a valid ID versus an invalid one, and what happens when something doesn't quite meet the bounce validation requirements. I don't want theoretical explanations of what the code should do, I want to see actual evidence of how the system behaves in practice.

What also puzzles me is the bounce detection itself. What makes the system accept something as a bounce in the first place? What criteria does it check? Could an attacker who controls the SMTP envelope and headers spoof those criteria? I'm curious what happens when those checks pass versus when they don't. And beyond just valid versus invalid, I wonder if the response codes reveal more than just whether an ID exists.

Don't modify any source files in the repository. You can create test scripts to observe the actual behavior, but clean them up when finished.",retrieval_miss,ff7fa31b-063e-40ea-a130-973728616710,"This note provides the exact SMTP response codes (250 for success, 550 for non-existent alias) that directly answer the user's question about observable differences in SMTP responses for valid versus invalid IDs."
20260913T063321.846516847Z-openclaw-sweatlasqa-pilot30-amem-global-sglang,task-6905333b74f22949d97ba9d0,16,1,global-scope,0,paperless-ngx architecture tasks scheduler maintenance,"I'm evaluating paperless-ngx architecture and need to understand what background maintenance happens automatically. Set up the development environment, what periodic tasks are registered with the task scheduler, and where is the schedule configuration defined? Find the sanity checker; what does it validate, what log output does it produce, and how often does it run? Is there automatic index optimization or database cleanup? Check if there's a task that handles failed document retries or stuck processing jobs. Look at the Celery beat schedule configuration and list all recurring tasks with their intervals. Trace through the code to find where periodic tasks are defined and registered. What happens if a scheduled task fails; is there retry logic or alerting? Are there any tasks that run on startup versus strictly on schedule? Query the database to see if there's a table tracking task execution history or scheduled job state. What controls whether these maintenance features are enabled or disabled? Don't modify source code; observing system behavior is fine, clean up any test artifacts when done.",addition_gap,,"All provided notes describe the SimpleLogin application, whereas the question specifically asks about the paperless-ngx architecture and its background maintenance tasks."
20260913T063321.846516847Z-openclaw-sweatlasqa-pilot30-amem-global-sglang,task-6905333b74f22949d97ba9d1,17,1,global-scope,0,Paperless-NGX search index synchronization,"I want to understand how Paperless-NGX keeps its search index synchronized with document changes before I start working with this codebase. With the full environment running, I'm curious what actually happens at runtime when a document gets modified after it's already been ingested. If I change an existing document's title through the API to something unique and then search for that exact new title within a few seconds, does the document appear in results immediately, or do I need to wait for background processing to complete? While making this change, I want to watch what happens in the background task worker process specifically to see whether any job gets picked up in response to the edit, or whether the update completes entirely within the API request before returning. Something I particularly want to explore is what happens if a document's title gets updates directly in the database using a raw SQL statement rather than through the API. After making that direct change and searching for the new title, does the document appear in search results, or does the index remain stale? If it stays stale, I want to know whether there is a way to force the system to reconcile the index with the current database state, and what observable effect that reconciliation process has on the worker logs and task queue. I'm also wondering how the system would behave if the search index became corrupted or deleted entirely while documents still exist in the database. After removing the index files and triggering whatever recovery mechanism exists, how long does reconstruction take for a small set of documents, and what processing activity is visible during that rebuild? The goal is to understand whether the system can self-heal from index inconsistencies or whether manual intervention is always required. You may create temporary test documents for observation, but don't modify any source files and clean up test artifacts when finished.",retrieval_miss,d80bfe0f-96c7-41ad-8b1b-dbdcfca5147e,"This note describes the Paperless-ngx background services including the document consumer and gunicorn API, which is directly relevant to understanding how document changes are processed and indexed, unlike the other notes which describe a completely different application (SimpleLogin)."
20260913T063321.846516847Z-openclaw-sweatlasqa-pilot30-amem-global-sglang,task-6905333b74f22949d97ba9d1,17,2,global-scope,0,Paperless-NGX index synchronization API update signal,"I want to understand how Paperless-NGX keeps its search index synchronized with document changes before I start working with this codebase. With the full environment running, I'm curious what actually happens at runtime when a document gets modified after it's already been ingested. If I change an existing document's title through the API to something unique and then search for that exact new title within a few seconds, does the document appear in results immediately, or do I need to wait for background processing to complete? While making this change, I want to watch what happens in the background task worker process specifically to see whether any job gets picked up in response to the edit, or whether the update completes entirely within the API request before returning. Something I particularly want to explore is what happens if a document's title gets updates directly in the database using a raw SQL statement rather than through the API. After making that direct change and searching for the new title, does the document appear in search results, or does the index remain stale? If it stays stale, I want to know whether there is a way to force the system to reconcile the index with the current database state, and what observable effect that reconciliation process has on the worker logs and task queue. I'm also wondering how the system would behave if the search index became corrupted or deleted entirely while documents still exist in the database. After removing the index files and triggering whatever recovery mechanism exists, how long does reconstruction take for a small set of documents, and what processing activity is visible during that rebuild? The goal is to understand whether the system can self-heal from index inconsistencies or whether manual intervention is always required. You may create temporary test documents for observation, but don't modify any source files and clean up test artifacts when finished.",retrieval_miss,08c89d4e-a389-4863-89e0-aabb85bb1f97,"This note explicitly describes Paperless-NGX's search index synchronization mechanism using Whoosh and Django signals, which directly answers the user's core question about how index updates are handled at runtime."
20260913T063321.846516847Z-openclaw-sweatlasqa-pilot30-amem-global-sglang,task-6905333b74f22949d97ba9d2,18,1,global-scope,0,paperless-ngx document processing pipeline,"I’m trying to get a big-picture understanding of how documents flow through the system. How does a new document usually enter paperless-ngx. Once a document is received, what are the main stages it goes through before it’s fully processed and available, are there any background jobs and what is used for background execution.

I’m also curious about the kind of information paperless stores for each document. What metadata fields are saved, and which ones are absolutely required versus optional or derived later during runtime-processing. Can you show with a runtime example?

Also I wonder how things like tags, correspondents, and document types are used together to organize documents in a practical way.

Please don’t make any changes to the repository itself. You can create temporary scripts for testing if needed but do clean them up once you're done.",retrieval_miss,d80bfe0f-96c7-41ad-8b1b-dbdcfca5147e,"This note explicitly describes the Paperless-ngx background services (gunicorn and consumer) and the document consumption process, which directly answers the user's question about how documents enter the system and the background execution mechanism."
20260913T063321.846516847Z-openclaw-sweatlasqa-pilot30-amem-global-sglang,task-6905333b74f22949d97ba9d2,18,2,global-scope,0,paperless-ngx document metadata required optional derived,"I’m trying to get a big-picture understanding of how documents flow through the system. How does a new document usually enter paperless-ngx. Once a document is received, what are the main stages it goes through before it’s fully processed and available, are there any background jobs and what is used for background execution.

I’m also curious about the kind of information paperless stores for each document. What metadata fields are saved, and which ones are absolutely required versus optional or derived later during runtime-processing. Can you show with a runtime example?

Also I wonder how things like tags, correspondents, and document types are used together to organize documents in a practical way.

Please don’t make any changes to the repository itself. You can create temporary scripts for testing if needed but do clean them up once you're done.",retrieval_miss,03d6efbe-e64b-4b44-99ac753bd4c6,"This note details the specific ingestion pipeline stages (pre-checks, duplicate checks, file creation) and background execution mechanism (consumer.py) which directly answers the user's question about document flow and background jobs."
20260913T063321.846516847Z-openclaw-sweatlasqa-pilot30-amem-global-sglang,task-6905333b74f22949d97ba9d3,19,1,global-scope,0,paperless-ngx document ingestion pipeline,"I am trying to understand how paperless-ngx processes documents at runtime before making any changes. Once the application is up and all of its services are running, I want to submit a test PDF and observe how the ingestion pipeline actually behaves. As the document moves through the system, which services are involved, and what sequence of events shows up in the logs? I also want to upload a few more documents and watch how the system reacts after each one. Does the machine learning classifier retrain automatically on every upload, or only under certain conditions, and what log messages make it clear when training is happening versus when the classifier stays idle? After a document finishes processing, I want to see where it ends up on disk, what directory structure and filename pattern paperless-ngx uses by default, and which database tables receive new rows as part of ingestion. You should not modify or edit any existing files in the repository, but you can create temporary scripts or test documents if they help with the investigation, as long as everything you create is cleaned up when you are done.",retrieval_miss,03d6efbe-e64b-4b44-9453-99ac753bd4c6,"This note details the specific steps of the ingestion pipeline (pre-checks, checksums, directory creation) which directly answers the user's question about the sequence of events and services involved during document processing."
20260913T063321.846516847Z-openclaw-sweatlasqa-pilot30-amem-global-sglang,task-6905333b74f22949d97ba9d3,19,2,global-scope,0,paperless-ngx ingestion pipeline classifier training file layout database tables,"I am trying to understand how paperless-ngx processes documents at runtime before making any changes. Once the application is up and all of its services are running, I want to submit a test PDF and observe how the ingestion pipeline actually behaves. As the document moves through the system, which services are involved, and what sequence of events shows up in the logs? I also want to upload a few more documents and watch how the system reacts after each one. Does the machine learning classifier retrain automatically on every upload, or only under certain conditions, and what log messages make it clear when training is happening versus when the classifier stays idle? After a document finishes processing, I want to see where it ends up on disk, what directory structure and filename pattern paperless-ngx uses by default, and which database tables receive new rows as part of ingestion. You should not modify or edit any existing files in the repository, but you can create temporary scripts or test documents if they help with the investigation, as long as everything you create is cleaned up when you are done.",retrieval_miss,b4aca2f4-eaea-4cc3-b529-4ba20ee0ae75,"This note directly answers the specific question about whether the ML classifier retrainson every upload or under certain conditions, which the other notes do not address."
20260913T063321.846516847Z-openclaw-sweatlasqa-pilot30-amem-global-sglang,task-6905333b74f22949d97ba9d4,20,1,global-scope,0,Paperless-NGX runtime background processes tasks,"I want to understand how Paperless-NGX behaves at runtime once the system is up and idle, before I start making changes to the codebase. Get Paperless-NGX running at the specified commit. Once it's idle and stable, what background processes or tasks continue executing automatically? What are the actual log entries that appear periodically showing the system is healthy and ready? I need the specific log messages, their frequency, and what they indicate. 
Also, if you briefly interrupt and restart part of the system, what specific log messages confirm everything has reconnected and is operational again? What components or processes keep running continuously to maintain Paperless-NGX in a ready state, even when no documents are being processed? You may use temporary helper commands or inspection tools if needed, but don’t modify any source files and clean up any temporary artifacts when you’re done.",retrieval_miss,d80bfe0f-96c7-41ad-8b1b-dbdcfca5147e,"This note correctly identifies the specific background processes (gunicorn, consumer) and their functions (watching consumption directory) for Paperless-NGX, whereas the other Paperless notes only describe data ingestion logic or file layouts, and the remaining notes are about a completely different application (SimpleLogin)."
20260913T063321.846516847Z-openclaw-sweatlasqa-pilot30-amem-global-sglang,task-6905333b74f22949d97ba9d4,20,2,global-scope,0,paperless-ngx background processes runtime log messages periodic tasks qcluster consumer gunicorn,"I want to understand how Paperless-NGX behaves at runtime once the system is up and idle, before I start making changes to the codebase. Get Paperless-NGX running at the specified commit. Once it's idle and stable, what background processes or tasks continue executing automatically? What are the actual log entries that appear periodically showing the system is healthy and ready? I need the specific log messages, their frequency, and what they indicate. 
Also, if you briefly interrupt and restart part of the system, what specific log messages confirm everything has reconnected and is operational again? What components or processes keep running continuously to maintain Paperless-NGX in a ready state, even when no documents are being processed? You may use temporary helper commands or inspection tools if needed, but don’t modify any source files and clean up any temporary artifacts when you’re done.",retrieval_miss,d80bfe0f-96c7-41ad-8b1b-dbdcfca5147e,"This note correctly identifies the specific background processes (gunicorn, consumer) and their roles (watching consumption directory) for Paperless-NGX, whereas the other Paperless notes only describe data ingestion logic or file layouts without addressing the runtime process behavior."
20260913T063321.846516847Z-openclaw-sweatlasqa-pilot30-amem-global-sglang,task-6905333b74f22949d97ba9d5,21,1,global-scope,0,Paperless-NGX document ingestion processing pipeline,"I’m trying to understand how data moves through Paperless-NGX during normal document ingestion so I can get oriented before working on the codebase. When Paperless-NGX is running from this repository at the specified commit and a new document appears in the system, what observable runtime behavior shows how the document is detected and handed off for processing? What log messages, task names, or state changes indicate the transition from initial detection into parsing, classification, and indexing, and how does the system reflect progress or completion of each stage while the document is being processed? After processing finishes, what observable evidence shows where the document’s data ends up and how its final state is recorded? Based on what you can directly observe at runtime, how does Paperless-NGX track whether a document has already been processed or needs further work, and what behavior or logs indicate how the system avoids duplicate processing? Keep the explanation grounded in runtime observations rather than assumptions from reading the code alone. You may use temporary test files if helpful, but don’t modify any source files and clean up any temporary artifacts when you’re done.",retrieval_miss,03d6efbe-e64b-4b44-99ac753bd4c6,"This note directly describes the ingestion pipeline's runtime behavior, including duplicate detection via MD5 checksums and file handling steps, which are the specific observable mechanisms requested in the question."
20260913T063321.846516847Z-openclaw-sweatlasqa-pilot30-amem-global-sglang,task-6905333b74f22949d97ba9d6,22,1,global-scope,0,paperless-ngx OCR processing,"I’m trying to get a practical understanding of how OCR behaves in paperless-ngx at runtime, especially in cases where it’s hard to tell what the system is actually doing. When I upload an image that has no embedded text, how can I see that OCR has started, and what does the document’s processing state look like while it’s running? I want to watch how background workers behave during this phase and understand what signals really indicate active OCR work. If I upload a similar image that already contains text, does the system skip OCR entirely, or does it still touch the OCR pipeline in some way, and how can I tell the difference after processing finishes? I also want to compare the final API responses for both cases to understand which fields show OCR-generated text versus existing text. Finally, when OCR produces weak or incomplete results, what actually happens to the document’s final state? Does it still count as fully processed, and how is that reflected in the saved metadata? Temporary scripts may be used for observation, but the repository itself should remain unchanged, and anything temporary should be cleaned up afterward.",retrieval_miss,d80bfe0f-96c7-41ad-8b1b-dbdcfca5147e,"This note identifies the specific background services (consumer, tesseract worker) and their roles in the ingestion pipeline, which is essential for understanding how to observe OCR activity and processing states, unlike the other notes which are either about SimpleLogin or high-level file layouts."
20260913T063321.846516847Z-openclaw-sweatlasqa-pilot30-amem-global-sglang,task-6905333b74f22949d97ba9d7,23,1,global-scope,0,paperless API authentication token,"I'm planning to integrate some external tools with the paperless API and need to understand how authentication works first. Get paperless running locally, create a test user, and generate an API token for them. Make an authenticated request to list documents. What's the exact HTTP header name and format paperless expects for the token, and what's the complete endpoint path? What does the JSON response look like, specifically what are the top level fields, and is pagination involved or does it dump everything at once? Try that same request without auth and tell me what status code and error message you get. Then trace through the Django code to find which authentication class handles token authentication and what model stores the tokens. Don't modify the codebase, creating test users, tokens, and any temporary files you need is fine, but leave the source code untouched and clean up any additional files or changes when you're done.",addition_gap,,"None of the provided notes contain information regarding Paperless-ngx API authentication mechanisms, token formats, endpoint paths, or Django authentication classes."
20260913T063321.846516847Z-openclaw-sweatlasqa-pilot30-amem-global-sglang,task-6905333b74f22949d97ba9d8,24,1,global-scope,0,document classification machine learning pipeline OCR barcode training tests,"I am debugging non-deterministic failures in the document classification tests and want to understand how the machine learning pipeline behaves during test execution when training and OCR. I want to observe whether the classifier reuses an existing model or retrains during the same test run, and how that affects later tests. When a test exercises automatic correspondent matching, how many training documents are created, when does training occur relative to those inserts, and what confidence threshold is used to accept or reject predictions? I also want to see how edge cases are handled, such as when a document has no extractable text, including which OCR subprocess is invoked and what mime type is assigned to the output. Finally, when barcode splitting is involved, how many document records are created from a single input, which barcode values trigger a split, and where in the code that decision is made, especially if this changes the effective training data during the test run. Please do not modify the source code; you may create temporary helpers while investigating, but clean up anything temporary before finishing.",retrieval_miss,b4aca2f4-eaea-4cc3-b529-4ba20ee0ae75,"This note explicitly describes the classifier training mechanism, including the periodic task schedule and the condition for triggering training, which directly addresses the user's questions about when training occurs and whether models are reused."
20260913T063321.846516847Z-openclaw-sweatlasqa-pilot30-amem-global-sglang,task-6905333b74f22949d97ba9d8,24,2,global-scope,0,classifier retrain model reuse training data hash confidence threshold OCR no text mime type barcode splitting,"I am debugging non-deterministic failures in the document classification tests and want to understand how the machine learning pipeline behaves during test execution when training and OCR. I want to observe whether the classifier reuses an existing model or retrains during the same test run, and how that affects later tests. When a test exercises automatic correspondent matching, how many training documents are created, when does training occur relative to those inserts, and what confidence threshold is used to accept or reject predictions? I also want to see how edge cases are handled, such as when a document has no extractable text, including which OCR subprocess is invoked and what mime type is assigned to the output. Finally, when barcode splitting is involved, how many document records are created from a single input, which barcode values trigger a split, and where in the code that decision is made, especially if this changes the effective training data during the test run. Please do not modify the source code; you may create temporary helpers while investigating, but clean up anything temporary before finishing.",retrieval_miss,c1e19669-fb37-42f1-aa74-5fbb9d0da5d2,"This note directly addresses the barcode splitting mechanism, specifying the default barcode string, the configuration flag to enable it, and the specific function (`barcode_reader` in `tasks.py`) where the decision to split is made, which is critical for understanding how training data records are created during the test run."
20260913T063321.846516847Z-openclaw-sweatlasqa-pilot30-amem-global-sglang,task-6905333b74f22949d97ba9d9,25,1,global-scope,0,paperless-ngx background processing queue tasks async,"I'm trying to understand how paperless-ngx actually handles background processing when it ingests documents. I want to see what happens at runtime, not just read the config files.

Can you help me make sense of how async work behaves in a live setup? I’m interested in what services are involved behind the scenes, how background jobs appear once they are created, and how the system tells the difference between work that is waiting and work that is actively being processed. I also want to understand where the task state ends up being stored and how you can tell, after the fact, what happened to a given job.

From the code perspective, I want to connect that runtime behavior back to its origin. Where are these background jobs actually triggered, and what part of the code is responsible for sending them into the queue? Don’t modify any repository source files. If you need to create temporary scripts or artifacts to observe behavior, that’s fine, but clean them up afterward and leave the codebase unchanged.",retrieval_miss,a70ad0b1-534f-4057-9254-2a19d55eb1f,"This note explicitly details the code path for document consumption, including the file detection mechanism (watchdog) and the initial trigger, which directly addresses the user's question about where background jobs are triggered and the origin of the async work."
20260913T063321.846516847Z-openclaw-sweatlasqa-pilot30-amem-global-sglang,task-6905333b74f22949d97ba9d9,25,2,global-scope,0,django q task queue broker redis task states job,"I'm trying to understand how paperless-ngx actually handles background processing when it ingests documents. I want to see what happens at runtime, not just read the config files.

Can you help me make sense of how async work behaves in a live setup? I’m interested in what services are involved behind the scenes, how background jobs appear once they are created, and how the system tells the difference between work that is waiting and work that is actively being processed. I also want to understand where the task state ends up being stored and how you can tell, after the fact, what happened to a given job.

From the code perspective, I want to connect that runtime behavior back to its origin. Where are these background jobs actually triggered, and what part of the code is responsible for sending them into the queue? Don’t modify any repository source files. If you need to create temporary scripts or artifacts to observe behavior, that’s fine, but clean them up afterward and leave the codebase unchanged.",retrieval_miss,a70ad0b1-534f-4057-9254-2a19d55eb1f,"This note explicitly details the code path for file detection and the use of the document_consumer management command with watchdog, which directly explains how background jobs are triggered and initiated at runtime."
20260913T063321.846516847Z-openclaw-sweatlasqa-pilot30-amem-global-sglang,task-6905333b74f22949d97ba9db,26,1,global-scope,0,Paperless-NGX file move tags duplicate classifier,"I'm onboarding into the Paperless-NGX repository and I'm curious about the hidden choreography that happens when the system is actually running. When a document's tags change and the filename format includes tags in the directory structure, files apparently relocate themselves. I wonder what log messages actually appear during that dance, and what the before and after paths look like in practice. There's supposedly a rollback safety net if something goes wrong during a file move, but I can't tell from reading the code whether it truly recovers or just promises to, what actually happens to files when a move fails partway through? Beyond file handling, there are other runtime mysteries I want to explore. The classifier's behavior puzzles me, sometimes training finishes instantly, other times it takes much longer. I want to trigger both scenarios and see the actual log messages that explain why training was skipped versus why it proceeded with full retraining, including whatever hash or checksum the system uses to detect changes. Duplicate detection feels like magic, two files that look completely different can still be rejected as duplicates, and I want to see the actual checksums being compared at that moment of judgment. The sanity checker intrigues me as well, what does its output actually look like when an archive is healthy versus when something has gone wrong, and can I see the specific hash values it compares when it discovers a mismatch? I also wonder about ghost files, whether orphaned files really linger in the media folder and what the system actually reports when it finds them. I need to see real runtime evidence for all of this; actual paths, actual checksums, actual log messages. Temporary scripts may be used for observation, but the repository itself should remain unchanged and anything temporary cleaned up afterward.",retrieval_miss,c43c4e69-dd42-462f-aa74-5fbb9d0da5d2,"This note explicitly describes the duplicate detection mechanism using MD5 checksums and the specific database query logic, which directly addresses the user's request to see the actual checksums being compared during duplicate judgment."
20260913T063321.846516847Z-openclaw-sweatlasqa-pilot30-amem-global-sglang,task-6905333b74f22949d97ba9dc,27,1,global-scope,0,paperless-ngx OCR processing PDF upload,"I'm getting inconsistent OCR results when testing paperless-ngx locally with multi-page PDFs and need to understand the processing behavior better. Get the development environment running normally (create admin user if needed during setup), then upload a multi-page PDF through the standard interface that requires OCR processing. What HTTP response status and message do you receive immediately after upload submission? As processing happens, what key log patterns appear that show the document moving through different stages, including the OCRmyPDF invocation parameters? After processing finishes, what do the generated archive PDF and thumbnail filenames look like in the media storage area? Check the document record in the database - what fields are actually stored (not filesystem-only metadata) and what values appear for the processed document? No file modifications or permanent changes allowed, clean up any test files completely when done.",retrieval_miss,b4046567-9caa-44be-99f2-32878a8e246b,"This note explicitly lists the database fields stored in the documents_document table during ingestion, directly answering the question about what fields are actually stored in the database record."
20260913T063321.846516847Z-openclaw-sweatlasqa-pilot30-amem-global-sglang,task-6905333b74f22949d97ba9dc,27,2,global-scope,0,paperless-ngx upload HTTP response status OCRmyPDF archive filename multi-page,"I'm getting inconsistent OCR results when testing paperless-ngx locally with multi-page PDFs and need to understand the processing behavior better. Get the development environment running normally (create admin user if needed during setup), then upload a multi-page PDF through the standard interface that requires OCR processing. What HTTP response status and message do you receive immediately after upload submission? As processing happens, what key log patterns appear that show the document moving through different stages, including the OCRmyPDF invocation parameters? After processing finishes, what do the generated archive PDF and thumbnail filenames look like in the media storage area? Check the document record in the database - what fields are actually stored (not filesystem-only metadata) and what values appear for the processed document? No file modifications or permanent changes allowed, clean up any test files completely when done.",retrieval_miss,6e9a63ba-ad9f-4577-8586-92df6dddd523,"This note explicitly states that the upload API returns HTTP 200 with body 'OK' immediately upon submission, which directly answers the specific question about the HTTP response status and message received after upload submission."
20260913T063321.846516847Z-openclaw-sweatlasqa-pilot30-amem-global-sglang,task-6905333b74f22949d97ba9dd,28,1,global-scope,0,Paperless-NGX document ingestion processing workflow,"I need to understand how Paperless-NGX processes a document from ingestion through indexing before I start working with the codebase. Set up the full environment and get all services running normally. Drop a small test file into the consumption directory and follow what happens. What log messages appear when the system first detects the file, what ingestion task gets triggered, and what additional tasks show up as the document moves through parsing, classification, and indexing? While the task is queued, check what the message broker is storing. What payload format or data structure represents the queued task? After processing completes, query the database to see where the document record is stored, which fields capture the parsed metadata, and where the system keeps a record of task execution or processing history.
Then trace the high-level codepath behind this workflow based on the behavior you observe. Starting from the part of the system that detects the new file, follow the chain of components involved in creating and submitting the ingestion task. Which part of the application is responsible for creating that task object, and what queuing framework does Paperless-NGX rely on to dispatch it? You may use temporary helper scripts or test files if needed, but don’t modify the actual source code, and clean up any temporary artifacts when you’re done.",retrieval_miss,a70ad0b1-534f-4057-9254-2a419d55eb1f,"This note explicitly details the high-level codepath for file detection (watchdog), task creation, and queuing framework, which directly answers the core question about tracing the workflow and identifying the components involved."
20260913T063321.846516847Z-openclaw-sweatlasqa-pilot30-amem-global-sglang,task-6905333b74f22949d97ba9de,29,1,global-scope,0,Paperless document processing memory metadata,"I'm investigating a strange memory usage pattern in the Paperless document processing system. When the system imports documents, it sometimes consumes far more memory than expected for the metadata handling, but this doesn't happen consistently and seems to vary based on the document source or processing stage.

What I'm seeing is that memory usage spikes significantly during document import operations, particularly when metadata is being processed, but the spike seems disproportionate to the actual document size. The odd part is that this memory doesn't always get released back to the system in a timely manner, even after processing is complete. This seems unusual because these are mostly text documents with relatively small metadata - we're not dealing with massive image processing here.

Can you figure out what's causing these memory spikes? I'm curious whether there's something in the metadata handling that's creating unnecessary copies or holding references longer than needed, or if there's caching behavior that's accumulating data unexpectedly. What's different between the cases where memory spikes and cases where it doesn't? How does the behavior change with different document types or batch sizes?

I need to see actual runtime memory measurements during processing, understand which components or methods are responsible for holding onto memory, and get evidence showing whether this is normal Python garbage collection behavior or something problematic. Show me what patterns you can find and where the memory is actually going.

Don't modify any repository source files. You can create temporary test scripts or helper tools to reproduce and analyze the behavior, but clean them up and leave the codebase unchanged when done.",retrieval_miss,03d6efbe-e64b-4b44-9453-99ac753bd4c6,"This note details the specific ingestion pipeline steps including file checks and storage creation, which are the primary candidates for memory allocation and reference holding during the metadata processing stage described in the query."
20260913T063321.846516847Z-openclaw-sweatlasqa-pilot30-amem-global-sglang,task-6905333b74f22949d97ba9de,29,2,global-scope,0,Paperless memory spike root causes content field depth serializer prefetch,"I'm investigating a strange memory usage pattern in the Paperless document processing system. When the system imports documents, it sometimes consumes far more memory than expected for the metadata handling, but this doesn't happen consistently and seems to vary based on the document source or processing stage.

What I'm seeing is that memory usage spikes significantly during document import operations, particularly when metadata is being processed, but the spike seems disproportionate to the actual document size. The odd part is that this memory doesn't always get released back to the system in a timely manner, even after processing is complete. This seems unusual because these are mostly text documents with relatively small metadata - we're not dealing with massive image processing here.

Can you figure out what's causing these memory spikes? I'm curious whether there's something in the metadata handling that's creating unnecessary copies or holding references longer than needed, or if there's caching behavior that's accumulating data unexpectedly. What's different between the cases where memory spikes and cases where it doesn't? How does the behavior change with different document types or batch sizes?

I need to see actual runtime memory measurements during processing, understand which components or methods are responsible for holding onto memory, and get evidence showing whether this is normal Python garbage collection behavior or something problematic. Show me what patterns you can find and where the memory is actually going.

Don't modify any repository source files. You can create temporary test scripts or helper tools to reproduce and analyze the behavior, but clean them up and leave the codebase unchanged when done.",retrieval_miss,257b90c3-0b0e-4f85-961c-367b3fefd964,"This note explicitly identifies the root cause of memory spikes in Paperless-ngx document processing (N+1 queries due to DocumentSerializer depth=1), which directly answers the user's investigation into disproportionate memory usage during metadata handling."
20260913T063321.846516847Z-openclaw-sweatlasqa-pilot30-amem-global-sglang,task-6905333b74f22949d97ba9e0,30,1,global-scope,0,documents list pagination filtering sorting duplicates,"I am trying to figure out why the documents list can feel haunted during normal browsing, where paging through the documents view with a couple of common filters enabled can make the same document show up twice across neighboring pages or disappear for a page and then come back even though nobody is editing anything and the sort order looks unchanged. It gets stranger when the viewer is not an all powerful admin and visibility is shaped by sharing rules, because the glitch seems to depend on what the user is allowed to see rather than what exists. Is the backend producing duplicates that get collapsed somewhere later, is pagination happening before any de duplication, or is the ordering quietly unstable when multiple rows tie on the primary sort key? I want to watch what the API actually returns across consecutive page requests, and line that up with what the UI thinks pagination means until the exact condition that destabilizes the list becomes clear. Temporary scripts may be used for observation, but the repository itself should remain unchanged and anything temporary should be cleaned up afterward.",addition_gap,,"None of the provided notes describe the pagination logic, sorting stability, or permission-based filtering implementation in the DocumentViewSet, which are the specific areas required to diagnose the duplicate/disappearing document issue."
20260913T063321.846516847Z-openclaw-sweatlasqa-pilot30-amem-global-sglang,task-6905333b74f22949d97ba9e8,14,1,global-scope,0,SimpleLogin authentication API sessions,"I've been investigating SimpleLogin's authentication and noticed some behaviors I need to verify by actually observing the running system.

When I'm logged into the web interface and make API calls without an API key header, the requests seem to work. I need to confirm what HTTP status code actually comes back and what the response body structure looks like ,not what the code says should happen, but what actually happens when you try it.There's also something odd when trying to access privileged operations with just a browser session. The HTTP status code I get back isn't a standard authorization error, and the error message is unusual. What specific status code and exact error message text does the system actually return in this scenario?

For sessions, I want to understand what the stored session data actually looks like when you examine it directly in storage. Capture the raw bytes from the storage backend and show me what format they're in, what keys are present in the deserialized data for an authenticated session, and how the session key itself is structured.I'm also curious about session identifier behavior during authentication. If you capture the session ID from your cookie before login, then go through the login flow, does that identifier value stay the same or get replaced with a new one? I need to see the actual before and after values to know for sure.

On the email forwarding side, I want to know what happens to specific headers when a message passes through. If an incoming email has a custom X-header, a Received header, and a Reply-To header, which of those three actually make it through to the forwarded message and which get stripped? Send an actual test email and examine the result.

For the alias creation tokens, they clearly expire after some time window. I want to experimentally verify what that window is by testing whether a token works immediately, then waiting and testing if it still works, until you find the boundary where it stops working.

I also noticed that the API tracks usage statistics for API keys. When you make several API calls with the same key, what fields get updated in the database and what are the actual values you observe after making the calls?Finally, when a login attempt fails with wrong credentials, what specific log messages appear and what HTTP response details come back? I want to see the actual logged output and response, not just what the code says should happen.

Show me evidence from actually running the system rather than just reading the code. Don't modify any source files in the repository, but you can create test scripts to observe behavior - just clean them up afterward.",addition_gap,,"None of the existing notes contain the specific runtime observations requested, such as actual HTTP status codes for unauthenticated API calls, raw session storage formats, session ID persistence behavior, header filtering results, token expiration boundaries, API usage statistics fields, or failed login log messages."
20260913T063321.846516847Z-openclaw-sweatlasqa-pilot30-amem-global-sglang,task-6905333b74f22949d97ba9e8,14,2,global-scope,0,SimpleLogin API authentication session storage email headers,"I've been investigating SimpleLogin's authentication and noticed some behaviors I need to verify by actually observing the running system.

When I'm logged into the web interface and make API calls without an API key header, the requests seem to work. I need to confirm what HTTP status code actually comes back and what the response body structure looks like ,not what the code says should happen, but what actually happens when you try it.There's also something odd when trying to access privileged operations with just a browser session. The HTTP status code I get back isn't a standard authorization error, and the error message is unusual. What specific status code and exact error message text does the system actually return in this scenario?

For sessions, I want to understand what the stored session data actually looks like when you examine it directly in storage. Capture the raw bytes from the storage backend and show me what format they're in, what keys are present in the deserialized data for an authenticated session, and how the session key itself is structured.I'm also curious about session identifier behavior during authentication. If you capture the session ID from your cookie before login, then go through the login flow, does that identifier value stay the same or get replaced with a new one? I need to see the actual before and after values to know for sure.

On the email forwarding side, I want to know what happens to specific headers when a message passes through. If an incoming email has a custom X-header, a Received header, and a Reply-To header, which of those three actually make it through to the forwarded message and which get stripped? Send an actual test email and examine the result.

For the alias creation tokens, they clearly expire after some time window. I want to experimentally verify what that window is by testing whether a token works immediately, then waiting and testing if it still works, until you find the boundary where it stops working.

I also noticed that the API tracks usage statistics for API keys. When you make several API calls with the same key, what fields get updated in the database and what are the actual values you observe after making the calls?Finally, when a login attempt fails with wrong credentials, what specific log messages appear and what HTTP response details come back? I want to see the actual logged output and response, not just what the code says should happen.

Show me evidence from actually running the system rather than just reading the code. Don't modify any source files in the repository, but you can create test scripts to observe behavior - just clean them up afterward.",retrieval_miss,c46ee7cf-fbea-4e83-a640942a241e,"Note c46ee7cf-fbea-4e83-a640942a241e explicitly states the HTTP 401 status code and the exact error message '{""error"": ""Wrong api key""}' for unauthenticated API requests, directly answering the first part of the user's question."
20260913T063321.846516847Z-openclaw-sweatlasqa-pilot30-amem-global-sglang,task-6905333b74f22949d97baa1d,15,1,global-scope,0,SimpleLogin session handling Redis deserialization,"I’m testing the SimpleLogin repository and trying to understand how server-side session handling behaves at runtime, especially when stored session data is turned back into Python objects. I want to see what normal sessions look like as users log in and out and then what actually happens if the session data in Redis is corrupted or malformed. Does the next request fail, silently reset the session, or surface an error, and what shows up in responses or logs when that happens? I’m trying to understand where the boundary lies between a harmless reset and a real deserialization risk, based on what you can observe while the system is running rather than theory alone. If an attacker could tamper with session bytes but not forge the signed session ID, does that meaningfully change the risk, and how does the runtime behavior support that conclusion? Temporary scripts may be used for observation, but the repository itself should remain unchanged, and anything temporary should be cleaned up afterward.",retrieval_miss,ed069769-48e7-44a6-8237-f09d08ad7a9e,"This note explicitly identifies the custom RedisSessionStore and the use of pickle for serialization, which is the critical mechanism required to analyze the deserialization risks and runtime behavior of corrupted session data."
20260914T035338.436341279Z-openclaw-sweatlasqa-pilot30-shuffle1-amem-global-sglang,task-6905333b74f22949d97ba9a5,6,1,global-scope,0,alias creation validation signed suffix rate limiting quota,"I am debugging intermittent validation failures during custom alias creation that don't match the expected behavior, which seems related to how signed suffixes are verified. When attempting to create custom aliases with invalid or expired signed suffixes, what exact HTTP status codes and error messages appear in the API responses, and what corresponding validation log entries show up in the server console? Check whether any rate-limiting headers appear in the responses and what their actual values are. For successful alias creation attempts, what quota-related checks occur, what specific values get logged when the system verifies whether the user can create more aliases? Trace through the execution path to identify which component validates signed suffixes and enforces creation limits, and what conditions trigger rejection. Don't modify the repository code temporary test scripts or API calls are fine but keep the codebase unchanged.",addition_gap,,"None of the provided notes contain information regarding custom alias creation, signed suffix validation, API error responses, or quota enforcement logic."
20260914T035338.436341279Z-openclaw-sweatlasqa-pilot30-shuffle1-amem-global-sglang,task-6905333b74f22949d97ba9a5,6,2,global-scope,0,alias creation API error status code validation rate limit signature tampered,"I am debugging intermittent validation failures during custom alias creation that don't match the expected behavior, which seems related to how signed suffixes are verified. When attempting to create custom aliases with invalid or expired signed suffixes, what exact HTTP status codes and error messages appear in the API responses, and what corresponding validation log entries show up in the server console? Check whether any rate-limiting headers appear in the responses and what their actual values are. For successful alias creation attempts, what quota-related checks occur, what specific values get logged when the system verifies whether the user can create more aliases? Trace through the execution path to identify which component validates signed suffixes and enforces creation limits, and what conditions trigger rejection. Don't modify the repository code temporary test scripts or API calls are fine but keep the codebase unchanged.",addition_gap,,"None of the provided notes contain information regarding custom alias creation, signed suffix validation, API error responses, or quota enforcement logic."
20260914T035338.436341279Z-openclaw-sweatlasqa-pilot30-shuffle1-amem-global-sglang,task-6905333b74f22949d97ba9a6,14,1,global-scope,0,email privacy system anonymous aliases initialization,"I'm trying to get this email privacy system with anonymous aliases running for the first time and I want to understand how all the pieces fit together during initialization.

The system has a web server, an email handler, background jobs, and some cron tasks. I need to set everything up from scratch and see what actually happens when it starts.

Here's what I'm trying to figure out:

When I run the database migrations on an empty PostgreSQL database, how many tables get created in total? And what's the exact name of the last table that gets created based on the migration output order?

For the web server startup, what's the log message that tells me it's actually ready to accept connections? I'm also curious how many milliseconds pass between the first log entry and that ready message.

The email handler can take a custom port. If I start it with port 25025, does the startup log confirm it's listening on that port? What message shows up exactly?

I want to test the registration flow. If I create a user account with email ""[testuser@example.com](mailto:testuser@example.com)"" and password ""testpass123"", then immediately try to login before activating it, what's the exact JSON error message the API returns and what HTTP status code comes with it? I'd also like to see the full curl command output. And when I query the database directly for that user, what boolean values do the activated and notification columns actually show?

Also, there are different alias limits for different account types. I want to verify how the system handles this dynamically. First, create a fresh user and call /api/user_info to see what max_alias_free_plan value the API actually returns in the JSON response. Then, experiment with changing the configuration - try setting a different limit value like 10, restart the server, create a second new user, and call /api/user_info again for that user. What are the exact API responses before and after the change? Do both users reflect the new limit or only the one created after the change?

I'm trying to understand the actual runtime behavior here, not just what the code suggests should happen. Don't modify any of the source files, but feel free to create test config files or .env files to experiment with different settings.",retrieval_miss,d6cc7c0e-a240-484f-afd9-564d58a42e02,"This note explicitly describes the initialization sequence including running alembic migrations, which is the only note that addresses the user's primary question about database table creation during startup."
20260914T035338.436341279Z-openclaw-sweatlasqa-pilot30-shuffle1-amem-global-sglang,task-6905333b74f22949d97ba9a6,14,2,global-scope,0,SimpleLogin migration table count user registration login API max_alias config,"I'm trying to get this email privacy system with anonymous aliases running for the first time and I want to understand how all the pieces fit together during initialization.

The system has a web server, an email handler, background jobs, and some cron tasks. I need to set everything up from scratch and see what actually happens when it starts.

Here's what I'm trying to figure out:

When I run the database migrations on an empty PostgreSQL database, how many tables get created in total? And what's the exact name of the last table that gets created based on the migration output order?

For the web server startup, what's the log message that tells me it's actually ready to accept connections? I'm also curious how many milliseconds pass between the first log entry and that ready message.

The email handler can take a custom port. If I start it with port 25025, does the startup log confirm it's listening on that port? What message shows up exactly?

I want to test the registration flow. If I create a user account with email ""[testuser@example.com](mailto:testuser@example.com)"" and password ""testpass123"", then immediately try to login before activating it, what's the exact JSON error message the API returns and what HTTP status code comes with it? I'd also like to see the full curl command output. And when I query the database directly for that user, what boolean values do the activated and notification columns actually show?

Also, there are different alias limits for different account types. I want to verify how the system handles this dynamically. First, create a fresh user and call /api/user_info to see what max_alias_free_plan value the API actually returns in the JSON response. Then, experiment with changing the configuration - try setting a different limit value like 10, restart the server, create a second new user, and call /api/user_info again for that user. What are the exact API responses before and after the change? Do both users reflect the new limit or only the one created after the change?

I'm trying to understand the actual runtime behavior here, not just what the code suggests should happen. Don't modify any of the source files, but feel free to create test config files or .env files to experiment with different settings.",retrieval_miss,3e1ac61c-cd89-4f7e-b3dd-c66d2323ec63,"Note 3e1ac61c explicitly states the total number of tables (77) and the name of the last table created by the most recent migration, directly answering the first part of the user's question."
20260914T035338.436341279Z-openclaw-sweatlasqa-pilot30-shuffle1-amem-global-sglang,task-6905333b74f22949d97ba9a7,15,1,global-scope,0,SimpleLogin workflow verification code forwarding,"I want to understand how SimpleLogin processes multi step workflows at runtime.

In scenarios where a mailbox verification code is submitted incorrectly multiple times in succession, what observable state changes and enforcement mechanisms does the running system apply? Trace the actual runtime behavior to determine what limits exist, how failed attempts are tracked, and what ultimately prevents further submissions.

For background tasks that are scheduled and later picked up for execution, trace the complete lifecycle from initial creation through final completion. If a task encounters an error during execution, what recovery or retry behavior is applied, and what observable state reflects that failure?

During email forwarding through an alias, what exact format is used for the special address generated to handle delivery failures? If a failure notification arrives at this address, trace how the system identifies the original email, what state changes are recorded, and how the handling behavior differs depending on the direction of the original message.

Temporary inspection or debugging tools may be used to observe runtime behavior, but source files should not be modified and any temporary artifacts should be cleaned up afterward.",addition_gap,,"None of the provided notes contain information regarding mailbox verification code limits, background task retry logic, or the specific format of failure notification addresses."
20260914T035338.436341279Z-openclaw-sweatlasqa-pilot30-shuffle1-amem-global-sglang,task-6905333b74f22949d97ba9ac,1,1,global-scope,0,SimpleLogin email forwarding alias processing,"I'm investigating a production issue where users report inconsistent behavior when emails are forwarded through SimpleLogin aliases. I need to trace the actual email processing flow to understand what's happening. When the email handler processes an incoming email to an alias, I want to observe, what is the exact log message text that appears when an email is successfully forwarded versus when it fails due to a non-existent alias, what specific SL Message-ID gets generated during forwarding and how does it differ from the original Message-ID, what is the exact From header value in the forwarded email after transformation including the reply-email address format, and what database records are created during a single forward operation show me the actual record IDs and timestamps. Trace through an actual email forward operation and capture these specific runtime values. I need to see actual generated values, not what the code logic suggests should happen. Just don't modify any source files while investigating, and clean up any test containers or DB instances you spin up.",addition_gap,,no candidate notes existed in store at call time
20260914T035338.436341279Z-openclaw-sweatlasqa-pilot30-shuffle1-amem-global-sglang,task-6905333b74f22949d97ba9ac,1,2,global-scope,2,SimpleLogin email forwarding log message status code from header VERP,"I'm investigating a production issue where users report inconsistent behavior when emails are forwarded through SimpleLogin aliases. I need to trace the actual email processing flow to understand what's happening. When the email handler processes an incoming email to an alias, I want to observe, what is the exact log message text that appears when an email is successfully forwarded versus when it fails due to a non-existent alias, what specific SL Message-ID gets generated during forwarding and how does it differ from the original Message-ID, what is the exact From header value in the forwarded email after transformation including the reply-email address format, and what database records are created during a single forward operation show me the actual record IDs and timestamps. Trace through an actual email forward operation and capture these specific runtime values. I need to see actual generated values, not what the code logic suggests should happen. Just don't modify any source files while investigating, and clean up any test containers or DB instances you spin up.",addition_gap,,no candidate notes existed in store at call time
20260914T035338.436341279Z-openclaw-sweatlasqa-pilot30-shuffle1-amem-global-sglang,task-6905333b74f22949d97ba9ad,4,1,global-scope,0,SimpleLogin setup authentication email forwarding,"I am setting up SimpleLogin for the first time and I want to confirm that the platform is actually working the way it should when everything is running locally. After starting the system what should I notice in the logs or UI that shows the app is ready to handle user authentication and alias based email activity?

Once it is running can you try walking through the typical product experience as if you were a new user signing up for the first time. What happens when a user registers verifies their address and tries to log in. What visible behavior confirms that the system is handling every step correctly and forwarding the user into the dashboard as expected?

I am also curious about what the application does behind the scenes during that flow. Are there any indicators that background jobs or internal services are doing their part to support email forwarding or identity verification. What should I expect to observe at runtime that tells me these moving pieces are active and talking to each other properly?

You can create anything temporary that you need for testing like new users or aliases but remove them when you are done and please do not make any changes to the source code.",retrieval_miss,d6cc7c0e-a240-484f-afd9-564d58a42e02,"This note outlines the critical startup sequence and initialization steps required to get the application ready, which directly addresses the user's question about confirming the system is working and ready to handle authentication."
20260914T035338.436341279Z-openclaw-sweatlasqa-pilot30-shuffle1-amem-global-sglang,task-6905333b74f22949d97ba9ad,4,2,global-scope,0,SimpleLogin registration login activation email forwarding dashboard startup background jobs,"I am setting up SimpleLogin for the first time and I want to confirm that the platform is actually working the way it should when everything is running locally. After starting the system what should I notice in the logs or UI that shows the app is ready to handle user authentication and alias based email activity?

Once it is running can you try walking through the typical product experience as if you were a new user signing up for the first time. What happens when a user registers verifies their address and tries to log in. What visible behavior confirms that the system is handling every step correctly and forwarding the user into the dashboard as expected?

I am also curious about what the application does behind the scenes during that flow. Are there any indicators that background jobs or internal services are doing their part to support email forwarding or identity verification. What should I expect to observe at runtime that tells me these moving pieces are active and talking to each other properly?

You can create anything temporary that you need for testing like new users or aliases but remove them when you are done and please do not make any changes to the source code.",retrieval_miss,d6cc7c0e-a240-484f-afd9-564d58a42e02,"This note details the critical startup sequence (migrations and init_app.py) required to establish the database schema and configuration, which is the primary prerequisite for the application to start successfully and handle user authentication as requested."
20260914T035338.436341279Z-openclaw-sweatlasqa-pilot30-shuffle1-amem-global-sglang,task-6905333b74f22949d97ba9af,3,1,global-scope,4,application structure database server email,"I'm trying to get the development environment running locally for the first time, and the documentation isn't very clear about the startup order or what breaks if certain setup steps are skipped. I want to bring the whole stack up from scratch and note what actually happens along the way.

To start with, I want to see what happens if the database isn't fully set up yet. With PostgreSQL running and an empty database created (no tables, migrations not run), what error do I actually hit when I start the server with python [server.py](http://server.py) and then try to open the login page in the browser? I'm looking for the full Python exception that gets raised.

Once the database migrations and the initialization script (init\_[app.py](http://app.py)) have been run and everything is set up correctly, I need to understand which Python services must be running for the system to work. Start each required service and show me the exact log output that confirms it's running and ready to accept connections. I want to see the actual startup messages from stdout/stderr, not just what the code says I need to verify the services are actually binding to their ports and working.

I'm also curious about what happens if the initialization step is skipped. If I run the migrations but don't run init\_[app.py](http://app.py), the SLDomain table should be empty (no email domains configured). If I then start the email handler and simulate an incoming email addressed to any @sl.local address, what happens? What SMTP status code does the email handler return to the sender, and what does it log to explain the rejection?

I'm not changing or deleting any source files here I just want to observe the system's behavior. Temporary config files or small test scripts are fine if needed.",addition_gap,,no candidate notes existed in store at call time
20260914T035338.436341279Z-openclaw-sweatlasqa-pilot30-shuffle1-amem-global-sglang,task-6905333b74f22949d97ba9af,3,2,global-scope,0,database error login page startup SLDomain email handler,"I'm trying to get the development environment running locally for the first time, and the documentation isn't very clear about the startup order or what breaks if certain setup steps are skipped. I want to bring the whole stack up from scratch and note what actually happens along the way.

To start with, I want to see what happens if the database isn't fully set up yet. With PostgreSQL running and an empty database created (no tables, migrations not run), what error do I actually hit when I start the server with python [server.py](http://server.py) and then try to open the login page in the browser? I'm looking for the full Python exception that gets raised.

Once the database migrations and the initialization script (init\_[app.py](http://app.py)) have been run and everything is set up correctly, I need to understand which Python services must be running for the system to work. Start each required service and show me the exact log output that confirms it's running and ready to accept connections. I want to see the actual startup messages from stdout/stderr, not just what the code says I need to verify the services are actually binding to their ports and working.

I'm also curious about what happens if the initialization step is skipped. If I run the migrations but don't run init\_[app.py](http://app.py), the SLDomain table should be empty (no email domains configured). If I then start the email handler and simulate an incoming email addressed to any @sl.local address, what happens? What SMTP status code does the email handler return to the sender, and what does it log to explain the rejection?

I'm not changing or deleting any source files here I just want to observe the system's behavior. Temporary config files or small test scripts are fine if needed.",retrieval_miss,id=56f699a0-fc5b-4a6b-ae4b-563f6c3b6a44,"This note explicitly describes the exact Python exception (SQLAlchemy ProgrammingError wrapping psycopg2 'relation does not exist') that occurs when the database tables are missing, which directly answers the user's first specific question."
20260914T035338.436341279Z-openclaw-sweatlasqa-pilot30-shuffle1-amem-global-sglang,task-6905333b74f22949d97ba9d0,27,1,global-scope,0,paperless-ngx celery periodic tasks maintenance,"I'm evaluating paperless-ngx architecture and need to understand what background maintenance happens automatically. Set up the development environment, what periodic tasks are registered with the task scheduler, and where is the schedule configuration defined? Find the sanity checker; what does it validate, what log output does it produce, and how often does it run? Is there automatic index optimization or database cleanup? Check if there's a task that handles failed document retries or stuck processing jobs. Look at the Celery beat schedule configuration and list all recurring tasks with their intervals. Trace through the code to find where periodic tasks are defined and registered. What happens if a scheduled task fails; is there retry logic or alerting? Are there any tasks that run on startup versus strictly on schedule? Query the database to see if there's a table tracking task execution history or scheduled job state. What controls whether these maintenance features are enabled or disabled? Don't modify source code; observing system behavior is fine, clean up any test artifacts when done.",retrieval_miss,0dd15685-e52f-4592-8198-06ca6455e00a,"This note correctly identifies the task scheduler as django-q (not Celery) and provides the configuration details needed to answer the user's questions about periodic tasks, schedule configuration, and retry logic."
20260914T035338.436341279Z-openclaw-sweatlasqa-pilot30-shuffle1-amem-global-sglang,task-6905333b74f22949d97ba9d1,28,1,global-scope,0,Paperless-NGX search index synchronization document changes,"I want to understand how Paperless-NGX keeps its search index synchronized with document changes before I start working with this codebase. With the full environment running, I'm curious what actually happens at runtime when a document gets modified after it's already been ingested. If I change an existing document's title through the API to something unique and then search for that exact new title within a few seconds, does the document appear in results immediately, or do I need to wait for background processing to complete? While making this change, I want to watch what happens in the background task worker process specifically to see whether any job gets picked up in response to the edit, or whether the update completes entirely within the API request before returning. Something I particularly want to explore is what happens if a document's title gets updates directly in the database using a raw SQL statement rather than through the API. After making that direct change and searching for the new title, does the document appear in search results, or does the index remain stale? If it stays stale, I want to know whether there is a way to force the system to reconcile the index with the current database state, and what observable effect that reconciliation process has on the worker logs and task queue. I'm also wondering how the system would behave if the search index became corrupted or deleted entirely while documents still exist in the database. After removing the index files and triggering whatever recovery mechanism exists, how long does reconstruction take for a small set of documents, and what processing activity is visible during that rebuild? The goal is to understand whether the system can self-heal from index inconsistencies or whether manual intervention is always required. You may create temporary test documents for observation, but don't modify any source files and clean up test artifacts when finished.",retrieval_miss,id=64097e8f-e33b-4a6b-ae4b-563f6a44cf80,"This note explicitly details the async task triggers for document updates via the API, directly addressing the user's question about whether title changes trigger background jobs and how the index synchronization works at runtime."
20260914T035338.436341279Z-openclaw-sweatlasqa-pilot30-shuffle1-amem-global-sglang,task-6905333b74f22949d97ba9d2,20,1,global-scope,0,paperless-ngx document processing pipeline metadata,"I’m trying to get a big-picture understanding of how documents flow through the system. How does a new document usually enter paperless-ngx. Once a document is received, what are the main stages it goes through before it’s fully processed and available, are there any background jobs and what is used for background execution.

I’m also curious about the kind of information paperless stores for each document. What metadata fields are saved, and which ones are absolutely required versus optional or derived later during runtime-processing. Can you show with a runtime example?

Also I wonder how things like tags, correspondents, and document types are used together to organize documents in a practical way.

Please don’t make any changes to the repository itself. You can create temporary scripts for testing if needed but do clean them up once you're done.",retrieval_miss,0fcf1e26-eabd-4a0e-bf63-c03f7c8d658f,"This note directly describes the document ingestion pipeline and detection mechanism, which is the primary part of the user's question about how documents enter and flow through the system."
20260914T035338.436341279Z-openclaw-sweatlasqa-pilot30-shuffle1-amem-global-sglang,task-6905333b74f22949d97ba9d3,16,1,global-scope,0,paperless-ngx document ingestion pipeline processing,"I am trying to understand how paperless-ngx processes documents at runtime before making any changes. Once the application is up and all of its services are running, I want to submit a test PDF and observe how the ingestion pipeline actually behaves. As the document moves through the system, which services are involved, and what sequence of events shows up in the logs? I also want to upload a few more documents and watch how the system reacts after each one. Does the machine learning classifier retrain automatically on every upload, or only under certain conditions, and what log messages make it clear when training is happening versus when the classifier stays idle? After a document finishes processing, I want to see where it ends up on disk, what directory structure and filename pattern paperless-ngx uses by default, and which database tables receive new rows as part of ingestion. You should not modify or edit any existing files in the repository, but you can create temporary scripts or test documents if they help with the investigation, as long as everything you create is cleaned up when you are done.",addition_gap,,"All provided notes describe the SimpleLogin application's email handling and database structure, which is completely unrelated to the paperless-ngx document ingestion pipeline requested in the question."
20260914T035338.436341279Z-openclaw-sweatlasqa-pilot30-shuffle1-amem-global-sglang,task-6905333b74f22949d97ba9d3,16,2,global-scope,0,paperless-ngx document ingestion classification training ML,"I am trying to understand how paperless-ngx processes documents at runtime before making any changes. Once the application is up and all of its services are running, I want to submit a test PDF and observe how the ingestion pipeline actually behaves. As the document moves through the system, which services are involved, and what sequence of events shows up in the logs? I also want to upload a few more documents and watch how the system reacts after each one. Does the machine learning classifier retrain automatically on every upload, or only under certain conditions, and what log messages make it clear when training is happening versus when the classifier stays idle? After a document finishes processing, I want to see where it ends up on disk, what directory structure and filename pattern paperless-ngx uses by default, and which database tables receive new rows as part of ingestion. You should not modify or edit any existing files in the repository, but you can create temporary scripts or test documents if they help with the investigation, as long as everything you create is cleaned up when you are done.",retrieval_miss,0fcf1e26-eabd-4a0e-bf63-c03f7c8d658f,"This note directly describes the paperless-ngx document ingestion pipeline and runtime detection mechanism, which is the core subject of the user's question, whereas the other notes concern unrelated applications like SimpleLogin."
20260914T035338.436341279Z-openclaw-sweatlasqa-pilot30-shuffle1-amem-global-sglang,task-6905333b74f22949d97ba9d4,29,1,global-scope,0,Paperless-NGX codebase background processes tasks,"I want to understand how Paperless-NGX behaves at runtime once the system is up and idle, before I start making changes to the codebase. Get Paperless-NGX running at the specified commit. Once it's idle and stable, what background processes or tasks continue executing automatically? What are the actual log entries that appear periodically showing the system is healthy and ready? I need the specific log messages, their frequency, and what they indicate. 
Also, if you briefly interrupt and restart part of the system, what specific log messages confirm everything has reconnected and is operational again? What components or processes keep running continuously to maintain Paperless-NGX in a ready state, even when no documents are being processed? You may use temporary helper commands or inspection tools if needed, but don’t modify any source files and clean up any temporary artifacts when you’re done.",retrieval_miss,0dd15685-e52f-4592-8198-06ca6455e00a,"This note explicitly identifies the background task scheduler (django-q) and its configuration, which is the core component responsible for the periodic background processes and log messages the user is asking about."
20260914T035338.436341279Z-openclaw-sweatlasqa-pilot30-shuffle1-amem-global-sglang,task-6905333b74f22949d97ba9d4,29,2,global-scope,0,Paperless-NGX periodic tasks background processes startup log messages health,"I want to understand how Paperless-NGX behaves at runtime once the system is up and idle, before I start making changes to the codebase. Get Paperless-NGX running at the specified commit. Once it's idle and stable, what background processes or tasks continue executing automatically? What are the actual log entries that appear periodically showing the system is healthy and ready? I need the specific log messages, their frequency, and what they indicate. 
Also, if you briefly interrupt and restart part of the system, what specific log messages confirm everything has reconnected and is operational again? What components or processes keep running continuously to maintain Paperless-NGX in a ready state, even when no documents are being processed? You may use temporary helper commands or inspection tools if needed, but don’t modify any source files and clean up any temporary artifacts when you’re done.",retrieval_miss,0dd15685-e52f-4592-8198-06ca6455e00a,"This note explicitly identifies the background task scheduler (django-q) and its configuration, which is the core component responsible for the periodic background processes and health indicators the user is asking about."
20260914T035338.436341279Z-openclaw-sweatlasqa-pilot30-shuffle1-amem-global-sglang,task-6905333b74f22949d97ba9d5,30,1,global-scope,0,Paperless-NGX document ingestion processing pipeline,"I’m trying to understand how data moves through Paperless-NGX during normal document ingestion so I can get oriented before working on the codebase. When Paperless-NGX is running from this repository at the specified commit and a new document appears in the system, what observable runtime behavior shows how the document is detected and handed off for processing? What log messages, task names, or state changes indicate the transition from initial detection into parsing, classification, and indexing, and how does the system reflect progress or completion of each stage while the document is being processed? After processing finishes, what observable evidence shows where the document’s data ends up and how its final state is recorded? Based on what you can directly observe at runtime, how does Paperless-NGX track whether a document has already been processed or needs further work, and what behavior or logs indicate how the system avoids duplicate processing? Keep the explanation grounded in runtime observations rather than assumptions from reading the code alone. You may use temporary test files if helpful, but don’t modify any source files and clean up any temporary artifacts when you’re done.",retrieval_miss,0fcf1e26-eabd-4b7e-aeea-bfc40dc7d367,"This note directly describes the runtime detection mechanism (inotify/polling) and the initial steps of the ingestion pipeline, which is the core of the user's question about how documents are detected and handed off for processing."
20260914T035338.436341279Z-openclaw-sweatlasqa-pilot30-shuffle1-amem-global-sglang,task-6905333b74f22949d97ba9d5,30,2,global-scope,0,document ingestion pipeline detection parsing classification indexing,"I’m trying to understand how data moves through Paperless-NGX during normal document ingestion so I can get oriented before working on the codebase. When Paperless-NGX is running from this repository at the specified commit and a new document appears in the system, what observable runtime behavior shows how the document is detected and handed off for processing? What log messages, task names, or state changes indicate the transition from initial detection into parsing, classification, and indexing, and how does the system reflect progress or completion of each stage while the document is being processed? After processing finishes, what observable evidence shows where the document’s data ends up and how its final state is recorded? Based on what you can directly observe at runtime, how does Paperless-NGX track whether a document has already been processed or needs further work, and what behavior or logs indicate how the system avoids duplicate processing? Keep the explanation grounded in runtime observations rather than assumptions from reading the code alone. You may use temporary test files if helpful, but don’t modify any source files and clean up any temporary artifacts when you’re done.",retrieval_miss,0fcf1e26-eabd-4a0e-bfc40dc7d367,"This note directly describes the runtime detection mechanism (inotify/polling) and the initial steps of the ingestion pipeline, which is the core of the user's question about how documents are detected and handed off."
20260914T035338.436341279Z-openclaw-sweatlasqa-pilot30-shuffle1-amem-global-sglang,task-6905333b74f22949d97ba9d6,24,1,global-scope,0,paperless-ngx OCR processing,"I’m trying to get a practical understanding of how OCR behaves in paperless-ngx at runtime, especially in cases where it’s hard to tell what the system is actually doing. When I upload an image that has no embedded text, how can I see that OCR has started, and what does the document’s processing state look like while it’s running? I want to watch how background workers behave during this phase and understand what signals really indicate active OCR work. If I upload a similar image that already contains text, does the system skip OCR entirely, or does it still touch the OCR pipeline in some way, and how can I tell the difference after processing finishes? I also want to compare the final API responses for both cases to understand which fields show OCR-generated text versus existing text. Finally, when OCR produces weak or incomplete results, what actually happens to the document’s final state? Does it still count as fully processed, and how is that reflected in the saved metadata? Temporary scripts may be used for observation, but the repository itself should remain unchanged, and anything temporary should be cleaned up afterward.",retrieval_miss,0fcf1e26-eabd-4a0e-bfc40dc7d367,"This note details the document ingestion pipeline and runtime trace, which directly explains how the system detects files, waits for stability, and initiates processing, providing the necessary context to observe OCR behavior and state changes."
20260914T035338.436341279Z-openclaw-sweatlasqa-pilot30-shuffle1-amem-global-sglang,task-6905333b74f22949d97ba9d7,19,1,global-scope,0,paperless API authentication token Django,"I'm planning to integrate some external tools with the paperless API and need to understand how authentication works first. Get paperless running locally, create a test user, and generate an API token for them. Make an authenticated request to list documents. What's the exact HTTP header name and format paperless expects for the token, and what's the complete endpoint path? What does the JSON response look like, specifically what are the top level fields, and is pagination involved or does it dump everything at once? Try that same request without auth and tell me what status code and error message you get. Then trace through the Django code to find which authentication class handles token authentication and what model stores the tokens. Don't modify the codebase, creating test users, tokens, and any temporary files you need is fine, but leave the source code untouched and clean up any additional files or changes when you're done.",addition_gap,,"None of the provided notes contain information regarding Paperless-NGX API authentication mechanisms, token formats, endpoint paths, or the specific Django authentication classes and models used for token storage."
20260914T035338.436341279Z-openclaw-sweatlasqa-pilot30-shuffle1-amem-global-sglang,task-6905333b74f22949d97ba9d7,19,2,global-scope,0,paperless authentication token header API endpoint,"I'm planning to integrate some external tools with the paperless API and need to understand how authentication works first. Get paperless running locally, create a test user, and generate an API token for them. Make an authenticated request to list documents. What's the exact HTTP header name and format paperless expects for the token, and what's the complete endpoint path? What does the JSON response look like, specifically what are the top level fields, and is pagination involved or does it dump everything at once? Try that same request without auth and tell me what status code and error message you get. Then trace through the Django code to find which authentication class handles token authentication and what model stores the tokens. Don't modify the codebase, creating test users, tokens, and any temporary files you need is fine, but leave the source code untouched and clean up any additional files or changes when you're done.",retrieval_miss,6a5f5cda-155c-4132-8812-4db93644cf80,"This note explicitly states the exact HTTP header format ('Authorization: Token <key>') and the endpoint for obtaining tokens, which directly answers the core authentication questions in the prompt."
20260914T035338.436341279Z-openclaw-sweatlasqa-pilot30-shuffle1-amem-global-sglang,task-6905333b74f22949d97ba9d8,23,1,global-scope,0,document classification machine learning pipeline test,"I am debugging non-deterministic failures in the document classification tests and want to understand how the machine learning pipeline behaves during test execution when training and OCR. I want to observe whether the classifier reuses an existing model or retrains during the same test run, and how that affects later tests. When a test exercises automatic correspondent matching, how many training documents are created, when does training occur relative to those inserts, and what confidence threshold is used to accept or reject predictions? I also want to see how edge cases are handled, such as when a document has no extractable text, including which OCR subprocess is invoked and what mime type is assigned to the output. Finally, when barcode splitting is involved, how many document records are created from a single input, which barcode values trigger a split, and where in the code that decision is made, especially if this changes the effective training data during the test run. Please do not modify the source code; you may create temporary helpers while investigating, but clean up anything temporary before finishing.",retrieval_miss,44ec1d23-adc4-4afc-8cb6-254db5f15493,"This note directly addresses the core question of whether the classifier retrains during tests versus using an existing model, explaining that training is scheduled hourly via django-q rather than triggered by signals."
20260914T035338.436341279Z-openclaw-sweatlasqa-pilot30-shuffle1-amem-global-sglang,task-6905333b74f22949d97ba9d8,23,2,global-scope,0,classifier training barcodes OCR edge cases confidence threshold,"I am debugging non-deterministic failures in the document classification tests and want to understand how the machine learning pipeline behaves during test execution when training and OCR. I want to observe whether the classifier reuses an existing model or retrains during the same test run, and how that affects later tests. When a test exercises automatic correspondent matching, how many training documents are created, when does training occur relative to those inserts, and what confidence threshold is used to accept or reject predictions? I also want to see how edge cases are handled, such as when a document has no extractable text, including which OCR subprocess is invoked and what mime type is assigned to the output. Finally, when barcode splitting is involved, how many document records are created from a single input, which barcode values trigger a split, and where in the code that decision is made, especially if this changes the effective training data during the test run. Please do not modify the source code; you may create temporary helpers while investigating, but clean up anything temporary before finishing.",retrieval_miss,00c0c0ed-17ad-4b7e-aeea-bfc40dc7d367,"This note directly answers the specific question about the confidence threshold used for predictions, clarifying that no threshold is applied because the pipeline uses argmax on class IDs rather than probability scores."
20260914T035338.436341279Z-openclaw-sweatlasqa-pilot30-shuffle1-amem-global-sglang,task-6905333b74f22949d97ba9d9,21,1,global-scope,0,paperless-ngx background processing async queue,"I'm trying to understand how paperless-ngx actually handles background processing when it ingests documents. I want to see what happens at runtime, not just read the config files.

Can you help me make sense of how async work behaves in a live setup? I’m interested in what services are involved behind the scenes, how background jobs appear once they are created, and how the system tells the difference between work that is waiting and work that is actively being processed. I also want to understand where the task state ends up being stored and how you can tell, after the fact, what happened to a given job.

From the code perspective, I want to connect that runtime behavior back to its origin. Where are these background jobs actually triggered, and what part of the code is responsible for sending them into the queue? Don’t modify any repository source files. If you need to create temporary scripts or artifacts to observe behavior, that’s fine, but clean them up afterward and leave the codebase unchanged.",retrieval_miss,0fcf1e26-eabd-4a0e-bf63-c03f7c8d658f,"This note directly traces the document ingestion pipeline from file detection to the point where the background job is created, which is the specific runtime behavior the user requested."
20260914T035338.436341279Z-openclaw-sweatlasqa-pilot30-shuffle1-amem-global-sglang,task-6905333b74f22949d97ba9d9,21,2,global-scope,0,paperless-ngx async task queue django-q background processing,"I'm trying to understand how paperless-ngx actually handles background processing when it ingests documents. I want to see what happens at runtime, not just read the config files.

Can you help me make sense of how async work behaves in a live setup? I’m interested in what services are involved behind the scenes, how background jobs appear once they are created, and how the system tells the difference between work that is waiting and work that is actively being processed. I also want to understand where the task state ends up being stored and how you can tell, after the fact, what happened to a given job.

From the code perspective, I want to connect that runtime behavior back to its origin. Where are these background jobs actually triggered, and what part of the code is responsible for sending them into the queue? Don’t modify any repository source files. If you need to create temporary scripts or artifacts to observe behavior, that’s fine, but clean them up afterward and leave the codebase unchanged.",retrieval_miss,64097e8f-e33b-462d-a278-360d17ced36c,"This note explicitly identifies the code locations and functions (document_consumer.py, tasks.py) that trigger the background jobs, directly answering the user's request to connect runtime behavior back to its code origin."
20260914T035338.436341279Z-openclaw-sweatlasqa-pilot30-shuffle1-amem-global-sglang,task-6905333b74f22949d97ba9db,22,1,global-scope,0,Paperless-NGX repository file handling tags duplicate classifier,"I'm onboarding into the Paperless-NGX repository and I'm curious about the hidden choreography that happens when the system is actually running. When a document's tags change and the filename format includes tags in the directory structure, files apparently relocate themselves. I wonder what log messages actually appear during that dance, and what the before and after paths look like in practice. There's supposedly a rollback safety net if something goes wrong during a file move, but I can't tell from reading the code whether it truly recovers or just promises to, what actually happens to files when a move fails partway through? Beyond file handling, there are other runtime mysteries I want to explore. The classifier's behavior puzzles me, sometimes training finishes instantly, other times it takes much longer. I want to trigger both scenarios and see the actual log messages that explain why training was skipped versus why it proceeded with full retraining, including whatever hash or checksum the system uses to detect changes. Duplicate detection feels like magic, two files that look completely different can still be rejected as duplicates, and I want to see the actual checksums being compared at that moment of judgment. The sanity checker intrigues me as well, what does its output actually look like when an archive is healthy versus when something has gone wrong, and can I see the specific hash values it compares when it discovers a mismatch? I also wonder about ghost files, whether orphaned files really linger in the media folder and what the system actually reports when it finds them. I need to see real runtime evidence for all of this; actual paths, actual checksums, actual log messages. Temporary scripts may be used for observation, but the repository itself should remain unchanged and anything temporary cleaned up afterward.",retrieval_miss,0fcf1e26-eabd-4a0e-bf63-c03f7c8d658f,"This note describes the document ingestion pipeline and file detection mechanisms, which is directly relevant to understanding the runtime behavior, file moves, and potential issues during document processing, unlike the other notes which focus on unrelated systems or high-level configurations."
20260914T035338.436341279Z-openclaw-sweatlasqa-pilot30-shuffle1-amem-global-sglang,task-6905333b74f22949d97ba9db,22,2,global-scope,0,paperless-ngx file handling tag rename rollback classifier duplicate sanity,"I'm onboarding into the Paperless-NGX repository and I'm curious about the hidden choreography that happens when the system is actually running. When a document's tags change and the filename format includes tags in the directory structure, files apparently relocate themselves. I wonder what log messages actually appear during that dance, and what the before and after paths look like in practice. There's supposedly a rollback safety net if something goes wrong during a file move, but I can't tell from reading the code whether it truly recovers or just promises to, what actually happens to files when a move fails partway through? Beyond file handling, there are other runtime mysteries I want to explore. The classifier's behavior puzzles me, sometimes training finishes instantly, other times it takes much longer. I want to trigger both scenarios and see the actual log messages that explain why training was skipped versus why it proceeded with full retraining, including whatever hash or checksum the system uses to detect changes. Duplicate detection feels like magic, two files that look completely different can still be rejected as duplicates, and I want to see the actual checksums being compared at that moment of judgment. The sanity checker intrigues me as well, what does its output actually look like when an archive is healthy versus when something has gone wrong, and can I see the specific hash values it compares when it discovers a mismatch? I also wonder about ghost files, whether orphaned files really linger in the media folder and what the system actually reports when it finds them. I need to see real runtime evidence for all of this; actual paths, actual checksums, actual log messages. Temporary scripts may be used for observation, but the repository itself should remain unchanged and anything temporary cleaned up afterward.",retrieval_miss,434477b7-5cbd-4e73-8c0e-31497ddd68f4,"This note explicitly describes the tag-change file relocation mechanism and the trigger conditions, directly addressing the user's question about the 'hidden choreography' of file moves when tags change."
20260914T035338.436341279Z-openclaw-sweatlasqa-pilot30-shuffle1-amem-global-sglang,task-6905333b74f22949d97ba9dc,25,1,global-scope,0,paperless-ngx document processing OCR,"I'm getting inconsistent OCR results when testing paperless-ngx locally with multi-page PDFs and need to understand the processing behavior better. Get the development environment running normally (create admin user if needed during setup), then upload a multi-page PDF through the standard interface that requires OCR processing. What HTTP response status and message do you receive immediately after upload submission? As processing happens, what key log patterns appear that show the document moving through different stages, including the OCRmyPDF invocation parameters? After processing finishes, what do the generated archive PDF and thumbnail filenames look like in the media storage area? Check the document record in the database - what fields are actually stored (not filesystem-only metadata) and what values appear for the processed document? No file modifications or permanent changes allowed, clean up any test files completely when done.",retrieval_miss,407ce449-3543-49f8-a97d-80efbd57f153,"This note explicitly details the OCRmyPDF invocation parameters and the logic determining when OCR is run, which directly answers the user's specific question about processing behavior and parameters."
20260914T035338.436341279Z-openclaw-sweatlasqa-pilot30-shuffle1-amem-global-sglang,task-6905333b74f22949d97ba9dd,18,1,global-scope,0,Paperless-NGX ingestion document processing codebase,"I need to understand how Paperless-NGX processes a document from ingestion through indexing before I start working with the codebase. Set up the full environment and get all services running normally. Drop a small test file into the consumption directory and follow what happens. What log messages appear when the system first detects the file, what ingestion task gets triggered, and what additional tasks show up as the document moves through parsing, classification, and indexing? While the task is queued, check what the message broker is storing. What payload format or data structure represents the queued task? After processing completes, query the database to see where the document record is stored, which fields capture the parsed metadata, and where the system keeps a record of task execution or processing history.
Then trace the high-level codepath behind this workflow based on the behavior you observe. Starting from the part of the system that detects the new file, follow the chain of components involved in creating and submitting the ingestion task. Which part of the application is responsible for creating that task object, and what queuing framework does Paperless-NGX rely on to dispatch it? You may use temporary helper scripts or test files if needed, but don’t modify the actual source code, and clean up any temporary artifacts when you’re done.",retrieval_miss,0fcf1e26-eabd-4a0e-bf63-c03f7c8d658f,"This note directly describes the Paperless-NGX document ingestion pipeline, including file detection via inotify and the initial consumption steps, which is the exact starting point required to answer the user's question about the workflow."
20260914T035338.436341279Z-openclaw-sweatlasqa-pilot30-shuffle1-amem-global-sglang,task-6905333b74f22949d97ba9de,26,1,global-scope,0,Paperless memory usage metadata processing,"I'm investigating a strange memory usage pattern in the Paperless document processing system. When the system imports documents, it sometimes consumes far more memory than expected for the metadata handling, but this doesn't happen consistently and seems to vary based on the document source or processing stage.

What I'm seeing is that memory usage spikes significantly during document import operations, particularly when metadata is being processed, but the spike seems disproportionate to the actual document size. The odd part is that this memory doesn't always get released back to the system in a timely manner, even after processing is complete. This seems unusual because these are mostly text documents with relatively small metadata - we're not dealing with massive image processing here.

Can you figure out what's causing these memory spikes? I'm curious whether there's something in the metadata handling that's creating unnecessary copies or holding references longer than needed, or if there's caching behavior that's accumulating data unexpectedly. What's different between the cases where memory spikes and cases where it doesn't? How does the behavior change with different document types or batch sizes?

I need to see actual runtime memory measurements during processing, understand which components or methods are responsible for holding onto memory, and get evidence showing whether this is normal Python garbage collection behavior or something problematic. Show me what patterns you can find and where the memory is actually going.

Don't modify any repository source files. You can create temporary test scripts or helper tools to reproduce and analyze the behavior, but clean them up and leave the codebase unchanged when done.",retrieval_miss,79035c9e-f92c-4879-a2f9-42d15fe4aa95,"This note explicitly describes the `pre_check_duplicate()` function reading the entire file into memory to compute an MD5 checksum, which directly explains the disproportionate memory spike during document import regardless of document type or metadata size."
20260914T035338.436341279Z-openclaw-sweatlasqa-pilot30-shuffle1-amem-global-sglang,task-6905333b74f22949d97ba9e0,17,1,global-scope,0,documents list pagination duplicate browsing filters,"I am trying to figure out why the documents list can feel haunted during normal browsing, where paging through the documents view with a couple of common filters enabled can make the same document show up twice across neighboring pages or disappear for a page and then come back even though nobody is editing anything and the sort order looks unchanged. It gets stranger when the viewer is not an all powerful admin and visibility is shaped by sharing rules, because the glitch seems to depend on what the user is allowed to see rather than what exists. Is the backend producing duplicates that get collapsed somewhere later, is pagination happening before any de duplication, or is the ordering quietly unstable when multiple rows tie on the primary sort key? I want to watch what the API actually returns across consecutive page requests, and line that up with what the UI thinks pagination means until the exact condition that destabilizes the list becomes clear. Temporary scripts may be used for observation, but the repository itself should remain unchanged and anything temporary should be cleaned up afterward.",addition_gap,,"All provided notes concern the SimpleLogin or Paperless-NGX applications and their specific internal mechanisms, whereas the question asks about a generic pagination/duplication bug in a documents list view that is not addressed by any of the stored context."
20260914T035338.436341279Z-openclaw-sweatlasqa-pilot30-shuffle1-amem-global-sglang,task-6905333b74f22949d97ba9e0,17,2,global-scope,0,paperless-ngx documents pagination duplicate haunting ordering,"I am trying to figure out why the documents list can feel haunted during normal browsing, where paging through the documents view with a couple of common filters enabled can make the same document show up twice across neighboring pages or disappear for a page and then come back even though nobody is editing anything and the sort order looks unchanged. It gets stranger when the viewer is not an all powerful admin and visibility is shaped by sharing rules, because the glitch seems to depend on what the user is allowed to see rather than what exists. Is the backend producing duplicates that get collapsed somewhere later, is pagination happening before any de duplication, or is the ordering quietly unstable when multiple rows tie on the primary sort key? I want to watch what the API actually returns across consecutive page requests, and line that up with what the UI thinks pagination means until the exact condition that destabilizes the list becomes clear. Temporary scripts may be used for observation, but the repository itself should remain unchanged and anything temporary should be cleaned up afterward.",retrieval_miss,8bbf2f49-3543-49f8-a97d-80efbd57f153,"This note explicitly identifies the 'haunted' documents list bug as being caused by unstable ordering due to the default ordering field, directly addressing the user's core hypothesis and question."
20260914T035338.436341279Z-openclaw-sweatlasqa-pilot30-shuffle1-amem-global-sglang,task-6905333b74f22949d97ba9e8,7,1,global-scope,0,SimpleLogin authentication API sessions email forwarding alias tokens,"I've been investigating SimpleLogin's authentication and noticed some behaviors I need to verify by actually observing the running system.

When I'm logged into the web interface and make API calls without an API key header, the requests seem to work. I need to confirm what HTTP status code actually comes back and what the response body structure looks like ,not what the code says should happen, but what actually happens when you try it.There's also something odd when trying to access privileged operations with just a browser session. The HTTP status code I get back isn't a standard authorization error, and the error message is unusual. What specific status code and exact error message text does the system actually return in this scenario?

For sessions, I want to understand what the stored session data actually looks like when you examine it directly in storage. Capture the raw bytes from the storage backend and show me what format they're in, what keys are present in the deserialized data for an authenticated session, and how the session key itself is structured.I'm also curious about session identifier behavior during authentication. If you capture the session ID from your cookie before login, then go through the login flow, does that identifier value stay the same or get replaced with a new one? I need to see the actual before and after values to know for sure.

On the email forwarding side, I want to know what happens to specific headers when a message passes through. If an incoming email has a custom X-header, a Received header, and a Reply-To header, which of those three actually make it through to the forwarded message and which get stripped? Send an actual test email and examine the result.

For the alias creation tokens, they clearly expire after some time window. I want to experimentally verify what that window is by testing whether a token works immediately, then waiting and testing if it still works, until you find the boundary where it stops working.

I also noticed that the API tracks usage statistics for API keys. When you make several API calls with the same key, what fields get updated in the database and what are the actual values you observe after making the calls?Finally, when a login attempt fails with wrong credentials, what specific log messages appear and what HTTP response details come back? I want to see the actual logged output and response, not just what the code says should happen.

Show me evidence from actually running the system rather than just reading the code. Don't modify any source files in the repository, but you can create test scripts to observe behavior - just clean them up afterward.",addition_gap,,"None of the existing notes contain the specific runtime observations, HTTP status codes, error messages, session data structures, or experimental results required to answer the user's detailed verification questions."
20260914T035338.436341279Z-openclaw-sweatlasqa-pilot30-shuffle1-amem-global-sglang,task-6905333b74f22949d97baa1d,5,1,global-scope,0,SimpleLogin session handling Redis deserialization,"I’m testing the SimpleLogin repository and trying to understand how server-side session handling behaves at runtime, especially when stored session data is turned back into Python objects. I want to see what normal sessions look like as users log in and out and then what actually happens if the session data in Redis is corrupted or malformed. Does the next request fail, silently reset the session, or surface an error, and what shows up in responses or logs when that happens? I’m trying to understand where the boundary lies between a harmless reset and a real deserialization risk, based on what you can observe while the system is running rather than theory alone. If an attacker could tamper with session bytes but not forge the signed session ID, does that meaningfully change the risk, and how does the runtime behavior support that conclusion? Temporary scripts may be used for observation, but the repository itself should remain unchanged, and anything temporary should be cleaned up afterward.",retrieval_miss,968c1af1-ac05-4a5a-a255-a23e181fa35e,"This note explicitly identifies that SimpleLogin uses Flask-Login for session management, which is the critical component responsible for the session deserialization and handling behavior the user is investigating."
20260914T035338.436341279Z-openclaw-sweatlasqa-pilot30-shuffle1-amem-global-sglang,task-6905333b74f22949d97baa1d,5,2,global-scope,0,SimpleLogin session corruption pickle deserialization itsdangerous,"I’m testing the SimpleLogin repository and trying to understand how server-side session handling behaves at runtime, especially when stored session data is turned back into Python objects. I want to see what normal sessions look like as users log in and out and then what actually happens if the session data in Redis is corrupted or malformed. Does the next request fail, silently reset the session, or surface an error, and what shows up in responses or logs when that happens? I’m trying to understand where the boundary lies between a harmless reset and a real deserialization risk, based on what you can observe while the system is running rather than theory alone. If an attacker could tamper with session bytes but not forge the signed session ID, does that meaningfully change the risk, and how does the runtime behavior support that conclusion? Temporary scripts may be used for observation, but the repository itself should remain unchanged, and anything temporary should be cleaned up afterward.",retrieval_miss,f4a39b8e-1528-46d0-8da8-6a1806f93a18,"This note explicitly confirms the runtime behavior of session corruption (silent reset via bare except) and the underlying mechanism (pickle.loads), which directly answers the user's core question about deserialization risks and error handling."
20260914T035345.813663967Z-openclaw-sweatlasqa-pilot30-shuffle2-amem-global-sglang,task-6905333b74f22949d97ba9a4,14,1,global-scope,0,SimpleLogin backend startup dev mode,"I'm trying to understand what actually happens when SimpleLogin is started locally in development environment. I'm wondering how the backend starts up in dev mode, how configuration is loaded, which log messages indicate that it's ready to accept requests, and what ports or endpoints it exposes. 

I’m interested in how a single authenticated request is handled by the app, where the request first enters the application, how the user identity is determined at runtime, and how that authentication context is carried through request handling. The entry point and user identification flow are my main concerns here. I also want to know whether the app automatically starts any background jobs or schedulers, or if there’s anything going on besides handling incoming requests.

I'm not looking for what the code says should happen, I want to know what actually gets printed when you run it. Please don’t modify any repository source files while investigating. Temporary scripts are fine if needed, but leave the codebase unchanged and clean up anything you create when you’re done.",retrieval_miss,f90c913e-28b9-418f-b8b9-6a0f87c1425a,"This note explicitly describes the startup behavior, including the web server creation, blueprint registration, and the specific port (7777) used in development mode, which directly answers the user's question about how the backend starts and what ports are exposed."
20260914T035345.813663967Z-openclaw-sweatlasqa-pilot30-shuffle2-amem-global-sglang,task-6905333b74f22949d97ba9a4,14,2,global-scope,0,SimpleLogin startup configuration logging background jobs,"I'm trying to understand what actually happens when SimpleLogin is started locally in development environment. I'm wondering how the backend starts up in dev mode, how configuration is loaded, which log messages indicate that it's ready to accept requests, and what ports or endpoints it exposes. 

I’m interested in how a single authenticated request is handled by the app, where the request first enters the application, how the user identity is determined at runtime, and how that authentication context is carried through request handling. The entry point and user identification flow are my main concerns here. I also want to know whether the app automatically starts any background jobs or schedulers, or if there’s anything going on besides handling incoming requests.

I'm not looking for what the code says should happen, I want to know what actually gets printed when you run it. Please don’t modify any repository source files while investigating. Temporary scripts are fine if needed, but leave the codebase unchanged and clean up anything you create when you’re done.",retrieval_miss,4e8b528e-c0ed-4167-91cf-cf7e979d37dc,"This note directly addresses the user's specific questions about how the backend starts up in dev mode, the command used, and the port it exposes, which are key parts of the query."
20260914T035345.813663967Z-openclaw-sweatlasqa-pilot30-shuffle2-amem-global-sglang,task-6905333b74f22949d97ba9a5,12,1,global-scope,0,alias creation signed suffix validation rate limit,"I am debugging intermittent validation failures during custom alias creation that don't match the expected behavior, which seems related to how signed suffixes are verified. When attempting to create custom aliases with invalid or expired signed suffixes, what exact HTTP status codes and error messages appear in the API responses, and what corresponding validation log entries show up in the server console? Check whether any rate-limiting headers appear in the responses and what their actual values are. For successful alias creation attempts, what quota-related checks occur, what specific values get logged when the system verifies whether the user can create more aliases? Trace through the execution path to identify which component validates signed suffixes and enforces creation limits, and what conditions trigger rejection. Don't modify the repository code temporary test scripts or API calls are fine but keep the codebase unchanged.",retrieval_miss,56390d4a-10c4-4703-ab4e-883aaa6a40b8,"This note explicitly covers the alias creation flow, including API routes and validation logic, which is directly relevant to debugging the custom alias creation and signed suffix verification issues described in the question."
20260914T035345.813663967Z-openclaw-sweatlasqa-pilot30-shuffle2-amem-global-sglang,task-6905333b74f22949d97ba9a5,12,2,global-scope,0,signed suffix validation error status code 412 400 429 409,"I am debugging intermittent validation failures during custom alias creation that don't match the expected behavior, which seems related to how signed suffixes are verified. When attempting to create custom aliases with invalid or expired signed suffixes, what exact HTTP status codes and error messages appear in the API responses, and what corresponding validation log entries show up in the server console? Check whether any rate-limiting headers appear in the responses and what their actual values are. For successful alias creation attempts, what quota-related checks occur, what specific values get logged when the system verifies whether the user can create more aliases? Trace through the execution path to identify which component validates signed suffixes and enforces creation limits, and what conditions trigger rejection. Don't modify the repository code temporary test scripts or API calls are fine but keep the codebase unchanged.",retrieval_miss,75c84205-57f7-45e9-a9e5-f9f293b7de55,"This note explicitly identifies the component (alias_suffix.py) and function (check_suffix_signature) responsible for validating signed suffixes, including the specific error condition (expiration) and the return value (None) that triggers rejection, which directly answers the core debugging question."
20260914T035345.813663967Z-openclaw-sweatlasqa-pilot30-shuffle2-amem-global-sglang,task-6905333b74f22949d97ba9a6,13,1,global-scope,0,email privacy system anonymous aliases initialization database migration,,no_question,,missing question text
20260914T035345.813663967Z-openclaw-sweatlasqa-pilot30-shuffle2-amem-global-sglang,task-6905333b74f22949d97ba9a7,2,1,global-scope,1,SimpleLogin workflow mailbox verification code email forwarding,"I want to understand how SimpleLogin processes multi step workflows at runtime.

In scenarios where a mailbox verification code is submitted incorrectly multiple times in succession, what observable state changes and enforcement mechanisms does the running system apply? Trace the actual runtime behavior to determine what limits exist, how failed attempts are tracked, and what ultimately prevents further submissions.

For background tasks that are scheduled and later picked up for execution, trace the complete lifecycle from initial creation through final completion. If a task encounters an error during execution, what recovery or retry behavior is applied, and what observable state reflects that failure?

During email forwarding through an alias, what exact format is used for the special address generated to handle delivery failures? If a failure notification arrives at this address, trace how the system identifies the original email, what state changes are recorded, and how the handling behavior differs depending on the direction of the original message.

Temporary inspection or debugging tools may be used to observe runtime behavior, but source files should not be modified and any temporary artifacts should be cleaned up afterward.",addition_gap,,no candidate notes existed in store at call time
20260914T035345.813663967Z-openclaw-sweatlasqa-pilot30-shuffle2-amem-global-sglang,task-6905333b74f22949d97ba9aa,11,1,global-scope,0,SimpleLogin application structure setup,"I'm new to SimpleLogin and trying to get everything running locally. Once the application starts, how can I tell that the web server, email handler, and job runner are actually up and responding? What should I see in the logs or dashboard UI that confirms users can sign in and manage their aliases?

After it's running, try performing some basic user actions like creating a new account, creating an alias, and having that alias receive an email. What happens when a new account interacts with aliases or tries to receive mail, and how does the system show that these actions were handled correctly? What should I see at runtime that confirms the behavior you would expect?

While the application is active, do the email handler and job runner automatically come online in the background to support email activity or data handling? What behavior suggests that these internal components are functioning as intended across different situations?

Do not modify the source code. You can create temporary testing data such as accounts or aliases but clean them up when you are done.",retrieval_miss,d856bb4a-8ace-43ce-b34f-ab0e104a-8ace-43ce-b34f-ab0e104a,"Note d856bb4a explicitly lists the key components (email_handler.py, job_runner.py, server.py) that the user needs to verify are running, providing the necessary context to identify which processes correspond to the web server, email handler, and job runner."
20260914T035345.813663967Z-openclaw-sweatlasqa-pilot30-shuffle2-amem-global-sglang,task-6905333b74f22949d97ba9aa,11,2,global-scope,0,SimpleLogin email handler job runner web server startup logs confirmation,"I'm new to SimpleLogin and trying to get everything running locally. Once the application starts, how can I tell that the web server, email handler, and job runner are actually up and responding? What should I see in the logs or dashboard UI that confirms users can sign in and manage their aliases?

After it's running, try performing some basic user actions like creating a new account, creating an alias, and having that alias receive an email. What happens when a new account interacts with aliases or tries to receive mail, and how does the system show that these actions were handled correctly? What should I see at runtime that confirms the behavior you would expect?

While the application is active, do the email handler and job runner automatically come online in the background to support email activity or data handling? What behavior suggests that these internal components are functioning as intended across different situations?

Do not modify the source code. You can create temporary testing data such as accounts or aliases but clean them up when you are done.",retrieval_miss,1ac334ad-5ec1-4812-876a-b3a91c34990a,"This note provides the specific log messages ('Listen for port...', 'Start mail controller...') that directly answer how to verify the email handler is up and responding, which is a core part of the user's question."
20260914T035345.813663967Z-openclaw-sweatlasqa-pilot30-shuffle2-amem-global-sglang,task-6905333b74f22949d97ba9ab,4,1,global-scope,0,SimpleLogin alias creation frontend backend database,"I want to understand how SimpleLogin behaves during a normal alias-creation flow. To do that, run the full application locally using the standard development setup, login with any test user, and create a new alias while observing the system in real time.

As you go through this flow, watch the frontend and note exactly what request it sends to the backend when an alias is created. Then observe what the backend returns, including any status codes, payloads, or metadata that appear in the response. While the request is being processed, check what changes occur in the database. Identify which records are inserted or updated, how many tables are touched, and whether any related entities are created as part of the same operation.

Pay close attention to the logs to see whether the system triggers any background tasks, emits follow-up events, or performs additional work beyond the initial write. If anything fails, such as validation problems, DB errors, or network issues. Note how the error surfaces in the API response, logs, and resulting database state. Don't modify any of the repository source files while investigating. Feel free to create temporary scripts that's fine, but leave the actual codebase as you found it and ensure to clean up any temporary files or scripts you create when you're done.",addition_gap,,"The existing notes describe specific backend mechanisms like VERP formatting, bounce handling, and job lifecycles, but none provide the high-level overview of the alias creation flow, API endpoints, or database schema changes required to answer the user's question."
20260914T035345.813663967Z-openclaw-sweatlasqa-pilot30-shuffle2-amem-global-sglang,task-6905333b74f22949d97ba9ab,4,2,global-scope,0,alias creation flow database tables touched events background tasks,"I want to understand how SimpleLogin behaves during a normal alias-creation flow. To do that, run the full application locally using the standard development setup, login with any test user, and create a new alias while observing the system in real time.

As you go through this flow, watch the frontend and note exactly what request it sends to the backend when an alias is created. Then observe what the backend returns, including any status codes, payloads, or metadata that appear in the response. While the request is being processed, check what changes occur in the database. Identify which records are inserted or updated, how many tables are touched, and whether any related entities are created as part of the same operation.

Pay close attention to the logs to see whether the system triggers any background tasks, emits follow-up events, or performs additional work beyond the initial write. If anything fails, such as validation problems, DB errors, or network issues. Note how the error surfaces in the API response, logs, and resulting database state. Don't modify any of the repository source files while investigating. Feel free to create temporary scripts that's fine, but leave the actual codebase as you found it and ensure to clean up any temporary files or scripts you create when you're done.",retrieval_miss,56390d4a-10c4-4703-ab4e-883aaa6a40b8,"This note explicitly details the alias creation flow, including routes and backend logic, which directly answers the user's request to understand the behavior of the alias-creation process."
20260914T035345.813663967Z-openclaw-sweatlasqa-pilot30-shuffle2-amem-global-sglang,task-6905333b74f22949d97ba9ac,1,1,global-scope,0,SimpleLogin email forwarding SL Message-ID alias,"I'm investigating a production issue where users report inconsistent behavior when emails are forwarded through SimpleLogin aliases. I need to trace the actual email processing flow to understand what's happening. When the email handler processes an incoming email to an alias, I want to observe, what is the exact log message text that appears when an email is successfully forwarded versus when it fails due to a non-existent alias, what specific SL Message-ID gets generated during forwarding and how does it differ from the original Message-ID, what is the exact From header value in the forwarded email after transformation including the reply-email address format, and what database records are created during a single forward operation show me the actual record IDs and timestamps. Trace through an actual email forward operation and capture these specific runtime values. I need to see actual generated values, not what the code logic suggests should happen. Just don't modify any source files while investigating, and clean up any test containers or DB instances you spin up.",addition_gap,,no candidate notes existed in store at call time
20260914T035345.813663967Z-openclaw-sweatlasqa-pilot30-shuffle2-amem-global-sglang,task-6905333b74f22949d97ba9ac,1,2,global-scope,1,email forwarding log messages email handler forward success failure,"I'm investigating a production issue where users report inconsistent behavior when emails are forwarded through SimpleLogin aliases. I need to trace the actual email processing flow to understand what's happening. When the email handler processes an incoming email to an alias, I want to observe, what is the exact log message text that appears when an email is successfully forwarded versus when it fails due to a non-existent alias, what specific SL Message-ID gets generated during forwarding and how does it differ from the original Message-ID, what is the exact From header value in the forwarded email after transformation including the reply-email address format, and what database records are created during a single forward operation show me the actual record IDs and timestamps. Trace through an actual email forward operation and capture these specific runtime values. I need to see actual generated values, not what the code logic suggests should happen. Just don't modify any source files while investigating, and clean up any test containers or DB instances you spin up.",addition_gap,,no candidate notes existed in store at call time
20260914T035345.813663967Z-openclaw-sweatlasqa-pilot30-shuffle2-amem-global-sglang,task-6905333b74f22949d97ba9ad,15,1,global-scope,0,SimpleLogin codebase setup authentication email,"I am setting up SimpleLogin for the first time and I want to confirm that the platform is actually working the way it should when everything is running locally. After starting the system what should I notice in the logs or UI that shows the app is ready to handle user authentication and alias based email activity?

Once it is running can you try walking through the typical product experience as if you were a new user signing up for the first time. What happens when a user registers verifies their address and tries to log in. What visible behavior confirms that the system is handling every step correctly and forwarding the user into the dashboard as expected?

I am also curious about what the application does behind the scenes during that flow. Are there any indicators that background jobs or internal services are doing their part to support email forwarding or identity verification. What should I expect to observe at runtime that tells me these moving pieces are active and talking to each other properly?

You can create anything temporary that you need for testing like new users or aliases but remove them when you are done and please do not make any changes to the source code.",retrieval_miss,id=4e8b528e-c0ed-4167-91cf-cf7e979d37dc,"This note provides the specific startup command and log indicators (port 77, debug toolbar) needed to confirm the web application is ready, directly addressing the user's first question about verifying the system is running."
20260914T035345.813663967Z-openclaw-sweatlasqa-pilot30-shuffle2-amem-global-sglang,task-6905333b74f22949d97ba9ae,10,1,global-scope,0,SimpleLogin inbound email reply contact resolution alias forwarding,"I’d like to understand how SimpleLogin resolves inbound email replies to a contact and forwarding destination during normal alias usage, specifically in cases where a reply ends up being delivered to a different user than the alias owner. As inbound reply messages are processed, focus on how the system derives the reply email address and uses it to identify the associated contact. Observe the actual runtime values involved in this resolution, the extracted reply email, the contact (if any) that it resolves to, and the user or alias ultimately selected as the forwarding destination. Track how these values behave across multiple reply events. Note whether the same reply email ever resolves to different contacts over time, fails to resolve temporarily, or resolves correctly but later results in forwarding to a different user than expected. Use these observations to determine whether the reply-handling logic specifically the lookup of contacts by reply email exhibits any race conditions, uniqueness assumptions, or timing-related inconsistencies that could explain why a reply is routed to the wrong user. Describe the runtime values you observed during reply resolution and explain how those values lead to the observed behavior. Don’t modify any repository source files. If temporary scripts or tooling are needed to observe behavior, that’s fine, but clean them up afterward and leave the repository unchanged.",retrieval_miss,b66297b1-5127-424f-991d-5a6b4df0dde1,"This note explicitly describes the reply phase routing logic, including the specific function `handle_reply()` and the database lookup `Contact.get_by(reply_email=reply_email)`, which is the core mechanism the question asks to analyze for race conditions and resolution behavior."
20260914T035345.813663967Z-openclaw-sweatlasqa-pilot30-shuffle2-amem-global-sglang,task-6905333b74f22949d97ba9af,9,1,global-scope,0,codebase structure server database PostgreSQL setup,"I'm trying to get the development environment running locally for the first time, and the documentation isn't very clear about the startup order or what breaks if certain setup steps are skipped. I want to bring the whole stack up from scratch and note what actually happens along the way.

To start with, I want to see what happens if the database isn't fully set up yet. With PostgreSQL running and an empty database created (no tables, migrations not run), what error do I actually hit when I start the server with python [server.py](http://server.py) and then try to open the login page in the browser? I'm looking for the full Python exception that gets raised.

Once the database migrations and the initialization script (init\_[app.py](http://app.py)) have been run and everything is set up correctly, I need to understand which Python services must be running for the system to work. Start each required service and show me the exact log output that confirms it's running and ready to accept connections. I want to see the actual startup messages from stdout/stderr, not just what the code says I need to verify the services are actually binding to their ports and working.

I'm also curious about what happens if the initialization step is skipped. If I run the migrations but don't run init\_[app.py](http://app.py), the SLDomain table should be empty (no email domains configured). If I then start the email handler and simulate an incoming email addressed to any @sl.local address, what happens? What SMTP status code does the email handler return to the sender, and what does it log to explain the rejection?

I'm not changing or deleting any source files here I just want to observe the system's behavior. Temporary config files or small test scripts are fine if needed.",addition_gap,,"None of the provided notes contain information about the development environment setup, database migration errors, service startup logs, or the specific behavior of the email handler when the SLDomain table is empty."
20260914T035345.813663967Z-openclaw-sweatlasqa-pilot30-shuffle2-amem-global-sglang,task-6905333b74f22949d97ba9af,9,2,global-scope,0,database migrations login server startup services email handler SMTP,"I'm trying to get the development environment running locally for the first time, and the documentation isn't very clear about the startup order or what breaks if certain setup steps are skipped. I want to bring the whole stack up from scratch and note what actually happens along the way.

To start with, I want to see what happens if the database isn't fully set up yet. With PostgreSQL running and an empty database created (no tables, migrations not run), what error do I actually hit when I start the server with python [server.py](http://server.py) and then try to open the login page in the browser? I'm looking for the full Python exception that gets raised.

Once the database migrations and the initialization script (init\_[app.py](http://app.py)) have been run and everything is set up correctly, I need to understand which Python services must be running for the system to work. Start each required service and show me the exact log output that confirms it's running and ready to accept connections. I want to see the actual startup messages from stdout/stderr, not just what the code says I need to verify the services are actually binding to their ports and working.

I'm also curious about what happens if the initialization step is skipped. If I run the migrations but don't run init\_[app.py](http://app.py), the SLDomain table should be empty (no email domains configured). If I then start the email handler and simulate an incoming email addressed to any @sl.local address, what happens? What SMTP status code does the email handler return to the sender, and what does it log to explain the rejection?

I'm not changing or deleting any source files here I just want to observe the system's behavior. Temporary config files or small test scripts are fine if needed.",retrieval_miss,d856bb4a-10c4-4703-ab4e-883aaa6a40b8,"This note identifies the specific files (server.py, init_app.py) and their roles, which is essential context for understanding the startup sequence and initialization logic the user is asking about."
20260914T035345.813663967Z-openclaw-sweatlasqa-pilot30-shuffle2-amem-global-sglang,task-6905333b74f22949d97ba9d0,26,1,global-scope,0,paperless-ngx background maintenance tasks,"I'm evaluating paperless-ngx architecture and need to understand what background maintenance happens automatically. Set up the development environment, what periodic tasks are registered with the task scheduler, and where is the schedule configuration defined? Find the sanity checker; what does it validate, what log output does it produce, and how often does it run? Is there automatic index optimization or database cleanup? Check if there's a task that handles failed document retries or stuck processing jobs. Look at the Celery beat schedule configuration and list all recurring tasks with their intervals. Trace through the code to find where periodic tasks are defined and registered. What happens if a scheduled task fails; is there retry logic or alerting? Are there any tasks that run on startup versus strictly on schedule? Query the database to see if there's a table tracking task execution history or scheduled job state. What controls whether these maintenance features are enabled or disabled? Don't modify source code; observing system behavior is fine, clean up any test artifacts when done.",retrieval_miss,id=4a5703a2-7973-4ff0-bff5-ecfa55341e28,"This note explicitly identifies the task scheduling mechanism (Django-Q) and mentions that scheduled tasks are registered, which directly addresses the user's core question about where the schedule configuration is defined and what tasks are recurring, unlike the other notes which cover unrelated topics or specific edge cases."
20260914T035345.813663967Z-openclaw-sweatlasqa-pilot30-shuffle2-amem-global-sglang,task-6905333b74f22949d97ba9d1,18,1,global-scope,0,Paperless-NGX search index synchronization document changes,"I want to understand how Paperless-NGX keeps its search index synchronized with document changes before I start working with this codebase. With the full environment running, I'm curious what actually happens at runtime when a document gets modified after it's already been ingested. If I change an existing document's title through the API to something unique and then search for that exact new title within a few seconds, does the document appear in results immediately, or do I need to wait for background processing to complete? While making this change, I want to watch what happens in the background task worker process specifically to see whether any job gets picked up in response to the edit, or whether the update completes entirely within the API request before returning. Something I particularly want to explore is what happens if a document's title gets updates directly in the database using a raw SQL statement rather than through the API. After making that direct change and searching for the new title, does the document appear in search results, or does the index remain stale? If it stays stale, I want to know whether there is a way to force the system to reconcile the index with the current database state, and what observable effect that reconciliation process has on the worker logs and task queue. I'm also wondering how the system would behave if the search index became corrupted or deleted entirely while documents still exist in the database. After removing the index files and triggering whatever recovery mechanism exists, how long does reconstruction take for a small set of documents, and what processing activity is visible during that rebuild? The goal is to understand whether the system can self-heal from index inconsistencies or whether manual intervention is always required. You may create temporary test documents for observation, but don't modify any source files and clean up test artifacts when finished.",retrieval_miss,8b7dcb83-d7e6-4888-a7bb-e4108baf9e47,"This note describes the document lifecycle and ingestion process, which is essential for understanding how the search index is initially built and updated, unlike the other notes which are about SimpleLogin or irrelevant details."
20260914T035345.813663967Z-openclaw-sweatlasqa-pilot30-shuffle2-amem-global-sglang,task-6905333b74f22949d97ba9d1,18,2,global-scope,0,Paperless-NGX document update API index sync add_to_index bulk_update_documents,"I want to understand how Paperless-NGX keeps its search index synchronized with document changes before I start working with this codebase. With the full environment running, I'm curious what actually happens at runtime when a document gets modified after it's already been ingested. If I change an existing document's title through the API to something unique and then search for that exact new title within a few seconds, does the document appear in results immediately, or do I need to wait for background processing to complete? While making this change, I want to watch what happens in the background task worker process specifically to see whether any job gets picked up in response to the edit, or whether the update completes entirely within the API request before returning. Something I particularly want to explore is what happens if a document's title gets updates directly in the database using a raw SQL statement rather than through the API. After making that direct change and searching for the new title, does the document appear in search results, or does the index remain stale? If it stays stale, I want to know whether there is a way to force the system to reconcile the index with the current database state, and what observable effect that reconciliation process has on the worker logs and task queue. I'm also wondering how the system would behave if the search index became corrupted or deleted entirely while documents still exist in the database. After removing the index files and triggering whatever recovery mechanism exists, how long does reconstruction take for a small set of documents, and what processing activity is visible during that rebuild? The goal is to understand whether the system can self-heal from index inconsistencies or whether manual intervention is always required. You may create temporary test documents for observation, but don't modify any source files and clean up test artifacts when finished.",retrieval_miss,0d62809a-72bf-4ea8-b9d4-f2ab61a7543c,"This note explicitly states that the search index is not automatically updated on document saves, directly answering the user's core question about whether API edits trigger immediate index synchronization."
20260914T035345.813663967Z-openclaw-sweatlasqa-pilot30-shuffle2-amem-global-sglang,task-6905333b74f22949d97ba9d2,19,1,global-scope,0,paperless-ngx document processing metadata,"I’m trying to get a big-picture understanding of how documents flow through the system. How does a new document usually enter paperless-ngx. Once a document is received, what are the main stages it goes through before it’s fully processed and available, are there any background jobs and what is used for background execution.

I’m also curious about the kind of information paperless stores for each document. What metadata fields are saved, and which ones are absolutely required versus optional or derived later during runtime-processing. Can you show with a runtime example?

Also I wonder how things like tags, correspondents, and document types are used together to organize documents in a practical way.

Please don’t make any changes to the repository itself. You can create temporary scripts for testing if needed but do clean them up once you're done.",retrieval_miss,8b7dcb83-5e58-462b-bc79-e5bad1d176ea,"This note directly addresses the user's primary question about the document lifecycle, entry points, and background execution mechanisms, whereas other relevant notes are either too specific (OCR details) or belong to a different project (SimpleLogin)."
20260914T035345.813663967Z-openclaw-sweatlasqa-pilot30-shuffle2-amem-global-sglang,task-6905333b74f22949d97ba9d3,29,1,global-scope,0,paperless-ngx document processing pipeline,"I am trying to understand how paperless-ngx processes documents at runtime before making any changes. Once the application is up and all of its services are running, I want to submit a test PDF and observe how the ingestion pipeline actually behaves. As the document moves through the system, which services are involved, and what sequence of events shows up in the logs? I also want to upload a few more documents and watch how the system reacts after each one. Does the machine learning classifier retrain automatically on every upload, or only under certain conditions, and what log messages make it clear when training is happening versus when the classifier stays idle? After a document finishes processing, I want to see where it ends up on disk, what directory structure and filename pattern paperless-ngx uses by default, and which database tables receive new rows as part of ingestion. You should not modify or edit any existing files in the repository, but you can create temporary scripts or test documents if they help with the investigation, as long as everything you create is cleaned up when you are done.",retrieval_miss,id=8c6d7a2c-efc9-42f2-9747-9775e6303c1f,"This note provides the complete end-to-end ingestion pipeline steps, directly answering the user's request to observe the sequence of events, services involved, and behavior as a document moves through the system."
20260914T035345.813663967Z-openclaw-sweatlasqa-pilot30-shuffle2-amem-global-sglang,task-6905333b74f22949d97ba9d4,24,1,global-scope,0,Paperless-NGX runtime background processes,"I want to understand how Paperless-NGX behaves at runtime once the system is up and idle, before I start making changes to the codebase. Get Paperless-NGX running at the specified commit. Once it's idle and stable, what background processes or tasks continue executing automatically? What are the actual log entries that appear periodically showing the system is healthy and ready? I need the specific log messages, their frequency, and what they indicate. 
Also, if you briefly interrupt and restart part of the system, what specific log messages confirm everything has reconnected and is operational again? What components or processes keep running continuously to maintain Paperless-NGX in a ready state, even when no documents are being processed? You may use temporary helper commands or inspection tools if needed, but don’t modify any source files and clean up any temporary artifacts when you’re done.",retrieval_miss,bcd9b98e-7e7c-4b2f-991d-5a6b4df0dde1,"This note correctly identifies the three supervisor-managed background processes (consumer, scheduler, worker) that keep Paperless-NGX running, whereas other notes either describe a different project (SimpleLogin) or lack the specific runtime process details needed."
20260914T035345.813663967Z-openclaw-sweatlasqa-pilot30-shuffle2-amem-global-sglang,task-6905333b74f22949d97ba9d5,27,1,global-scope,0,Paperless-NGX document ingestion pipeline,"I’m trying to understand how data moves through Paperless-NGX during normal document ingestion so I can get oriented before working on the codebase. When Paperless-NGX is running from this repository at the specified commit and a new document appears in the system, what observable runtime behavior shows how the document is detected and handed off for processing? What log messages, task names, or state changes indicate the transition from initial detection into parsing, classification, and indexing, and how does the system reflect progress or completion of each stage while the document is being processed? After processing finishes, what observable evidence shows where the document’s data ends up and how its final state is recorded? Based on what you can directly observe at runtime, how does Paperless-NGX track whether a document has already been processed or needs further work, and what behavior or logs indicate how the system avoids duplicate processing? Keep the explanation grounded in runtime observations rather than assumptions from reading the code alone. You may use temporary test files if helpful, but don’t modify any source files and clean up any temporary artifacts when you’re done.",retrieval_miss,8b7dcb83-d7e6-482b-bc79-e5bad1d176ea,"This note provides the complete high-level summary of the document lifecycle, including detection via the consumption directory, the specific management command involved, and the general flow, which directly addresses the user's request for observable runtime behavior and state transitions."
20260914T035345.813663967Z-openclaw-sweatlasqa-pilot30-shuffle2-amem-global-sglang,task-6905333b74f22949d97ba9d6,17,1,global-scope,0,paperless-ngx OCR processing pipeline,"I’m trying to get a practical understanding of how OCR behaves in paperless-ngx at runtime, especially in cases where it’s hard to tell what the system is actually doing. When I upload an image that has no embedded text, how can I see that OCR has started, and what does the document’s processing state look like while it’s running? I want to watch how background workers behave during this phase and understand what signals really indicate active OCR work. If I upload a similar image that already contains text, does the system skip OCR entirely, or does it still touch the OCR pipeline in some way, and how can I tell the difference after processing finishes? I also want to compare the final API responses for both cases to understand which fields show OCR-generated text versus existing text. Finally, when OCR produces weak or incomplete results, what actually happens to the document’s final state? Does it still count as fully processed, and how is that reflected in the saved metadata? Temporary scripts may be used for observation, but the repository itself should remain unchanged, and anything temporary should be cleaned up afterward.",retrieval_miss,8b7dcb83-5e58-462b-bc79-e5bad1d176ea,"This note describes the document lifecycle and consumption process in Paperless-ngx, which is directly relevant to understanding how documents are processed, including OCR steps, unlike the other notes which concern SimpleLogin or irrelevant Paperless-ngx metadata."
20260914T035345.813663967Z-openclaw-sweatlasqa-pilot30-shuffle2-amem-global-sglang,task-6905333b74f22949d97ba9d7,22,1,global-scope,0,paperless API authentication token,"I'm planning to integrate some external tools with the paperless API and need to understand how authentication works first. Get paperless running locally, create a test user, and generate an API token for them. Make an authenticated request to list documents. What's the exact HTTP header name and format paperless expects for the token, and what's the complete endpoint path? What does the JSON response look like, specifically what are the top level fields, and is pagination involved or does it dump everything at once? Try that same request without auth and tell me what status code and error message you get. Then trace through the Django code to find which authentication class handles token authentication and what model stores the tokens. Don't modify the codebase, creating test users, tokens, and any temporary files you need is fine, but leave the source code untouched and clean up any additional files or changes when you're done.",addition_gap,,"None of the provided notes contain information regarding Paperless-NGX API authentication mechanisms, token formats, endpoint paths, or the specific Django authentication classes and models used for token storage."
20260914T035345.813663967Z-openclaw-sweatlasqa-pilot30-shuffle2-amem-global-sglang,task-6905333b74f22949d97ba9d8,25,1,global-scope,0,document classification machine learning pipeline test training OCR,"I am debugging non-deterministic failures in the document classification tests and want to understand how the machine learning pipeline behaves during test execution when training and OCR. I want to observe whether the classifier reuses an existing model or retrains during the same test run, and how that affects later tests. When a test exercises automatic correspondent matching, how many training documents are created, when does training occur relative to those inserts, and what confidence threshold is used to accept or reject predictions? I also want to see how edge cases are handled, such as when a document has no extractable text, including which OCR subprocess is invoked and what mime type is assigned to the output. Finally, when barcode splitting is involved, how many document records are created from a single input, which barcode values trigger a split, and where in the code that decision is made, especially if this changes the effective training data during the test run. Please do not modify the source code; you may create temporary helpers while investigating, but clean up anything temporary before finishing.",retrieval_miss,id=4c51a934-02d2-4fe3-a318-7efd79616fd8,"This note describes the MatchingModel and classification algorithms used for correspondent matching, which is directly relevant to understanding how the classifier behaves and makes decisions during test execution."
20260914T035345.813663967Z-openclaw-sweatlasqa-pilot30-shuffle2-amem-global-sglang,task-6905333b74f22949d97ba9d9,21,1,global-scope,0,paperless-ngx background processing async queue tasks,"I'm trying to understand how paperless-ngx actually handles background processing when it ingests documents. I want to see what happens at runtime, not just read the config files.

Can you help me make sense of how async work behaves in a live setup? I’m interested in what services are involved behind the scenes, how background jobs appear once they are created, and how the system tells the difference between work that is waiting and work that is actively being processed. I also want to understand where the task state ends up being stored and how you can tell, after the fact, what happened to a given job.

From the code perspective, I want to connect that runtime behavior back to its origin. Where are these background jobs actually triggered, and what part of the code is responsible for sending them into the queue? Don’t modify any repository source files. If you need to create temporary scripts or artifacts to observe behavior, that’s fine, but clean them up afterward and leave the codebase unchanged.",retrieval_miss,4a5703a2-7973-4ff0-bff5-ecfa553e28,"This note explicitly identifies the task queue system (django-q with Redis) and key code components (migrations, Schedule model) responsible for triggering and managing background jobs, which directly answers the user's question about runtime behavior and code origins."
20260914T035345.813663967Z-openclaw-sweatlasqa-pilot30-shuffle2-amem-global-sglang,task-6905333b74f22949d97ba9db,20,1,global-scope,0,Paperless-NGX file handling tags classifier duplicate,"I'm onboarding into the Paperless-NGX repository and I'm curious about the hidden choreography that happens when the system is actually running. When a document's tags change and the filename format includes tags in the directory structure, files apparently relocate themselves. I wonder what log messages actually appear during that dance, and what the before and after paths look like in practice. There's supposedly a rollback safety net if something goes wrong during a file move, but I can't tell from reading the code whether it truly recovers or just promises to, what actually happens to files when a move fails partway through? Beyond file handling, there are other runtime mysteries I want to explore. The classifier's behavior puzzles me, sometimes training finishes instantly, other times it takes much longer. I want to trigger both scenarios and see the actual log messages that explain why training was skipped versus why it proceeded with full retraining, including whatever hash or checksum the system uses to detect changes. Duplicate detection feels like magic, two files that look completely different can still be rejected as duplicates, and I want to see the actual checksums being compared at that moment of judgment. The sanity checker intrigues me as well, what does its output actually look like when an archive is healthy versus when something has gone wrong, and can I see the specific hash values it compares when it discovers a mismatch? I also wonder about ghost files, whether orphaned files really linger in the media folder and what the system actually reports when it finds them. I need to see real runtime evidence for all of this; actual paths, actual checksums, actual log messages. Temporary scripts may be used for observation, but the repository itself should remain unchanged and anything temporary cleaned up afterward.",retrieval_miss,8b7dcb83-d7e6-462b-bc79-e5bad1d176ea,"This note provides the high-level document lifecycle summary for Paperless-NGX, which is the only relevant context among the notes for answering questions about file moves, classification, and duplicate detection, whereas the other notes describe an unrelated system (SimpleLogin)."
20260914T035345.813663967Z-openclaw-sweatlasqa-pilot30-shuffle2-amem-global-sglang,task-6905333b74f22949d97ba9db,20,2,global-scope,0,Paperless-NGX rollback move file tag change rename path,"I'm onboarding into the Paperless-NGX repository and I'm curious about the hidden choreography that happens when the system is actually running. When a document's tags change and the filename format includes tags in the directory structure, files apparently relocate themselves. I wonder what log messages actually appear during that dance, and what the before and after paths look like in practice. There's supposedly a rollback safety net if something goes wrong during a file move, but I can't tell from reading the code whether it truly recovers or just promises to, what actually happens to files when a move fails partway through? Beyond file handling, there are other runtime mysteries I want to explore. The classifier's behavior puzzles me, sometimes training finishes instantly, other times it takes much longer. I want to trigger both scenarios and see the actual log messages that explain why training was skipped versus why it proceeded with full retraining, including whatever hash or checksum the system uses to detect changes. Duplicate detection feels like magic, two files that look completely different can still be rejected as duplicates, and I want to see the actual checksums being compared at that moment of judgment. The sanity checker intrigues me as well, what does its output actually look like when an archive is healthy versus when something has gone wrong, and can I see the specific hash values it compares when it discovers a mismatch? I also wonder about ghost files, whether orphaned files really linger in the media folder and what the system actually reports when it finds them. I need to see real runtime evidence for all of this; actual paths, actual checksums, actual log messages. Temporary scripts may be used for observation, but the repository itself should remain unchanged and anything temporary cleaned up afterward.",addition_gap,,"The existing notes cover general repository structure, SimpleLogin logic, and high-level Paperless-NGX signals, but none contain the specific runtime log messages, checksum details, or file move rollback mechanics requested."
20260914T035345.813663967Z-openclaw-sweatlasqa-pilot30-shuffle2-amem-global-sglang,task-6905333b74f22949d97ba9dc,30,1,global-scope,0,paperless-ngx OCR PDF processing,"I'm getting inconsistent OCR results when testing paperless-ngx locally with multi-page PDFs and need to understand the processing behavior better. Get the development environment running normally (create admin user if needed during setup), then upload a multi-page PDF through the standard interface that requires OCR processing. What HTTP response status and message do you receive immediately after upload submission? As processing happens, what key log patterns appear that show the document moving through different stages, including the OCRmyPDF invocation parameters? After processing finishes, what do the generated archive PDF and thumbnail filenames look like in the media storage area? Check the document record in the database - what fields are actually stored (not filesystem-only metadata) and what values appear for the processed document? No file modifications or permanent changes allowed, clean up any test files completely when done.",retrieval_miss,83cd1f1e-e2e3-4a8d-8c5b-d21be4152f5d,"This note explicitly details the file path patterns for archive and thumbnail files in the media storage area, which directly answers a specific part of the user's question about generated filenames."
20260914T035345.813663967Z-openclaw-sweatlasqa-pilot30-shuffle2-amem-global-sglang,task-6905333b74f22949d97ba9dd,16,1,global-scope,0,Paperless-NGX codebase document ingestion workflow,"I need to understand how Paperless-NGX processes a document from ingestion through indexing before I start working with the codebase. Set up the full environment and get all services running normally. Drop a small test file into the consumption directory and follow what happens. What log messages appear when the system first detects the file, what ingestion task gets triggered, and what additional tasks show up as the document moves through parsing, classification, and indexing? While the task is queued, check what the message broker is storing. What payload format or data structure represents the queued task? After processing completes, query the database to see where the document record is stored, which fields capture the parsed metadata, and where the system keeps a record of task execution or processing history.
Then trace the high-level codepath behind this workflow based on the behavior you observe. Starting from the part of the system that detects the new file, follow the chain of components involved in creating and submitting the ingestion task. Which part of the application is responsible for creating that task object, and what queuing framework does Paperless-NGX rely on to dispatch it? You may use temporary helper scripts or test files if needed, but don’t modify the actual source code, and clean up any temporary artifacts when you’re done.",addition_gap,,"All provided notes describe the SimpleLogin email alias service, which is completely unrelated to the Paperless-NGX document ingestion workflow requested in the question."
20260914T035345.813663967Z-openclaw-sweatlasqa-pilot30-shuffle2-amem-global-sglang,task-6905333b74f22949d97ba9dd,16,2,global-scope,0,Paperless-NGX document ingestion workflow Django Q task queue Redis,"I need to understand how Paperless-NGX processes a document from ingestion through indexing before I start working with the codebase. Set up the full environment and get all services running normally. Drop a small test file into the consumption directory and follow what happens. What log messages appear when the system first detects the file, what ingestion task gets triggered, and what additional tasks show up as the document moves through parsing, classification, and indexing? While the task is queued, check what the message broker is storing. What payload format or data structure represents the queued task? After processing completes, query the database to see where the document record is stored, which fields capture the parsed metadata, and where the system keeps a record of task execution or processing history.
Then trace the high-level codepath behind this workflow based on the behavior you observe. Starting from the part of the system that detects the new file, follow the chain of components involved in creating and submitting the ingestion task. Which part of the application is responsible for creating that task object, and what queuing framework does Paperless-NGX rely on to dispatch it? You may use temporary helper scripts or test files if needed, but don’t modify the actual source code, and clean up any temporary artifacts when you’re done.",retrieval_miss,8b7dcb83-d7e6-4888-a7bb-e4108baf9e47,"This note explicitly describes the document lifecycle in Paperless-NGX, including the consumption directory, the inotify-based detection mechanism, and the task creation process, which directly answers the user's question about how the system processes a document from ingestion."
20260914T035345.813663967Z-openclaw-sweatlasqa-pilot30-shuffle2-amem-global-sglang,task-6905333b74f22949d97ba9de,28,1,global-scope,0,Paperless memory usage metadata processing,"I'm investigating a strange memory usage pattern in the Paperless document processing system. When the system imports documents, it sometimes consumes far more memory than expected for the metadata handling, but this doesn't happen consistently and seems to vary based on the document source or processing stage.

What I'm seeing is that memory usage spikes significantly during document import operations, particularly when metadata is being processed, but the spike seems disproportionate to the actual document size. The odd part is that this memory doesn't always get released back to the system in a timely manner, even after processing is complete. This seems unusual because these are mostly text documents with relatively small metadata - we're not dealing with massive image processing here.

Can you figure out what's causing these memory spikes? I'm curious whether there's something in the metadata handling that's creating unnecessary copies or holding references longer than needed, or if there's caching behavior that's accumulating data unexpectedly. What's different between the cases where memory spikes and cases where it doesn't? How does the behavior change with different document types or batch sizes?

I need to see actual runtime memory measurements during processing, understand which components or methods are responsible for holding onto memory, and get evidence showing whether this is normal Python garbage collection behavior or something problematic. Show me what patterns you can find and where the memory is actually going.

Don't modify any repository source files. You can create temporary test scripts or helper tools to reproduce and analyze the behavior, but clean them up and leave the codebase unchanged when done.",addition_gap,,"None of the provided notes contain information regarding memory profiling, garbage collection behavior, or specific metadata handling implementation details that would explain the memory spike issue."
20260914T035345.813663967Z-openclaw-sweatlasqa-pilot30-shuffle2-amem-global-sglang,task-6905333b74f22949d97ba9e0,23,1,global-scope,0,documents list pagination duplicates sort order,"I am trying to figure out why the documents list can feel haunted during normal browsing, where paging through the documents view with a couple of common filters enabled can make the same document show up twice across neighboring pages or disappear for a page and then come back even though nobody is editing anything and the sort order looks unchanged. It gets stranger when the viewer is not an all powerful admin and visibility is shaped by sharing rules, because the glitch seems to depend on what the user is allowed to see rather than what exists. Is the backend producing duplicates that get collapsed somewhere later, is pagination happening before any de duplication, or is the ordering quietly unstable when multiple rows tie on the primary sort key? I want to watch what the API actually returns across consecutive page requests, and line that up with what the UI thinks pagination means until the exact condition that destabilizes the list becomes clear. Temporary scripts may be used for observation, but the repository itself should remain unchanged and anything temporary should be cleaned up afterward.",retrieval_miss,dd84d924-e5d6-44dd-a1b8-54e5ff58c4a4,"This note describes the API pagination configuration (StandardPagination with page_size=25), which is directly relevant to investigating how the backend handles paging and potential instability in document ordering across pages."
20260914T035345.813663967Z-openclaw-sweatlasqa-pilot30-shuffle2-amem-global-sglang,task-6905333b74f22949d97ba9e0,23,2,global-scope,0,pagination ordering unstable distinct M2M tag filter,"I am trying to figure out why the documents list can feel haunted during normal browsing, where paging through the documents view with a couple of common filters enabled can make the same document show up twice across neighboring pages or disappear for a page and then come back even though nobody is editing anything and the sort order looks unchanged. It gets stranger when the viewer is not an all powerful admin and visibility is shaped by sharing rules, because the glitch seems to depend on what the user is allowed to see rather than what exists. Is the backend producing duplicates that get collapsed somewhere later, is pagination happening before any de duplication, or is the ordering quietly unstable when multiple rows tie on the primary sort key? I want to watch what the API actually returns across consecutive page requests, and line that up with what the UI thinks pagination means until the exact condition that destabilizes the list becomes clear. Temporary scripts may be used for observation, but the repository itself should remain unchanged and anything temporary should be cleaned up afterward.",retrieval_miss,5bddfa95-3cfa-4714-9d72-656be3cb2e26,"This note explicitly identifies the root cause of the pagination instability (lack of secondary sort key) in the Paperless-NGX DocumentViewSet, which directly answers the user's question about why documents appear twice or disappear."
20260914T035345.813663967Z-openclaw-sweatlasqa-pilot30-shuffle2-amem-global-sglang,task-6905333b74f22949d97baa1d,5,1,global-scope,0,SimpleLogin session handling Redis deserialization,"I’m testing the SimpleLogin repository and trying to understand how server-side session handling behaves at runtime, especially when stored session data is turned back into Python objects. I want to see what normal sessions look like as users log in and out and then what actually happens if the session data in Redis is corrupted or malformed. Does the next request fail, silently reset the session, or surface an error, and what shows up in responses or logs when that happens? I’m trying to understand where the boundary lies between a harmless reset and a real deserialization risk, based on what you can observe while the system is running rather than theory alone. If an attacker could tamper with session bytes but not forge the signed session ID, does that meaningfully change the risk, and how does the runtime behavior support that conclusion? Temporary scripts may be used for observation, but the repository itself should remain unchanged, and anything temporary should be cleaned up afterward.",addition_gap,,"None of the provided notes contain information regarding server-side session handling, Redis session storage, deserialization logic, or runtime error behaviors related to session corruption."
20260914T035345.813663967Z-openclaw-sweatlasqa-pilot30-shuffle2-amem-global-sglang,task-6905333b74f22949d97baa1d,5,2,global-scope,0,SimpleLogin session Redis deserialization pickle corruption,"I’m testing the SimpleLogin repository and trying to understand how server-side session handling behaves at runtime, especially when stored session data is turned back into Python objects. I want to see what normal sessions look like as users log in and out and then what actually happens if the session data in Redis is corrupted or malformed. Does the next request fail, silently reset the session, or surface an error, and what shows up in responses or logs when that happens? I’m trying to understand where the boundary lies between a harmless reset and a real deserialization risk, based on what you can observe while the system is running rather than theory alone. If an attacker could tamper with session bytes but not forge the signed session ID, does that meaningfully change the risk, and how does the runtime behavior support that conclusion? Temporary scripts may be used for observation, but the repository itself should remain unchanged, and anything temporary should be cleaned up afterward.",retrieval_miss,cb642001-12f4-42fd-b15e-ec0438883f87,"This note explicitly identifies the custom Redis session store and the use of pickled dictionaries, which is the critical technical detail needed to analyze deserialization risks and runtime behavior when session data is corrupted."
