arm,run_dir,task_id,occurrence,call_seq,note_id,rank,via,similarity,current_task,question,note_content,llm_used,llm_used_confidence,llm_used_evidence
control,20260921T112121.240847222Z-openclaw-sweatlasqa-pilot30-amem-repo-control-sglang,task-6905333b74f22949d97ba9a8,005,1,1a75f9bc-4dd4-4f6b-abad-15dae8de7e3e,1,match,55,,"I'm onboarding into the SimpleLogin codebase and need to understand how it actually behaves when running. I want to know what port the Flask app binds to and what the startup logs look like when it initializes. For the health check, what response body and status code does it return? When a user creates an alias through the API, what does the actual JSON response look like, and what ends up in the database, which table, and what values? I'm also curious about failure behavior. If PostgreSQL isn't available when the app starts, what error appears, and where does it break? I need to see actual runtime output, not just what the code says should happen. You can create temporary test scripts, but don't modify the repository and clean up afterward.","Web server startup: First print is "">>> init logging <<<"" from app/log.py, then "">>> URL: <url>"" from app/config.py. Flask dev server (local_main) calls app.run(debug=True, port=7777) which prints ""* Running on http://127.0.0.1:7777 (Press CTRL+C to quit)"" as the ready message. Email handler (email_handler.py): when started with port 25025, LOG.i prints ""Listen for port 25025"" before controller.start(), and LOG.d prints ""Start mail controller 0.0.0.0 25025"" after.",True,high,"The agent's final answer explicitly reproduces the specific startup log messages ('>>> init logging <<<', '>>> URL: <url>') and the exact port number (7777) and command arguments (app.run(debug=True, port=7777)) detailed in the retrieved note, confirming it used the note to identify the correct files and verify the startup behavior."
control,20260921T112121.240847222Z-openclaw-sweatlasqa-pilot30-amem-repo-control-sglang,task-6905333b74f22949d97ba9a9,006,1,b9711c41-ec3b-4a8c-8065-224d3e6fe52e,4,match,53,,"I'm running into unexpected behavior in the alias reply-handling flow of SimpleLogin and I want to determine whether it's a real issue or just a misunderstanding of how the pipeline works. When a user replies to an email that was forwarded through an alias, the backend is supposed to receive the inbound message, identify which alias it belongs to, and relay it back to the correct recipient, but in my local tests some replies appear to be routed to the wrong user even though the logs show the alias being recognized. Using the development environment, simulate an inbound email reply and trace the runtime flow end-to-end: observe which part of the system handles the incoming message, how the alias is resolved to a user, and what user ID the system ultimately decides to forward the reply to. Based on this live execution trace, explain the actual data flow and identify the most likely point in the pipeline where an incorrect routing decision could originate. You can create temporary scripts or logs that's fine but clean them up and leave the codebase as you found it.","VERP bounce format in SimpleLogin: Forward phase uses BOUNCE_PREFIX=""bounce+"" + email_log_id + BOUNCE_SUFFIX=""+@{EMAIL_DOMAIN}"" (legacy) OR modern VERP format ""sl.{base32_encoded_payload}.{base32_hmac_signature}@{domain}"". The VERP payload is JSON array [verp_type(0=bounce_forward/1=bounce_reply/2=transactional), object_id, timestamp_in_minutes] signed with HMAC-SHA3-224. Reply phase uses BOUNCE_PREFIX_FOR_REPLY_PHASE=""bounce_reply"" + email_log_id + ""@{domain}"". The get_verp_info_from_email() function decodes and verifies VERP addresses. parse_id_from_bounce() extracts ID from legacy format using email_address.find(""+"") to rfind(""+"").",False,high,"The agent's final answer and reasoning focus entirely on the `handle_reply` logic, `Contact` resolution, and mailbox routing, completely ignoring the specific VERP format details, `BOUNCE_PREFIX` constants, and `get_verp_info_from_email` function described in the retrieved note, indicating the note was not used to drive the analysis."
control,20260921T112121.240847222Z-openclaw-sweatlasqa-pilot30-amem-repo-control-sglang,task-6905333b74f22949d97ba9a9,006,1,c399fc95-56a4-4739-af63-6382cb4c5afc,8,link,55,,"I'm running into unexpected behavior in the alias reply-handling flow of SimpleLogin and I want to determine whether it's a real issue or just a misunderstanding of how the pipeline works. When a user replies to an email that was forwarded through an alias, the backend is supposed to receive the inbound message, identify which alias it belongs to, and relay it back to the correct recipient, but in my local tests some replies appear to be routed to the wrong user even though the logs show the alias being recognized. Using the development environment, simulate an inbound email reply and trace the runtime flow end-to-end: observe which part of the system handles the incoming message, how the alias is resolved to a user, and what user ID the system ultimately decides to forward the reply to. Based on this live execution trace, explain the actual data flow and identify the most likely point in the pipeline where an incorrect routing decision could originate. You can create temporary scripts or logs that's fine but clean them up and leave the codebase as you found it.","Background processes in SimpleLogin: 1) cron.py - scheduled jobs run periodically (stats, delete logs, check custom domain, HIBP check, trial notifications, send undelivered mails every 5 min, cleanup audit logs hourly). 2) email_handler.py - SMTP server listening on port 20381 for email forwarding/reply handling. 3) event_listener.py - Postgres-backed event listener consuming and dispatching events. 4) job_runner.py - processes background jobs from DB (onboarding emails, account deletion, mailbox deletion, etc.) in a 10-second loop. 5) monitoring.py - exports Prometheus metrics from NewRelic. 6) crontab.yml defines all scheduled job schedules. These are separate processes from the main web server.",False,high,"The agent's subsequent actions and final answer focus entirely on analyzing the `email_handler.py` file and the `handle_reply` logic, completely ignoring the retrieved note which listed background processes like `cron.py`, `event_listener.py`, and `job_runner.py` that were not referenced in the agent's investigation or conclusion."
control,20260921T112121.240847222Z-openclaw-sweatlasqa-pilot30-amem-repo-control-sglang,task-6905333b74f22949d97ba9a9,006,2,b9711c41-ec3b-4a8c-8065-224d3e6fe52e,3,match,57,,"I'm running into unexpected behavior in the alias reply-handling flow of SimpleLogin and I want to determine whether it's a real issue or just a misunderstanding of how the pipeline works. When a user replies to an email that was forwarded through an alias, the backend is supposed to receive the inbound message, identify which alias it belongs to, and relay it back to the correct recipient, but in my local tests some replies appear to be routed to the wrong user even though the logs show the alias being recognized. Using the development environment, simulate an inbound email reply and trace the runtime flow end-to-end: observe which part of the system handles the incoming message, how the alias is resolved to a user, and what user ID the system ultimately decides to forward the reply to. Based on this live execution trace, explain the actual data flow and identify the most likely point in the pipeline where an incorrect routing decision could originate. You can create temporary scripts or logs that's fine but clean them up and leave the codebase as you found it.","VERP bounce format in SimpleLogin: Forward phase uses BOUNCE_PREFIX=""bounce+"" + email_log_id + BOUNCE_SUFFIX=""+@{EMAIL_DOMAIN}"" (legacy) OR modern VERP format ""sl.{base32_encoded_payload}.{base32_hmac_signature}@{domain}"". The VERP payload is JSON array [verp_type(0=bounce_forward/1=bounce_reply/2=transactional), object_id, timestamp_in_minutes] signed with HMAC-SHA3-224. Reply phase uses BOUNCE_PREFIX_FOR_REPLY_PHASE=""bounce_reply"" + email_log_id + ""@{domain}"". The get_verp_info_from_email() function decodes and verifies VERP addresses. parse_id_from_bounce() extracts ID from legacy format using email_address.find(""+"") to rfind(""+"").",False,high,"The agent's final answer and reasoning focus entirely on the `handle_reply` logic involving `Contact` and `EmailLog` objects, completely ignoring the specific VERP formats, prefixes, and decoding functions (like `get_verp_info_from_email` and `parse_id_from_bounce`) detailed in the retrieved note, indicating the note was not used to drive the analysis or answer."
control,20260921T112121.240847222Z-openclaw-sweatlasqa-pilot30-amem-repo-control-sglang,task-6905333b74f22949d97ba9a9,006,2,c399fc95-56a4-4739-af63-6382cb4c5afc,6,link,54,,"I'm running into unexpected behavior in the alias reply-handling flow of SimpleLogin and I want to determine whether it's a real issue or just a misunderstanding of how the pipeline works. When a user replies to an email that was forwarded through an alias, the backend is supposed to receive the inbound message, identify which alias it belongs to, and relay it back to the correct recipient, but in my local tests some replies appear to be routed to the wrong user even though the logs show the alias being recognized. Using the development environment, simulate an inbound email reply and trace the runtime flow end-to-end: observe which part of the system handles the incoming message, how the alias is resolved to a user, and what user ID the system ultimately decides to forward the reply to. Based on this live execution trace, explain the actual data flow and identify the most likely point in the pipeline where an incorrect routing decision could originate. You can create temporary scripts or logs that's fine but clean them up and leave the codebase as you found it.","Background processes in SimpleLogin: 1) cron.py - scheduled jobs run periodically (stats, delete logs, check custom domain, HIBP check, trial notifications, send undelivered mails every 5 min, cleanup audit logs hourly). 2) email_handler.py - SMTP server listening on port 20381 for email forwarding/reply handling. 3) event_listener.py - Postgres-backed event listener consuming and dispatching events. 4) job_runner.py - processes background jobs from DB (onboarding emails, account deletion, mailbox deletion, etc.) in a 10-second loop. 5) monitoring.py - exports Prometheus metrics from NewRelic. 6) crontab.yml defines all scheduled job schedules. These are separate processes from the main web server.",False,high,"The agent's final answer and reasoning focus entirely on the `email_handler.py` logic and `Contact`/`Alias`/`EmailLog` database relationships, never referencing the background processes (cron.py, event_listener.py, etc.) or the specific file paths and descriptions provided in the retrieved note."
control,20260921T112121.240847222Z-openclaw-sweatlasqa-pilot30-amem-repo-control-sglang,task-6905333b74f22949d97ba9aa,007,1,1a75f9bc-4dd4-4f6b-abad-15dae8de7e3e,1,match,50,,"I'm new to SimpleLogin and trying to get everything running locally. Once the application starts, how can I tell that the web server, email handler, and job runner are actually up and responding? What should I see in the logs or dashboard UI that confirms users can sign in and manage their aliases?

After it's running, try performing some basic user actions like creating a new account, creating an alias, and having that alias receive an email. What happens when a new account interacts with aliases or tries to receive mail, and how does the system show that these actions were handled correctly? What should I see at runtime that confirms the behavior you would expect?

While the application is active, do the email handler and job runner automatically come online in the background to support email activity or data handling? What behavior suggests that these internal components are functioning as intended across different situations?

Do not modify the source code. You can create temporary testing data such as accounts or aliases but clean them up when you are done.","Web server startup: First print is "">>> init logging <<<"" from app/log.py, then "">>> URL: <url>"" from app/config.py. Flask dev server (local_main) calls app.run(debug=True, port=7777) which prints ""* Running on http://127.0.0.1:7777 (Press CTRL+C to quit)"" as the ready message. Email handler (email_handler.py): when started with port 25025, LOG.i prints ""Listen for port 25025"" before controller.start(), and LOG.d prints ""Start mail controller 0.0.0.0 25025"" after.",True,high,"The agent's final answer explicitly lists the specific log messages ('>>> init logging <<<', '>>> URL: <url>', 'Listen for port...', 'Start mail controller...') and the startup sequence described in the retrieved note, indicating it used the note to identify the verification signals for the web server and email handler."
control,20260921T112121.240847222Z-openclaw-sweatlasqa-pilot30-amem-repo-control-sglang,task-6905333b74f22949d97ba9aa,007,1,c399fc95-56a4-4739-af63-6382cb4c5afc,2,match,63,,"I'm new to SimpleLogin and trying to get everything running locally. Once the application starts, how can I tell that the web server, email handler, and job runner are actually up and responding? What should I see in the logs or dashboard UI that confirms users can sign in and manage their aliases?

After it's running, try performing some basic user actions like creating a new account, creating an alias, and having that alias receive an email. What happens when a new account interacts with aliases or tries to receive mail, and how does the system show that these actions were handled correctly? What should I see at runtime that confirms the behavior you would expect?

While the application is active, do the email handler and job runner automatically come online in the background to support email activity or data handling? What behavior suggests that these internal components are functioning as intended across different situations?

Do not modify the source code. You can create temporary testing data such as accounts or aliases but clean them up when you are done.","Background processes in SimpleLogin: 1) cron.py - scheduled jobs run periodically (stats, delete logs, check custom domain, HIBP check, trial notifications, send undelivered mails every 5 min, cleanup audit logs hourly). 2) email_handler.py - SMTP server listening on port 20381 for email forwarding/reply handling. 3) event_listener.py - Postgres-backed event listener consuming and dispatching events. 4) job_runner.py - processes background jobs from DB (onboarding emails, account deletion, mailbox deletion, etc.) in a 10-second loop. 5) monitoring.py - exports Prometheus metrics from NewRelic. 6) crontab.yml defines all scheduled job schedules. These are separate processes from the main web server.",True,high,"The agent's final answer explicitly lists the specific background processes (email_handler, job_runner, cron) and their distinct behaviors (e.g., email_handler listening on port 20381, job_runner running in a 10-second loop) exactly as described in the retrieved note, using these details to structure the verification steps and clarify that they are separate processes."
control,20260921T112121.240847222Z-openclaw-sweatlasqa-pilot30-amem-repo-control-sglang,task-6905333b74f22949d97ba9ab,008,1,9890384c-1522-4a88-9adb-69a3974a69dd,1,match,70,,"I want to understand how SimpleLogin behaves during a normal alias-creation flow. To do that, run the full application locally using the standard development setup, login with any test user, and create a new alias while observing the system in real time.

As you go through this flow, watch the frontend and note exactly what request it sends to the backend when an alias is created. Then observe what the backend returns, including any status codes, payloads, or metadata that appear in the response. While the request is being processed, check what changes occur in the database. Identify which records are inserted or updated, how many tables are touched, and whether any related entities are created as part of the same operation.

Pay close attention to the logs to see whether the system triggers any background tasks, emits follow-up events, or performs additional work beyond the initial write. If anything fails, such as validation problems, DB errors, or network issues. Note how the error surfaces in the API response, logs, and resulting database state. Don't modify any of the repository source files while investigating. Feel free to create temporary scripts that's fine, but leave the actual codebase as you found it and ensure to clean up any temporary files or scripts you create when you're done.","SimpleLogin API alias creation: POST to /api/v2/alias/custom/new (v2: signed_suffix with signature, v3: supports multiple mailboxes). POST to /api/alias/random/new creates random aliases. Both require API auth via ""Authentication"" header with api_key code (from api_key table). Success returns HTTP 201 with JSON body containing: alias (email string), plus serialized fields from serialize_alias_info_v2: id, email, creation_date, creation_timestamp, enabled, note, name, nb_forward, nb_block, nb_reply, mailbox (id+email), mailboxes array, support_pgp, disable_pgp, latest_activity (null if no activity), pinned. Failure returns 409 (alias exists), 400 (quota exceeded, invalid format), 412 (expired suffix), 401 (wrong API key), 403 (disabled account).",True,high,"The agent's final answer explicitly cites the specific API endpoint `/api/v2/alias/custom/new`, the HTTP 201 success status, and the `serialize_alias_info_v2` response structure, all of which are specific details found in the retrieved note, indicating the note directly informed the summary of the API behavior."
control,20260921T112121.240847222Z-openclaw-sweatlasqa-pilot30-amem-repo-control-sglang,task-6905333b74f22949d97ba9ab,008,1,2ab3328d-e7f7-410c-836a-37244c5cb4a1,6,link,55,,"I want to understand how SimpleLogin behaves during a normal alias-creation flow. To do that, run the full application locally using the standard development setup, login with any test user, and create a new alias while observing the system in real time.

As you go through this flow, watch the frontend and note exactly what request it sends to the backend when an alias is created. Then observe what the backend returns, including any status codes, payloads, or metadata that appear in the response. While the request is being processed, check what changes occur in the database. Identify which records are inserted or updated, how many tables are touched, and whether any related entities are created as part of the same operation.

Pay close attention to the logs to see whether the system triggers any background tasks, emits follow-up events, or performs additional work beyond the initial write. If anything fails, such as validation problems, DB errors, or network issues. Note how the error surfaces in the API response, logs, and resulting database state. Don't modify any of the repository source files while investigating. Feel free to create temporary scripts that's fine, but leave the actual codebase as you found it and ensure to clean up any temporary files or scripts you create when you're done.","Custom alias signed suffix validation: In alias_suffix.py, check_suffix_signature() uses itsdangerous.TimestampSigner with max_age=600 seconds. Returns None for expired signatures (BadSignature) and also None for tampered signatures. Both cases are indistinguishable at the function level. verify_prefix_suffix() in alias_suffix.py checks: 1) alias_suffix domain is in user.available_alias_domains(), 2) for SL domains (non-custom), prefix must start with '.', 3) for custom domains, prefix can be empty or start with '.'. In API new_custom_alias.py: v2 uses LOG.d for quota fail, LOG.w for expired/tampered suffix, LOG.d for duplicate alias. v3 adds prefix format check, mailbox validation. Dashboard custom_alias.py mirrors the API logic with flash messages instead of JSON. Rate limit headers: Flask-Limiter default - API returns 429 with JSON {""error"": ""Rate limit exceeded""}, dashboard returns 429 HTML ""Whoa, slow down there, pardner!"". The ALIAS_LIMIT default is ""100/day;50/hour;5/minute"". Rate limit headers: X-RateLimit-Limit and X-RateLimit-Remaining are set by Flask-Limiter by default. When creating custom aliases with invalid or expired signed suffixes, the API returns HTTP 412 Precondition Failed.",True,high,"The agent's final answer explicitly incorporates specific details from the note, such as the HTTP 412 status code for expired/tampered suffixes and the distinction between API and dashboard error handling, which were not present in the code snippets read but were contained in the retrieved note."
control,20260921T112121.240847222Z-openclaw-sweatlasqa-pilot30-amem-repo-control-sglang,task-6905333b74f22949d97ba9ab,008,2,9890384c-1522-4a88-9adb-69a3974a69dd,4,match,61,,"I want to understand how SimpleLogin behaves during a normal alias-creation flow. To do that, run the full application locally using the standard development setup, login with any test user, and create a new alias while observing the system in real time.

As you go through this flow, watch the frontend and note exactly what request it sends to the backend when an alias is created. Then observe what the backend returns, including any status codes, payloads, or metadata that appear in the response. While the request is being processed, check what changes occur in the database. Identify which records are inserted or updated, how many tables are touched, and whether any related entities are created as part of the same operation.

Pay close attention to the logs to see whether the system triggers any background tasks, emits follow-up events, or performs additional work beyond the initial write. If anything fails, such as validation problems, DB errors, or network issues. Note how the error surfaces in the API response, logs, and resulting database state. Don't modify any of the repository source files while investigating. Feel free to create temporary scripts that's fine, but leave the actual codebase as you found it and ensure to clean up any temporary files or scripts you create when you're done.","SimpleLogin API alias creation: POST to /api/v2/alias/custom/new (v2: signed_suffix with signature, v3: supports multiple mailboxes). POST to /api/alias/random/new creates random aliases. Both require API auth via ""Authentication"" header with api_key code (from api_key table). Success returns HTTP 201 with JSON body containing: alias (email string), plus serialized fields from serialize_alias_info_v2: id, email, creation_date, creation_timestamp, enabled, note, name, nb_forward, nb_block, nb_reply, mailbox (id+email), mailboxes array, support_pgp, disable_pgp, latest_activity (null if no activity), pinned. Failure returns 409 (alias exists), 400 (quota exceeded, invalid format), 412 (expired suffix), 401 (wrong API key), 403 (disabled account).",True,high,"The agent's final answer explicitly references the specific API endpoint `/api/v2/alias/custom/new`, the `serialize_alias_info_v2` response format, and the specific HTTP error codes (400, 409, 412) detailed in the retrieved note, indicating it used the note to structure its understanding of the API contract."
control,20260921T112121.240847222Z-openclaw-sweatlasqa-pilot30-amem-repo-control-sglang,task-6905333b74f22949d97ba9ab,008,2,2ab3328d-e7f7-410c-836a-37244c5cb4a1,7,link,51,,"I want to understand how SimpleLogin behaves during a normal alias-creation flow. To do that, run the full application locally using the standard development setup, login with any test user, and create a new alias while observing the system in real time.

As you go through this flow, watch the frontend and note exactly what request it sends to the backend when an alias is created. Then observe what the backend returns, including any status codes, payloads, or metadata that appear in the response. While the request is being processed, check what changes occur in the database. Identify which records are inserted or updated, how many tables are touched, and whether any related entities are created as part of the same operation.

Pay close attention to the logs to see whether the system triggers any background tasks, emits follow-up events, or performs additional work beyond the initial write. If anything fails, such as validation problems, DB errors, or network issues. Note how the error surfaces in the API response, logs, and resulting database state. Don't modify any of the repository source files while investigating. Feel free to create temporary scripts that's fine, but leave the actual codebase as you found it and ensure to clean up any temporary files or scripts you create when you're done.","Custom alias signed suffix validation: In alias_suffix.py, check_suffix_signature() uses itsdangerous.TimestampSigner with max_age=600 seconds. Returns None for expired signatures (BadSignature) and also None for tampered signatures. Both cases are indistinguishable at the function level. verify_prefix_suffix() in alias_suffix.py checks: 1) alias_suffix domain is in user.available_alias_domains(), 2) for SL domains (non-custom), prefix must start with '.', 3) for custom domains, prefix can be empty or start with '.'. In API new_custom_alias.py: v2 uses LOG.d for quota fail, LOG.w for expired/tampered suffix, LOG.d for duplicate alias. v3 adds prefix format check, mailbox validation. Dashboard custom_alias.py mirrors the API logic with flash messages instead of JSON. Rate limit headers: Flask-Limiter default - API returns 429 with JSON {""error"": ""Rate limit exceeded""}, dashboard returns 429 HTML ""Whoa, slow down there, pardner!"". The ALIAS_LIMIT default is ""100/day;50/hour;5/minute"". Rate limit headers: X-RateLimit-Limit and X-RateLimit-Remaining are set by Flask-Limiter by default. When creating custom aliases with invalid or expired signed suffixes, the API returns HTTP 412 Precondition Failed.",True,high,"The agent's final answer explicitly incorporates specific details from the note, such as the HTTP 412 status code for expired suffixes, the distinction between API v2 and v3 entry points, and the specific rate limit headers and error messages, which were not present in the initial question but were derived from the retrieved note."
control,20260921T112121.240847222Z-openclaw-sweatlasqa-pilot30-amem-repo-control-sglang,task-6905333b74f22949d97ba9ab,008,2,04c8a316-f31e-4889-b052-dba1a4a6b483,13,link,51,,"I want to understand how SimpleLogin behaves during a normal alias-creation flow. To do that, run the full application locally using the standard development setup, login with any test user, and create a new alias while observing the system in real time.

As you go through this flow, watch the frontend and note exactly what request it sends to the backend when an alias is created. Then observe what the backend returns, including any status codes, payloads, or metadata that appear in the response. While the request is being processed, check what changes occur in the database. Identify which records are inserted or updated, how many tables are touched, and whether any related entities are created as part of the same operation.

Pay close attention to the logs to see whether the system triggers any background tasks, emits follow-up events, or performs additional work beyond the initial write. If anything fails, such as validation problems, DB errors, or network issues. Note how the error surfaces in the API response, logs, and resulting database state. Don't modify any of the repository source files while investigating. Feel free to create temporary scripts that's fine, but leave the actual codebase as you found it and ensure to clean up any temporary files or scripts you create when you're done.","Job lifecycle in SimpleLogin: Jobs are created via Job.create() with name, payload, run_at, state (default=JobState.ready). The job_runner.py loop (10s interval) calls get_jobs_to_run() which fetches ready jobs OR taken jobs where taken_at > 30min ago AND attempts < 5 (JOB_MAX_ATTEMPTS=5, JOB_TAKEN_RETRY_WAIT_MINS=30). When a job is taken: taken=True, taken_at=now, state=taken, attempts++. After process_job() completes, state=done. Job states: ready(0), taken(1), done(2), error(3). Job types: onboarding-1/2/3/4, batch-import, delete-account, delete-mailbox, delete-domain, send-user-report, proton-welcome-1, send-alias-creation-events.",False,high,"The agent's final answer and reasoning focus entirely on the alias creation flow (API endpoints, database tables, HTTP responses) and contain no references to the job lifecycle, Job.create(), job_runner.py, or job states described in the retrieved note."
control,20260921T112121.240847222Z-openclaw-sweatlasqa-pilot30-amem-repo-control-sglang,task-6905333b74f22949d97ba9ac,009,2,f019ed84-6878-4f7a-8de6-8fd3a7bc429d,2,match,70,,"I'm investigating a production issue where users report inconsistent behavior when emails are forwarded through SimpleLogin aliases. I need to trace the actual email processing flow to understand what's happening. When the email handler processes an incoming email to an alias, I want to observe, what is the exact log message text that appears when an email is successfully forwarded versus when it fails due to a non-existent alias, what specific SL Message-ID gets generated during forwarding and how does it differ from the original Message-ID, what is the exact From header value in the forwarded email after transformation including the reply-email address format, and what database records are created during a single forward operation show me the actual record IDs and timestamps. Trace through an actual email forward operation and capture these specific runtime values. I need to see actual generated values, not what the code logic suggests should happen. Just don't modify any source files while investigating, and clean up any test containers or DB instances you spin up.","EMAIL FORWARD RUNTIME VALUES:
1. SUCCESS FORWARD log messages: 
   - ""Finish mail_from %s, rcpt_tos %s, takes %s seconds with return code '%s'<<==="" (LOG.i in _handle) returns ""250 Message accepted for delivery""
   - Forward phase: ""Forward <Contact N email alias> -> <Alias N email alias> -> <Mailbox N email mailbox>"" (LOG.d in forward_email_to_mailbox)
   - EmailLog creation: ""Create <EmailLog N> for <Contact N email alias>, <User N name email>, <Mailbox N email mailbox>"" (LOG.d in forward_email_to_mailbox)
   - From header: ""From header, new:%s, old:%s"" (LOG.d showing new reverse-alias From header and old original)
   - VERP envelope sender: sl.{base32_payload}.{base32_signature}@{domain}
   
2. NON-EXISTENT ALIAS log messages:
   - ""alias %s not exist. Try to see if it can be created on the fly"" (LOG.d in handle_forward)
   - ""alias %s cannot be created on-the-fly, return 550"" (LOG.d in handle_forward)
   - Returns ""550 SL E515 Email not exist""
   
3. SL Message-ID: During forward, a UUID4 is generated by set_message_id() in _handle as the SL Message-ID for tracking, but this is NOT stored in EmailLog.sl_message_id (it stays None for forwards). The EmailLog.message_id stores the original Message-ID from the incoming email. The SL tracking message_id is only used for logging correlation.

4. From header transformation: Original ""Name <email>"" becomes ""Name - email at domain"" <reverse_alias@domain> or ""email at domain"" <reverse_alias@domain>. The reverse alias uses contact.reply_email which is generated as ""{contact_email_encoded}_{random_string}@{reply_domain}"".

5. Database records during single forward:
   - Contact: created with website_email, reply_email (reverse alias), alias_id, user_id
   - EmailLog: created with contact_id, user_id, mailbox_id, alias_id, message_id (original), is_reply=False, blocked=False, bounced=False, created_at timestamp
   - Alias.last_email_log_id updated to the new EmailLog.id",True,high,"The agent's final answer reproduces the specific log message strings, the behavior of the SL Message-ID (UUID4 generated but not stored, sl_message_id is None), and the exact From header transformation format directly from the retrieved note."
control,20260921T112121.240847222Z-openclaw-sweatlasqa-pilot30-amem-repo-control-sglang,task-6905333b74f22949d97ba9ad,010,1,1a75f9bc-4dd4-4f6b-abad-15dae8de7e3e,3,match,45,,"I am setting up SimpleLogin for the first time and I want to confirm that the platform is actually working the way it should when everything is running locally. After starting the system what should I notice in the logs or UI that shows the app is ready to handle user authentication and alias based email activity?

Once it is running can you try walking through the typical product experience as if you were a new user signing up for the first time. What happens when a user registers verifies their address and tries to log in. What visible behavior confirms that the system is handling every step correctly and forwarding the user into the dashboard as expected?

I am also curious about what the application does behind the scenes during that flow. Are there any indicators that background jobs or internal services are doing their part to support email forwarding or identity verification. What should I expect to observe at runtime that tells me these moving pieces are active and talking to each other properly?

You can create anything temporary that you need for testing like new users or aliases but remove them when you are done and please do not make any changes to the source code.","Web server startup: First print is "">>> init logging <<<"" from app/log.py, then "">>> URL: <url>"" from app/config.py. Flask dev server (local_main) calls app.run(debug=True, port=7777) which prints ""* Running on http://127.0.0.1:7777 (Press CTRL+C to quit)"" as the ready message. Email handler (email_handler.py): when started with port 25025, LOG.i prints ""Listen for port 25025"" before controller.start(), and LOG.d prints ""Start mail controller 0.0.0.0 25025"" after.",True,high,"The agent's final answer explicitly includes the specific log messages ('>>> init logging <<<', '>>> URL: <url>', 'Listen for port 25025', 'Start mail controller 0.0.0.0 25025') and port numbers (7777, 25025) that were detailed in the retrieved note, confirming it used this information to describe the startup confirmation steps."
control,20260921T112121.240847222Z-openclaw-sweatlasqa-pilot30-amem-repo-control-sglang,task-6905333b74f22949d97ba9ad,010,1,262ad4d7-84df-488e-bbd5-6962942acffa,4,link,58,,"I am setting up SimpleLogin for the first time and I want to confirm that the platform is actually working the way it should when everything is running locally. After starting the system what should I notice in the logs or UI that shows the app is ready to handle user authentication and alias based email activity?

Once it is running can you try walking through the typical product experience as if you were a new user signing up for the first time. What happens when a user registers verifies their address and tries to log in. What visible behavior confirms that the system is handling every step correctly and forwarding the user into the dashboard as expected?

I am also curious about what the application does behind the scenes during that flow. Are there any indicators that background jobs or internal services are doing their part to support email forwarding or identity verification. What should I expect to observe at runtime that tells me these moving pieces are active and talking to each other properly?

You can create anything temporary that you need for testing like new users or aliases but remove them when you are done and please do not make any changes to the source code.","SimpleLogin has 4 main startup processes: 1) Web server (server.py) - Flask app on port 7777 with health check at /health returning ""success"" 200. Startup logs: "">>> init logging <<<"" from app/log.py, then "">>> URL: <url>"" from app/config.py, then Flask prints ""* Running on http://127.0.0.1:7777"". 2) Email handler (email_handler.py) - aiosmtpd Controller on port 25025 (default 20381). Startup logs: ""Listen for port 20381"", then ""Start mail controller 0.0.0.0 20381"". Handles forward phase (contact→alias→mailbox) and reply phase (mailbox→reverse-alias→contact). 3) Job runner (job_runner.py) - loop every 10s processing background jobs from DB. Job states: ready(0), taken(1), done(2), error(3). Types: onboarding-1/2/3/4, batch-import, delete-account, delete-mailbox, delete-domain, send-user-report, proton-welcome-1, send-alias-creation-events. 4) Cron (cron.py) - scheduled jobs for stats (daily), domain validation (daily), HIBP check (daily), trial notifications (daily), undelivered mail every 5min, audit log cleanup hourly.",True,high,"The agent's final answer explicitly lists the four startup processes (Web server, Email handler, Job runner, Cron) with specific log messages, file names, and port numbers that match the details provided in the retrieved note, indicating it used the note to structure the startup confirmation section of its response."
control,20260921T112121.240847222Z-openclaw-sweatlasqa-pilot30-amem-repo-control-sglang,task-6905333b74f22949d97ba9ad,010,1,ff13faee-381b-45c5-a479-be18464a5adb,6,link,58,,"I am setting up SimpleLogin for the first time and I want to confirm that the platform is actually working the way it should when everything is running locally. After starting the system what should I notice in the logs or UI that shows the app is ready to handle user authentication and alias based email activity?

Once it is running can you try walking through the typical product experience as if you were a new user signing up for the first time. What happens when a user registers verifies their address and tries to log in. What visible behavior confirms that the system is handling every step correctly and forwarding the user into the dashboard as expected?

I am also curious about what the application does behind the scenes during that flow. Are there any indicators that background jobs or internal services are doing their part to support email forwarding or identity verification. What should I expect to observe at runtime that tells me these moving pieces are active and talking to each other properly?

You can create anything temporary that you need for testing like new users or aliases but remove them when you are done and please do not make any changes to the source code.","Authentication in SimpleLogin: Flask-Login handles sessions. `load_user` callback in server.py loads user by `alternative_id` from DB. On login POST to /auth/login, User.get_by(email) finds user, checks password via bcrypt check_password_hash. On success, `login_user(user)` sets session cookie ""slapp"". Session is persisted to Redis if MEM_STORE_URI is set (via RedisSessionStore). API authentication uses `Authentication` header with API key code (api_bp.route, authorize_request() checks ApiKey.get_by(code)). g.user is set to current_user for web pages, or to api_key.user for API requests. get_current_user() helper tries g.user first, falls back to flask_login current_user.",True,high,"The agent's final answer explicitly mentions the 'slapp' session cookie name and the `login_user()` function, which are specific details found in the retrieved note, indicating the note was used to verify the authentication flow mechanics."
control,20260921T112121.240847222Z-openclaw-sweatlasqa-pilot30-amem-repo-control-sglang,task-6905333b74f22949d97ba9ad,010,1,24bbd4ee-29b8-4e88-b882-e1c508359e32,7,link,52,,"I am setting up SimpleLogin for the first time and I want to confirm that the platform is actually working the way it should when everything is running locally. After starting the system what should I notice in the logs or UI that shows the app is ready to handle user authentication and alias based email activity?

Once it is running can you try walking through the typical product experience as if you were a new user signing up for the first time. What happens when a user registers verifies their address and tries to log in. What visible behavior confirms that the system is handling every step correctly and forwarding the user into the dashboard as expected?

I am also curious about what the application does behind the scenes during that flow. Are there any indicators that background jobs or internal services are doing their part to support email forwarding or identity verification. What should I expect to observe at runtime that tells me these moving pieces are active and talking to each other properly?

You can create anything temporary that you need for testing like new users or aliases but remove them when you are done and please do not make any changes to the source code.","SimpleLogin Flask startup: The app uses create_app() in server.py. Health check is at /health returning ""success"" with status 200. The local dev server (local_main) runs on port 7777 via app.run(debug=True, port=7777). Startup logs print: "">>> init logging <<<"" (from app/log.py module-level code), then "">>> URL: <url>"" (from app/config.py loading URL env var). Flask dev server then prints ""* Running on http://127.0.0.1:7777 (Press CTRL+C to quit)"".",True,high,"The agent's final answer explicitly includes the specific startup log messages ('>>> init logging <<<', '>>> URL: <url>') and the health check endpoint/port details ('/health', 'port 7777') that were provided in the retrieved note, indicating it used this information to describe the startup confirmation."
control,20260921T112121.240847222Z-openclaw-sweatlasqa-pilot30-amem-repo-control-sglang,task-6905333b74f22949d97ba9ad,010,1,c399fc95-56a4-4739-af63-6382cb4c5afc,8,link,55,,"I am setting up SimpleLogin for the first time and I want to confirm that the platform is actually working the way it should when everything is running locally. After starting the system what should I notice in the logs or UI that shows the app is ready to handle user authentication and alias based email activity?

Once it is running can you try walking through the typical product experience as if you were a new user signing up for the first time. What happens when a user registers verifies their address and tries to log in. What visible behavior confirms that the system is handling every step correctly and forwarding the user into the dashboard as expected?

I am also curious about what the application does behind the scenes during that flow. Are there any indicators that background jobs or internal services are doing their part to support email forwarding or identity verification. What should I expect to observe at runtime that tells me these moving pieces are active and talking to each other properly?

You can create anything temporary that you need for testing like new users or aliases but remove them when you are done and please do not make any changes to the source code.","Background processes in SimpleLogin: 1) cron.py - scheduled jobs run periodically (stats, delete logs, check custom domain, HIBP check, trial notifications, send undelivered mails every 5 min, cleanup audit logs hourly). 2) email_handler.py - SMTP server listening on port 20381 for email forwarding/reply handling. 3) event_listener.py - Postgres-backed event listener consuming and dispatching events. 4) job_runner.py - processes background jobs from DB (onboarding emails, account deletion, mailbox deletion, etc.) in a 10-second loop. 5) monitoring.py - exports Prometheus metrics from NewRelic. 6) crontab.yml defines all scheduled job schedules. These are separate processes from the main web server.",True,high,"The agent's final answer explicitly lists the four background processes (cron, email_handler, event_listener, job_runner) and their specific behaviors (e.g., job_runner's 10-second loop, cron's scheduled jobs) which directly correspond to the detailed breakdown provided in the retrieved note, confirming the note drove the structure and content of the 'behind the scenes' section."
control,20260921T112121.240847222Z-openclaw-sweatlasqa-pilot30-amem-repo-control-sglang,task-6905333b74f22949d97ba9ad,010,1,d41d56dd-313c-4b78-8510-7de8f6a97c40,11,link,47,,"I am setting up SimpleLogin for the first time and I want to confirm that the platform is actually working the way it should when everything is running locally. After starting the system what should I notice in the logs or UI that shows the app is ready to handle user authentication and alias based email activity?

Once it is running can you try walking through the typical product experience as if you were a new user signing up for the first time. What happens when a user registers verifies their address and tries to log in. What visible behavior confirms that the system is handling every step correctly and forwarding the user into the dashboard as expected?

I am also curious about what the application does behind the scenes during that flow. Are there any indicators that background jobs or internal services are doing their part to support email forwarding or identity verification. What should I expect to observe at runtime that tells me these moving pieces are active and talking to each other properly?

You can create anything temporary that you need for testing like new users or aliases but remove them when you are done and please do not make any changes to the source code.","Mailbox verification code: In mailbox_utils.py, MAX_ACTIVATION_TRIES=3. When a user submits wrong verification code, activation.tries is incremented (line 95). After 3 failed attempts, the activation code is cleared via clear_activation_codes_for_mailbox() and CannotVerifyError is raised (line 87-89). Additionally, codes expire after 15 minutes (line 91-94). The try count and creation time are stored in MailboxActivation model. When code is correct, mailbox is verified (verified=True) and activation codes are cleared.",False,high,"The agent's final answer describes the activation flow generally (validates code, sets activated=True) but does not mention the specific constraints from the retrieved note, such as the MAX_ACTIVATION_TRIES=3 limit, the clearing of codes after failure, or the 15-minute expiration, indicating the note was not used to inform the specific details of the answer."
control,20260921T112121.240847222Z-openclaw-sweatlasqa-pilot30-amem-repo-control-sglang,task-6905333b74f22949d97ba9ad,010,2,1a75f9bc-4dd4-4f6b-abad-15dae8de7e3e,1,match,49,,"I am setting up SimpleLogin for the first time and I want to confirm that the platform is actually working the way it should when everything is running locally. After starting the system what should I notice in the logs or UI that shows the app is ready to handle user authentication and alias based email activity?

Once it is running can you try walking through the typical product experience as if you were a new user signing up for the first time. What happens when a user registers verifies their address and tries to log in. What visible behavior confirms that the system is handling every step correctly and forwarding the user into the dashboard as expected?

I am also curious about what the application does behind the scenes during that flow. Are there any indicators that background jobs or internal services are doing their part to support email forwarding or identity verification. What should I expect to observe at runtime that tells me these moving pieces are active and talking to each other properly?

You can create anything temporary that you need for testing like new users or aliases but remove them when you are done and please do not make any changes to the source code.","Web server startup: First print is "">>> init logging <<<"" from app/log.py, then "">>> URL: <url>"" from app/config.py. Flask dev server (local_main) calls app.run(debug=True, port=7777) which prints ""* Running on http://127.0.0.1:7777 (Press CTRL+C to quit)"" as the ready message. Email handler (email_handler.py): when started with port 25025, LOG.i prints ""Listen for port 25025"" before controller.start(), and LOG.d prints ""Start mail controller 0.0.0.0 25025"" after.",True,high,"The agent's final answer explicitly includes the specific log messages ('>>> init logging <<<', '>>> URL: <url>', '* Running on http://127.0.0.1:7777', 'Listen for port 25025', 'Start mail controller 0.0.0.0 25025') and port numbers (7777, 25025) that were detailed in the retrieved note, indicating direct usage of this information to answer the startup confirmation part of the question."
control,20260921T112121.240847222Z-openclaw-sweatlasqa-pilot30-amem-repo-control-sglang,task-6905333b74f22949d97ba9ad,010,2,b9a03fa5-0b9f-492d-88d6-8c1963837932,2,match,62,,"I am setting up SimpleLogin for the first time and I want to confirm that the platform is actually working the way it should when everything is running locally. After starting the system what should I notice in the logs or UI that shows the app is ready to handle user authentication and alias based email activity?

Once it is running can you try walking through the typical product experience as if you were a new user signing up for the first time. What happens when a user registers verifies their address and tries to log in. What visible behavior confirms that the system is handling every step correctly and forwarding the user into the dashboard as expected?

I am also curious about what the application does behind the scenes during that flow. Are there any indicators that background jobs or internal services are doing their part to support email forwarding or identity verification. What should I expect to observe at runtime that tells me these moving pieces are active and talking to each other properly?

You can create anything temporary that you need for testing like new users or aliases but remove them when you are done and please do not make any changes to the source code.","SimpleLogin job_runner background jobs: Job model has states ready(0), taken(1), done(2), error(3). Polls every 10 seconds. Job types: onboarding-1 (send-from-alias tip), onboarding-2 (mailbox tip), onboarding-4 (PGP tip), batch-import, delete-account, delete-mailbox, delete-domain, send-user-report, proton-welcome-1, send-alias-creation-events. When job is taken, process_job() executes it, then sets state=done. The event_dispatcher writes SyncEvent records to DB with Postgres NOTIFY for real-time event consumption.",True,high,"The agent's final answer explicitly incorporates specific details from the retrieved note, such as the job runner's polling interval ('every 10 seconds'), the job state transitions ('ready→taken→done'), and the use of 'SyncEvent records + PostgreSQL NOTIFY' for the event dispatcher, which were not present in the initial question."
control,20260921T112121.240847222Z-openclaw-sweatlasqa-pilot30-amem-repo-control-sglang,task-6905333b74f22949d97ba9ad,010,2,24bbd4ee-29b8-4e88-b882-e1c508359e32,3,link,61,,"I am setting up SimpleLogin for the first time and I want to confirm that the platform is actually working the way it should when everything is running locally. After starting the system what should I notice in the logs or UI that shows the app is ready to handle user authentication and alias based email activity?

Once it is running can you try walking through the typical product experience as if you were a new user signing up for the first time. What happens when a user registers verifies their address and tries to log in. What visible behavior confirms that the system is handling every step correctly and forwarding the user into the dashboard as expected?

I am also curious about what the application does behind the scenes during that flow. Are there any indicators that background jobs or internal services are doing their part to support email forwarding or identity verification. What should I expect to observe at runtime that tells me these moving pieces are active and talking to each other properly?

You can create anything temporary that you need for testing like new users or aliases but remove them when you are done and please do not make any changes to the source code.","SimpleLogin startup log sequence: 1) app/log.py prints "">>> init logging <<<"". 2) app/config.py loads .env, prints "">>> URL: <url>"". 3) Flask app creates and registers all blueprints. 4) server.py local_main() enables debug toolbar and runs app.run(debug=True, port=7777) which prints ""* Running on http://127.0.0.1:7777 (Press CTRL+C to quit)"". 5) Health check endpoint /health returns ""success"" with HTTP 200. 6) Email handler prints ""Listen for port 25025"" then ""Start mail controller 0.0.0.0 25025"". 7) Job runner prints ""Take job <id>"" when picking up jobs. 8) Cron job prints ""Start running cronjob"" then ""Compute growth and daily monitoring stats"" for stats job.",True,high,"The agent's final answer explicitly lists the specific log messages (e.g., '>>> init logging <<<', 'Listen for port 25025', 'Take job <id>') and port numbers (7777, 25025) that are verbatim from the retrieved note, indicating it used the note to construct the startup confirmation section."
control,20260921T112121.240847222Z-openclaw-sweatlasqa-pilot30-amem-repo-control-sglang,task-6905333b74f22949d97ba9ad,010,2,af964b13-315d-4eff-8fb6-4bbd7491b053,4,link,54,,"I am setting up SimpleLogin for the first time and I want to confirm that the platform is actually working the way it should when everything is running locally. After starting the system what should I notice in the logs or UI that shows the app is ready to handle user authentication and alias based email activity?

Once it is running can you try walking through the typical product experience as if you were a new user signing up for the first time. What happens when a user registers verifies their address and tries to log in. What visible behavior confirms that the system is handling every step correctly and forwarding the user into the dashboard as expected?

I am also curious about what the application does behind the scenes during that flow. Are there any indicators that background jobs or internal services are doing their part to support email forwarding or identity verification. What should I expect to observe at runtime that tells me these moving pieces are active and talking to each other properly?

You can create anything temporary that you need for testing like new users or aliases but remove them when you are done and please do not make any changes to the source code.","SimpleLogin is a Flask 1.x app. Main entry point is server.py. In dev mode, running `python server.py` calls `local_main()` which creates the app via `create_app()`, enables Flask DebugToolbar, sets debug=True, and runs on port 7777. In production, Dockerfile uses gunicorn binding to 0.0.0.0:7777. Config is loaded via .env file (dotenv) or explicit CONFIG env var pointing to a .env file. Required env vars: URL, EMAIL_DOMAIN, SUPPORT_EMAIL, DB_URI, FLASK_SECRET. Key startup prints: "">>> init logging <<<"" from app/log.py, then "">>> URL: <url>"" from app/config.py. Logging uses coloredlogs if COLOR_LOG=true. Flask/werkzeug logs are disabled.",True,high,"The agent's final answer explicitly includes the specific startup log messages ('>>> init logging <<<', '>>> URL: <url>') and the default port (7777) which are unique details provided in the retrieved note."
control,20260921T112121.240847222Z-openclaw-sweatlasqa-pilot30-amem-repo-control-sglang,task-6905333b74f22949d97ba9ad,010,2,ff13faee-381b-45c5-a479-be18464a5adb,10,link,53,,"I am setting up SimpleLogin for the first time and I want to confirm that the platform is actually working the way it should when everything is running locally. After starting the system what should I notice in the logs or UI that shows the app is ready to handle user authentication and alias based email activity?

Once it is running can you try walking through the typical product experience as if you were a new user signing up for the first time. What happens when a user registers verifies their address and tries to log in. What visible behavior confirms that the system is handling every step correctly and forwarding the user into the dashboard as expected?

I am also curious about what the application does behind the scenes during that flow. Are there any indicators that background jobs or internal services are doing their part to support email forwarding or identity verification. What should I expect to observe at runtime that tells me these moving pieces are active and talking to each other properly?

You can create anything temporary that you need for testing like new users or aliases but remove them when you are done and please do not make any changes to the source code.","Authentication in SimpleLogin: Flask-Login handles sessions. `load_user` callback in server.py loads user by `alternative_id` from DB. On login POST to /auth/login, User.get_by(email) finds user, checks password via bcrypt check_password_hash. On success, `login_user(user)` sets session cookie ""slapp"". Session is persisted to Redis if MEM_STORE_URI is set (via RedisSessionStore). API authentication uses `Authentication` header with API key code (api_bp.route, authorize_request() checks ApiKey.get_by(code)). g.user is set to current_user for web pages, or to api_key.user for API requests. get_current_user() helper tries g.user first, falls back to flask_login current_user.",True,high,"The agent's final answer explicitly mentions the 'slapp' session cookie name and the use of `login_user()` for session management, which are specific technical details found in the retrieved note about Flask-Login configuration."
control,20260921T112121.240847222Z-openclaw-sweatlasqa-pilot30-amem-repo-control-sglang,task-6905333b74f22949d97ba9ae,011,1,f019ed84-6878-4f7a-8de6-8fd3a7bc429d,1,match,59,,"I’d like to understand how SimpleLogin resolves inbound email replies to a contact and forwarding destination during normal alias usage, specifically in cases where a reply ends up being delivered to a different user than the alias owner. As inbound reply messages are processed, focus on how the system derives the reply email address and uses it to identify the associated contact. Observe the actual runtime values involved in this resolution, the extracted reply email, the contact (if any) that it resolves to, and the user or alias ultimately selected as the forwarding destination. Track how these values behave across multiple reply events. Note whether the same reply email ever resolves to different contacts over time, fails to resolve temporarily, or resolves correctly but later results in forwarding to a different user than expected. Use these observations to determine whether the reply-handling logic specifically the lookup of contacts by reply email exhibits any race conditions, uniqueness assumptions, or timing-related inconsistencies that could explain why a reply is routed to the wrong user. Describe the runtime values you observed during reply resolution and explain how those values lead to the observed behavior. Don’t modify any repository source files. If temporary scripts or tooling are needed to observe behavior, that’s fine, but clean them up afterward and leave the repository unchanged.","EMAIL FORWARD RUNTIME VALUES:
1. SUCCESS FORWARD log messages: 
   - ""Finish mail_from %s, rcpt_tos %s, takes %s seconds with return code '%s'<<==="" (LOG.i in _handle) returns ""250 Message accepted for delivery""
   - Forward phase: ""Forward <Contact N email alias> -> <Alias N email alias> -> <Mailbox N email mailbox>"" (LOG.d in forward_email_to_mailbox)
   - EmailLog creation: ""Create <EmailLog N> for <Contact N email alias>, <User N name email>, <Mailbox N email mailbox>"" (LOG.d in forward_email_to_mailbox)
   - From header: ""From header, new:%s, old:%s"" (LOG.d showing new reverse-alias From header and old original)
   - VERP envelope sender: sl.{base32_payload}.{base32_signature}@{domain}
   
2. NON-EXISTENT ALIAS log messages:
   - ""alias %s not exist. Try to see if it can be created on the fly"" (LOG.d in handle_forward)
   - ""alias %s cannot be created on-the-fly, return 550"" (LOG.d in handle_forward)
   - Returns ""550 SL E515 Email not exist""
   
3. SL Message-ID: During forward, a UUID4 is generated by set_message_id() in _handle as the SL Message-ID for tracking, but this is NOT stored in EmailLog.sl_message_id (it stays None for forwards). The EmailLog.message_id stores the original Message-ID from the incoming email. The SL tracking message_id is only used for logging correlation.

4. From header transformation: Original ""Name <email>"" becomes ""Name - email at domain"" <reverse_alias@domain> or ""email at domain"" <reverse_alias@domain>. The reverse alias uses contact.reply_email which is generated as ""{contact_email_encoded}_{random_string}@{reply_domain}"".

5. Database records during single forward:
   - Contact: created with website_email, reply_email (reverse alias), alias_id, user_id
   - EmailLog: created with contact_id, user_id, mailbox_id, alias_id, message_id (original), is_reply=False, blocked=False, bounced=False, created_at timestamp
   - Alias.last_email_log_id updated to the new EmailLog.id",True,high,"The agent's final answer explicitly describes the contact lookup mechanism (`Contact.get_by(reply_email=reply_email)`) and the resulting runtime values (reply_email, contact.website_email, alias.user) which directly correspond to the specific log messages, field names, and flow descriptions provided in the retrieved note."
control,20260921T112121.240847222Z-openclaw-sweatlasqa-pilot30-amem-repo-control-sglang,task-6905333b74f22949d97ba9ae,011,1,26714453-1318-46c7-8f2e-6e311eb1a54d,2,match,68,,"I’d like to understand how SimpleLogin resolves inbound email replies to a contact and forwarding destination during normal alias usage, specifically in cases where a reply ends up being delivered to a different user than the alias owner. As inbound reply messages are processed, focus on how the system derives the reply email address and uses it to identify the associated contact. Observe the actual runtime values involved in this resolution, the extracted reply email, the contact (if any) that it resolves to, and the user or alias ultimately selected as the forwarding destination. Track how these values behave across multiple reply events. Note whether the same reply email ever resolves to different contacts over time, fails to resolve temporarily, or resolves correctly but later results in forwarding to a different user than expected. Use these observations to determine whether the reply-handling logic specifically the lookup of contacts by reply email exhibits any race conditions, uniqueness assumptions, or timing-related inconsistencies that could explain why a reply is routed to the wrong user. Describe the runtime values you observed during reply resolution and explain how those values lead to the observed behavior. Don’t modify any repository source files. If temporary scripts or tooling are needed to observe behavior, that’s fine, but clean them up afterward and leave the repository unchanged.","SimpleLogin email forwarding flow (email_handler.py): 1) MailHandler receives email on SMTP port, _handle() generates uuid4 message_id and calls handle(). 2) handle() parses envelope, detects VERP types for bounces/transactional, then delegates to handle_forward() or handle_reply(). 3) handle_forward(): looks up alias by rcpt_to, tries auto-creation on-the-fly if not found (via try_auto_create -> try_auto_create_directory or try_auto_create_via_domain). Creates or gets Contact from from_header. Forward email to mailbox via forward_email_to_mailbox() which creates EmailLog record, transforms From header to reverse-alias, adds DKIM, uses VERP envelope sender (bounce+id+@domain), and calls sl_sendmail. Returns ""250 Message accepted for delivery"". 4) handle_reply(): resolves reverse-alias to Contact, creates EmailLog(is_reply=True), transforms headers, sends to contact email. Logs show ""Forward Contact -> Alias -> Mailbox"" for forward phase.",True,high,"The agent's final answer explicitly details the `handle_reply` flow, including the specific function `Contact.get_by(reply_email=reply_email)` and the resolution path `Contact → Alias → User`, which directly mirrors the logic and function names described in the retrieved note."
control,20260921T112121.240847222Z-openclaw-sweatlasqa-pilot30-amem-repo-control-sglang,task-6905333b74f22949d97ba9ae,011,1,b9711c41-ec3b-4a8c-8065-224d3e6fe52e,7,link,59,,"I’d like to understand how SimpleLogin resolves inbound email replies to a contact and forwarding destination during normal alias usage, specifically in cases where a reply ends up being delivered to a different user than the alias owner. As inbound reply messages are processed, focus on how the system derives the reply email address and uses it to identify the associated contact. Observe the actual runtime values involved in this resolution, the extracted reply email, the contact (if any) that it resolves to, and the user or alias ultimately selected as the forwarding destination. Track how these values behave across multiple reply events. Note whether the same reply email ever resolves to different contacts over time, fails to resolve temporarily, or resolves correctly but later results in forwarding to a different user than expected. Use these observations to determine whether the reply-handling logic specifically the lookup of contacts by reply email exhibits any race conditions, uniqueness assumptions, or timing-related inconsistencies that could explain why a reply is routed to the wrong user. Describe the runtime values you observed during reply resolution and explain how those values lead to the observed behavior. Don’t modify any repository source files. If temporary scripts or tooling are needed to observe behavior, that’s fine, but clean them up afterward and leave the repository unchanged.","VERP bounce format in SimpleLogin: Forward phase uses BOUNCE_PREFIX=""bounce+"" + email_log_id + BOUNCE_SUFFIX=""+@{EMAIL_DOMAIN}"" (legacy) OR modern VERP format ""sl.{base32_encoded_payload}.{base32_hmac_signature}@{domain}"". The VERP payload is JSON array [verp_type(0=bounce_forward/1=bounce_reply/2=transactional), object_id, timestamp_in_minutes] signed with HMAC-SHA3-224. Reply phase uses BOUNCE_PREFIX_FOR_REPLY_PHASE=""bounce_reply"" + email_log_id + ""@{domain}"". The get_verp_info_from_email() function decodes and verifies VERP addresses. parse_id_from_bounce() extracts ID from legacy format using email_address.find(""+"") to rfind(""+"").",False,high,"The agent's final answer and reasoning focus entirely on the reverse-alias/contact lookup mechanism (using `Contact.get_by(reply_email=...)`), whereas the retrieved note specifically details VERP bounce formats and the `get_verp_info_from_email` function, none of which appear in the agent's analysis or final answer."
control,20260921T112121.240847222Z-openclaw-sweatlasqa-pilot30-amem-repo-control-sglang,task-6905333b74f22949d97ba9ae,011,2,09e83aeb-bb9c-4b71-b84d-9eeda148e534,1,match,63,,"I’d like to understand how SimpleLogin resolves inbound email replies to a contact and forwarding destination during normal alias usage, specifically in cases where a reply ends up being delivered to a different user than the alias owner. As inbound reply messages are processed, focus on how the system derives the reply email address and uses it to identify the associated contact. Observe the actual runtime values involved in this resolution, the extracted reply email, the contact (if any) that it resolves to, and the user or alias ultimately selected as the forwarding destination. Track how these values behave across multiple reply events. Note whether the same reply email ever resolves to different contacts over time, fails to resolve temporarily, or resolves correctly but later results in forwarding to a different user than expected. Use these observations to determine whether the reply-handling logic specifically the lookup of contacts by reply email exhibits any race conditions, uniqueness assumptions, or timing-related inconsistencies that could explain why a reply is routed to the wrong user. Describe the runtime values you observed during reply resolution and explain how those values lead to the observed behavior. Don’t modify any repository source files. If temporary scripts or tooling are needed to observe behavior, that’s fine, but clean them up afterward and leave the repository unchanged.","CRITICAL: Contact.get_by(reply_email=...) uses .first() which returns the first matching row. Since reply_email has NO unique constraint, when multiple contacts share the same reply_email, the first one returned by the database is used. This means if a contact with reply_email R1 is deleted and replaced with a different contact having the same reply_email R1 (unlikely but possible via manual DB manipulation), the reply would resolve to the newly created contact instead. In normal operation, this should not happen as generate_reply_email checks availability before creating.",True,high,"The agent's final answer explicitly incorporates the note's specific technical detail that there is 'no database UNIQUE constraint on reply_email' and that 'available_sl_email() prevents collisions in practice,' directly using the note's claim to conclude that no race conditions exist."
control,20260921T112121.240847222Z-openclaw-sweatlasqa-pilot30-amem-repo-control-sglang,task-6905333b74f22949d97ba9ae,011,2,f019ed84-6878-4f7a-8de6-8fd3a7bc429d,2,match,59,,"I’d like to understand how SimpleLogin resolves inbound email replies to a contact and forwarding destination during normal alias usage, specifically in cases where a reply ends up being delivered to a different user than the alias owner. As inbound reply messages are processed, focus on how the system derives the reply email address and uses it to identify the associated contact. Observe the actual runtime values involved in this resolution, the extracted reply email, the contact (if any) that it resolves to, and the user or alias ultimately selected as the forwarding destination. Track how these values behave across multiple reply events. Note whether the same reply email ever resolves to different contacts over time, fails to resolve temporarily, or resolves correctly but later results in forwarding to a different user than expected. Use these observations to determine whether the reply-handling logic specifically the lookup of contacts by reply email exhibits any race conditions, uniqueness assumptions, or timing-related inconsistencies that could explain why a reply is routed to the wrong user. Describe the runtime values you observed during reply resolution and explain how those values lead to the observed behavior. Don’t modify any repository source files. If temporary scripts or tooling are needed to observe behavior, that’s fine, but clean them up afterward and leave the repository unchanged.","EMAIL FORWARD RUNTIME VALUES:
1. SUCCESS FORWARD log messages: 
   - ""Finish mail_from %s, rcpt_tos %s, takes %s seconds with return code '%s'<<==="" (LOG.i in _handle) returns ""250 Message accepted for delivery""
   - Forward phase: ""Forward <Contact N email alias> -> <Alias N email alias> -> <Mailbox N email mailbox>"" (LOG.d in forward_email_to_mailbox)
   - EmailLog creation: ""Create <EmailLog N> for <Contact N email alias>, <User N name email>, <Mailbox N email mailbox>"" (LOG.d in forward_email_to_mailbox)
   - From header: ""From header, new:%s, old:%s"" (LOG.d showing new reverse-alias From header and old original)
   - VERP envelope sender: sl.{base32_payload}.{base32_signature}@{domain}
   
2. NON-EXISTENT ALIAS log messages:
   - ""alias %s not exist. Try to see if it can be created on the fly"" (LOG.d in handle_forward)
   - ""alias %s cannot be created on-the-fly, return 550"" (LOG.d in handle_forward)
   - Returns ""550 SL E515 Email not exist""
   
3. SL Message-ID: During forward, a UUID4 is generated by set_message_id() in _handle as the SL Message-ID for tracking, but this is NOT stored in EmailLog.sl_message_id (it stays None for forwards). The EmailLog.message_id stores the original Message-ID from the incoming email. The SL tracking message_id is only used for logging correlation.

4. From header transformation: Original ""Name <email>"" becomes ""Name - email at domain"" <reverse_alias@domain> or ""email at domain"" <reverse_alias@domain>. The reverse alias uses contact.reply_email which is generated as ""{contact_email_encoded}_{random_string}@{reply_domain}"".

5. Database records during single forward:
   - Contact: created with website_email, reply_email (reverse alias), alias_id, user_id
   - EmailLog: created with contact_id, user_id, mailbox_id, alias_id, message_id (original), is_reply=False, blocked=False, bounced=False, created_at timestamp
   - Alias.last_email_log_id updated to the new EmailLog.id",True,high,"The agent's final answer explicitly incorporates specific details from the note, such as the structure of the `reply_email` (reverse-alias with random characters), the contact lookup mechanism (`Contact.get_by(reply_email=...)`), and the distinction between the SL Message-ID and the original Message-ID stored in EmailLog, which directly informed the analysis of runtime values and stability."
control,20260921T112121.240847222Z-openclaw-sweatlasqa-pilot30-amem-repo-control-sglang,task-6905333b74f22949d97ba9ae,011,2,b976436a-9cc7-44da-8c0c-ab52cbe4c66e,3,match,62,,"I’d like to understand how SimpleLogin resolves inbound email replies to a contact and forwarding destination during normal alias usage, specifically in cases where a reply ends up being delivered to a different user than the alias owner. As inbound reply messages are processed, focus on how the system derives the reply email address and uses it to identify the associated contact. Observe the actual runtime values involved in this resolution, the extracted reply email, the contact (if any) that it resolves to, and the user or alias ultimately selected as the forwarding destination. Track how these values behave across multiple reply events. Note whether the same reply email ever resolves to different contacts over time, fails to resolve temporarily, or resolves correctly but later results in forwarding to a different user than expected. Use these observations to determine whether the reply-handling logic specifically the lookup of contacts by reply email exhibits any race conditions, uniqueness assumptions, or timing-related inconsistencies that could explain why a reply is routed to the wrong user. Describe the runtime values you observed during reply resolution and explain how those values lead to the observed behavior. Don’t modify any repository source files. If temporary scripts or tooling are needed to observe behavior, that’s fine, but clean them up afterward and leave the repository unchanged.","REPLY EMAIL RESOLUTION: When a user replies to an email, the To: header contains a reverse-alias (reply_email). The handle() function checks if rcpt_to is a reverse_alias via is_reverse_alias(). If yes, it calls handle_reply(envelope, msg, rcpt_to). In handle_reply(): 1) rcpt_to becomes reply_email (the reverse-alias). 2) reply_email is normalized via normalize_reply_email(). 3) Contact is looked up with Contact.get_by(reply_email=reply_email). 4) The returned contact determines the alias (contact.alias), user (alias.user), and mailbox (get_mailbox_from_mail_from()). This is the critical path — reply_email→Contact→Alias→User→Mailbox.",True,high,"The agent's final answer explicitly mirrors the logic flow described in the note, specifically citing `handle_reply()`, `Contact.get_by(reply_email=reply_email)`, and the resolution path `Contact → Alias → User → Mailbox`, which directly reflects the 'critical path' details provided in the retrieved note."
control,20260921T112121.240847222Z-openclaw-sweatlasqa-pilot30-amem-repo-control-sglang,task-6905333b74f22949d97ba9ae,011,2,3de1940c-843a-462f-9d06-d41e82596a80,5,match,60,,"I’d like to understand how SimpleLogin resolves inbound email replies to a contact and forwarding destination during normal alias usage, specifically in cases where a reply ends up being delivered to a different user than the alias owner. As inbound reply messages are processed, focus on how the system derives the reply email address and uses it to identify the associated contact. Observe the actual runtime values involved in this resolution, the extracted reply email, the contact (if any) that it resolves to, and the user or alias ultimately selected as the forwarding destination. Track how these values behave across multiple reply events. Note whether the same reply email ever resolves to different contacts over time, fails to resolve temporarily, or resolves correctly but later results in forwarding to a different user than expected. Use these observations to determine whether the reply-handling logic specifically the lookup of contacts by reply email exhibits any race conditions, uniqueness assumptions, or timing-related inconsistencies that could explain why a reply is routed to the wrong user. Describe the runtime values you observed during reply resolution and explain how those values lead to the observed behavior. Don’t modify any repository source files. If temporary scripts or tooling are needed to observe behavior, that’s fine, but clean them up afterward and leave the repository unchanged.","USER/MAILBOX RESOLUTION IN REPLY: handle_reply() resolves destination as: reply_email -> Contact.get_by() -> contact.alias -> alias.user -> get_mailbox_from_mail_from(mail_from, alias). The mailbox is determined from the mail_from address matching one of the alias's mailboxes (or authorized addresses). If mail_from doesn't match and spoofing check is not disabled, reply is rejected (E214). If disabled, the alias's default mailbox is used. The alias.user (not contact.user) determines who receives the reply — but for normal aliases these are always the same since contacts are created under the alias's user.",True,high,"The agent's final answer explicitly details the resolution chain `reply_email -> Contact.get_by() -> contact.alias -> alias.user` and the mailbox determination logic from `mail_from` exactly as described in the retrieved note, indicating the note's specific technical claims drove the explanation."
control,20260921T112121.240847222Z-openclaw-sweatlasqa-pilot30-amem-repo-control-sglang,task-6905333b74f22949d97ba9ae,011,2,d4739c5a-1ba0-4a45-ae6b-082874e3878d,6,link,62,,"I’d like to understand how SimpleLogin resolves inbound email replies to a contact and forwarding destination during normal alias usage, specifically in cases where a reply ends up being delivered to a different user than the alias owner. As inbound reply messages are processed, focus on how the system derives the reply email address and uses it to identify the associated contact. Observe the actual runtime values involved in this resolution, the extracted reply email, the contact (if any) that it resolves to, and the user or alias ultimately selected as the forwarding destination. Track how these values behave across multiple reply events. Note whether the same reply email ever resolves to different contacts over time, fails to resolve temporarily, or resolves correctly but later results in forwarding to a different user than expected. Use these observations to determine whether the reply-handling logic specifically the lookup of contacts by reply email exhibits any race conditions, uniqueness assumptions, or timing-related inconsistencies that could explain why a reply is routed to the wrong user. Describe the runtime values you observed during reply resolution and explain how those values lead to the observed behavior. Don’t modify any repository source files. If temporary scripts or tooling are needed to observe behavior, that’s fine, but clean them up afterward and leave the repository unchanged.","REPLY EMAIL GENERATION: generate_reply_email() creates reply_emails in two modes: (1) random-only: random_string(20-50)@domain, (2) include_sender: contact_email_transformed + ""_"" + random_string(5-10)@domain. It checks available_sl_email() which queries Contact.get_by(reply_email=...) to avoid collisions. The reply_email has NO unique constraint — only alias_id+website_email has a unique constraint. Multiple contacts CAN have the same reply_email.",True,high,"The agent's final answer explicitly incorporates the specific technical details from the note, such as the two generation modes (random-only vs include_sender), the lack of a unique constraint on reply_email, and the role of available_sl_email() in preventing collisions, which directly informed its conclusion about the absence of race conditions."
control,20260921T112121.240847222Z-openclaw-sweatlasqa-pilot30-amem-repo-control-sglang,task-6905333b74f22949d97ba9ae,011,2,26714453-1318-46c7-8f2e-6e311eb1a54d,7,link,63,,"I’d like to understand how SimpleLogin resolves inbound email replies to a contact and forwarding destination during normal alias usage, specifically in cases where a reply ends up being delivered to a different user than the alias owner. As inbound reply messages are processed, focus on how the system derives the reply email address and uses it to identify the associated contact. Observe the actual runtime values involved in this resolution, the extracted reply email, the contact (if any) that it resolves to, and the user or alias ultimately selected as the forwarding destination. Track how these values behave across multiple reply events. Note whether the same reply email ever resolves to different contacts over time, fails to resolve temporarily, or resolves correctly but later results in forwarding to a different user than expected. Use these observations to determine whether the reply-handling logic specifically the lookup of contacts by reply email exhibits any race conditions, uniqueness assumptions, or timing-related inconsistencies that could explain why a reply is routed to the wrong user. Describe the runtime values you observed during reply resolution and explain how those values lead to the observed behavior. Don’t modify any repository source files. If temporary scripts or tooling are needed to observe behavior, that’s fine, but clean them up afterward and leave the repository unchanged.","SimpleLogin email forwarding flow (email_handler.py): 1) MailHandler receives email on SMTP port, _handle() generates uuid4 message_id and calls handle(). 2) handle() parses envelope, detects VERP types for bounces/transactional, then delegates to handle_forward() or handle_reply(). 3) handle_forward(): looks up alias by rcpt_to, tries auto-creation on-the-fly if not found (via try_auto_create -> try_auto_create_directory or try_auto_create_via_domain). Creates or gets Contact from from_header. Forward email to mailbox via forward_email_to_mailbox() which creates EmailLog record, transforms From header to reverse-alias, adds DKIM, uses VERP envelope sender (bounce+id+@domain), and calls sl_sendmail. Returns ""250 Message accepted for delivery"". 4) handle_reply(): resolves reverse-alias to Contact, creates EmailLog(is_reply=True), transforms headers, sends to contact email. Logs show ""Forward Contact -> Alias -> Mailbox"" for forward phase.",True,high,"The agent's final answer explicitly references the `handle_reply()` function and the logic of resolving a reverse-alias to a Contact, which are the specific details provided in the retrieved note, and uses the note's description of the flow to structure its explanation of the reply resolution process."
control,20260921T112121.240847222Z-openclaw-sweatlasqa-pilot30-amem-repo-control-sglang,task-6905333b74f22949d97ba9ae,011,2,19723c18-a66e-48ae-bb5e-bb42b79003fe,8,link,58,,"I’d like to understand how SimpleLogin resolves inbound email replies to a contact and forwarding destination during normal alias usage, specifically in cases where a reply ends up being delivered to a different user than the alias owner. As inbound reply messages are processed, focus on how the system derives the reply email address and uses it to identify the associated contact. Observe the actual runtime values involved in this resolution, the extracted reply email, the contact (if any) that it resolves to, and the user or alias ultimately selected as the forwarding destination. Track how these values behave across multiple reply events. Note whether the same reply email ever resolves to different contacts over time, fails to resolve temporarily, or resolves correctly but later results in forwarding to a different user than expected. Use these observations to determine whether the reply-handling logic specifically the lookup of contacts by reply email exhibits any race conditions, uniqueness assumptions, or timing-related inconsistencies that could explain why a reply is routed to the wrong user. Describe the runtime values you observed during reply resolution and explain how those values lead to the observed behavior. Don’t modify any repository source files. If temporary scripts or tooling are needed to observe behavior, that’s fine, but clean them up afterward and leave the repository unchanged.","FORWARD PHASE CONTACT CREATION: During forward, contact is created via contact_utils.create_contact(website_email, alias, name, mail_from). The contact is identified by (alias_id, website_email) which has a unique constraint. Each time a website sends an email to an alias, a new reply_email is generated and stored in the contact. The forward phase also creates separate contacts for Reply-To and CC/To headers that differ from the From header, each with its own reply_email.",True,high,"The agent's final answer explicitly references the 'forward phase' establishing the reply-email to contact mapping, which directly mirrors the specific claim in the retrieved note that 'The forward phase also creates separate contacts... each with its own reply_email' and that the mapping is 'stable and established during the forward phase'."
control,20260921T112121.240847222Z-openclaw-sweatlasqa-pilot30-amem-repo-control-sglang,task-6905333b74f22949d97ba9ae,011,2,b9711c41-ec3b-4a8c-8065-224d3e6fe52e,10,link,55,,"I’d like to understand how SimpleLogin resolves inbound email replies to a contact and forwarding destination during normal alias usage, specifically in cases where a reply ends up being delivered to a different user than the alias owner. As inbound reply messages are processed, focus on how the system derives the reply email address and uses it to identify the associated contact. Observe the actual runtime values involved in this resolution, the extracted reply email, the contact (if any) that it resolves to, and the user or alias ultimately selected as the forwarding destination. Track how these values behave across multiple reply events. Note whether the same reply email ever resolves to different contacts over time, fails to resolve temporarily, or resolves correctly but later results in forwarding to a different user than expected. Use these observations to determine whether the reply-handling logic specifically the lookup of contacts by reply email exhibits any race conditions, uniqueness assumptions, or timing-related inconsistencies that could explain why a reply is routed to the wrong user. Describe the runtime values you observed during reply resolution and explain how those values lead to the observed behavior. Don’t modify any repository source files. If temporary scripts or tooling are needed to observe behavior, that’s fine, but clean them up afterward and leave the repository unchanged.","VERP bounce format in SimpleLogin: Forward phase uses BOUNCE_PREFIX=""bounce+"" + email_log_id + BOUNCE_SUFFIX=""+@{EMAIL_DOMAIN}"" (legacy) OR modern VERP format ""sl.{base32_encoded_payload}.{base32_hmac_signature}@{domain}"". The VERP payload is JSON array [verp_type(0=bounce_forward/1=bounce_reply/2=transactional), object_id, timestamp_in_minutes] signed with HMAC-SHA3-224. Reply phase uses BOUNCE_PREFIX_FOR_REPLY_PHASE=""bounce_reply"" + email_log_id + ""@{domain}"". The get_verp_info_from_email() function decodes and verifies VERP addresses. parse_id_from_bounce() extracts ID from legacy format using email_address.find(""+"") to rfind(""+"").",False,high,"The agent's final answer describes the reply resolution logic using high-level concepts (reverse-alias, contact lookup) and does not reference any specific details from the retrieved note, such as the VERP payload structure, HMAC-SHA3-224 signing, base32 encoding, or the specific function names `get_verp_info_from_email` and `parse_id_from_bounce`."
control,20260921T112121.240847222Z-openclaw-sweatlasqa-pilot30-amem-repo-control-sglang,task-6905333b74f22949d97ba9af,012,1,1a75f9bc-4dd4-4f6b-abad-15dae8de7e3e,1,match,58,,"I'm trying to get the development environment running locally for the first time, and the documentation isn't very clear about the startup order or what breaks if certain setup steps are skipped. I want to bring the whole stack up from scratch and note what actually happens along the way.

To start with, I want to see what happens if the database isn't fully set up yet. With PostgreSQL running and an empty database created (no tables, migrations not run), what error do I actually hit when I start the server with python [server.py](http://server.py) and then try to open the login page in the browser? I'm looking for the full Python exception that gets raised.

Once the database migrations and the initialization script (init\_[app.py](http://app.py)) have been run and everything is set up correctly, I need to understand which Python services must be running for the system to work. Start each required service and show me the exact log output that confirms it's running and ready to accept connections. I want to see the actual startup messages from stdout/stderr, not just what the code says I need to verify the services are actually binding to their ports and working.

I'm also curious about what happens if the initialization step is skipped. If I run the migrations but don't run init\_[app.py](http://app.py), the SLDomain table should be empty (no email domains configured). If I then start the email handler and simulate an incoming email addressed to any @sl.local address, what happens? What SMTP status code does the email handler return to the sender, and what does it log to explain the rejection?

I'm not changing or deleting any source files here I just want to observe the system's behavior. Temporary config files or small test scripts are fine if needed.","Web server startup: First print is "">>> init logging <<<"" from app/log.py, then "">>> URL: <url>"" from app/config.py. Flask dev server (local_main) calls app.run(debug=True, port=7777) which prints ""* Running on http://127.0.0.1:7777 (Press CTRL+C to quit)"" as the ready message. Email handler (email_handler.py): when started with port 25025, LOG.i prints ""Listen for port 25025"" before controller.start(), and LOG.d prints ""Start mail controller 0.0.0.0 25025"" after.",True,high,"The agent's final answer for the email handler startup logs explicitly reproduces the specific log messages ('Listen for port...', 'Start mail controller...') and port number (25025 mentioned in note, though agent used 20381 in answer, the format matches the note's description of the log structure) found in the retrieved note, indicating it used the note to identify the correct startup sequence and log outputs."
control,20260921T112121.240847222Z-openclaw-sweatlasqa-pilot30-amem-repo-control-sglang,task-6905333b74f22949d97ba9af,012,1,c399fc95-56a4-4739-af63-6382cb4c5afc,8,link,51,,"I'm trying to get the development environment running locally for the first time, and the documentation isn't very clear about the startup order or what breaks if certain setup steps are skipped. I want to bring the whole stack up from scratch and note what actually happens along the way.

To start with, I want to see what happens if the database isn't fully set up yet. With PostgreSQL running and an empty database created (no tables, migrations not run), what error do I actually hit when I start the server with python [server.py](http://server.py) and then try to open the login page in the browser? I'm looking for the full Python exception that gets raised.

Once the database migrations and the initialization script (init\_[app.py](http://app.py)) have been run and everything is set up correctly, I need to understand which Python services must be running for the system to work. Start each required service and show me the exact log output that confirms it's running and ready to accept connections. I want to see the actual startup messages from stdout/stderr, not just what the code says I need to verify the services are actually binding to their ports and working.

I'm also curious about what happens if the initialization step is skipped. If I run the migrations but don't run init\_[app.py](http://app.py), the SLDomain table should be empty (no email domains configured). If I then start the email handler and simulate an incoming email addressed to any @sl.local address, what happens? What SMTP status code does the email handler return to the sender, and what does it log to explain the rejection?

I'm not changing or deleting any source files here I just want to observe the system's behavior. Temporary config files or small test scripts are fine if needed.","Background processes in SimpleLogin: 1) cron.py - scheduled jobs run periodically (stats, delete logs, check custom domain, HIBP check, trial notifications, send undelivered mails every 5 min, cleanup audit logs hourly). 2) email_handler.py - SMTP server listening on port 20381 for email forwarding/reply handling. 3) event_listener.py - Postgres-backed event listener consuming and dispatching events. 4) job_runner.py - processes background jobs from DB (onboarding emails, account deletion, mailbox deletion, etc.) in a 10-second loop. 5) monitoring.py - exports Prometheus metrics from NewRelic. 6) crontab.yml defines all scheduled job schedules. These are separate processes from the main web server.",True,high,"The agent explicitly used the note to identify `email_handler.py` as the SMTP service on port 20381, which directly guided its subsequent grep and sed commands to analyze that specific file for the email rejection logic and status codes."
control,20260921T112121.240847222Z-openclaw-sweatlasqa-pilot30-amem-repo-control-sglang,task-6905333b74f22949d97ba9af,012,1,24bbd4ee-29b8-4e88-b882-e1c508359e32,9,link,54,,"I'm trying to get the development environment running locally for the first time, and the documentation isn't very clear about the startup order or what breaks if certain setup steps are skipped. I want to bring the whole stack up from scratch and note what actually happens along the way.

To start with, I want to see what happens if the database isn't fully set up yet. With PostgreSQL running and an empty database created (no tables, migrations not run), what error do I actually hit when I start the server with python [server.py](http://server.py) and then try to open the login page in the browser? I'm looking for the full Python exception that gets raised.

Once the database migrations and the initialization script (init\_[app.py](http://app.py)) have been run and everything is set up correctly, I need to understand which Python services must be running for the system to work. Start each required service and show me the exact log output that confirms it's running and ready to accept connections. I want to see the actual startup messages from stdout/stderr, not just what the code says I need to verify the services are actually binding to their ports and working.

I'm also curious about what happens if the initialization step is skipped. If I run the migrations but don't run init\_[app.py](http://app.py), the SLDomain table should be empty (no email domains configured). If I then start the email handler and simulate an incoming email addressed to any @sl.local address, what happens? What SMTP status code does the email handler return to the sender, and what does it log to explain the rejection?

I'm not changing or deleting any source files here I just want to observe the system's behavior. Temporary config files or small test scripts are fine if needed.","SimpleLogin startup log sequence: 1) app/log.py prints "">>> init logging <<<"". 2) app/config.py loads .env, prints "">>> URL: <url>"". 3) Flask app creates and registers all blueprints. 4) server.py local_main() enables debug toolbar and runs app.run(debug=True, port=7777) which prints ""* Running on http://127.0.0.1:7777 (Press CTRL+C to quit)"". 5) Health check endpoint /health returns ""success"" with HTTP 200. 6) Email handler prints ""Listen for port 25025"" then ""Start mail controller 0.0.0.0 25025"". 7) Job runner prints ""Take job <id>"" when picking up jobs. 8) Cron job prints ""Start running cronjob"" then ""Compute growth and daily monitoring stats"" for stats job.",True,high,"The agent's final answer for the startup logs section (Question 2) directly mirrors the specific log messages and sequence provided in the retrieved note (e.g., '>>> init logging <<<', 'Listen for port 25025' vs 20381, 'Take job <id>', 'Start running cronjob'), indicating it used the note to structure the expected output, even though it had to verify the actual port numbers via code inspection."
control,20260921T112121.240847222Z-openclaw-sweatlasqa-pilot30-amem-repo-control-sglang,task-6905333b74f22949d97ba9af,012,2,9b0655dd-f112-4b58-9012-c9319a86d2c2,1,match,68,,"I'm trying to get the development environment running locally for the first time, and the documentation isn't very clear about the startup order or what breaks if certain setup steps are skipped. I want to bring the whole stack up from scratch and note what actually happens along the way.

To start with, I want to see what happens if the database isn't fully set up yet. With PostgreSQL running and an empty database created (no tables, migrations not run), what error do I actually hit when I start the server with python [server.py](http://server.py) and then try to open the login page in the browser? I'm looking for the full Python exception that gets raised.

Once the database migrations and the initialization script (init\_[app.py](http://app.py)) have been run and everything is set up correctly, I need to understand which Python services must be running for the system to work. Start each required service and show me the exact log output that confirms it's running and ready to accept connections. I want to see the actual startup messages from stdout/stderr, not just what the code says I need to verify the services are actually binding to their ports and working.

I'm also curious about what happens if the initialization step is skipped. If I run the migrations but don't run init\_[app.py](http://app.py), the SLDomain table should be empty (no email domains configured). If I then start the email handler and simulate an incoming email addressed to any @sl.local address, what happens? What SMTP status code does the email handler return to the sender, and what does it log to explain the rejection?

I'm not changing or deleting any source files here I just want to observe the system's behavior. Temporary config files or small test scripts are fine if needed.","Question 3 - SLDomain empty, email to @sl.local: When init_app.py is not run, SLDomain table is empty. In email_handler.py handle_reply(), if the reply domain doesn't match EMAIL_DOMAIN, it checks SLDomain.get_by(domain=reply_domain). If SLDomain is None (empty table for @sl.local), it logs ""Reply email <email> has wrong domain"" and returns False, status.E501. status.E501 = ""550 SL E501"". The SMTP handler _handle() returns this status code to the sender. So the email handler returns SMTP status code 550 with message ""SL E501"" and logs the warning about wrong domain.",True,high,"The agent's final answer for section 3 explicitly reproduces the specific log message ('Reply email <email> has wrong domain') and the exact SMTP status code and message ('550 SL E501') found in the retrieved note, indicating direct usage of the note's content to answer the third part of the question."
control,20260921T112121.240847222Z-openclaw-sweatlasqa-pilot30-amem-repo-control-sglang,task-6905333b74f22949d97ba9af,012,2,1a75f9bc-4dd4-4f6b-abad-15dae8de7e3e,2,match,51,,"I'm trying to get the development environment running locally for the first time, and the documentation isn't very clear about the startup order or what breaks if certain setup steps are skipped. I want to bring the whole stack up from scratch and note what actually happens along the way.

To start with, I want to see what happens if the database isn't fully set up yet. With PostgreSQL running and an empty database created (no tables, migrations not run), what error do I actually hit when I start the server with python [server.py](http://server.py) and then try to open the login page in the browser? I'm looking for the full Python exception that gets raised.

Once the database migrations and the initialization script (init\_[app.py](http://app.py)) have been run and everything is set up correctly, I need to understand which Python services must be running for the system to work. Start each required service and show me the exact log output that confirms it's running and ready to accept connections. I want to see the actual startup messages from stdout/stderr, not just what the code says I need to verify the services are actually binding to their ports and working.

I'm also curious about what happens if the initialization step is skipped. If I run the migrations but don't run init\_[app.py](http://app.py), the SLDomain table should be empty (no email domains configured). If I then start the email handler and simulate an incoming email addressed to any @sl.local address, what happens? What SMTP status code does the email handler return to the sender, and what does it log to explain the rejection?

I'm not changing or deleting any source files here I just want to observe the system's behavior. Temporary config files or small test scripts are fine if needed.","Web server startup: First print is "">>> init logging <<<"" from app/log.py, then "">>> URL: <url>"" from app/config.py. Flask dev server (local_main) calls app.run(debug=True, port=7777) which prints ""* Running on http://127.0.0.1:7777 (Press CTRL+C to quit)"" as the ready message. Email handler (email_handler.py): when started with port 25025, LOG.i prints ""Listen for port 25025"" before controller.start(), and LOG.d prints ""Start mail controller 0.0.0.0 25025"" after.",True,high,"The agent's final answer explicitly reproduces the specific startup log messages ('>>> init logging <<<', '>>> URL: <url>', 'Listen for port...', 'Start mail controller...') and port numbers (7777, 25025/20381) detailed in the retrieved note, indicating it used this note to construct the section on required services and their startup logs."
control,20260921T112121.240847222Z-openclaw-sweatlasqa-pilot30-amem-repo-control-sglang,task-6905333b74f22949d97ba9af,012,2,262ad4d7-84df-488e-bbd5-6962942acffa,3,match,58,,"I'm trying to get the development environment running locally for the first time, and the documentation isn't very clear about the startup order or what breaks if certain setup steps are skipped. I want to bring the whole stack up from scratch and note what actually happens along the way.

To start with, I want to see what happens if the database isn't fully set up yet. With PostgreSQL running and an empty database created (no tables, migrations not run), what error do I actually hit when I start the server with python [server.py](http://server.py) and then try to open the login page in the browser? I'm looking for the full Python exception that gets raised.

Once the database migrations and the initialization script (init\_[app.py](http://app.py)) have been run and everything is set up correctly, I need to understand which Python services must be running for the system to work. Start each required service and show me the exact log output that confirms it's running and ready to accept connections. I want to see the actual startup messages from stdout/stderr, not just what the code says I need to verify the services are actually binding to their ports and working.

I'm also curious about what happens if the initialization step is skipped. If I run the migrations but don't run init\_[app.py](http://app.py), the SLDomain table should be empty (no email domains configured). If I then start the email handler and simulate an incoming email addressed to any @sl.local address, what happens? What SMTP status code does the email handler return to the sender, and what does it log to explain the rejection?

I'm not changing or deleting any source files here I just want to observe the system's behavior. Temporary config files or small test scripts are fine if needed.","Three services needed for SimpleLogin: (1) Web server (server.py) - Flask app on port 7777, startup logs: "">>> init logging <<<"" then "">>> URL: <url>"" then ""* Running on http://127.0.0.1:7777 (Press CTRL+C to quit)"". (2) Email handler (email_handler.py) - aiosmtpd Controller on port 20381, startup logs: ""Listen for port 20381"" then ""Start mail controller 0.0.0.0 20381"". (3) Job runner (job_runner.py) - polls DB every 10s for background jobs. Cron (cron.py) is also needed for scheduled jobs. The email_handler.py LOG.i prints ""Listen for port <port>"" and LOG.d prints ""Start mail controller 0.0.0.0 <port>"" on startup.",True,high,"The agent's final answer explicitly reproduces the specific startup log messages (e.g., '>>> init logging <<<', 'Listen for port 20381') and service details (ports, filenames) that were contained in the retrieved note, indicating it used the note to construct the section on required services and their logs."
control,20260921T112121.240847222Z-openclaw-sweatlasqa-pilot30-amem-repo-control-sglang,task-6905333b74f22949d97ba9af,012,2,24bbd4ee-29b8-4e88-b882-e1c508359e32,13,link,57,,"I'm trying to get the development environment running locally for the first time, and the documentation isn't very clear about the startup order or what breaks if certain setup steps are skipped. I want to bring the whole stack up from scratch and note what actually happens along the way.

To start with, I want to see what happens if the database isn't fully set up yet. With PostgreSQL running and an empty database created (no tables, migrations not run), what error do I actually hit when I start the server with python [server.py](http://server.py) and then try to open the login page in the browser? I'm looking for the full Python exception that gets raised.

Once the database migrations and the initialization script (init\_[app.py](http://app.py)) have been run and everything is set up correctly, I need to understand which Python services must be running for the system to work. Start each required service and show me the exact log output that confirms it's running and ready to accept connections. I want to see the actual startup messages from stdout/stderr, not just what the code says I need to verify the services are actually binding to their ports and working.

I'm also curious about what happens if the initialization step is skipped. If I run the migrations but don't run init\_[app.py](http://app.py), the SLDomain table should be empty (no email domains configured). If I then start the email handler and simulate an incoming email addressed to any @sl.local address, what happens? What SMTP status code does the email handler return to the sender, and what does it log to explain the rejection?

I'm not changing or deleting any source files here I just want to observe the system's behavior. Temporary config files or small test scripts are fine if needed.","SimpleLogin startup log sequence: 1) app/log.py prints "">>> init logging <<<"". 2) app/config.py loads .env, prints "">>> URL: <url>"". 3) Flask app creates and registers all blueprints. 4) server.py local_main() enables debug toolbar and runs app.run(debug=True, port=7777) which prints ""* Running on http://127.0.0.1:7777 (Press CTRL+C to quit)"". 5) Health check endpoint /health returns ""success"" with HTTP 200. 6) Email handler prints ""Listen for port 25025"" then ""Start mail controller 0.0.0.0 25025"". 7) Job runner prints ""Take job <id>"" when picking up jobs. 8) Cron job prints ""Start running cronjob"" then ""Compute growth and daily monitoring stats"" for stats job.",True,high,"The agent's final answer explicitly reproduces the specific startup log messages (e.g., '>>> init logging <<<', 'Listen for port 25025', 'Take job <id>') and the sequence of events described in the retrieved note, confirming it used the note to construct the description of the required services and their logs."
control,20260921T112121.240847222Z-openclaw-sweatlasqa-pilot30-amem-repo-control-sglang,task-6905333b74f22949d97ba9b2,013,1,2ab3328d-e7f7-410c-836a-37244c5cb4a1,2,link,42,,"I'm investigating a potential information leakage issue in SimpleLogin's bounce email handling system. I've noticed that the codebase appears to support two different address formats for processing email bounces, what looks like an older format with the email log ID visible in plain text and a newer format that seems to use some kind of signature verification.

I wonder how bounces are routed, I'm seeing that emails sent to addresses like bounce+12345+@domain seem to be processed differently than those using the newer signed format. What concerns me is whether an external attacker could craft bounce emails to these older-style addresses and learn something by observing the SMTP responses.

I'm curious what's actually happening under the hood here, where the security boundaries really are, and what slips through without cryptographic validation. I wonder what exact SMTP responses come back when probing different scenarios, such as hitting a valid ID versus an invalid one, and what happens when something doesn't quite meet the bounce validation requirements. I don't want theoretical explanations of what the code should do, I want to see actual evidence of how the system behaves in practice.

What also puzzles me is the bounce detection itself. What makes the system accept something as a bounce in the first place? What criteria does it check? Could an attacker who controls the SMTP envelope and headers spoof those criteria? I'm curious what happens when those checks pass versus when they don't. And beyond just valid versus invalid, I wonder if the response codes reveal more than just whether an ID exists.

Don't modify any source files in the repository. You can create test scripts to observe the actual behavior, but clean them up when finished.","Custom alias signed suffix validation: In alias_suffix.py, check_suffix_signature() uses itsdangerous.TimestampSigner with max_age=600 seconds. Returns None for expired signatures (BadSignature) and also None for tampered signatures. Both cases are indistinguishable at the function level. verify_prefix_suffix() in alias_suffix.py checks: 1) alias_suffix domain is in user.available_alias_domains(), 2) for SL domains (non-custom), prefix must start with '.', 3) for custom domains, prefix can be empty or start with '.'. In API new_custom_alias.py: v2 uses LOG.d for quota fail, LOG.w for expired/tampered suffix, LOG.d for duplicate alias. v3 adds prefix format check, mailbox validation. Dashboard custom_alias.py mirrors the API logic with flash messages instead of JSON. Rate limit headers: Flask-Limiter default - API returns 429 with JSON {""error"": ""Rate limit exceeded""}, dashboard returns 429 HTML ""Whoa, slow down there, pardner!"". The ALIAS_LIMIT default is ""100/day;50/hour;5/minute"". Rate limit headers: X-RateLimit-Limit and X-RateLimit-Remaining are set by Flask-Limiter by default. When creating custom aliases with invalid or expired signed suffixes, the API returns HTTP 412 Precondition Failed.",False,high,"The retrieved note discusses custom alias signature validation and API rate limiting, which are unrelated to the bounce email handling logic; the agent's final answer and subsequent shell commands focus entirely on bounce parsing, VERP formats, and SMTP response codes found in email_handler.py and email_utils.py, with no reference to the alias suffix or rate limit details from the note."
control,20260921T112121.240847222Z-openclaw-sweatlasqa-pilot30-amem-repo-control-sglang,task-6905333b74f22949d97ba9b2,013,1,f019ed84-6878-4f7a-8de6-8fd3a7bc429d,3,link,56,,"I'm investigating a potential information leakage issue in SimpleLogin's bounce email handling system. I've noticed that the codebase appears to support two different address formats for processing email bounces, what looks like an older format with the email log ID visible in plain text and a newer format that seems to use some kind of signature verification.

I wonder how bounces are routed, I'm seeing that emails sent to addresses like bounce+12345+@domain seem to be processed differently than those using the newer signed format. What concerns me is whether an external attacker could craft bounce emails to these older-style addresses and learn something by observing the SMTP responses.

I'm curious what's actually happening under the hood here, where the security boundaries really are, and what slips through without cryptographic validation. I wonder what exact SMTP responses come back when probing different scenarios, such as hitting a valid ID versus an invalid one, and what happens when something doesn't quite meet the bounce validation requirements. I don't want theoretical explanations of what the code should do, I want to see actual evidence of how the system behaves in practice.

What also puzzles me is the bounce detection itself. What makes the system accept something as a bounce in the first place? What criteria does it check? Could an attacker who controls the SMTP envelope and headers spoof those criteria? I'm curious what happens when those checks pass versus when they don't. And beyond just valid versus invalid, I wonder if the response codes reveal more than just whether an ID exists.

Don't modify any source files in the repository. You can create test scripts to observe the actual behavior, but clean them up when finished.","EMAIL FORWARD RUNTIME VALUES:
1. SUCCESS FORWARD log messages: 
   - ""Finish mail_from %s, rcpt_tos %s, takes %s seconds with return code '%s'<<==="" (LOG.i in _handle) returns ""250 Message accepted for delivery""
   - Forward phase: ""Forward <Contact N email alias> -> <Alias N email alias> -> <Mailbox N email mailbox>"" (LOG.d in forward_email_to_mailbox)
   - EmailLog creation: ""Create <EmailLog N> for <Contact N email alias>, <User N name email>, <Mailbox N email mailbox>"" (LOG.d in forward_email_to_mailbox)
   - From header: ""From header, new:%s, old:%s"" (LOG.d showing new reverse-alias From header and old original)
   - VERP envelope sender: sl.{base32_payload}.{base32_signature}@{domain}
   
2. NON-EXISTENT ALIAS log messages:
   - ""alias %s not exist. Try to see if it can be created on the fly"" (LOG.d in handle_forward)
   - ""alias %s cannot be created on-the-fly, return 550"" (LOG.d in handle_forward)
   - Returns ""550 SL E515 Email not exist""
   
3. SL Message-ID: During forward, a UUID4 is generated by set_message_id() in _handle as the SL Message-ID for tracking, but this is NOT stored in EmailLog.sl_message_id (it stays None for forwards). The EmailLog.message_id stores the original Message-ID from the incoming email. The SL tracking message_id is only used for logging correlation.

4. From header transformation: Original ""Name <email>"" becomes ""Name - email at domain"" <reverse_alias@domain> or ""email at domain"" <reverse_alias@domain>. The reverse alias uses contact.reply_email which is generated as ""{contact_email_encoded}_{random_string}@{reply_domain}"".

5. Database records during single forward:
   - Contact: created with website_email, reply_email (reverse alias), alias_id, user_id
   - EmailLog: created with contact_id, user_id, mailbox_id, alias_id, message_id (original), is_reply=False, blocked=False, bounced=False, created_at timestamp
   - Alias.last_email_log_id updated to the new EmailLog.id",False,high,"The retrieved note contains information about forward email logging, VERP generation for outbound mail, and database records for contacts/email logs, but the agent's final answer and subsequent actions focus entirely on the *inbound* bounce handling logic (parsing `bounce+id+` vs VERP, SMTP response codes like E512/E211, and security implications of unsigned addresses), none of which are present in or derived from the specific content of the retrieved note."
control,20260921T112121.240847222Z-openclaw-sweatlasqa-pilot30-amem-repo-control-sglang,task-6905333b74f22949d97ba9b2,013,2,2ab3328d-e7f7-410c-836a-37244c5cb4a1,3,link,43,,"I'm investigating a potential information leakage issue in SimpleLogin's bounce email handling system. I've noticed that the codebase appears to support two different address formats for processing email bounces, what looks like an older format with the email log ID visible in plain text and a newer format that seems to use some kind of signature verification.

I wonder how bounces are routed, I'm seeing that emails sent to addresses like bounce+12345+@domain seem to be processed differently than those using the newer signed format. What concerns me is whether an external attacker could craft bounce emails to these older-style addresses and learn something by observing the SMTP responses.

I'm curious what's actually happening under the hood here, where the security boundaries really are, and what slips through without cryptographic validation. I wonder what exact SMTP responses come back when probing different scenarios, such as hitting a valid ID versus an invalid one, and what happens when something doesn't quite meet the bounce validation requirements. I don't want theoretical explanations of what the code should do, I want to see actual evidence of how the system behaves in practice.

What also puzzles me is the bounce detection itself. What makes the system accept something as a bounce in the first place? What criteria does it check? Could an attacker who controls the SMTP envelope and headers spoof those criteria? I'm curious what happens when those checks pass versus when they don't. And beyond just valid versus invalid, I wonder if the response codes reveal more than just whether an ID exists.

Don't modify any source files in the repository. You can create test scripts to observe the actual behavior, but clean them up when finished.","Custom alias signed suffix validation: In alias_suffix.py, check_suffix_signature() uses itsdangerous.TimestampSigner with max_age=600 seconds. Returns None for expired signatures (BadSignature) and also None for tampered signatures. Both cases are indistinguishable at the function level. verify_prefix_suffix() in alias_suffix.py checks: 1) alias_suffix domain is in user.available_alias_domains(), 2) for SL domains (non-custom), prefix must start with '.', 3) for custom domains, prefix can be empty or start with '.'. In API new_custom_alias.py: v2 uses LOG.d for quota fail, LOG.w for expired/tampered suffix, LOG.d for duplicate alias. v3 adds prefix format check, mailbox validation. Dashboard custom_alias.py mirrors the API logic with flash messages instead of JSON. Rate limit headers: Flask-Limiter default - API returns 429 with JSON {""error"": ""Rate limit exceeded""}, dashboard returns 429 HTML ""Whoa, slow down there, pardner!"". The ALIAS_LIMIT default is ""100/day;50/hour;5/minute"". Rate limit headers: X-RateLimit-Limit and X-RateLimit-Remaining are set by Flask-Limiter by default. When creating custom aliases with invalid or expired signed suffixes, the API returns HTTP 412 Precondition Failed.",False,high,"The agent's final answer focuses entirely on bounce email routing, VERP formats, and SMTP response codes, while the retrieved note discusses custom alias signature validation, prefix/suffix checks, and rate limiting headers, none of which appear in the agent's reasoning or final output."
control,20260921T112121.240847222Z-openclaw-sweatlasqa-pilot30-amem-repo-control-sglang,task-6905333b74f22949d97ba9b2,013,2,f019ed84-6878-4f7a-8de6-8fd3a7bc429d,5,link,55,,"I'm investigating a potential information leakage issue in SimpleLogin's bounce email handling system. I've noticed that the codebase appears to support two different address formats for processing email bounces, what looks like an older format with the email log ID visible in plain text and a newer format that seems to use some kind of signature verification.

I wonder how bounces are routed, I'm seeing that emails sent to addresses like bounce+12345+@domain seem to be processed differently than those using the newer signed format. What concerns me is whether an external attacker could craft bounce emails to these older-style addresses and learn something by observing the SMTP responses.

I'm curious what's actually happening under the hood here, where the security boundaries really are, and what slips through without cryptographic validation. I wonder what exact SMTP responses come back when probing different scenarios, such as hitting a valid ID versus an invalid one, and what happens when something doesn't quite meet the bounce validation requirements. I don't want theoretical explanations of what the code should do, I want to see actual evidence of how the system behaves in practice.

What also puzzles me is the bounce detection itself. What makes the system accept something as a bounce in the first place? What criteria does it check? Could an attacker who controls the SMTP envelope and headers spoof those criteria? I'm curious what happens when those checks pass versus when they don't. And beyond just valid versus invalid, I wonder if the response codes reveal more than just whether an ID exists.

Don't modify any source files in the repository. You can create test scripts to observe the actual behavior, but clean them up when finished.","EMAIL FORWARD RUNTIME VALUES:
1. SUCCESS FORWARD log messages: 
   - ""Finish mail_from %s, rcpt_tos %s, takes %s seconds with return code '%s'<<==="" (LOG.i in _handle) returns ""250 Message accepted for delivery""
   - Forward phase: ""Forward <Contact N email alias> -> <Alias N email alias> -> <Mailbox N email mailbox>"" (LOG.d in forward_email_to_mailbox)
   - EmailLog creation: ""Create <EmailLog N> for <Contact N email alias>, <User N name email>, <Mailbox N email mailbox>"" (LOG.d in forward_email_to_mailbox)
   - From header: ""From header, new:%s, old:%s"" (LOG.d showing new reverse-alias From header and old original)
   - VERP envelope sender: sl.{base32_payload}.{base32_signature}@{domain}
   
2. NON-EXISTENT ALIAS log messages:
   - ""alias %s not exist. Try to see if it can be created on the fly"" (LOG.d in handle_forward)
   - ""alias %s cannot be created on-the-fly, return 550"" (LOG.d in handle_forward)
   - Returns ""550 SL E515 Email not exist""
   
3. SL Message-ID: During forward, a UUID4 is generated by set_message_id() in _handle as the SL Message-ID for tracking, but this is NOT stored in EmailLog.sl_message_id (it stays None for forwards). The EmailLog.message_id stores the original Message-ID from the incoming email. The SL tracking message_id is only used for logging correlation.

4. From header transformation: Original ""Name <email>"" becomes ""Name - email at domain"" <reverse_alias@domain> or ""email at domain"" <reverse_alias@domain>. The reverse alias uses contact.reply_email which is generated as ""{contact_email_encoded}_{random_string}@{reply_domain}"".

5. Database records during single forward:
   - Contact: created with website_email, reply_email (reverse alias), alias_id, user_id
   - EmailLog: created with contact_id, user_id, mailbox_id, alias_id, message_id (original), is_reply=False, blocked=False, bounced=False, created_at timestamp
   - Alias.last_email_log_id updated to the new EmailLog.id",False,high,"The agent's final answer contains specific details about bounce routing, SMTP error codes (E512, E211, etc.), and security implications that are completely absent from the retrieved note, which only covers forward logging and VERP creation, indicating the agent relied on other knowledge or retrieved notes not shown here."
control,20260921T112121.240847222Z-openclaw-sweatlasqa-pilot30-amem-repo-control-sglang,task-6905333b74f22949d97ba9d0,016,1,dd3d5e4f-0769-410b-bc4c-cc763997f9c4,1,match,69,,"I'm evaluating paperless-ngx architecture and need to understand what background maintenance happens automatically. Set up the development environment, what periodic tasks are registered with the task scheduler, and where is the schedule configuration defined? Find the sanity checker; what does it validate, what log output does it produce, and how often does it run? Is there automatic index optimization or database cleanup? Check if there's a task that handles failed document retries or stuck processing jobs. Look at the Celery beat schedule configuration and list all recurring tasks with their intervals. Trace through the code to find where periodic tasks are defined and registered. What happens if a scheduled task fails; is there retry logic or alerting? Are there any tasks that run on startup versus strictly on schedule? Query the database to see if there's a table tracking task execution history or scheduled job state. What controls whether these maintenance features are enabled or disabled? Don't modify source code; observing system behavior is fine, clean up any test artifacts when done.","Paperless-ngx has 4 recurring scheduled tasks registered via Django-Q migrations (not Celery beat): 1) ""Train the classifier"" - documents.tasks.train_classifier - HOURLY (migration 1001). 2) ""Optimize the index"" - documents.tasks.index_optimize - DAILY (migration 1001). 3) ""Perform sanity check"" - documents.tasks.sanity_check - WEEKLY (migration 1004). 4) ""Check all e-mail accounts"" - paperless_mail.tasks.process_mail_accounts - every 10 MINUTES (migration paperless_mail/0002). All schedules are defined in migration files using django_q.tasks.schedule() with Schedule.HOURLY, Schedule.DAILY, Schedule.WEEKLY, Schedule.MINUTES constants.",True,high,"The agent's final answer explicitly lists the same four recurring tasks, their specific intervals (hourly, daily, weekly, 10 minutes), and the fact that they are registered via Django-Q migrations rather than Celery Beat, directly mirroring the specific facts provided in the retrieved note."
control,20260921T112121.240847222Z-openclaw-sweatlasqa-pilot30-amem-repo-control-sglang,task-6905333b74f22949d97ba9d0,016,1,627e44ff-7d89-4f9c-8933-5c79560750e9,2,match,59,,"I'm evaluating paperless-ngx architecture and need to understand what background maintenance happens automatically. Set up the development environment, what periodic tasks are registered with the task scheduler, and where is the schedule configuration defined? Find the sanity checker; what does it validate, what log output does it produce, and how often does it run? Is there automatic index optimization or database cleanup? Check if there's a task that handles failed document retries or stuck processing jobs. Look at the Celery beat schedule configuration and list all recurring tasks with their intervals. Trace through the code to find where periodic tasks are defined and registered. What happens if a scheduled task fails; is there retry logic or alerting? Are there any tasks that run on startup versus strictly on schedule? Query the database to see if there's a table tracking task execution history or scheduled job state. What controls whether these maintenance features are enabled or disabled? Don't modify source code; observing system behavior is fine, clean up any test artifacts when done.","Paperless-ngx index optimization is handled by documents.tasks.index_optimize() which opens the Whoosh index and commits with optimize=True (full optimization/compaction). It runs daily as a Django-Q scheduled task. Full reindex is available via manage.py document_index reindex and documents.tasks.index_reindex() — runs on startup if the index version file is missing/outdated. There is no automatic database cleanup or stale data pruning task. Database tables: Document, Log (application-level logs), Tag, Correspondent, DocumentType, SavedView. The Log model stores admin log entries for document operations but not task execution history.",True,high,"The agent's final answer explicitly incorporates specific facts from the retrieved note, such as the daily frequency of index optimization, the lack of automatic database cleanup, and the distinction that the Log model does not store task execution history, which directly informed the 'Failed Task Handling' and 'Database Cleanup' sections of the response."
control,20260921T112121.240847222Z-openclaw-sweatlasqa-pilot30-amem-repo-control-sglang,task-6905333b74f22949d97ba9d0,016,1,204fbb15-c015-48ac-9265-fcf17aaf0010,4,match,47,,"I'm evaluating paperless-ngx architecture and need to understand what background maintenance happens automatically. Set up the development environment, what periodic tasks are registered with the task scheduler, and where is the schedule configuration defined? Find the sanity checker; what does it validate, what log output does it produce, and how often does it run? Is there automatic index optimization or database cleanup? Check if there's a task that handles failed document retries or stuck processing jobs. Look at the Celery beat schedule configuration and list all recurring tasks with their intervals. Trace through the code to find where periodic tasks are defined and registered. What happens if a scheduled task fails; is there retry logic or alerting? Are there any tasks that run on startup versus strictly on schedule? Query the database to see if there's a table tracking task execution history or scheduled job state. What controls whether these maintenance features are enabled or disabled? Don't modify source code; observing system behavior is fine, clean up any test artifacts when done.","The sanity checker in /app/src/documents/sanity_checker.py validates: 1) Thumbnail existence and readability for each document. 2) Original source file existence and MD5 checksum match. 3) Archive file existence and checksum match (if present). 4) Archive checksum/filename consistency. 5) Documents with no content. 6) Orphaned files in media directory (files not referenced by any document). It logs via logger ""paperless.sanity_checker"" at ERROR/WARNING/INFO levels. Output: ""Sanity checker detected no issues."" or logs individual messages. Returns via tasks.sanity_check() which calls sanity_checker.check_sanity(). It runs weekly as a Django-Q scheduled task. There's also a CLI command: manage.py document_sanity_checker --no-progress-bar.",True,high,"The agent's final answer explicitly lists the specific validation checks (thumbnails, checksums, orphaned files) and the logging logger name ('paperless.sanity_checker') that were detailed in the retrieved note, confirming the note's content directly informed the description of the sanity checker."
control,20260921T112121.240847222Z-openclaw-sweatlasqa-pilot30-amem-repo-control-sglang,task-6905333b74f22949d97ba9d0,016,1,1b7a06b4-caa7-482e-97dd-49a5e14cefc5,5,match,58,,"I'm evaluating paperless-ngx architecture and need to understand what background maintenance happens automatically. Set up the development environment, what periodic tasks are registered with the task scheduler, and where is the schedule configuration defined? Find the sanity checker; what does it validate, what log output does it produce, and how often does it run? Is there automatic index optimization or database cleanup? Check if there's a task that handles failed document retries or stuck processing jobs. Look at the Celery beat schedule configuration and list all recurring tasks with their intervals. Trace through the code to find where periodic tasks are defined and registered. What happens if a scheduled task fails; is there retry logic or alerting? Are there any tasks that run on startup versus strictly on schedule? Query the database to see if there's a table tracking task execution history or scheduled job state. What controls whether these maintenance features are enabled or disabled? Don't modify source code; observing system behavior is fine, clean up any test artifacts when done.","Failed task handling in paperless-ngx: Django-Q's Q_CLUSTER settings control retries (retry=1810s, timeout=1800s) — if a task fails, Q_CLUSTER retries automatically for the retry period. There is no custom retry logic in paperless-ngx code itself, no custom on_failure/on_success callbacks, and no alerting/notification system for failed tasks. The Q_CLUSTER catch_up=False means no backlog processing. No task execution history table is part of paperless-ngx models — Django-Q stores its own task/schedule data in its own tables (django_q_task, django_q_schedule) which are not queried by paperless-ngx code. Failed document consumption logs errors via the LoggingMixin and Consumer._fail() method but has no automatic retry for failed documents.",True,high,"The agent's final answer explicitly incorporates specific details from the retrieved note, such as the Django-Q retry duration (1810s/~30 minutes), the absence of custom retry logic or alerting, the `catch_up=False` behavior, and the fact that task history is stored in Django-Q tables rather than paperless-ngx models, all of which directly reflect the content of the note."
control,20260921T112121.240847222Z-openclaw-sweatlasqa-pilot30-amem-repo-control-sglang,task-6905333b74f22949d97ba9d0,016,1,8c457bee-423b-4cfb-b12d-166033e3f8df,6,link,54,,"I'm evaluating paperless-ngx architecture and need to understand what background maintenance happens automatically. Set up the development environment, what periodic tasks are registered with the task scheduler, and where is the schedule configuration defined? Find the sanity checker; what does it validate, what log output does it produce, and how often does it run? Is there automatic index optimization or database cleanup? Check if there's a task that handles failed document retries or stuck processing jobs. Look at the Celery beat schedule configuration and list all recurring tasks with their intervals. Trace through the code to find where periodic tasks are defined and registered. What happens if a scheduled task fails; is there retry logic or alerting? Are there any tasks that run on startup versus strictly on schedule? Query the database to see if there's a table tracking task execution history or scheduled job state. What controls whether these maintenance features are enabled or disabled? Don't modify source code; observing system behavior is fine, clean up any test artifacts when done.","Paperless-ngx Docker startup sequence (docker-entrypoint.sh + docker-prepare.sh): 1) Install additional OCR languages if PAPERLESS_OCR_LANGUAGES set. 2) Map UID/GID. 3) Create directories (export, data, media, consume, etc). 4) Fix permissions. 5) docker-prepare.sh: wait for PostgreSQL if PAPERLESS_DBHOST set, wait for Redis, run database migrations, check if search index is out of date and reindex if needed, create superuser if PAPERLESS_ADMIN_USER set. Supervisord manages 3 processes: gunicorn (web server), consumer (document_consumer management command watching consume dir), scheduler (qcluster management command). No Celery beat is used — Django-Q qcluster handles both async task queue and periodic scheduling.",True,high,"The agent explicitly used the note's claim that 'No Celery beat is used — Django-Q qcluster handles both async task queue and periodic scheduling' to correctly identify the task queue system as Django-Q in the final answer, and subsequently searched for Django-Q configuration (Q_CLUSTER) rather than Celery Beat, aligning its investigation path with the note's specific architectural correction."
control,20260921T112121.240847222Z-openclaw-sweatlasqa-pilot30-amem-repo-control-sglang,task-6905333b74f22949d97ba9d1,017,2,0e10d9ab-5877-46c3-ba74-a5570e0881f5,1,match,81,,"I want to understand how Paperless-NGX keeps its search index synchronized with document changes before I start working with this codebase. With the full environment running, I'm curious what actually happens at runtime when a document gets modified after it's already been ingested. If I change an existing document's title through the API to something unique and then search for that exact new title within a few seconds, does the document appear in results immediately, or do I need to wait for background processing to complete? While making this change, I want to watch what happens in the background task worker process specifically to see whether any job gets picked up in response to the edit, or whether the update completes entirely within the API request before returning. Something I particularly want to explore is what happens if a document's title gets updates directly in the database using a raw SQL statement rather than through the API. After making that direct change and searching for the new title, does the document appear in search results, or does the index remain stale? If it stays stale, I want to know whether there is a way to force the system to reconcile the index with the current database state, and what observable effect that reconciliation process has on the worker logs and task queue. I'm also wondering how the system would behave if the search index became corrupted or deleted entirely while documents still exist in the database. After removing the index files and triggering whatever recovery mechanism exists, how long does reconstruction take for a small set of documents, and what processing activity is visible during that rebuild? The goal is to understand whether the system can self-heal from index inconsistencies or whether manual intervention is always required. You may create temporary test documents for observation, but don't modify any source files and clean up test artifacts when finished.","CRITICAL: Index synchronization in Paperless-ngx works differently for API updates vs. raw SQL. The add_to_index signal handler is connected to document_consumption_finished (sent by Consumer._store()), NOT to Document.post_save. The DocumentViewSet.update() method (views.py:212-215) explicitly calls index.add_or_update_document() SYNCHRONOUSLY after the API update completes - meaning the index is updated within the same API request thread, before the response returns. Bulk operations (bulk_edit.py) use async_task to call tasks.bulk_update_documents(), which sends post_save signals for affected docs and updates the index with one writer. Raw SQL updates bypass both the API and signals, so the index remains stale.",True,high,"The agent's final answer explicitly mirrors the specific technical details from the retrieved note, including the synchronous nature of `DocumentViewSet.update()`, the disconnection of `add_to_index` from `Document.post_save`, and the behavior of raw SQL updates leaving the index stale."
control,20260921T112121.240847222Z-openclaw-sweatlasqa-pilot30-amem-repo-control-sglang,task-6905333b74f22949d97ba9d1,017,2,75f4adaf-8a5f-4b01-b0ec-29f8fa3c673b,3,match,64,,"I want to understand how Paperless-NGX keeps its search index synchronized with document changes before I start working with this codebase. With the full environment running, I'm curious what actually happens at runtime when a document gets modified after it's already been ingested. If I change an existing document's title through the API to something unique and then search for that exact new title within a few seconds, does the document appear in results immediately, or do I need to wait for background processing to complete? While making this change, I want to watch what happens in the background task worker process specifically to see whether any job gets picked up in response to the edit, or whether the update completes entirely within the API request before returning. Something I particularly want to explore is what happens if a document's title gets updates directly in the database using a raw SQL statement rather than through the API. After making that direct change and searching for the new title, does the document appear in search results, or does the index remain stale? If it stays stale, I want to know whether there is a way to force the system to reconcile the index with the current database state, and what observable effect that reconciliation process has on the worker logs and task queue. I'm also wondering how the system would behave if the search index became corrupted or deleted entirely while documents still exist in the database. After removing the index files and triggering whatever recovery mechanism exists, how long does reconstruction take for a small set of documents, and what processing activity is visible during that rebuild? The goal is to understand whether the system can self-heal from index inconsistencies or whether manual intervention is always required. You may create temporary test documents for observation, but don't modify any source files and clean up test artifacts when finished.","Index recovery mechanisms in Paperless-ngx: 1) manage.py document_index reindex - full rebuild by iterating all Documents and updating index; 2) manage.py document_index optimize - compacts Whoosh index with optimize=True; 3) docker-prepare.sh runs reindex on startup if .index_version file is missing or outdated (version=1); 4) index_reindex() also called if index directory doesn't exist or can't be opened (open_index catches exceptions). No automatic periodic reconciliation of DB vs index exists outside of reindex - the system does NOT self-heal from DB-only changes like raw SQL. For recovery after corruption: delete index dir, then run manage.py document_index reindex.",True,high,"The agent's final answer explicitly incorporates the note's specific claims that there is no automatic periodic reconciliation, that raw SQL changes leave the index stale because the signal is tied to ingestion rather than post_save, and that recovery requires manual reindexing or startup checks, directly reflecting the technical details provided in the retrieved note."
control,20260921T112121.240847222Z-openclaw-sweatlasqa-pilot30-amem-repo-control-sglang,task-6905333b74f22949d97ba9d2,018,1,dd3d5e4f-0769-410b-bc4c-cc763997f9c4,1,match,65,,"I’m trying to get a big-picture understanding of how documents flow through the system. How does a new document usually enter paperless-ngx. Once a document is received, what are the main stages it goes through before it’s fully processed and available, are there any background jobs and what is used for background execution.

I’m also curious about the kind of information paperless stores for each document. What metadata fields are saved, and which ones are absolutely required versus optional or derived later during runtime-processing. Can you show with a runtime example?

Also I wonder how things like tags, correspondents, and document types are used together to organize documents in a practical way.

Please don’t make any changes to the repository itself. You can create temporary scripts for testing if needed but do clean them up once you're done.","Paperless-ngx has 4 recurring scheduled tasks registered via Django-Q migrations (not Celery beat): 1) ""Train the classifier"" - documents.tasks.train_classifier - HOURLY (migration 1001). 2) ""Optimize the index"" - documents.tasks.index_optimize - DAILY (migration 1001). 3) ""Perform sanity check"" - documents.tasks.sanity_check - WEEKLY (migration 1004). 4) ""Check all e-mail accounts"" - paperless_mail.tasks.process_mail_accounts - every 10 MINUTES (migration paperless_mail/0002). All schedules are defined in migration files using django_q.tasks.schedule() with Schedule.HOURLY, Schedule.DAILY, Schedule.WEEKLY, Schedule.MINUTES constants.",True,high,"The agent's final answer explicitly lists the same four specific background tasks (train_classifier, index_optimize, sanity_check, process_mail_accounts) with their exact frequencies and execution engine (Django-Q) as detailed in the retrieved note, confirming it used this information to answer the question about background jobs."
control,20260921T112121.240847222Z-openclaw-sweatlasqa-pilot30-amem-repo-control-sglang,task-6905333b74f22949d97ba9d2,018,1,8c457bee-423b-4cfb-b12d-166033e3f8df,5,match,64,,"I’m trying to get a big-picture understanding of how documents flow through the system. How does a new document usually enter paperless-ngx. Once a document is received, what are the main stages it goes through before it’s fully processed and available, are there any background jobs and what is used for background execution.

I’m also curious about the kind of information paperless stores for each document. What metadata fields are saved, and which ones are absolutely required versus optional or derived later during runtime-processing. Can you show with a runtime example?

Also I wonder how things like tags, correspondents, and document types are used together to organize documents in a practical way.

Please don’t make any changes to the repository itself. You can create temporary scripts for testing if needed but do clean them up once you're done.","Paperless-ngx Docker startup sequence (docker-entrypoint.sh + docker-prepare.sh): 1) Install additional OCR languages if PAPERLESS_OCR_LANGUAGES set. 2) Map UID/GID. 3) Create directories (export, data, media, consume, etc). 4) Fix permissions. 5) docker-prepare.sh: wait for PostgreSQL if PAPERLESS_DBHOST set, wait for Redis, run database migrations, check if search index is out of date and reindex if needed, create superuser if PAPERLESS_ADMIN_USER set. Supervisord manages 3 processes: gunicorn (web server), consumer (document_consumer management command watching consume dir), scheduler (qcluster management command). No Celery beat is used — Django-Q qcluster handles both async task queue and periodic scheduling.",True,high,"The agent explicitly used the note's information about the background execution infrastructure to correctly identify Django-Q (qcluster) and Redis in the final answer, explicitly noting 'not Celery' which matches the note's specific claim, and this distinction drove the agent's subsequent investigation into settings and management commands."
control,20260921T112121.240847222Z-openclaw-sweatlasqa-pilot30-amem-repo-control-sglang,task-6905333b74f22949d97ba9d2,018,2,d97a95c2-828a-4c8f-8093-3279d8aa22f1,1,match,62,,"I’m trying to get a big-picture understanding of how documents flow through the system. How does a new document usually enter paperless-ngx. Once a document is received, what are the main stages it goes through before it’s fully processed and available, are there any background jobs and what is used for background execution.

I’m also curious about the kind of information paperless stores for each document. What metadata fields are saved, and which ones are absolutely required versus optional or derived later during runtime-processing. Can you show with a runtime example?

Also I wonder how things like tags, correspondents, and document types are used together to organize documents in a practical way.

Please don’t make any changes to the repository itself. You can create temporary scripts for testing if needed but do clean them up once you're done.","Complete document processing pipeline: 1) Entry points: drop file into CONSUMPTION_DIR (watched by document_consumer management command via inotify/polling), save via API/CLI, fetch from email (paperless_mail every 10 min). 2) Pre-checks: file exists, directories ready, duplicate check (MD5 checksum comparison against existing docs). 3) Parser selection: MIME type detected via libmagic, parser registered via document_consumer_declaration signal (paperless_tesseract: PDF/images via OCRmyPDF, paperless_tika: Office docs via Apache Tika server, paperless_text: plain text). 4) Parse: extract text content, generate archive PDF (OCR), generate thumbnail, extract date. 5) Store: create Document object in DB (title, content, mime_type, checksum, created, modified, storage_type), apply overrides (correspondent, doc_type, tags). 6) Post-consume signals (document_consumption_finished): add inbox tags, auto-match correspondent via classifier, auto-match document type via classifier, auto-match tags via classifier, create admin log entry, update Whoosh search index. 7) File operations: copy source/original/archive/thumbnail to MEDIA_ROOT with generated unique filename, delete consumed temp file. 8) Post-consume script (if configured). Background tasks: Django-Q qcluster runs train_classifier (hourly), index_optimize (daily), sanity_check (weekly), process_mail_accounts (every 10 min).",True,high,"The agent's final answer explicitly lists the specific background tasks (train_classifier, index_optimize, etc.) and their frequencies, as well as the detailed 8-stage processing pipeline and entry points, which are unique facts contained entirely within the retrieved note."
control,20260921T112121.240847222Z-openclaw-sweatlasqa-pilot30-amem-repo-control-sglang,task-6905333b74f22949d97ba9d2,018,2,0cc7664d-5e42-46f7-9c7a-522d7f9be90c,2,match,62,,"I’m trying to get a big-picture understanding of how documents flow through the system. How does a new document usually enter paperless-ngx. Once a document is received, what are the main stages it goes through before it’s fully processed and available, are there any background jobs and what is used for background execution.

I’m also curious about the kind of information paperless stores for each document. What metadata fields are saved, and which ones are absolutely required versus optional or derived later during runtime-processing. Can you show with a runtime example?

Also I wonder how things like tags, correspondents, and document types are used together to organize documents in a practical way.

Please don’t make any changes to the repository itself. You can create temporary scripts for testing if needed but do clean them up once you're done.","Three organization dimensions work together: Tags (M2M, documents can have many, used for categorization like ""invoice"" ""receipt"" ""tax""), Correspondents (FK, one-to-one, the source/creator of the document like a company or person), Document Types (FK, one-to-one, the kind of document like ""invoice"" ""contract"" ""letter""). MatchingModel base class provides: match string (pattern to search in document content), matching_algorithm (ANY/ALL/LITERAL/REGEX/FUZZY/AUTO for automatic ML classification), is_insensitive flag. Practical usage: A document about an invoice from ""Acme Corp"" would have correspondent=Acme Corp, document_type=Invoice, tags=[Urgent, Tax-2024]. Correspondent identifies who sent it, DocType identifies what kind of document it is, Tags add additional cross-cutting labels. Multiple tags on one doc is common; one correspondent and one doc_type per doc is enforced by FK structure.",True,high,"The final answer explicitly incorporates the specific structural details from the note, such as Tags being M2M with many per doc, while Correspondents and Document Types are FK with one per doc, and mentions the MatchingModel inheritance with its specific algorithms, which directly mirrors the retrieved note's content."
control,20260921T112121.240847222Z-openclaw-sweatlasqa-pilot30-amem-repo-control-sglang,task-6905333b74f22949d97ba9d2,018,2,ff08c5d1-81ba-4cee-bd6e-5e013dca555b,4,match,56,,"I’m trying to get a big-picture understanding of how documents flow through the system. How does a new document usually enter paperless-ngx. Once a document is received, what are the main stages it goes through before it’s fully processed and available, are there any background jobs and what is used for background execution.

I’m also curious about the kind of information paperless stores for each document. What metadata fields are saved, and which ones are absolutely required versus optional or derived later during runtime-processing. Can you show with a runtime example?

Also I wonder how things like tags, correspondents, and document types are used together to organize documents in a practical way.

Please don’t make any changes to the repository itself. You can create temporary scripts for testing if needed but do clean them up once you're done.","Document metadata fields: REQUIRED at creation (via Document.objects.create): title (str, max 127), content (text, from OCR/text extraction), mime_type (str, auto-detected), checksum (MD5, computed), created (datetime, from filename/parser/fallback to mtime), modified (datetime, set to created then auto_now), storage_type (str, defaults ""unencrypted""). DERIVED/DURING CONSUMPTION: archive_checksum (MD5 of archive PDF), archive_filename (generated later), filename (generated unique name like ""0000001.pdf"", set during _store), added (datetime, now at save time). OPTIONAL/RELATIONSHIP: correspondent (FK to Correspondent, null), document_type (FK to DocType, null), tags (M2M to Tag, many), archive_serial_number (int, null). AUTO-POPULATED DURING POST-CONSUME: correspondent (matched via classifier/text patterns), document_type (matched via classifier), tags (inbox tags + matched via classifier). GENERATED DURING RUNTIME: thumbnail_path (pk:07.png), source_path (from filename), archive_path (from archive_filename), file_type (from mime_type extension).",True,high,"The agent's final answer explicitly lists the 7 required metadata fields (title, content, mime_type, checksum, created, modified, storage_type) and distinguishes them from derived fields (archive_checksum, filename, correspondent, document_type, tags) exactly as detailed in the retrieved note."
control,20260921T112121.240847222Z-openclaw-sweatlasqa-pilot30-amem-repo-control-sglang,task-6905333b74f22949d97ba9d2,018,2,dd3d5e4f-0769-410b-bc4c-cc763997f9c4,5,match,58,,"I’m trying to get a big-picture understanding of how documents flow through the system. How does a new document usually enter paperless-ngx. Once a document is received, what are the main stages it goes through before it’s fully processed and available, are there any background jobs and what is used for background execution.

I’m also curious about the kind of information paperless stores for each document. What metadata fields are saved, and which ones are absolutely required versus optional or derived later during runtime-processing. Can you show with a runtime example?

Also I wonder how things like tags, correspondents, and document types are used together to organize documents in a practical way.

Please don’t make any changes to the repository itself. You can create temporary scripts for testing if needed but do clean them up once you're done.","Paperless-ngx has 4 recurring scheduled tasks registered via Django-Q migrations (not Celery beat): 1) ""Train the classifier"" - documents.tasks.train_classifier - HOURLY (migration 1001). 2) ""Optimize the index"" - documents.tasks.index_optimize - DAILY (migration 1001). 3) ""Perform sanity check"" - documents.tasks.sanity_check - WEEKLY (migration 1004). 4) ""Check all e-mail accounts"" - paperless_mail.tasks.process_mail_accounts - every 10 MINUTES (migration paperless_mail/0002). All schedules are defined in migration files using django_q.tasks.schedule() with Schedule.HOURLY, Schedule.DAILY, Schedule.WEEKLY, Schedule.MINUTES constants.",True,high,"The agent's final answer explicitly lists the four specific background tasks (train_classifier, index_optimize, sanity_check, process_mail_accounts) and their frequencies (hourly, daily, weekly, every 10 min) which match the details in the retrieved note, and correctly identifies Django-Q as the background execution system mentioned in the note."
control,20260921T112121.240847222Z-openclaw-sweatlasqa-pilot30-amem-repo-control-sglang,task-6905333b74f22949d97ba9d2,018,2,8c457bee-423b-4cfb-b12d-166033e3f8df,6,link,53,,"I’m trying to get a big-picture understanding of how documents flow through the system. How does a new document usually enter paperless-ngx. Once a document is received, what are the main stages it goes through before it’s fully processed and available, are there any background jobs and what is used for background execution.

I’m also curious about the kind of information paperless stores for each document. What metadata fields are saved, and which ones are absolutely required versus optional or derived later during runtime-processing. Can you show with a runtime example?

Also I wonder how things like tags, correspondents, and document types are used together to organize documents in a practical way.

Please don’t make any changes to the repository itself. You can create temporary scripts for testing if needed but do clean them up once you're done.","Paperless-ngx Docker startup sequence (docker-entrypoint.sh + docker-prepare.sh): 1) Install additional OCR languages if PAPERLESS_OCR_LANGUAGES set. 2) Map UID/GID. 3) Create directories (export, data, media, consume, etc). 4) Fix permissions. 5) docker-prepare.sh: wait for PostgreSQL if PAPERLESS_DBHOST set, wait for Redis, run database migrations, check if search index is out of date and reindex if needed, create superuser if PAPERLESS_ADMIN_USER set. Supervisord manages 3 processes: gunicorn (web server), consumer (document_consumer management command watching consume dir), scheduler (qcluster management command). No Celery beat is used — Django-Q qcluster handles both async task queue and periodic scheduling.",True,high,"The agent's final answer explicitly states that 'Django-Q (not Celery)' is used for background execution and mentions 'qcluster', which directly reflects the specific technical detail in the retrieved note that 'No Celery beat is used — Django-Q qcluster handles both async task queue and periodic scheduling'."
control,20260921T112121.240847222Z-openclaw-sweatlasqa-pilot30-amem-repo-control-sglang,task-6905333b74f22949d97ba9d3,019,1,d97a95c2-828a-4c8f-8093-3279d8aa22f1,1,match,72,,"I am trying to understand how paperless-ngx processes documents at runtime before making any changes. Once the application is up and all of its services are running, I want to submit a test PDF and observe how the ingestion pipeline actually behaves. As the document moves through the system, which services are involved, and what sequence of events shows up in the logs? I also want to upload a few more documents and watch how the system reacts after each one. Does the machine learning classifier retrain automatically on every upload, or only under certain conditions, and what log messages make it clear when training is happening versus when the classifier stays idle? After a document finishes processing, I want to see where it ends up on disk, what directory structure and filename pattern paperless-ngx uses by default, and which database tables receive new rows as part of ingestion. You should not modify or edit any existing files in the repository, but you can create temporary scripts or test documents if they help with the investigation, as long as everything you create is cleaned up when you are done.","Complete document processing pipeline: 1) Entry points: drop file into CONSUMPTION_DIR (watched by document_consumer management command via inotify/polling), save via API/CLI, fetch from email (paperless_mail every 10 min). 2) Pre-checks: file exists, directories ready, duplicate check (MD5 checksum comparison against existing docs). 3) Parser selection: MIME type detected via libmagic, parser registered via document_consumer_declaration signal (paperless_tesseract: PDF/images via OCRmyPDF, paperless_tika: Office docs via Apache Tika server, paperless_text: plain text). 4) Parse: extract text content, generate archive PDF (OCR), generate thumbnail, extract date. 5) Store: create Document object in DB (title, content, mime_type, checksum, created, modified, storage_type), apply overrides (correspondent, doc_type, tags). 6) Post-consume signals (document_consumption_finished): add inbox tags, auto-match correspondent via classifier, auto-match document type via classifier, auto-match tags via classifier, create admin log entry, update Whoosh search index. 7) File operations: copy source/original/archive/thumbnail to MEDIA_ROOT with generated unique filename, delete consumed temp file. 8) Post-consume script (if configured). Background tasks: Django-Q qcluster runs train_classifier (hourly), index_optimize (daily), sanity_check (weekly), process_mail_accounts (every 10 min).",True,high,"The agent's final answer directly mirrors the specific details from the retrieved note, including the exact sequence of pipeline steps, the specific background tasks (train_classifier hourly, index_optimize daily, etc.), and the file operations described in the note, confirming it used the note as the primary source for the structural explanation."
control,20260921T112121.240847222Z-openclaw-sweatlasqa-pilot30-amem-repo-control-sglang,task-6905333b74f22949d97ba9d3,019,1,dd3d5e4f-0769-410b-bc4c-cc763997f9c4,4,match,62,,"I am trying to understand how paperless-ngx processes documents at runtime before making any changes. Once the application is up and all of its services are running, I want to submit a test PDF and observe how the ingestion pipeline actually behaves. As the document moves through the system, which services are involved, and what sequence of events shows up in the logs? I also want to upload a few more documents and watch how the system reacts after each one. Does the machine learning classifier retrain automatically on every upload, or only under certain conditions, and what log messages make it clear when training is happening versus when the classifier stays idle? After a document finishes processing, I want to see where it ends up on disk, what directory structure and filename pattern paperless-ngx uses by default, and which database tables receive new rows as part of ingestion. You should not modify or edit any existing files in the repository, but you can create temporary scripts or test documents if they help with the investigation, as long as everything you create is cleaned up when you are done.","Paperless-ngx has 4 recurring scheduled tasks registered via Django-Q migrations (not Celery beat): 1) ""Train the classifier"" - documents.tasks.train_classifier - HOURLY (migration 1001). 2) ""Optimize the index"" - documents.tasks.index_optimize - DAILY (migration 1001). 3) ""Perform sanity check"" - documents.tasks.sanity_check - WEEKLY (migration 1004). 4) ""Check all e-mail accounts"" - paperless_mail.tasks.process_mail_accounts - every 10 MINUTES (migration paperless_mail/0002). All schedules are defined in migration files using django_q.tasks.schedule() with Schedule.HOURLY, Schedule.DAILY, Schedule.WEEKLY, Schedule.MINUTES constants.",True,high,"The agent explicitly used the note's information about Django-Q migrations to identify the classifier training schedule (HOURLY) and the specific task name, which it then incorporated into the final answer regarding when training occurs and the associated log messages."
control,20260921T112121.240847222Z-openclaw-sweatlasqa-pilot30-amem-repo-control-sglang,task-6905333b74f22949d97ba9d3,019,1,ff08c5d1-81ba-4cee-bd6e-5e013dca555b,12,link,41,,"I am trying to understand how paperless-ngx processes documents at runtime before making any changes. Once the application is up and all of its services are running, I want to submit a test PDF and observe how the ingestion pipeline actually behaves. As the document moves through the system, which services are involved, and what sequence of events shows up in the logs? I also want to upload a few more documents and watch how the system reacts after each one. Does the machine learning classifier retrain automatically on every upload, or only under certain conditions, and what log messages make it clear when training is happening versus when the classifier stays idle? After a document finishes processing, I want to see where it ends up on disk, what directory structure and filename pattern paperless-ngx uses by default, and which database tables receive new rows as part of ingestion. You should not modify or edit any existing files in the repository, but you can create temporary scripts or test documents if they help with the investigation, as long as everything you create is cleaned up when you are done.","Document metadata fields: REQUIRED at creation (via Document.objects.create): title (str, max 127), content (text, from OCR/text extraction), mime_type (str, auto-detected), checksum (MD5, computed), created (datetime, from filename/parser/fallback to mtime), modified (datetime, set to created then auto_now), storage_type (str, defaults ""unencrypted""). DERIVED/DURING CONSUMPTION: archive_checksum (MD5 of archive PDF), archive_filename (generated later), filename (generated unique name like ""0000001.pdf"", set during _store), added (datetime, now at save time). OPTIONAL/RELATIONSHIP: correspondent (FK to Correspondent, null), document_type (FK to DocType, null), tags (M2M to Tag, many), archive_serial_number (int, null). AUTO-POPULATED DURING POST-CONSUME: correspondent (matched via classifier/text patterns), document_type (matched via classifier), tags (inbox tags + matched via classifier). GENERATED DURING RUNTIME: thumbnail_path (pk:07.png), source_path (from filename), archive_path (from archive_filename), file_type (from mime_type extension).",True,high,"The agent's final answer explicitly references specific metadata fields (e.g., `archive_checksum`, `storage_type`), filename patterns (`{pk:07d}.{ext}`), and the sequence of post-consume handlers (inbox tags, matching, index update) that directly correspond to the details provided in the retrieved note."
control,20260921T112121.240847222Z-openclaw-sweatlasqa-pilot30-amem-repo-control-sglang,task-6905333b74f22949d97ba9d4,020,1,dd3d5e4f-0769-410b-bc4c-cc763997f9c4,3,match,62,,"I want to understand how Paperless-NGX behaves at runtime once the system is up and idle, before I start making changes to the codebase. Get Paperless-NGX running at the specified commit. Once it's idle and stable, what background processes or tasks continue executing automatically? What are the actual log entries that appear periodically showing the system is healthy and ready? I need the specific log messages, their frequency, and what they indicate. 
Also, if you briefly interrupt and restart part of the system, what specific log messages confirm everything has reconnected and is operational again? What components or processes keep running continuously to maintain Paperless-NGX in a ready state, even when no documents are being processed? You may use temporary helper commands or inspection tools if needed, but don’t modify any source files and clean up any temporary artifacts when you’re done.","Paperless-ngx has 4 recurring scheduled tasks registered via Django-Q migrations (not Celery beat): 1) ""Train the classifier"" - documents.tasks.train_classifier - HOURLY (migration 1001). 2) ""Optimize the index"" - documents.tasks.index_optimize - DAILY (migration 1001). 3) ""Perform sanity check"" - documents.tasks.sanity_check - WEEKLY (migration 1004). 4) ""Check all e-mail accounts"" - paperless_mail.tasks.process_mail_accounts - every 10 MINUTES (migration paperless_mail/0002). All schedules are defined in migration files using django_q.tasks.schedule() with Schedule.HOURLY, Schedule.DAILY, Schedule.WEEKLY, Schedule.MINUTES constants.",True,high,"The agent's final answer explicitly lists the four recurring scheduled tasks (classifier training, index optimization, sanity check, email check) with their specific frequencies and migration sources, which directly mirrors the detailed information provided in the retrieved note."
control,20260921T112121.240847222Z-openclaw-sweatlasqa-pilot30-amem-repo-control-sglang,task-6905333b74f22949d97ba9d4,020,1,8c457bee-423b-4cfb-b12d-166033e3f8df,4,match,53,,"I want to understand how Paperless-NGX behaves at runtime once the system is up and idle, before I start making changes to the codebase. Get Paperless-NGX running at the specified commit. Once it's idle and stable, what background processes or tasks continue executing automatically? What are the actual log entries that appear periodically showing the system is healthy and ready? I need the specific log messages, their frequency, and what they indicate. 
Also, if you briefly interrupt and restart part of the system, what specific log messages confirm everything has reconnected and is operational again? What components or processes keep running continuously to maintain Paperless-NGX in a ready state, even when no documents are being processed? You may use temporary helper commands or inspection tools if needed, but don’t modify any source files and clean up any temporary artifacts when you’re done.","Paperless-ngx Docker startup sequence (docker-entrypoint.sh + docker-prepare.sh): 1) Install additional OCR languages if PAPERLESS_OCR_LANGUAGES set. 2) Map UID/GID. 3) Create directories (export, data, media, consume, etc). 4) Fix permissions. 5) docker-prepare.sh: wait for PostgreSQL if PAPERLESS_DBHOST set, wait for Redis, run database migrations, check if search index is out of date and reindex if needed, create superuser if PAPERLESS_ADMIN_USER set. Supervisord manages 3 processes: gunicorn (web server), consumer (document_consumer management command watching consume dir), scheduler (qcluster management command). No Celery beat is used — Django-Q qcluster handles both async task queue and periodic scheduling.",True,high,"The agent's final answer explicitly identifies the three specific processes (gunicorn, document_consumer, qcluster) and the architectural detail that Django-Q qcluster handles both async tasks and periodic scheduling (replacing Celery beat), which are the core facts provided in the retrieved note."
control,20260921T112121.240847222Z-openclaw-sweatlasqa-pilot30-amem-repo-control-sglang,task-6905333b74f22949d97ba9d4,020,1,febf3e79-cd88-4919-8682-a1568bfc2bfb,12,link,40,,"I want to understand how Paperless-NGX behaves at runtime once the system is up and idle, before I start making changes to the codebase. Get Paperless-NGX running at the specified commit. Once it's idle and stable, what background processes or tasks continue executing automatically? What are the actual log entries that appear periodically showing the system is healthy and ready? I need the specific log messages, their frequency, and what they indicate. 
Also, if you briefly interrupt and restart part of the system, what specific log messages confirm everything has reconnected and is operational again? What components or processes keep running continuously to maintain Paperless-NGX in a ready state, even when no documents are being processed? You may use temporary helper commands or inspection tools if needed, but don’t modify any source files and clean up any temporary artifacts when you’re done.",Docker startup services (supervisord.conf): 1) gunicorn - serves Django REST API via ASGI application. 2) consumer - runs manage.py document_consumer which watches CONSUMPTION_DIR (inotify or polling). 3) scheduler - runs manage.py qcluster (Django-Q task queue + periodic scheduler). Startup sequence (docker-prepare.sh): wait for PostgreSQL → wait for Redis → run migrations → check/rebuild Whoosh index → create superuser. Supervisord runs all 3 processes in foreground (nodaemon=true).,True,high,"The agent explicitly executed commands to read `supervisord.conf` and `docker-prepare.sh` as indicated by the note, and the final answer correctly identifies the three specific processes (gunicorn, consumer, qcluster) and the startup sequence details that were the primary content of the retrieved note."
control,20260921T112121.240847222Z-openclaw-sweatlasqa-pilot30-amem-repo-control-sglang,task-6905333b74f22949d97ba9d5,021,1,d97a95c2-828a-4c8f-8093-3279d8aa22f1,1,match,76,,"I’m trying to understand how data moves through Paperless-NGX during normal document ingestion so I can get oriented before working on the codebase. When Paperless-NGX is running from this repository at the specified commit and a new document appears in the system, what observable runtime behavior shows how the document is detected and handed off for processing? What log messages, task names, or state changes indicate the transition from initial detection into parsing, classification, and indexing, and how does the system reflect progress or completion of each stage while the document is being processed? After processing finishes, what observable evidence shows where the document’s data ends up and how its final state is recorded? Based on what you can directly observe at runtime, how does Paperless-NGX track whether a document has already been processed or needs further work, and what behavior or logs indicate how the system avoids duplicate processing? Keep the explanation grounded in runtime observations rather than assumptions from reading the code alone. You may use temporary test files if helpful, but don’t modify any source files and clean up any temporary artifacts when you’re done.","Paperless-ngx document ingestion pipeline complete flow: 1) Entry points: (a) Drop file into CONSUMPTION_DIR watched by document_consumer management command via inotify (default) or polling. (b) POST to /api/documents/post_document/ API endpoint (PostDocumentView) which writes file to SCRATCH_DIR then calls async_task(""documents.tasks.consume_file""). (c) Paperless-mail pulls from email accounts every 10 minutes. 2) tasks.consume_file() handles barcode splitting first, then delegates to Consumer().try_consume_file(). 3) Consumer.pre_check_file_exists() → pre_check_directories() → pre_check_duplicate() (MD5 checksum against Document.checksum and Document.archive_checksum). 4) Mime type detected via libmagic. Parser selected via document_consumer_declaration signal (paperless_tesseract for PDF/images via OCRmyPDF, paperless_tika for Office docs via Tika server, paperless_text for plain text). 5) Parser.parse() extracts text, generates archive PDF (OCR), extracts date. Parser.get_optimised_thumbnail() creates thumbnail. 6) Classifier loaded via load_classifier() before storing. 7) Consumer._store() creates Document DB object in atomic transaction, calls apply_overrides(), saves. 8) document_consumption_finished signal sent, triggering 5 handlers via apps.py ready(): add_inbox_tags, set_correspondent, set_document_type, set_tags, set_log_entry, add_to_index. 9) Files written to disk under MEDIA_LOCK: source to ORIGINALS_DIR, thumbnail to THUMBNAIL_DIR, archive to ARCHIVE_DIR. Temp files cleaned up. 10) Document saved with final filename. Consumed file deleted. Post-consume script runs. 11) Progress sent via WebSocket to UI group ""status_updates"".",True,high,"The agent's final answer explicitly mirrors the specific details from the retrieved note, including the three entry points, the specific signal name `document_consumer_declaration`, the deduplication logic using MD5 checksums against `Document.checksum`, the 11-step pipeline structure, and the WebSocket channel group name `status_updates`, confirming the note directly shaped the content of the response."
control,20260921T112121.240847222Z-openclaw-sweatlasqa-pilot30-amem-repo-control-sglang,task-6905333b74f22949d97ba9d5,021,1,8c457bee-423b-4cfb-b12d-166033e3f8df,6,link,58,,"I’m trying to understand how data moves through Paperless-NGX during normal document ingestion so I can get oriented before working on the codebase. When Paperless-NGX is running from this repository at the specified commit and a new document appears in the system, what observable runtime behavior shows how the document is detected and handed off for processing? What log messages, task names, or state changes indicate the transition from initial detection into parsing, classification, and indexing, and how does the system reflect progress or completion of each stage while the document is being processed? After processing finishes, what observable evidence shows where the document’s data ends up and how its final state is recorded? Based on what you can directly observe at runtime, how does Paperless-NGX track whether a document has already been processed or needs further work, and what behavior or logs indicate how the system avoids duplicate processing? Keep the explanation grounded in runtime observations rather than assumptions from reading the code alone. You may use temporary test files if helpful, but don’t modify any source files and clean up any temporary artifacts when you’re done.","Paperless-ngx Docker startup sequence (docker-entrypoint.sh + docker-prepare.sh): 1) Install additional OCR languages if PAPERLESS_OCR_LANGUAGES set. 2) Map UID/GID. 3) Create directories (export, data, media, consume, etc). 4) Fix permissions. 5) docker-prepare.sh: wait for PostgreSQL if PAPERLESS_DBHOST set, wait for Redis, run database migrations, check if search index is out of date and reindex if needed, create superuser if PAPERLESS_ADMIN_USER set. Supervisord manages 3 processes: gunicorn (web server), consumer (document_consumer management command watching consume dir), scheduler (qcluster management command). No Celery beat is used — Django-Q qcluster handles both async task queue and periodic scheduling.",False,high,"The agent's final answer details the document ingestion pipeline (inotify, API, CLI, tasks, signals, checksums) which is derived from the source code files it read (consumer.py, tasks.py, models.py, etc.), while the retrieved note only describes the Docker startup sequence and process supervision (gunicorn, consumer, scheduler), none of which are referenced or utilized in the explanation of document processing runtime behavior."
control,20260921T112121.240847222Z-openclaw-sweatlasqa-pilot30-amem-repo-control-sglang,task-6905333b74f22949d97ba9d5,021,1,febf3e79-cd88-4919-8682-a1568bfc2bfb,11,link,55,,"I’m trying to understand how data moves through Paperless-NGX during normal document ingestion so I can get oriented before working on the codebase. When Paperless-NGX is running from this repository at the specified commit and a new document appears in the system, what observable runtime behavior shows how the document is detected and handed off for processing? What log messages, task names, or state changes indicate the transition from initial detection into parsing, classification, and indexing, and how does the system reflect progress or completion of each stage while the document is being processed? After processing finishes, what observable evidence shows where the document’s data ends up and how its final state is recorded? Based on what you can directly observe at runtime, how does Paperless-NGX track whether a document has already been processed or needs further work, and what behavior or logs indicate how the system avoids duplicate processing? Keep the explanation grounded in runtime observations rather than assumptions from reading the code alone. You may use temporary test files if helpful, but don’t modify any source files and clean up any temporary artifacts when you’re done.",Paperless-ngx Docker startup services (supervisord.conf): 1) gunicorn - serves Django REST API via ASGI application (actually WSGI). 2) consumer - runs manage.py document_consumer which watches CONSUMPTION_DIR (inotify or polling). 3) scheduler - runs manage.py qcluster (Django-Q task queue + periodic scheduler). Startup sequence (docker-prepare.sh): wait for PostgreSQL → wait for Redis → run migrations → check/rebuild Whoosh index → create superuser. Supervisord runs all 3 processes in foreground (nodaemon=true).,False,high,"The agent's subsequent actions consisted of a broad exploration of the codebase (reading models, views, parsers, settings, etc.) rather than acting on the specific details of the retrieved note (which described Docker/supervisord startup); the final answer was derived from direct code analysis of the Python files, not from the infrastructure configuration details provided in the note."
control,20260921T112121.240847222Z-openclaw-sweatlasqa-pilot30-amem-repo-control-sglang,task-6905333b74f22949d97ba9d6,022,1,d97a95c2-828a-4c8f-8093-3279d8aa22f1,1,match,68,,"I’m trying to get a practical understanding of how OCR behaves in paperless-ngx at runtime, especially in cases where it’s hard to tell what the system is actually doing. When I upload an image that has no embedded text, how can I see that OCR has started, and what does the document’s processing state look like while it’s running? I want to watch how background workers behave during this phase and understand what signals really indicate active OCR work. If I upload a similar image that already contains text, does the system skip OCR entirely, or does it still touch the OCR pipeline in some way, and how can I tell the difference after processing finishes? I also want to compare the final API responses for both cases to understand which fields show OCR-generated text versus existing text. Finally, when OCR produces weak or incomplete results, what actually happens to the document’s final state? Does it still count as fully processed, and how is that reflected in the saved metadata? Temporary scripts may be used for observation, but the repository itself should remain unchanged, and anything temporary should be cleaned up afterward.","Paperless-ngx document ingestion pipeline complete flow: 1) Entry points: (a) Drop file into CONSUMPTION_DIR watched by document_consumer management command via inotify (default) or polling. (b) POST to /api/documents/post_document/ API endpoint (PostDocumentView) which writes file to SCRATCH_DIR then calls async_task(""documents.tasks.consume_file""). (c) Paperless-mail pulls from email accounts every 10 minutes. 2) tasks.consume_file() handles barcode splitting first, then delegates to Consumer().try_consume_file(). 3) Consumer.pre_check_file_exists() → pre_check_directories() → pre_check_duplicate() (MD5 checksum against Document.checksum and Document.archive_checksum). 4) Mime type detected via libmagic. Parser selected via document_consumer_declaration signal (paperless_tesseract for PDF/images via OCRmyPDF, paperless_tika for Office docs via Tika server, paperless_text for plain text). 5) Parser.parse() extracts text, generates archive PDF (OCR), extracts date. Parser.get_optimised_thumbnail() creates thumbnail. 6) Classifier loaded via load_classifier() before storing. 7) Consumer._store() creates Document DB object in atomic transaction, calls apply_overrides(), saves. 8) document_consumption_finished signal sent, triggering 5 handlers via apps.py ready(): add_inbox_tags, set_correspondent, set_document_type, set_tags, set_log_entry, add_to_index. 9) Files written to disk under MEDIA_LOCK: source to ORIGINALS_DIR, thumbnail to THUMBNAIL_DIR, archive to ARCHIVE_DIR. Temp files cleaned up. 10) Document saved with final filename. Consumed file deleted. Post-consume script runs. 11) Progress sent via WebSocket to UI group ""status_updates"".",True,high,"The agent's final answer explicitly references the 'document_consumption_finished' signal and the 5 post-processing handlers (add_inbox_tags, etc.) which are specific details found in step 8 of the retrieved note, confirming the note drove the structural understanding of the pipeline."
control,20260921T112121.240847222Z-openclaw-sweatlasqa-pilot30-amem-repo-control-sglang,task-6905333b74f22949d97ba9d8,024,1,1785c4d0-6e9a-45a1-b029-a93faf08305f,2,match,57,,"I am debugging non-deterministic failures in the document classification tests and want to understand how the machine learning pipeline behaves during test execution when training and OCR. I want to observe whether the classifier reuses an existing model or retrains during the same test run, and how that affects later tests. When a test exercises automatic correspondent matching, how many training documents are created, when does training occur relative to those inserts, and what confidence threshold is used to accept or reject predictions? I also want to see how edge cases are handled, such as when a document has no extractable text, including which OCR subprocess is invoked and what mime type is assigned to the output. Finally, when barcode splitting is involved, how many document records are created from a single input, which barcode values trigger a split, and where in the code that decision is made, especially if this changes the effective training data during the test run. Please do not modify the source code; you may create temporary helpers while investigating, but clean up anything temporary before finishing.","Classifier training behavior: train_classifier() runs as Django-Q scheduled task HOURLY (migration 1001). It trains only if: (1) At least one Tag/Correspondent/DocumentType has matching_algorithm=6 (MATCH_AUTO). (2) The SHA1 hash of training data differs from the stored data_hash in the pickle model. If data unchanged, classifier.train() returns False and model is NOT saved. During document consumption, load_classifier() is called each time; if model file doesn't exist, logging shows ""Document classification model does not exist (yet), not performing automatic matching."" If training data is unchanged, debug log shows ""Training data unchanged."" If training happens, info log shows ""Saving updated classifier model to {MODEL_FILE}."" Failed training shows warning ""Classifier error: ..."". The classifier uses scikit-learn MLPClassifier with CountVectorizer (1-2 word ngrams) for tags, correspondents, and document types.",True,high,"The agent's final answer explicitly describes the SHA1 hash-based deduplication logic and the return behavior of `train_classifier()` (returning False if data unchanged, True if changed) which are specific details found in the retrieved note, confirming the note drove the explanation of classifier reuse/retrain behavior."
control,20260921T112121.240847222Z-openclaw-sweatlasqa-pilot30-amem-repo-control-sglang,task-6905333b74f22949d97ba9d8,024,1,d97a95c2-828a-4c8f-8093-3279d8aa22f1,3,match,55,,"I am debugging non-deterministic failures in the document classification tests and want to understand how the machine learning pipeline behaves during test execution when training and OCR. I want to observe whether the classifier reuses an existing model or retrains during the same test run, and how that affects later tests. When a test exercises automatic correspondent matching, how many training documents are created, when does training occur relative to those inserts, and what confidence threshold is used to accept or reject predictions? I also want to see how edge cases are handled, such as when a document has no extractable text, including which OCR subprocess is invoked and what mime type is assigned to the output. Finally, when barcode splitting is involved, how many document records are created from a single input, which barcode values trigger a split, and where in the code that decision is made, especially if this changes the effective training data during the test run. Please do not modify the source code; you may create temporary helpers while investigating, but clean up anything temporary before finishing.","Paperless-ngx document ingestion pipeline complete flow: 1) Entry points: (a) Drop file into CONSUMPTION_DIR watched by document_consumer management command via inotify (default) or polling. (b) POST to /api/documents/post_document/ API endpoint (PostDocumentView) which writes file to SCRATCH_DIR then calls async_task(""documents.tasks.consume_file""). (c) Paperless-mail pulls from email accounts every 10 minutes. 2) tasks.consume_file() handles barcode splitting first, then delegates to Consumer().try_consume_file(). 3) Consumer.pre_check_file_exists() → pre_check_directories() → pre_check_duplicate() (MD5 checksum against Document.checksum and Document.archive_checksum). 4) Mime type detected via libmagic. Parser selected via document_consumer_declaration signal (paperless_tesseract for PDF/images via OCRmyPDF, paperless_tika for Office docs via Tika server, paperless_text for plain text). 5) Parser.parse() extracts text, generates archive PDF (OCR), extracts date. Parser.get_optimised_thumbnail() creates thumbnail. 6) Classifier loaded via load_classifier() before storing. 7) Consumer._store() creates Document DB object in atomic transaction, calls apply_overrides(), saves. 8) document_consumption_finished signal sent, triggering 5 handlers via apps.py ready(): add_inbox_tags, set_correspondent, set_document_type, set_tags, set_log_entry, add_to_index. 9) Files written to disk under MEDIA_LOCK: source to ORIGINALS_DIR, thumbnail to THUMBNAIL_DIR, archive to ARCHIVE_DIR. Temp files cleaned up. 10) Document saved with final filename. Consumed file deleted. Post-consume script runs. 11) Progress sent via WebSocket to UI group ""status_updates"".",True,high,"The agent's final answer explicitly details the 11-step ingestion flow (including specific entry points, the order of barcode splitting before consumer delegation, the use of libmagic for mime types, and the specific signal handlers triggered) which directly mirrors the structure and content of the retrieved note, confirming the note was used to structure the investigation and answer."
control,20260921T112121.240847222Z-openclaw-sweatlasqa-pilot30-amem-repo-control-sglang,task-6905333b74f22949d97ba9d8,024,1,61d48e3d-ccc9-41fe-ba06-bc056c99b697,5,match,53,,"I am debugging non-deterministic failures in the document classification tests and want to understand how the machine learning pipeline behaves during test execution when training and OCR. I want to observe whether the classifier reuses an existing model or retrains during the same test run, and how that affects later tests. When a test exercises automatic correspondent matching, how many training documents are created, when does training occur relative to those inserts, and what confidence threshold is used to accept or reject predictions? I also want to see how edge cases are handled, such as when a document has no extractable text, including which OCR subprocess is invoked and what mime type is assigned to the output. Finally, when barcode splitting is involved, how many document records are created from a single input, which barcode values trigger a split, and where in the code that decision is made, especially if this changes the effective training data during the test run. Please do not modify the source code; you may create temporary helpers while investigating, but clean up anything temporary before finishing.","When OCR fails or finds no text: parser falls back to extract original text if available; if no text found at all, self.text is set to """" (empty string) with a WARNING log. The document is still created and saved successfully - empty content does not prevent document creation. The archive PDF IS still generated (OCRmyPDF always creates one unless skip_noarchive and document has text). The sanity_checker will log ""Document X has no content"" as an INFO message for documents with empty content field. Document model fields: content=TextField (blank allowed), archive_filename/archive_checksum are NULL when no archive generated (skip_noarchive mode).",True,high,"The agent's final answer explicitly states that when OCR fails, the parser falls back to original text and sets `self.text = """"` with a WARNING log, and that the document is still created successfully, which directly mirrors the specific details provided in the retrieved note."
control,20260921T112121.240847222Z-openclaw-sweatlasqa-pilot30-amem-repo-control-sglang,task-6905333b74f22949d97ba9d8,024,2,1785c4d0-6e9a-45a1-b029-a93faf08305f,1,match,55,,"I am debugging non-deterministic failures in the document classification tests and want to understand how the machine learning pipeline behaves during test execution when training and OCR. I want to observe whether the classifier reuses an existing model or retrains during the same test run, and how that affects later tests. When a test exercises automatic correspondent matching, how many training documents are created, when does training occur relative to those inserts, and what confidence threshold is used to accept or reject predictions? I also want to see how edge cases are handled, such as when a document has no extractable text, including which OCR subprocess is invoked and what mime type is assigned to the output. Finally, when barcode splitting is involved, how many document records are created from a single input, which barcode values trigger a split, and where in the code that decision is made, especially if this changes the effective training data during the test run. Please do not modify the source code; you may create temporary helpers while investigating, but clean up anything temporary before finishing.","Classifier training behavior: train_classifier() runs as Django-Q scheduled task HOURLY (migration 1001). It trains only if: (1) At least one Tag/Correspondent/DocumentType has matching_algorithm=6 (MATCH_AUTO). (2) The SHA1 hash of training data differs from the stored data_hash in the pickle model. If data unchanged, classifier.train() returns False and model is NOT saved. During document consumption, load_classifier() is called each time; if model file doesn't exist, logging shows ""Document classification model does not exist (yet), not performing automatic matching."" If training data is unchanged, debug log shows ""Training data unchanged."" If training happens, info log shows ""Saving updated classifier model to {MODEL_FILE}."" Failed training shows warning ""Classifier error: ..."". The classifier uses scikit-learn MLPClassifier with CountVectorizer (1-2 word ngrams) for tags, correspondents, and document types.",True,high,"The agent's final answer explicitly incorporates the specific technical details from the retrieved note, such as the SHA1 hash-based deduplication logic, the behavior of `train_classifier()` returning False when data is unchanged, and the use of `MLPClassifier`, which directly addresses the user's question about model reuse and retraining behavior."
control,20260921T112121.240847222Z-openclaw-sweatlasqa-pilot30-amem-repo-control-sglang,task-6905333b74f22949d97ba9d8,024,2,d97a95c2-828a-4c8f-8093-3279d8aa22f1,5,link,38,,"I am debugging non-deterministic failures in the document classification tests and want to understand how the machine learning pipeline behaves during test execution when training and OCR. I want to observe whether the classifier reuses an existing model or retrains during the same test run, and how that affects later tests. When a test exercises automatic correspondent matching, how many training documents are created, when does training occur relative to those inserts, and what confidence threshold is used to accept or reject predictions? I also want to see how edge cases are handled, such as when a document has no extractable text, including which OCR subprocess is invoked and what mime type is assigned to the output. Finally, when barcode splitting is involved, how many document records are created from a single input, which barcode values trigger a split, and where in the code that decision is made, especially if this changes the effective training data during the test run. Please do not modify the source code; you may create temporary helpers while investigating, but clean up anything temporary before finishing.","Paperless-ngx document ingestion pipeline complete flow: 1) Entry points: (a) Drop file into CONSUMPTION_DIR watched by document_consumer management command via inotify (default) or polling. (b) POST to /api/documents/post_document/ API endpoint (PostDocumentView) which writes file to SCRATCH_DIR then calls async_task(""documents.tasks.consume_file""). (c) Paperless-mail pulls from email accounts every 10 minutes. 2) tasks.consume_file() handles barcode splitting first, then delegates to Consumer().try_consume_file(). 3) Consumer.pre_check_file_exists() → pre_check_directories() → pre_check_duplicate() (MD5 checksum against Document.checksum and Document.archive_checksum). 4) Mime type detected via libmagic. Parser selected via document_consumer_declaration signal (paperless_tesseract for PDF/images via OCRmyPDF, paperless_tika for Office docs via Tika server, paperless_text for plain text). 5) Parser.parse() extracts text, generates archive PDF (OCR), extracts date. Parser.get_optimised_thumbnail() creates thumbnail. 6) Classifier loaded via load_classifier() before storing. 7) Consumer._store() creates Document DB object in atomic transaction, calls apply_overrides(), saves. 8) document_consumption_finished signal sent, triggering 5 handlers via apps.py ready(): add_inbox_tags, set_correspondent, set_document_type, set_tags, set_log_entry, add_to_index. 9) Files written to disk under MEDIA_LOCK: source to ORIGINALS_DIR, thumbnail to THUMBNAIL_DIR, archive to ARCHIVE_DIR. Temp files cleaned up. 10) Document saved with final filename. Consumed file deleted. Post-consume script runs. 11) Progress sent via WebSocket to UI group ""status_updates"".",False,high,"The agent's final answer provides specific implementation details (SHA1 deduplication, no confidence threshold, OCRmyPDF subprocess, 'PATCHT' barcode string, specific test data counts) that are not present in the retrieved note, which only offers a high-level architectural overview without these specific code-level facts."
control,20260921T112121.240847222Z-openclaw-sweatlasqa-pilot30-amem-repo-control-sglang,task-6905333b74f22949d97ba9d8,024,2,61d48e3d-ccc9-41fe-ba06-bc056c99b697,11,link,37,,"I am debugging non-deterministic failures in the document classification tests and want to understand how the machine learning pipeline behaves during test execution when training and OCR. I want to observe whether the classifier reuses an existing model or retrains during the same test run, and how that affects later tests. When a test exercises automatic correspondent matching, how many training documents are created, when does training occur relative to those inserts, and what confidence threshold is used to accept or reject predictions? I also want to see how edge cases are handled, such as when a document has no extractable text, including which OCR subprocess is invoked and what mime type is assigned to the output. Finally, when barcode splitting is involved, how many document records are created from a single input, which barcode values trigger a split, and where in the code that decision is made, especially if this changes the effective training data during the test run. Please do not modify the source code; you may create temporary helpers while investigating, but clean up anything temporary before finishing.","When OCR fails or finds no text: parser falls back to extract original text if available; if no text found at all, self.text is set to """" (empty string) with a WARNING log. The document is still created and saved successfully - empty content does not prevent document creation. The archive PDF IS still generated (OCRmyPDF always creates one unless skip_noarchive and document has text). The sanity_checker will log ""Document X has no content"" as an INFO message for documents with empty content field. Document model fields: content=TextField (blank allowed), archive_filename/archive_checksum are NULL when no archive generated (skip_noarchive mode).",True,high,"The final answer explicitly incorporates the note's specific details regarding the 'no text' edge case, stating that the parser falls back to original text, sets `self.text = """"` with a WARNING log, and that the document is still created successfully, which directly mirrors the facts provided in the retrieved note."
control,20260921T112121.240847222Z-openclaw-sweatlasqa-pilot30-amem-repo-control-sglang,task-6905333b74f22949d97ba9d9,025,2,db60696b-25df-4b9e-8bc8-4492ee54010e,1,match,76,,"I'm trying to understand how paperless-ngx actually handles background processing when it ingests documents. I want to see what happens at runtime, not just read the config files.

Can you help me make sense of how async work behaves in a live setup? I’m interested in what services are involved behind the scenes, how background jobs appear once they are created, and how the system tells the difference between work that is waiting and work that is actively being processed. I also want to understand where the task state ends up being stored and how you can tell, after the fact, what happened to a given job.

From the code perspective, I want to connect that runtime behavior back to its origin. Where are these background jobs actually triggered, and what part of the code is responsible for sending them into the queue? Don’t modify any repository source files. If you need to create temporary scripts or artifacts to observe behavior, that’s fine, but clean them up afterward and leave the codebase unchanged.","Paperless-ngx uses Django-Q as its async task queue, backed by Redis. The Q_CLUSTER setting in /app/src/paperless/settings.py configures: worker count (default sqrt of CPU cores, min 1), Redis connection (PAPERLESS_REDIS env var), 1800s timeout, 1810s retry, recycle=1 (workers respawn after 1 task). Tasks are submitted via django_q.tasks.async_task(), which enqueues them to Redis. Django-Q workers consume tasks from the queue and execute them.",True,high,"The final answer explicitly incorporates specific details from the retrieved note, such as the use of Django-Q with Redis, the worker count logic (sqrt of CPU cores), and the 1800s timeout, which were not present in the original question."
control,20260921T112121.240847222Z-openclaw-sweatlasqa-pilot30-amem-repo-control-sglang,task-6905333b74f22949d97ba9d9,025,2,80b50cbc-afd6-44a9-a2c1-894a28cb35f5,2,match,67,,"I'm trying to understand how paperless-ngx actually handles background processing when it ingests documents. I want to see what happens at runtime, not just read the config files.

Can you help me make sense of how async work behaves in a live setup? I’m interested in what services are involved behind the scenes, how background jobs appear once they are created, and how the system tells the difference between work that is waiting and work that is actively being processed. I also want to understand where the task state ends up being stored and how you can tell, after the fact, what happened to a given job.

From the code perspective, I want to connect that runtime behavior back to its origin. Where are these background jobs actually triggered, and what part of the code is responsible for sending them into the queue? Don’t modify any repository source files. If you need to create temporary scripts or artifacts to observe behavior, that’s fine, but clean them up afterward and leave the codebase unchanged.","Background job entry points in paperless-ngx: 1) API POST /api/documents/post_document/ (PostDocumentView, views.py:491-529) - writes file to SCRATCH_DIR then calls async_task(""documents.tasks.consume_file"", ...) with task_id and task_name. 2) document_consumer management command - watches CONSUMPTION_DIR via inotify or polling, calls async_task(""documents.tasks.consume_file"", filepath) when files appear. 3) paperless_mail scheduled task (every 10 min) - calls paperless_mail.tasks.process_mail_accounts(). 4) Bulk operations in bulk_edit.py - calls async_task(""documents.tasks.bulk_update_documents"", document_ids=...). 5) Scheduled tasks registered via Django-Q migration: train_classifier (hourly), index_optimize (daily), sanity_check (weekly).",True,high,"The agent's final answer explicitly lists the five specific background job entry points (API, document_consumer, paperless_mail, bulk operations, scheduled tasks) and their corresponding functions/paths exactly as detailed in the retrieved note, indicating direct usage of that information to structure the response."
control,20260921T112121.240847222Z-openclaw-sweatlasqa-pilot30-amem-repo-control-sglang,task-6905333b74f22949d97ba9d9,025,2,1b7a06b4-caa7-482e-97dd-49a5e14cefc5,3,match,70,,"I'm trying to understand how paperless-ngx actually handles background processing when it ingests documents. I want to see what happens at runtime, not just read the config files.

Can you help me make sense of how async work behaves in a live setup? I’m interested in what services are involved behind the scenes, how background jobs appear once they are created, and how the system tells the difference between work that is waiting and work that is actively being processed. I also want to understand where the task state ends up being stored and how you can tell, after the fact, what happened to a given job.

From the code perspective, I want to connect that runtime behavior back to its origin. Where are these background jobs actually triggered, and what part of the code is responsible for sending them into the queue? Don’t modify any repository source files. If you need to create temporary scripts or artifacts to observe behavior, that’s fine, but clean them up afterward and leave the codebase unchanged.","Failed task handling in paperless-ngx: Django-Q's Q_CLUSTER settings control retries (retry=1810s, timeout=1800s) — if a task fails, Q_CLUSTER retries automatically for the retry period. There is no custom retry logic in paperless-ngx code itself, no custom on_failure/on_success callbacks, and no alerting/notification system for failed tasks. The Q_CLUSTER catch_up=False means no backlog processing. No task execution history table is part of paperless-ngx models — Django-Q stores its own task/schedule data in its own tables (django_q_task, django_q_schedule) which are not queried by paperless-ngx code. Failed document consumption logs errors via the LoggingMixin and Consumer._fail() method but has no automatic retry for failed documents.",True,high,"The agent's final answer explicitly incorporates specific details from the note, such as the 1800s timeout, the use of Django-Q (not Celery), and the specific database table `django_q_task` for storing task state, which were key facts in the retrieved note."
control,20260921T112121.240847222Z-openclaw-sweatlasqa-pilot30-amem-repo-control-sglang,task-6905333b74f22949d97ba9d9,025,2,68f19678-8b68-4b5c-9f0f-8f8536aff0af,4,match,63,,"I'm trying to understand how paperless-ngx actually handles background processing when it ingests documents. I want to see what happens at runtime, not just read the config files.

Can you help me make sense of how async work behaves in a live setup? I’m interested in what services are involved behind the scenes, how background jobs appear once they are created, and how the system tells the difference between work that is waiting and work that is actively being processed. I also want to understand where the task state ends up being stored and how you can tell, after the fact, what happened to a given job.

From the code perspective, I want to connect that runtime behavior back to its origin. Where are these background jobs actually triggered, and what part of the code is responsible for sending them into the queue? Don’t modify any repository source files. If you need to create temporary scripts or artifacts to observe behavior, that’s fine, but clean them up afterward and leave the codebase unchanged.","Django-Q stores task state in three DB tables: Task (id, name, func, args, kwargs, result, success, started, secured, stopped, attempt_count, task_id), Schedule (id, name, func, schedule_type, minutes, days, repeats, next_run), and OrmQueues (for ORM-based queue mode). Task states are tracked by success (boolean), started/stopped timestamps, and attempt_count. Workers poll Redis (or ORM) for new tasks; each worker processes one task at a time but can spawn threads via THREADS_PER_WORKER. When a task is queued via async_task(), it immediately appears in the Task table with success=None (not yet attempted). The worker picks it up, sets started=time, runs the function, then sets success=bool(result), stopped=time.",True,high,"The agent's final answer explicitly details the `django_q_task` table structure and the specific state transitions (e.g., `started=None` for waiting, `success=True/False` for completion) which directly mirror the schema and logic described in the retrieved note."
control,20260921T112121.240847222Z-openclaw-sweatlasqa-pilot30-amem-repo-control-sglang,task-6905333b74f22949d97ba9d9,025,2,febf3e79-cd88-4919-8682-a1568bfc2bfb,5,match,59,,"I'm trying to understand how paperless-ngx actually handles background processing when it ingests documents. I want to see what happens at runtime, not just read the config files.

Can you help me make sense of how async work behaves in a live setup? I’m interested in what services are involved behind the scenes, how background jobs appear once they are created, and how the system tells the difference between work that is waiting and work that is actively being processed. I also want to understand where the task state ends up being stored and how you can tell, after the fact, what happened to a given job.

From the code perspective, I want to connect that runtime behavior back to its origin. Where are these background jobs actually triggered, and what part of the code is responsible for sending them into the queue? Don’t modify any repository source files. If you need to create temporary scripts or artifacts to observe behavior, that’s fine, but clean them up afterward and leave the codebase unchanged.",Paperless-ngx Docker startup services (supervisord.conf): 1) gunicorn - serves Django REST API via ASGI application (actually WSGI). 2) consumer - runs manage.py document_consumer which watches CONSUMPTION_DIR (inotify or polling). 3) scheduler - runs manage.py qcluster (Django-Q task queue + periodic scheduler). Startup sequence (docker-prepare.sh): wait for PostgreSQL → wait for Redis → run migrations → check/rebuild Whoosh index → create superuser. Supervisord runs all 3 processes in foreground (nodaemon=true).,True,high,"The agent's final answer explicitly identifies 'Django-Q' as the task queue and 'Redis' as the broker, which are the specific components named in the retrieved note (under the 'scheduler' service description), and correctly links the 'consumer' service mentioned in the note to the file drop entry point."
control,20260921T112121.240847222Z-openclaw-sweatlasqa-pilot30-amem-repo-control-sglang,task-6905333b74f22949d97ba9d9,025,2,8c457bee-423b-4cfb-b12d-166033e3f8df,8,link,57,,"I'm trying to understand how paperless-ngx actually handles background processing when it ingests documents. I want to see what happens at runtime, not just read the config files.

Can you help me make sense of how async work behaves in a live setup? I’m interested in what services are involved behind the scenes, how background jobs appear once they are created, and how the system tells the difference between work that is waiting and work that is actively being processed. I also want to understand where the task state ends up being stored and how you can tell, after the fact, what happened to a given job.

From the code perspective, I want to connect that runtime behavior back to its origin. Where are these background jobs actually triggered, and what part of the code is responsible for sending them into the queue? Don’t modify any repository source files. If you need to create temporary scripts or artifacts to observe behavior, that’s fine, but clean them up afterward and leave the codebase unchanged.","Paperless-ngx Docker startup sequence (docker-entrypoint.sh + docker-prepare.sh): 1) Install additional OCR languages if PAPERLESS_OCR_LANGUAGES set. 2) Map UID/GID. 3) Create directories (export, data, media, consume, etc). 4) Fix permissions. 5) docker-prepare.sh: wait for PostgreSQL if PAPERLESS_DBHOST set, wait for Redis, run database migrations, check if search index is out of date and reindex if needed, create superuser if PAPERLESS_ADMIN_USER set. Supervisord manages 3 processes: gunicorn (web server), consumer (document_consumer management command watching consume dir), scheduler (qcluster management command). No Celery beat is used — Django-Q qcluster handles both async task queue and periodic scheduling.",True,high,"The agent's final answer explicitly states that 'No Celery beat is used — Django-Q qcluster handles both async task queue and periodic scheduling,' which is a specific fact from the retrieved note, and it correctly identifies the three supervised processes (gunicorn, consumer, scheduler) mentioned in the note."
control,20260921T112121.240847222Z-openclaw-sweatlasqa-pilot30-amem-repo-control-sglang,task-6905333b74f22949d97ba9d9,025,2,a3aab0f0-ef87-42cf-9e6e-ab3a6e9019bb,13,link,45,,"I'm trying to understand how paperless-ngx actually handles background processing when it ingests documents. I want to see what happens at runtime, not just read the config files.

Can you help me make sense of how async work behaves in a live setup? I’m interested in what services are involved behind the scenes, how background jobs appear once they are created, and how the system tells the difference between work that is waiting and work that is actively being processed. I also want to understand where the task state ends up being stored and how you can tell, after the fact, what happened to a given job.

From the code perspective, I want to connect that runtime behavior back to its origin. Where are these background jobs actually triggered, and what part of the code is responsible for sending them into the queue? Don’t modify any repository source files. If you need to create temporary scripts or artifacts to observe behavior, that’s fine, but clean them up afterward and leave the codebase unchanged.","Document consumption pipeline (tasks.consume_file → Consumer.try_consume_file): 1) Check for separating barcodes (scan_file_for_separating_barcodes + separate_pages). 2) Consumer.pre_check_file_exists → pre_check_directories → pre_check_duplicate (MD5 checksum vs DB). 3) Mime type detected via libmagic, parser selected via document_consumer_declaration signal (paperless_tesseract for PDF/images, paperless_tika for Office, paperless_text for plain text). 4) Parser.parse() extracts text + archive PDF (OCR), get_optimised_thumbnail creates thumbnail. 5) load_classifier() called before storing. 6) Consumer._store() creates Document DB object in atomic transaction, calls apply_overrides() (override tags/correspondent/doc_type), saves. 7) document_consumption_finished signal sent → triggers 5 handlers via apps.py ready(): add_inbox_tags, set_correspondent (matching), set_document_type (matching), set_tags (matching), set_log_entry (creates Django admin LogEntry), add_to_index (Whoosh). 8) Files written to disk under MEDIA_LOCK: source to ORIGINALS_DIR, thumbnail to THUMBNAIL_DIR, archive to ARCHIVE_DIR. 9) Progress sent via WebSocket (channels.Redis channel layer) to UI group ""status_updates"" with task_id, progress %, status (STARTING/WORKING/SUCCESS/FAILED). 10) Consumed file deleted. Post-consume script runs.",False,high,"The agent's final answer describes the high-level async infrastructure (Django-Q, Redis, task states) and entry points, but completely omits the specific 10-step consumption pipeline details (e.g., separating barcodes, MD5 checksums, libmagic, specific signal handlers like add_inbox_tags, and WebSocket channel layer details) that were the sole content of the retrieved note."
control,20260921T112121.240847222Z-openclaw-sweatlasqa-pilot30-amem-repo-control-sglang,task-6905333b74f22949d97ba9db,026,1,204fbb15-c015-48ac-9265-fcf17aaf0010,10,link,42,,"I'm onboarding into the Paperless-NGX repository and I'm curious about the hidden choreography that happens when the system is actually running. When a document's tags change and the filename format includes tags in the directory structure, files apparently relocate themselves. I wonder what log messages actually appear during that dance, and what the before and after paths look like in practice. There's supposedly a rollback safety net if something goes wrong during a file move, but I can't tell from reading the code whether it truly recovers or just promises to, what actually happens to files when a move fails partway through? Beyond file handling, there are other runtime mysteries I want to explore. The classifier's behavior puzzles me, sometimes training finishes instantly, other times it takes much longer. I want to trigger both scenarios and see the actual log messages that explain why training was skipped versus why it proceeded with full retraining, including whatever hash or checksum the system uses to detect changes. Duplicate detection feels like magic, two files that look completely different can still be rejected as duplicates, and I want to see the actual checksums being compared at that moment of judgment. The sanity checker intrigues me as well, what does its output actually look like when an archive is healthy versus when something has gone wrong, and can I see the specific hash values it compares when it discovers a mismatch? I also wonder about ghost files, whether orphaned files really linger in the media folder and what the system actually reports when it finds them. I need to see real runtime evidence for all of this; actual paths, actual checksums, actual log messages. Temporary scripts may be used for observation, but the repository itself should remain unchanged and anything temporary cleaned up afterward.","The sanity checker in /app/src/documents/sanity_checker.py validates: 1) Thumbnail existence and readability for each document. 2) Original source file existence and MD5 checksum match. 3) Archive file existence and checksum match (if present). 4) Archive checksum/filename consistency. 5) Documents with no content. 6) Orphaned files in media directory (files not referenced by any document). It logs via logger ""paperless.sanity_checker"" at ERROR/WARNING/INFO levels. Output: ""Sanity checker detected no issues."" or logs individual messages. Returns via tasks.sanity_check() which calls sanity_checker.check_sanity(). It runs weekly as a Django-Q scheduled task. There's also a CLI command: manage.py document_sanity_checker --no-progress-bar.",True,high,"The agent explicitly retrieved and read the file `/app/src/documents/sanity_checker.py` (as shown in the shell commands) and subsequently incorporated the specific details from the note (such as the logger name `paperless.sanity_checker`, the specific checks performed, and the output message format) into its final answer regarding the sanity checker and orphaned files."
control,20260921T112121.240847222Z-openclaw-sweatlasqa-pilot30-amem-repo-control-sglang,task-6905333b74f22949d97ba9db,026,2,204fbb15-c015-48ac-9265-fcf17aaf0010,2,match,59,,"I'm onboarding into the Paperless-NGX repository and I'm curious about the hidden choreography that happens when the system is actually running. When a document's tags change and the filename format includes tags in the directory structure, files apparently relocate themselves. I wonder what log messages actually appear during that dance, and what the before and after paths look like in practice. There's supposedly a rollback safety net if something goes wrong during a file move, but I can't tell from reading the code whether it truly recovers or just promises to, what actually happens to files when a move fails partway through? Beyond file handling, there are other runtime mysteries I want to explore. The classifier's behavior puzzles me, sometimes training finishes instantly, other times it takes much longer. I want to trigger both scenarios and see the actual log messages that explain why training was skipped versus why it proceeded with full retraining, including whatever hash or checksum the system uses to detect changes. Duplicate detection feels like magic, two files that look completely different can still be rejected as duplicates, and I want to see the actual checksums being compared at that moment of judgment. The sanity checker intrigues me as well, what does its output actually look like when an archive is healthy versus when something has gone wrong, and can I see the specific hash values it compares when it discovers a mismatch? I also wonder about ghost files, whether orphaned files really linger in the media folder and what the system actually reports when it finds them. I need to see real runtime evidence for all of this; actual paths, actual checksums, actual log messages. Temporary scripts may be used for observation, but the repository itself should remain unchanged and anything temporary cleaned up afterward.","Sanity checker output: sanity_checker.py walks the entire MEDIA_ROOT directory collecting all files, removing the lockfile. For each Document, it checks: (1) Thumbnail existence and readability - errors with ""Thumbnail of document {pk} does not exist"" or ""Cannot read thumbnail file of document {pk}"". (2) Original source file existence and MD5 checksum comparison - errors with ""Original of document {pk} does not exist."" or ""Checksum mismatch of document {pk}. Stored: {stored}, actual: {actual}."" (3) Archive file existence and archive_checksum comparison - similar error messages. (4) Archive filename/checksum consistency mismatches. (5) Documents with no content - logged as INFO ""Document {pk} has no content."" After all documents, any remaining files in present_files set are orphaned files, logged as WARNING ""Orphaned file in media dir: {path}"". If no issues, logs ""Sanity checker detected no issues."" at INFO. The sanity checker runs weekly via Django-Q scheduled task.",True,high,"The agent's final answer explicitly incorporates the specific error messages, log levels, and orphaned file detection logic described in the retrieved note, such as 'Sanity checker detected no issues' and 'Orphaned file in media dir: {path}', which are unique identifiers from the note."
control,20260921T112121.240847222Z-openclaw-sweatlasqa-pilot30-amem-repo-control-sglang,task-6905333b74f22949d97ba9db,026,2,1a1db833-ebf3-472e-9c03-9f7ea6a8efd4,4,match,54,,"I'm onboarding into the Paperless-NGX repository and I'm curious about the hidden choreography that happens when the system is actually running. When a document's tags change and the filename format includes tags in the directory structure, files apparently relocate themselves. I wonder what log messages actually appear during that dance, and what the before and after paths look like in practice. There's supposedly a rollback safety net if something goes wrong during a file move, but I can't tell from reading the code whether it truly recovers or just promises to, what actually happens to files when a move fails partway through? Beyond file handling, there are other runtime mysteries I want to explore. The classifier's behavior puzzles me, sometimes training finishes instantly, other times it takes much longer. I want to trigger both scenarios and see the actual log messages that explain why training was skipped versus why it proceeded with full retraining, including whatever hash or checksum the system uses to detect changes. Duplicate detection feels like magic, two files that look completely different can still be rejected as duplicates, and I want to see the actual checksums being compared at that moment of judgment. The sanity checker intrigues me as well, what does its output actually look like when an archive is healthy versus when something has gone wrong, and can I see the specific hash values it compares when it discovers a mismatch? I also wonder about ghost files, whether orphaned files really linger in the media folder and what the system actually reports when it finds them. I need to see real runtime evidence for all of this; actual paths, actual checksums, actual log messages. Temporary scripts may be used for observation, but the repository itself should remain unchanged and anything temporary cleaned up afterward.","In update_filename_and_move_files (signals/handlers.py), triggered by m2m_changed (Document.tags.through) or post_save on Document, the handler acquires FileLock(MEDIA_LOCK), generates new filenames, and validates paths (raising CannotMoveFilesException via validate_move if conflicts exist). It performs os.rename() on source and archive files, then updates Document.filename directly via SQL to prevent recursion. If the primary move fails (OSError/DatabaseError/etc.), it attempts a rollback to restore files to original locations using os.rename(); if rollback fails, exceptions are ignored. Finally, it restores instance filenames to old values and deletes empty directories.",True,high,"The final answer explicitly details the rollback mechanism described in the note, specifically mentioning that if the rollback itself fails, exceptions are ignored and files may end up in inconsistent states, which directly reflects the note's claim that 'if rollback fails, exceptions are ignored'."
control,20260921T112121.240847222Z-openclaw-sweatlasqa-pilot30-amem-repo-control-sglang,task-6905333b74f22949d97ba9dc,027,1,d97a95c2-828a-4c8f-8093-3279d8aa22f1,1,match,64,,"I'm getting inconsistent OCR results when testing paperless-ngx locally with multi-page PDFs and need to understand the processing behavior better. Get the development environment running normally (create admin user if needed during setup), then upload a multi-page PDF through the standard interface that requires OCR processing. What HTTP response status and message do you receive immediately after upload submission? As processing happens, what key log patterns appear that show the document moving through different stages, including the OCRmyPDF invocation parameters? After processing finishes, what do the generated archive PDF and thumbnail filenames look like in the media storage area? Check the document record in the database - what fields are actually stored (not filesystem-only metadata) and what values appear for the processed document? No file modifications or permanent changes allowed, clean up any test files completely when done.","Paperless-ngx document ingestion pipeline complete flow: 1) Entry points: (a) Drop file into CONSUMPTION_DIR watched by document_consumer management command via inotify (default) or polling. (b) POST to /api/documents/post_document/ API endpoint (PostDocumentView) which writes file to SCRATCH_DIR then calls async_task(""documents.tasks.consume_file""). (c) Paperless-mail pulls from email accounts every 10 minutes. 2) tasks.consume_file() handles barcode splitting first, then delegates to Consumer().try_consume_file(). 3) Consumer.pre_check_file_exists() → pre_check_directories() → pre_check_duplicate() (MD5 checksum against Document.checksum and Document.archive_checksum). 4) Mime type detected via libmagic. Parser selected via document_consumer_declaration signal (paperless_tesseract for PDF/images via OCRmyPDF, paperless_tika for Office docs via Tika server, paperless_text for plain text). 5) Parser.parse() extracts text, generates archive PDF (OCR), extracts date. Parser.get_optimised_thumbnail() creates thumbnail. 6) Classifier loaded via load_classifier() before storing. 7) Consumer._store() creates Document DB object in atomic transaction, calls apply_overrides(), saves. 8) document_consumption_finished signal sent, triggering 5 handlers via apps.py ready(): add_inbox_tags, set_correspondent, set_document_type, set_tags, set_log_entry, add_to_index. 9) Files written to disk under MEDIA_LOCK: source to ORIGINALS_DIR, thumbnail to THUMBNAIL_DIR, archive to ARCHIVE_DIR. Temp files cleaned up. 10) Document saved with final filename. Consumed file deleted. Post-consume script runs. 11) Progress sent via WebSocket to UI group ""status_updates"".",True,high,"The agent's final answer accurately reflects the specific details from the retrieved note, such as the API endpoint path (`/api/documents/post_document/`), the async task invocation (`consume_file`), the specific parser selection logic (`paperless_tesseract` via `OCRmyPDF`), and the file storage structure (`ORIGINALS_DIR`, `THUMBNAIL_DIR`, `ARCHIVE_DIR`), which directly informed the explanation of the upload flow, OCR parameters, and file naming conventions."
control,20260921T112121.240847222Z-openclaw-sweatlasqa-pilot30-amem-repo-control-sglang,task-6905333b74f22949d97ba9dc,027,1,495a58c9-fa25-4b02-95f6-0619b150a284,2,match,58,,"I'm getting inconsistent OCR results when testing paperless-ngx locally with multi-page PDFs and need to understand the processing behavior better. Get the development environment running normally (create admin user if needed during setup), then upload a multi-page PDF through the standard interface that requires OCR processing. What HTTP response status and message do you receive immediately after upload submission? As processing happens, what key log patterns appear that show the document moving through different stages, including the OCRmyPDF invocation parameters? After processing finishes, what do the generated archive PDF and thumbnail filenames look like in the media storage area? Check the document record in the database - what fields are actually stored (not filesystem-only metadata) and what values appear for the processed document? No file modifications or permanent changes allowed, clean up any test files completely when done.","Paperless-ngx file storage paths (from settings.py): MEDIA_ROOT defaults to ../media (PAPERLESS_MEDIA_ROOT env), ORIGINALS_DIR = MEDIA_ROOT/documents/originals, ARCHIVE_DIR = MEDIA_ROOT/documents/archive, THUMBNAIL_DIR = MEDIA_ROOT/documents/thumbnails, DATA_DIR = ../data (PAPERLESS_DATA_DIR env), INDEX_DIR = DATA_DIR/index, MODEL_FILE = DATA_DIR/classification_model.pickle, CONSUMPTION_DIR = ../consume (PAPERLESS_CONSUMPTION_DIR env), SCRATCH_DIR = /tmp/paperless. Default filename pattern: ""{pk:07d}.{ext}"" e.g. ""0000001.pdf"". Archive filename: tries to use original filename with .pdf extension, falls back to same pattern. GPG encrypted files get .gpg appended.",True,high,"The agent's final answer explicitly lists the storage paths (originals, archive, thumbnails) and the specific filename pattern `{pk:07d}.{ext}` which are direct facts from the retrieved note, indicating the note was used to structure the answer regarding file storage behavior."
control,20260921T112121.240847222Z-openclaw-sweatlasqa-pilot30-amem-repo-control-sglang,task-6905333b74f22949d97ba9dd,028,1,d97a95c2-828a-4c8f-8093-3279d8aa22f1,1,match,79,,"I need to understand how Paperless-NGX processes a document from ingestion through indexing before I start working with the codebase. Set up the full environment and get all services running normally. Drop a small test file into the consumption directory and follow what happens. What log messages appear when the system first detects the file, what ingestion task gets triggered, and what additional tasks show up as the document moves through parsing, classification, and indexing? While the task is queued, check what the message broker is storing. What payload format or data structure represents the queued task? After processing completes, query the database to see where the document record is stored, which fields capture the parsed metadata, and where the system keeps a record of task execution or processing history.
Then trace the high-level codepath behind this workflow based on the behavior you observe. Starting from the part of the system that detects the new file, follow the chain of components involved in creating and submitting the ingestion task. Which part of the application is responsible for creating that task object, and what queuing framework does Paperless-NGX rely on to dispatch it? You may use temporary helper scripts or test files if needed, but don’t modify the actual source code, and clean up any temporary artifacts when you’re done.","Paperless-ngx document ingestion pipeline complete flow: 1) Entry points: (a) Drop file into CONSUMPTION_DIR watched by document_consumer management command via inotify (default) or polling. (b) POST to /api/documents/post_document/ API endpoint (PostDocumentView) which writes file to SCRATCH_DIR then calls async_task(""documents.tasks.consume_file""). (c) Paperless-mail pulls from email accounts every 10 minutes. 2) tasks.consume_file() handles barcode splitting first, then delegates to Consumer().try_consume_file(). 3) Consumer.pre_check_file_exists() → pre_check_directories() → pre_check_duplicate() (MD5 checksum against Document.checksum and Document.archive_checksum). 4) Mime type detected via libmagic. Parser selected via document_consumer_declaration signal (paperless_tesseract for PDF/images via OCRmyPDF, paperless_tika for Office docs via Tika server, paperless_text for plain text). 5) Parser.parse() extracts text, generates archive PDF (OCR), extracts date. Parser.get_optimised_thumbnail() creates thumbnail. 6) Classifier loaded via load_classifier() before storing. 7) Consumer._store() creates Document DB object in atomic transaction, calls apply_overrides(), saves. 8) document_consumption_finished signal sent, triggering 5 handlers via apps.py ready(): add_inbox_tags, set_correspondent, set_document_type, set_tags, set_log_entry, add_to_index. 9) Files written to disk under MEDIA_LOCK: source to ORIGINALS_DIR, thumbnail to THUMBNAIL_DIR, archive to ARCHIVE_DIR. Temp files cleaned up. 10) Document saved with final filename. Consumed file deleted. Post-consume script runs. 11) Progress sent via WebSocket to UI group ""status_updates"".",True,high,"The agent's final answer explicitly mirrors the specific details from the retrieved note, including the exact signal name `document_consumption_finished`, the specific handlers triggered by it (add_inbox_tags, set_correspondent, etc.), the use of `async_task` for queuing, and the specific pre-check steps (MD5 checksum, libmagic), confirming the note directly guided the structure and content of the response."
control,20260921T112121.240847222Z-openclaw-sweatlasqa-pilot30-amem-repo-control-sglang,task-6905333b74f22949d97ba9dd,028,1,5bb9ccc5-67a9-4ec7-a496-38861225212a,2,match,65,,"I need to understand how Paperless-NGX processes a document from ingestion through indexing before I start working with the codebase. Set up the full environment and get all services running normally. Drop a small test file into the consumption directory and follow what happens. What log messages appear when the system first detects the file, what ingestion task gets triggered, and what additional tasks show up as the document moves through parsing, classification, and indexing? While the task is queued, check what the message broker is storing. What payload format or data structure represents the queued task? After processing completes, query the database to see where the document record is stored, which fields capture the parsed metadata, and where the system keeps a record of task execution or processing history.
Then trace the high-level codepath behind this workflow based on the behavior you observe. Starting from the part of the system that detects the new file, follow the chain of components involved in creating and submitting the ingestion task. Which part of the application is responsible for creating that task object, and what queuing framework does Paperless-NGX rely on to dispatch it? You may use temporary helper scripts or test files if needed, but don’t modify the actual source code, and clean up any temporary artifacts when you’re done.","Explored Paperless-NGX repository at /app. Key structure: src/ contains main Django apps (documents, paperless, paperless_mail). The repository has a complete document lifecycle: consumption → parsing → storage → search indexing → scheduled maintenance (classifier training, sanity check, index optimization).",True,high,"The agent's final answer explicitly references the specific directory structure (/app/src/documents) and component names (document_consumer, consume_file, django_q) identified in the retrieved note, and the subsequent shell commands directly target these files to verify the details mentioned in the note."
control,20260921T112121.240847222Z-openclaw-sweatlasqa-pilot30-amem-repo-control-sglang,task-6905333b74f22949d97ba9dd,028,1,80b50cbc-afd6-44a9-a2c1-894a28cb35f5,4,match,71,,"I need to understand how Paperless-NGX processes a document from ingestion through indexing before I start working with the codebase. Set up the full environment and get all services running normally. Drop a small test file into the consumption directory and follow what happens. What log messages appear when the system first detects the file, what ingestion task gets triggered, and what additional tasks show up as the document moves through parsing, classification, and indexing? While the task is queued, check what the message broker is storing. What payload format or data structure represents the queued task? After processing completes, query the database to see where the document record is stored, which fields capture the parsed metadata, and where the system keeps a record of task execution or processing history.
Then trace the high-level codepath behind this workflow based on the behavior you observe. Starting from the part of the system that detects the new file, follow the chain of components involved in creating and submitting the ingestion task. Which part of the application is responsible for creating that task object, and what queuing framework does Paperless-NGX rely on to dispatch it? You may use temporary helper scripts or test files if needed, but don’t modify the actual source code, and clean up any temporary artifacts when you’re done.","Background job entry points in paperless-ngx: 1) API POST /api/documents/post_document/ (PostDocumentView, views.py:491-529) - writes file to SCRATCH_DIR then calls async_task(""documents.tasks.consume_file"", ...) with task_id and task_name. 2) document_consumer management command - watches CONSUMPTION_DIR via inotify or polling, calls async_task(""documents.tasks.consume_file"", filepath) when files appear. 3) paperless_mail scheduled task (every 10 min) - calls paperless_mail.tasks.process_mail_accounts(). 4) Bulk operations in bulk_edit.py - calls async_task(""documents.tasks.bulk_update_documents"", document_ids=...). 5) Scheduled tasks registered via Django-Q migration: train_classifier (hourly), index_optimize (daily), sanity_check (weekly).",True,high,The agent explicitly used the note's identification of `document_consumer` and `async_task` to guide its file reading strategy (checking `document_consumer.py` and `tasks.py`) and incorporated the specific entry points and task names from the note into its final summary of the ingestion flow.
control,20260921T112121.240847222Z-openclaw-sweatlasqa-pilot30-amem-repo-control-sglang,task-6905333b74f22949d97ba9dd,028,1,8c457bee-423b-4cfb-b12d-166033e3f8df,6,link,60,,"I need to understand how Paperless-NGX processes a document from ingestion through indexing before I start working with the codebase. Set up the full environment and get all services running normally. Drop a small test file into the consumption directory and follow what happens. What log messages appear when the system first detects the file, what ingestion task gets triggered, and what additional tasks show up as the document moves through parsing, classification, and indexing? While the task is queued, check what the message broker is storing. What payload format or data structure represents the queued task? After processing completes, query the database to see where the document record is stored, which fields capture the parsed metadata, and where the system keeps a record of task execution or processing history.
Then trace the high-level codepath behind this workflow based on the behavior you observe. Starting from the part of the system that detects the new file, follow the chain of components involved in creating and submitting the ingestion task. Which part of the application is responsible for creating that task object, and what queuing framework does Paperless-NGX rely on to dispatch it? You may use temporary helper scripts or test files if needed, but don’t modify the actual source code, and clean up any temporary artifacts when you’re done.","Paperless-ngx Docker startup sequence (docker-entrypoint.sh + docker-prepare.sh): 1) Install additional OCR languages if PAPERLESS_OCR_LANGUAGES set. 2) Map UID/GID. 3) Create directories (export, data, media, consume, etc). 4) Fix permissions. 5) docker-prepare.sh: wait for PostgreSQL if PAPERLESS_DBHOST set, wait for Redis, run database migrations, check if search index is out of date and reindex if needed, create superuser if PAPERLESS_ADMIN_USER set. Supervisord manages 3 processes: gunicorn (web server), consumer (document_consumer management command watching consume dir), scheduler (qcluster management command). No Celery beat is used — Django-Q qcluster handles both async task queue and periodic scheduling.",True,high,"The agent's final answer explicitly states that Django-Q (not Celery beat) handles the async task queue, directly reflecting the specific architectural detail from the retrieved note, and proceeds to investigate the Django-Q models and settings as implied by the note's description of the system's components."
control,20260921T112121.240847222Z-openclaw-sweatlasqa-pilot30-amem-repo-control-sglang,task-6905333b74f22949d97ba9dd,028,1,db60696b-25df-4b9e-8bc8-4492ee54010e,9,link,64,,"I need to understand how Paperless-NGX processes a document from ingestion through indexing before I start working with the codebase. Set up the full environment and get all services running normally. Drop a small test file into the consumption directory and follow what happens. What log messages appear when the system first detects the file, what ingestion task gets triggered, and what additional tasks show up as the document moves through parsing, classification, and indexing? While the task is queued, check what the message broker is storing. What payload format or data structure represents the queued task? After processing completes, query the database to see where the document record is stored, which fields capture the parsed metadata, and where the system keeps a record of task execution or processing history.
Then trace the high-level codepath behind this workflow based on the behavior you observe. Starting from the part of the system that detects the new file, follow the chain of components involved in creating and submitting the ingestion task. Which part of the application is responsible for creating that task object, and what queuing framework does Paperless-NGX rely on to dispatch it? You may use temporary helper scripts or test files if needed, but don’t modify the actual source code, and clean up any temporary artifacts when you’re done.","Paperless-ngx uses Django-Q as its async task queue, backed by Redis. The Q_CLUSTER setting in /app/src/paperless/settings.py configures: worker count (default sqrt of CPU cores, min 1), Redis connection (PAPERLESS_REDIS env var), 1800s timeout, 1810s retry, recycle=1 (workers respawn after 1 task). Tasks are submitted via django_q.tasks.async_task(), which enqueues them to Redis. Django-Q workers consume tasks from the queue and execute them.",True,high,"The agent explicitly verified the `Q_CLUSTER` configuration in `settings.py` and examined `django_q` models to confirm the use of Django-Q and Redis, which directly informed the final answer's description of the queuing framework, payload structure, and database tables."
control,20260921T112121.240847222Z-openclaw-sweatlasqa-pilot30-amem-repo-control-sglang,task-6905333b74f22949d97ba9dd,028,1,7fa7865f-eeda-4cef-9ee6-88fe48cc6cc7,12,link,61,,"I need to understand how Paperless-NGX processes a document from ingestion through indexing before I start working with the codebase. Set up the full environment and get all services running normally. Drop a small test file into the consumption directory and follow what happens. What log messages appear when the system first detects the file, what ingestion task gets triggered, and what additional tasks show up as the document moves through parsing, classification, and indexing? While the task is queued, check what the message broker is storing. What payload format or data structure represents the queued task? After processing completes, query the database to see where the document record is stored, which fields capture the parsed metadata, and where the system keeps a record of task execution or processing history.
Then trace the high-level codepath behind this workflow based on the behavior you observe. Starting from the part of the system that detects the new file, follow the chain of components involved in creating and submitting the ingestion task. Which part of the application is responsible for creating that task object, and what queuing framework does Paperless-NGX rely on to dispatch it? You may use temporary helper scripts or test files if needed, but don’t modify the actual source code, and clean up any temporary artifacts when you’re done.","Paperless-ngx database tables (Django ORM models): Document (main doc table with FK to Correspondent, FK to DocumentType, M2M to Tag, fields: title, content, mime_type, checksum, archive_checksum, created, modified, storage_type, added, filename, archive_filename, archive_serial_number), Log (admin log entries with group UUID, message, level, created), Tag (name, match, matching_algorithm, is_insensitive, color, is_inbox_tag), Correspondent (name, match, matching_algorithm, is_insensitive), DocumentType (name, match, matching_algorithm, is_insensitive), SavedView (user FK, name, display flags, sort), SavedViewFilterRule (FK to SavedView, rule_type, value), MailAccount and MailRule (in paperless_mail app). Django-Q tables: django_q_task, django_q_schedule (not queried by paperless-ngx code).",True,high,"The agent's final answer explicitly lists the specific fields of the Document model (title, content, mime_type, checksum, etc.) and the Django-Q tables (django_q_task, django_q_ormq) exactly as described in the retrieved note, indicating it used the note to structure its database schema description."
control,20260921T112121.240847222Z-openclaw-sweatlasqa-pilot30-amem-repo-control-sglang,task-6905333b74f22949d97ba9dd,028,1,febf3e79-cd88-4919-8682-a1568bfc2bfb,13,link,58,,"I need to understand how Paperless-NGX processes a document from ingestion through indexing before I start working with the codebase. Set up the full environment and get all services running normally. Drop a small test file into the consumption directory and follow what happens. What log messages appear when the system first detects the file, what ingestion task gets triggered, and what additional tasks show up as the document moves through parsing, classification, and indexing? While the task is queued, check what the message broker is storing. What payload format or data structure represents the queued task? After processing completes, query the database to see where the document record is stored, which fields capture the parsed metadata, and where the system keeps a record of task execution or processing history.
Then trace the high-level codepath behind this workflow based on the behavior you observe. Starting from the part of the system that detects the new file, follow the chain of components involved in creating and submitting the ingestion task. Which part of the application is responsible for creating that task object, and what queuing framework does Paperless-NGX rely on to dispatch it? You may use temporary helper scripts or test files if needed, but don’t modify the actual source code, and clean up any temporary artifacts when you’re done.",Paperless-ngx Docker startup services (supervisord.conf): 1) gunicorn - serves Django REST API via ASGI application (actually WSGI). 2) consumer - runs manage.py document_consumer which watches CONSUMPTION_DIR (inotify or polling). 3) scheduler - runs manage.py qcluster (Django-Q task queue + periodic scheduler). Startup sequence (docker-prepare.sh): wait for PostgreSQL → wait for Redis → run migrations → check/rebuild Whoosh index → create superuser. Supervisord runs all 3 processes in foreground (nodaemon=true).,True,high,"The agent explicitly read `docker/supervisord.conf` and `settings.py` (specifically the `Q_CLUSTER` section) to verify the startup services and queuing framework mentioned in the note, and subsequently described the Django-Q/Redis architecture and the specific `document_consumer` process in its final answer."
control,20260921T112121.240847222Z-openclaw-sweatlasqa-pilot30-amem-repo-control-sglang,task-6905333b74f22949d97ba9e0,030,2,67737ddd-58bb-493e-ad68-0533b447cd95,3,match,66,,"I am trying to figure out why the documents list can feel haunted during normal browsing, where paging through the documents view with a couple of common filters enabled can make the same document show up twice across neighboring pages or disappear for a page and then come back even though nobody is editing anything and the sort order looks unchanged. It gets stranger when the viewer is not an all powerful admin and visibility is shaped by sharing rules, because the glitch seems to depend on what the user is allowed to see rather than what exists. Is the backend producing duplicates that get collapsed somewhere later, is pagination happening before any de duplication, or is the ordering quietly unstable when multiple rows tie on the primary sort key? I want to watch what the API actually returns across consecutive page requests, and line that up with what the UI thinks pagination means until the exact condition that destabilizes the list becomes clear. Temporary scripts may be used for observation, but the repository itself should remain unchanged and anything temporary should be cleaned up afterward.","paperless-ngx Document list pagination bug - root cause: 
1. get_queryset() returns Document.objects.distinct() which deduplicates a simple query with no JOINs.
2. DjangoFilterBackend then applies ManyToMany filters (e.g., tags__id=X) which causes a JOIN on the tag_documents table, producing duplicate rows per document (one per matching tag).
3. The .distinct() from step 1 does NOT apply after the JOIN - it was called BEFORE filter_queryset() runs.
4. OrderingFilter applies ORDER BY (default: -created from model Meta ordering).
5. StandardPagination wraps the queryset in Django Paginator which uses OFFSET/LIMIT.
6. Result: duplicate rows from the JOIN consume offset positions, causing the same document to appear on multiple pages or skip pages entirely.
7. Secondary issue: ordering by -created alone is unstable when multiple docs share the same timestamp (second-precision), since there's no secondary tiebreaker (like id). DB can return tied rows in any order.
8. The ""sharing rules"" dependency: non-admin users see different results because the tag filtering changes which JOIN duplicates exist. Admin users with no tag filter see the simple (distinct) queryset.
9. No object-level permissions exist in this codebase; the filtering is purely tag-related.",True,high,"The agent's final answer explicitly details the specific root cause identified in the note: the `.distinct()` call occurring before the `DjangoFilterBackend` JOIN, the resulting duplicate rows consuming offset positions, and the unstable ordering due to missing secondary tiebreakers, all of which match the note's points 1-4 and 7-8 verbatim in logic and structure."
control,20260921T112121.240847222Z-openclaw-sweatlasqa-pilot30-amem-repo-control-sglang,task-6905333b74f22949d97ba9e8,014,2,bfcc6e63-adcf-4123-9a91-46acfaf90fb5,3,match,65,,"I've been investigating SimpleLogin's authentication and noticed some behaviors I need to verify by actually observing the running system.

When I'm logged into the web interface and make API calls without an API key header, the requests seem to work. I need to confirm what HTTP status code actually comes back and what the response body structure looks like ,not what the code says should happen, but what actually happens when you try it.There's also something odd when trying to access privileged operations with just a browser session. The HTTP status code I get back isn't a standard authorization error, and the error message is unusual. What specific status code and exact error message text does the system actually return in this scenario?

For sessions, I want to understand what the stored session data actually looks like when you examine it directly in storage. Capture the raw bytes from the storage backend and show me what format they're in, what keys are present in the deserialized data for an authenticated session, and how the session key itself is structured.I'm also curious about session identifier behavior during authentication. If you capture the session ID from your cookie before login, then go through the login flow, does that identifier value stay the same or get replaced with a new one? I need to see the actual before and after values to know for sure.

On the email forwarding side, I want to know what happens to specific headers when a message passes through. If an incoming email has a custom X-header, a Received header, and a Reply-To header, which of those three actually make it through to the forwarded message and which get stripped? Send an actual test email and examine the result.

For the alias creation tokens, they clearly expire after some time window. I want to experimentally verify what that window is by testing whether a token works immediately, then waiting and testing if it still works, until you find the boundary where it stops working.

I also noticed that the API tracks usage statistics for API keys. When you make several API calls with the same key, what fields get updated in the database and what are the actual values you observe after making the calls?Finally, when a login attempt fails with wrong credentials, what specific log messages appear and what HTTP response details come back? I want to see the actual logged output and response, not just what the code says should happen.

Show me evidence from actually running the system rather than just reading the code. Don't modify any source files in the repository, but you can create test scripts to observe behavior - just clean them up afterward.","ALIAS SUFFIX TOKEN EXPIRY: The alias creation signed_suffix tokens use itsdangerous.TimestampSigner with max_age=600 seconds (10 minutes). Defined in app/alias_suffix.py in check_suffix_signature(). Expired or tampered signatures both return None (indistinguishable), causing HTTP 412 Precondition Failed. The token immediately works after generation, then works for 10 minutes, then fails at the 10-minute boundary.",True,high,"The agent's final answer explicitly states the alias token expiry is '600 seconds (10 minutes)' and cites the function `check_suffix_signature()` in `app/alias_suffix.py`, which matches the specific details provided in the retrieved note."
control,20260921T112121.240847222Z-openclaw-sweatlasqa-pilot30-amem-repo-control-sglang,task-6905333b74f22949d97ba9e8,014,2,fd081b58-8e0b-4d96-a253-a08f38066bc6,6,match,49,,"I've been investigating SimpleLogin's authentication and noticed some behaviors I need to verify by actually observing the running system.

When I'm logged into the web interface and make API calls without an API key header, the requests seem to work. I need to confirm what HTTP status code actually comes back and what the response body structure looks like ,not what the code says should happen, but what actually happens when you try it.There's also something odd when trying to access privileged operations with just a browser session. The HTTP status code I get back isn't a standard authorization error, and the error message is unusual. What specific status code and exact error message text does the system actually return in this scenario?

For sessions, I want to understand what the stored session data actually looks like when you examine it directly in storage. Capture the raw bytes from the storage backend and show me what format they're in, what keys are present in the deserialized data for an authenticated session, and how the session key itself is structured.I'm also curious about session identifier behavior during authentication. If you capture the session ID from your cookie before login, then go through the login flow, does that identifier value stay the same or get replaced with a new one? I need to see the actual before and after values to know for sure.

On the email forwarding side, I want to know what happens to specific headers when a message passes through. If an incoming email has a custom X-header, a Received header, and a Reply-To header, which of those three actually make it through to the forwarded message and which get stripped? Send an actual test email and examine the result.

For the alias creation tokens, they clearly expire after some time window. I want to experimentally verify what that window is by testing whether a token works immediately, then waiting and testing if it still works, until you find the boundary where it stops working.

I also noticed that the API tracks usage statistics for API keys. When you make several API calls with the same key, what fields get updated in the database and what are the actual values you observe after making the calls?Finally, when a login attempt fails with wrong credentials, what specific log messages appear and what HTTP response details come back? I want to see the actual logged output and response, not just what the code says should happen.

Show me evidence from actually running the system rather than just reading the code. Don't modify any source files in the repository, but you can create test scripts to observe behavior - just clean them up afterward.","API AUTH WITHOUT API KEY: *** a user is logged into the web interface and makes API calls without an Authentication header, the requests actually succeed. In authorize_request() (app/api/base.py), when api_key is None and current_user.is_authenticated is True, the code sets g.user = current_user and allows the request through. The commented-out code that would have required a separate X-Sl-Allowcookies header is not active. This means web session cookies can be used for API access.",True,high,"The agent's final answer explicitly states that API calls without an API key succeed when logged in, directly reflecting the core claim in the retrieved note that 'requests actually succeed' and 'web session cookies can be used for API access' due to the logic in `authorize_request()`."
control,20260921T112121.240847222Z-openclaw-sweatlasqa-pilot30-amem-repo-control-sglang,task-6905333b74f22949d97ba9e8,014,2,df6a6976-112c-41b0-90bc-81e1b9dbb9f9,10,match,57,,"I've been investigating SimpleLogin's authentication and noticed some behaviors I need to verify by actually observing the running system.

When I'm logged into the web interface and make API calls without an API key header, the requests seem to work. I need to confirm what HTTP status code actually comes back and what the response body structure looks like ,not what the code says should happen, but what actually happens when you try it.There's also something odd when trying to access privileged operations with just a browser session. The HTTP status code I get back isn't a standard authorization error, and the error message is unusual. What specific status code and exact error message text does the system actually return in this scenario?

For sessions, I want to understand what the stored session data actually looks like when you examine it directly in storage. Capture the raw bytes from the storage backend and show me what format they're in, what keys are present in the deserialized data for an authenticated session, and how the session key itself is structured.I'm also curious about session identifier behavior during authentication. If you capture the session ID from your cookie before login, then go through the login flow, does that identifier value stay the same or get replaced with a new one? I need to see the actual before and after values to know for sure.

On the email forwarding side, I want to know what happens to specific headers when a message passes through. If an incoming email has a custom X-header, a Received header, and a Reply-To header, which of those three actually make it through to the forwarded message and which get stripped? Send an actual test email and examine the result.

For the alias creation tokens, they clearly expire after some time window. I want to experimentally verify what that window is by testing whether a token works immediately, then waiting and testing if it still works, until you find the boundary where it stops working.

I also noticed that the API tracks usage statistics for API keys. When you make several API calls with the same key, what fields get updated in the database and what are the actual values you observe after making the calls?Finally, when a login attempt fails with wrong credentials, what specific log messages appear and what HTTP response details come back? I want to see the actual logged output and response, not just what the code says should happen.

Show me evidence from actually running the system rather than just reading the code. Don't modify any source files in the repository, but you can create test scripts to observe behavior - just clean them up afterward.","WEB LOGIN FAILURE STATUS CODE: The web login POST endpoint (/auth/login) always returns HTTP 200 on failure — it re-renders the login template with flash messages. It never returns 401. Flash messages include: ""Email or password incorrect"", ""Your account is disabled. Please contact SimpleLogin team to re-enable your account."", ""Your account is scheduled to be deleted on {date}"", ""Please check your inbox for the activation email. You can also have this email re-sent"". The API login endpoint (/api/auth/login) returns HTTP 400 with JSON {""error"": ""Email or password incorrect""} for wrong credentials. Unactivated accounts get 422 with {""error"": ""Account not activated""}.",True,high,"The agent's final answer explicitly states that the web login POST endpoint returns HTTP 200 on failure and lists the specific flash messages (e.g., 'Email or password incorrect') which are verbatim from the retrieved note, and also correctly distinguishes the API login behavior (HTTP 400) as described in the note."
control,20260921T112121.240847222Z-openclaw-sweatlasqa-pilot30-amem-repo-control-sglang,task-6905333b74f22949d97ba9e8,014,2,55c1dcd3-783a-454c-bfca-8399ab73615c,12,match,54,,"I've been investigating SimpleLogin's authentication and noticed some behaviors I need to verify by actually observing the running system.

When I'm logged into the web interface and make API calls without an API key header, the requests seem to work. I need to confirm what HTTP status code actually comes back and what the response body structure looks like ,not what the code says should happen, but what actually happens when you try it.There's also something odd when trying to access privileged operations with just a browser session. The HTTP status code I get back isn't a standard authorization error, and the error message is unusual. What specific status code and exact error message text does the system actually return in this scenario?

For sessions, I want to understand what the stored session data actually looks like when you examine it directly in storage. Capture the raw bytes from the storage backend and show me what format they're in, what keys are present in the deserialized data for an authenticated session, and how the session key itself is structured.I'm also curious about session identifier behavior during authentication. If you capture the session ID from your cookie before login, then go through the login flow, does that identifier value stay the same or get replaced with a new one? I need to see the actual before and after values to know for sure.

On the email forwarding side, I want to know what happens to specific headers when a message passes through. If an incoming email has a custom X-header, a Received header, and a Reply-To header, which of those three actually make it through to the forwarded message and which get stripped? Send an actual test email and examine the result.

For the alias creation tokens, they clearly expire after some time window. I want to experimentally verify what that window is by testing whether a token works immediately, then waiting and testing if it still works, until you find the boundary where it stops working.

I also noticed that the API tracks usage statistics for API keys. When you make several API calls with the same key, what fields get updated in the database and what are the actual values you observe after making the calls?Finally, when a login attempt fails with wrong credentials, what specific log messages appear and what HTTP response details come back? I want to see the actual logged output and response, not just what the code says should happen.

Show me evidence from actually running the system rather than just reading the code. Don't modify any source files in the repository, but you can create test scripts to observe behavior - just clean them up afterward.","EMAIL FORWARDING HEADER HANDLING: In forward_email_to_mailbox(), after spam checks, delete_all_headers_except() strips all headers except: FROM, TO, CC, SUBJECT, DATE, MESSAGE-ID, REFERENCES, IN_REPLY-TO, X-SL-Queue-ID, List-Unsubscribe, List-Unsubscribe-Post, and MIME headers (Content-Type, Content-Disposition, Content-Transfer-Encoding, Mime-Version). Then the code adds back: From (replaced with reverse-alias), Reply-To (only if reply_to_contact exists, replaced with reverse-alias), and X-SimpleLogin-Type, X-SimpleLogin-EmailLog-ID, etc. CRITICAL: Received headers and custom X-headers (non-SL) are STRIPPED. Reply-To is stripped then re-added with a transformed address, not the original value.",True,high,"The agent's final answer explicitly states that 'Custom X-headers and Received headers are stripped' and 'Reply-To is stripped and replaced with a reverse-alias', which directly mirrors the specific claims and details found in the retrieved note regarding header handling."
control,20260921T112121.240847222Z-openclaw-sweatlasqa-pilot30-amem-repo-control-sglang,task-6905333b74f22949d97ba9e8,014,2,54f7fb2c-e73e-4e7e-ad3c-4a510c6f80f8,13,match,53,,"I've been investigating SimpleLogin's authentication and noticed some behaviors I need to verify by actually observing the running system.

When I'm logged into the web interface and make API calls without an API key header, the requests seem to work. I need to confirm what HTTP status code actually comes back and what the response body structure looks like ,not what the code says should happen, but what actually happens when you try it.There's also something odd when trying to access privileged operations with just a browser session. The HTTP status code I get back isn't a standard authorization error, and the error message is unusual. What specific status code and exact error message text does the system actually return in this scenario?

For sessions, I want to understand what the stored session data actually looks like when you examine it directly in storage. Capture the raw bytes from the storage backend and show me what format they're in, what keys are present in the deserialized data for an authenticated session, and how the session key itself is structured.I'm also curious about session identifier behavior during authentication. If you capture the session ID from your cookie before login, then go through the login flow, does that identifier value stay the same or get replaced with a new one? I need to see the actual before and after values to know for sure.

On the email forwarding side, I want to know what happens to specific headers when a message passes through. If an incoming email has a custom X-header, a Received header, and a Reply-To header, which of those three actually make it through to the forwarded message and which get stripped? Send an actual test email and examine the result.

For the alias creation tokens, they clearly expire after some time window. I want to experimentally verify what that window is by testing whether a token works immediately, then waiting and testing if it still works, until you find the boundary where it stops working.

I also noticed that the API tracks usage statistics for API keys. When you make several API calls with the same key, what fields get updated in the database and what are the actual values you observe after making the calls?Finally, when a login attempt fails with wrong credentials, what specific log messages appear and what HTTP response details come back? I want to see the actual logged output and response, not just what the code says should happen.

Show me evidence from actually running the system rather than just reading the code. Don't modify any source files in the repository, but you can create test scripts to observe behavior - just clean them up afterward.","Session storage format: SimpleLogin uses RedisSessionStore. Session data is serialized via pickle.dumps(dict(session)) and stored in Redis with key format ""session:{uuid4}"". The cookie contains a signed session_id (not the full session data). The session_id is a UUID4 string. Authenticated sessions (with _user_id) persist for PERMANENT_SESSION_LIFETIME; non-authenticated sessions expire after 300 seconds. The ServerSession is a CallbackDict with session_id and modified fields.",True,high,"The agent's final answer explicitly details the session storage format (Redis, pickle, key format 'session:{uuid4}', cookie content, and specific session keys like '_user_id'), which matches the specific technical claims in the retrieved note verbatim."
control,20260921T112121.240847222Z-openclaw-sweatlasqa-pilot30-amem-repo-control-sglang,task-6905333b74f22949d97ba9e8,014,2,d30ecbac-01c2-4e2d-b802-63e317fe9771,22,link,50,,"I've been investigating SimpleLogin's authentication and noticed some behaviors I need to verify by actually observing the running system.

When I'm logged into the web interface and make API calls without an API key header, the requests seem to work. I need to confirm what HTTP status code actually comes back and what the response body structure looks like ,not what the code says should happen, but what actually happens when you try it.There's also something odd when trying to access privileged operations with just a browser session. The HTTP status code I get back isn't a standard authorization error, and the error message is unusual. What specific status code and exact error message text does the system actually return in this scenario?

For sessions, I want to understand what the stored session data actually looks like when you examine it directly in storage. Capture the raw bytes from the storage backend and show me what format they're in, what keys are present in the deserialized data for an authenticated session, and how the session key itself is structured.I'm also curious about session identifier behavior during authentication. If you capture the session ID from your cookie before login, then go through the login flow, does that identifier value stay the same or get replaced with a new one? I need to see the actual before and after values to know for sure.

On the email forwarding side, I want to know what happens to specific headers when a message passes through. If an incoming email has a custom X-header, a Received header, and a Reply-To header, which of those three actually make it through to the forwarded message and which get stripped? Send an actual test email and examine the result.

For the alias creation tokens, they clearly expire after some time window. I want to experimentally verify what that window is by testing whether a token works immediately, then waiting and testing if it still works, until you find the boundary where it stops working.

I also noticed that the API tracks usage statistics for API keys. When you make several API calls with the same key, what fields get updated in the database and what are the actual values you observe after making the calls?Finally, when a login attempt fails with wrong credentials, what specific log messages appear and what HTTP response details come back? I want to see the actual logged output and response, not just what the code says should happen.

Show me evidence from actually running the system rather than just reading the code. Don't modify any source files in the repository, but you can create test scripts to observe behavior - just clean them up afterward.","API KEY USAGE TRACKING: In authorize_request() (app/api/base.py), every successful API call with a valid key updates two fields: api_key.last_used = arrow.now() (current timestamp) and api_key.times += 1 (incremented by 1). These are committed to the database immediately after each API call. The ApiKey model has: user_id, code (unique 60-char random string), name, last_used (ArrowType), times (Integer, default 0), sudo_mode_at (ArrowType).",True,high,"The agent's final answer explicitly states that 'last_used (timestamp) and times (counter) are updated per call' for API key usage tracking, which directly reflects the specific field names and update logic described in the retrieved note."
control,20260921T112121.240847222Z-openclaw-sweatlasqa-pilot30-amem-repo-control-sglang,task-6905333b74f22949d97baa1d,015,1,54f7fb2c-e73e-4e7e-ad3c-4a510c6f80f8,1,match,65,,"I’m testing the SimpleLogin repository and trying to understand how server-side session handling behaves at runtime, especially when stored session data is turned back into Python objects. I want to see what normal sessions look like as users log in and out and then what actually happens if the session data in Redis is corrupted or malformed. Does the next request fail, silently reset the session, or surface an error, and what shows up in responses or logs when that happens? I’m trying to understand where the boundary lies between a harmless reset and a real deserialization risk, based on what you can observe while the system is running rather than theory alone. If an attacker could tamper with session bytes but not forge the signed session ID, does that meaningfully change the risk, and how does the runtime behavior support that conclusion? Temporary scripts may be used for observation, but the repository itself should remain unchanged, and anything temporary should be cleaned up afterward.","Session storage format: SimpleLogin uses RedisSessionStore. Session data is serialized via pickle.dumps(dict(session)) and stored in Redis with key format ""session:{uuid4}"". The cookie contains a signed session_id (not the full session data). The session_id is a UUID4 string. Authenticated sessions (with _user_id) persist for PERMANENT_SESSION_LIFETIME; non-authenticated sessions expire after 300 seconds. The ServerSession is a CallbackDict with session_id and modified fields.",True,high,"The agent's final answer explicitly incorporates the note's specific details, such as the 'session:{uuid4}' key format, the use of 'pickle.dumps' for serialization, the distinction between the signed session_id in the cookie and the data in Redis, and the behavior of authenticated vs non-authenticated sessions, all of which directly informed the analysis of the RCE risk and session reset behavior."
control,20260921T185635.159523170Z-openclaw-sweatlasqa-pilot30-shuffle1-amem-repo-control-sglang,task-6905333b74f22949d97ba9a4,012,1,91d3f323-4cc3-434c-b70f-5b7dce344082,3,match,59,,"I'm trying to understand what actually happens when SimpleLogin is started locally in development environment. I'm wondering how the backend starts up in dev mode, how configuration is loaded, which log messages indicate that it's ready to accept requests, and what ports or endpoints it exposes. 

I’m interested in how a single authenticated request is handled by the app, where the request first enters the application, how the user identity is determined at runtime, and how that authentication context is carried through request handling. The entry point and user identification flow are my main concerns here. I also want to know whether the app automatically starts any background jobs or schedulers, or if there’s anything going on besides handling incoming requests.

I'm not looking for what the code says should happen, I want to know what actually gets printed when you run it. Please don’t modify any repository source files while investigating. Temporary scripts are fine if needed, but leave the codebase unchanged and clean up anything you create when you’re done.","SimpleLogin 5-service architecture: 1) server.py - Flask web app (port 7777 via gunicorn/local_main), handles HTTP/login/registration/dashboard. Startup log: app.run(debug=True, port=7777) in local_main(), or gunicorn. 2) email_handler.py - aiosmtpd SMTP server (port 20381), receives incoming emails. Startup log: ""Start mail controller 0.0.0.0 20381"" (LOG.d). 3) cron.py - scheduled tasks (stats, delete monitoring, check custom domains, HIBP, trial notifications, sanity_check, delete_logs, poll_apple_subscriptions, notify_trial_end, etc.), runs via cron or CLI args. 4) job_runner.py - processes background Job queue (onboarding emails, batch imports, account deletion, data export) on 10s polling loop. Startup log: ""Take job ..."" per job processed. 5) event_listener.py - Postgres LISTEN/NOTIFY event source/listener for async partner events (webhook dispatching, dead-letter replay). 6) monitoring.py - Postfix queue, DB connections, sync events metrics, runs every 60s. Health endpoint: /health returns ""success"" 200.",True,high,"The agent's final answer explicitly reproduces the specific startup logs, port numbers, and component descriptions (e.g., 'Start mail controller 0.0.0.0 20381', 'Take job ...', port 7777) that were detailed in the retrieved note, indicating it used the note to structure and verify its findings."
control,20260921T185635.159523170Z-openclaw-sweatlasqa-pilot30-shuffle1-amem-repo-control-sglang,task-6905333b74f22949d97ba9a6,014,1,34e77d52-a14c-4212-9c99-955829dbe129,1,match,53,,"I'm trying to get this email privacy system with anonymous aliases running for the first time and I want to understand how all the pieces fit together during initialization.

The system has a web server, an email handler, background jobs, and some cron tasks. I need to set everything up from scratch and see what actually happens when it starts.

Here's what I'm trying to figure out:

When I run the database migrations on an empty PostgreSQL database, how many tables get created in total? And what's the exact name of the last table that gets created based on the migration output order?

For the web server startup, what's the log message that tells me it's actually ready to accept connections? I'm also curious how many milliseconds pass between the first log entry and that ready message.

The email handler can take a custom port. If I start it with port 25025, does the startup log confirm it's listening on that port? What message shows up exactly?

I want to test the registration flow. If I create a user account with email ""[testuser@example.com](mailto:testuser@example.com)"" and password ""testpass123"", then immediately try to login before activating it, what's the exact JSON error message the API returns and what HTTP status code comes with it? I'd also like to see the full curl command output. And when I query the database directly for that user, what boolean values do the activated and notification columns actually show?

Also, there are different alias limits for different account types. I want to verify how the system handles this dynamically. First, create a fresh user and call /api/user_info to see what max_alias_free_plan value the API actually returns in the JSON response. Then, experiment with changing the configuration - try setting a different limit value like 10, restart the server, create a second new user, and call /api/user_info again for that user. What are the exact API responses before and after the change? Do both users reflect the new limit or only the one created after the change?

I'm trying to understand the actual runtime behavior here, not just what the code suggests should happen. Don't modify any of the source files, but feel free to create test config files or .env files to experiment with different settings.","Registration flow: 1) POST /register with email+password → creates User (activated=False), creates ActivationCode (30-char random, 1h expiry), sends activation email via send_activation_email() → renders ""register_waiting_activation.html"" page (""An email to validate your email is on its way""). 2) User clicks activation link → GET /activate?code=*** → finds ActivationCode, marks User.activated=True, login_user(), deletes ActivationCode, sends welcome email (send_welcome_email()), redirects to dashboard index. 3) User sees dashboard with stats (nb_alias, nb_forward, nb_reply, nb_block), can create random/custom aliases. Key log messages: LOG.d(""create user {email}""), LOG.d(""Start mail controller 0.0.0.0 {port}"").",False,high,"The agent's subsequent actions focused entirely on analyzing migration files, counting tables, and inspecting source code for startup logs and API responses, with no reference to the specific registration flow steps, activation code logic, or log messages ('create user', 'Start mail controller') detailed in the retrieved note."
control,20260921T185635.159523170Z-openclaw-sweatlasqa-pilot30-shuffle1-amem-repo-control-sglang,task-6905333b74f22949d97ba9a6,014,1,15506551-45c2-4423-9d91-e1abd512171e,8,link,45,,"I'm trying to get this email privacy system with anonymous aliases running for the first time and I want to understand how all the pieces fit together during initialization.

The system has a web server, an email handler, background jobs, and some cron tasks. I need to set everything up from scratch and see what actually happens when it starts.

Here's what I'm trying to figure out:

When I run the database migrations on an empty PostgreSQL database, how many tables get created in total? And what's the exact name of the last table that gets created based on the migration output order?

For the web server startup, what's the log message that tells me it's actually ready to accept connections? I'm also curious how many milliseconds pass between the first log entry and that ready message.

The email handler can take a custom port. If I start it with port 25025, does the startup log confirm it's listening on that port? What message shows up exactly?

I want to test the registration flow. If I create a user account with email ""[testuser@example.com](mailto:testuser@example.com)"" and password ""testpass123"", then immediately try to login before activating it, what's the exact JSON error message the API returns and what HTTP status code comes with it? I'd also like to see the full curl command output. And when I query the database directly for that user, what boolean values do the activated and notification columns actually show?

Also, there are different alias limits for different account types. I want to verify how the system handles this dynamically. First, create a fresh user and call /api/user_info to see what max_alias_free_plan value the API actually returns in the JSON response. Then, experiment with changing the configuration - try setting a different limit value like 10, restart the server, create a second new user, and call /api/user_info again for that user. What are the exact API responses before and after the change? Do both users reflect the new limit or only the one created after the change?

I'm trying to understand the actual runtime behavior here, not just what the code suggests should happen. Don't modify any of the source files, but feel free to create test config files or .env files to experiment with different settings.","Login flow: 1) GET /login → renders login.html (Flask-WTF form, no DB query). 2) POST /login → finds User by email, checks password, checks activated flag, checks disabled/scheduled-for-deletion. If all good → after_login() → if MFA enabled redirects to auth.mfa, else login_user() → redirects to dashboard.index. Key log messages: LoginEvent sent, LOG.d(""log user {user} in""). Failed login: ""Email or password incorrect"" flash. Unactivated: ""Please check your inbox for the activation email.""",False,high,"The agent's subsequent actions focused entirely on analyzing migration files, database models, and server startup code to answer questions about table counts, server logs, and configuration behavior; the retrieved note about the login flow's internal logic and specific flash messages was never referenced in the agent's reasoning or final answer, which instead derived the login error details from code inspection rather than the note's claims."
control,20260921T185635.159523170Z-openclaw-sweatlasqa-pilot30-shuffle1-amem-repo-control-sglang,task-6905333b74f22949d97ba9a6,014,2,0468f9ae-8dde-4841-81d5-85c16f370458,3,match,67,,"I'm trying to get this email privacy system with anonymous aliases running for the first time and I want to understand how all the pieces fit together during initialization.

The system has a web server, an email handler, background jobs, and some cron tasks. I need to set everything up from scratch and see what actually happens when it starts.

Here's what I'm trying to figure out:

When I run the database migrations on an empty PostgreSQL database, how many tables get created in total? And what's the exact name of the last table that gets created based on the migration output order?

For the web server startup, what's the log message that tells me it's actually ready to accept connections? I'm also curious how many milliseconds pass between the first log entry and that ready message.

The email handler can take a custom port. If I start it with port 25025, does the startup log confirm it's listening on that port? What message shows up exactly?

I want to test the registration flow. If I create a user account with email ""[testuser@example.com](mailto:testuser@example.com)"" and password ""testpass123"", then immediately try to login before activating it, what's the exact JSON error message the API returns and what HTTP status code comes with it? I'd also like to see the full curl command output. And when I query the database directly for that user, what boolean values do the activated and notification columns actually show?

Also, there are different alias limits for different account types. I want to verify how the system handles this dynamically. First, create a fresh user and call /api/user_info to see what max_alias_free_plan value the API actually returns in the JSON response. Then, experiment with changing the configuration - try setting a different limit value like 10, restart the server, create a second new user, and call /api/user_info again for that user. What are the exact API responses before and after the change? Do both users reflect the new limit or only the one created after the change?

I'm trying to understand the actual runtime behavior here, not just what the code suggests should happen. Don't modify any of the source files, but feel free to create test config files or .env files to experiment with different settings.","SimpleLogin API registration+login flow: POST /api/auth/register creates user with activated=False, creates AccountActivation with 6-digit code. POST /api/auth/login with unactivated user returns: {""error"": ""Account not activated""} with HTTP status 422. The 'activated' column in users table is sa.Column(sa.Boolean, default=False, nullable=False, index=True). The 'notification' column defaults to True (sa.Column(sa.Boolean, default=True, nullable=False, server_default=""1"")).",True,high,"The agent's final answer explicitly states the error message '{""error"": ""Account not activated""}', HTTP status 422, and the default boolean values for 'activated' (False) and 'notification' (True), which are the specific facts contained in the retrieved note."
control,20260921T185635.159523170Z-openclaw-sweatlasqa-pilot30-shuffle1-amem-repo-control-sglang,task-6905333b74f22949d97ba9a6,014,2,15506551-45c2-4423-9d91-e1abd512171e,6,link,50,,"I'm trying to get this email privacy system with anonymous aliases running for the first time and I want to understand how all the pieces fit together during initialization.

The system has a web server, an email handler, background jobs, and some cron tasks. I need to set everything up from scratch and see what actually happens when it starts.

Here's what I'm trying to figure out:

When I run the database migrations on an empty PostgreSQL database, how many tables get created in total? And what's the exact name of the last table that gets created based on the migration output order?

For the web server startup, what's the log message that tells me it's actually ready to accept connections? I'm also curious how many milliseconds pass between the first log entry and that ready message.

The email handler can take a custom port. If I start it with port 25025, does the startup log confirm it's listening on that port? What message shows up exactly?

I want to test the registration flow. If I create a user account with email ""[testuser@example.com](mailto:testuser@example.com)"" and password ""testpass123"", then immediately try to login before activating it, what's the exact JSON error message the API returns and what HTTP status code comes with it? I'd also like to see the full curl command output. And when I query the database directly for that user, what boolean values do the activated and notification columns actually show?

Also, there are different alias limits for different account types. I want to verify how the system handles this dynamically. First, create a fresh user and call /api/user_info to see what max_alias_free_plan value the API actually returns in the JSON response. Then, experiment with changing the configuration - try setting a different limit value like 10, restart the server, create a second new user, and call /api/user_info again for that user. What are the exact API responses before and after the change? Do both users reflect the new limit or only the one created after the change?

I'm trying to understand the actual runtime behavior here, not just what the code suggests should happen. Don't modify any of the source files, but feel free to create test config files or .env files to experiment with different settings.","Login flow: 1) GET /login → renders login.html (Flask-WTF form, no DB query). 2) POST /login → finds User by email, checks password, checks activated flag, checks disabled/scheduled-for-deletion. If all good → after_login() → if MFA enabled redirects to auth.mfa, else login_user() → redirects to dashboard.index. Key log messages: LoginEvent sent, LOG.d(""log user {user} in""). Failed login: ""Email or password incorrect"" flash. Unactivated: ""Please check your inbox for the activation email.""",False,high,"The agent's final answer provides specific technical details (e.g., 'Account not activated' error, HTTP 422 status, specific log messages, table counts) that are not present in the retrieved note, which only describes the general login flow logic and flash messages, indicating the note was not the source of the factual answers."
control,20260921T185635.159523170Z-openclaw-sweatlasqa-pilot30-shuffle1-amem-repo-control-sglang,task-6905333b74f22949d97ba9a6,014,2,7c4b5edd-3db6-4bf6-8e80-2953c272fdb8,10,link,66,,"I'm trying to get this email privacy system with anonymous aliases running for the first time and I want to understand how all the pieces fit together during initialization.

The system has a web server, an email handler, background jobs, and some cron tasks. I need to set everything up from scratch and see what actually happens when it starts.

Here's what I'm trying to figure out:

When I run the database migrations on an empty PostgreSQL database, how many tables get created in total? And what's the exact name of the last table that gets created based on the migration output order?

For the web server startup, what's the log message that tells me it's actually ready to accept connections? I'm also curious how many milliseconds pass between the first log entry and that ready message.

The email handler can take a custom port. If I start it with port 25025, does the startup log confirm it's listening on that port? What message shows up exactly?

I want to test the registration flow. If I create a user account with email ""[testuser@example.com](mailto:testuser@example.com)"" and password ""testpass123"", then immediately try to login before activating it, what's the exact JSON error message the API returns and what HTTP status code comes with it? I'd also like to see the full curl command output. And when I query the database directly for that user, what boolean values do the activated and notification columns actually show?

Also, there are different alias limits for different account types. I want to verify how the system handles this dynamically. First, create a fresh user and call /api/user_info to see what max_alias_free_plan value the API actually returns in the JSON response. Then, experiment with changing the configuration - try setting a different limit value like 10, restart the server, create a second new user, and call /api/user_info again for that user. What are the exact API responses before and after the change? Do both users reflect the new limit or only the one created after the change?

I'm trying to understand the actual runtime behavior here, not just what the code suggests should happen. Don't modify any of the source files, but feel free to create test config files or .env files to experiment with different settings.","SimpleLogin migration table count: 76 tables defined in models.py (from __tablename__ assignments). The migration files contain 82 create_table calls creating 77 unique table names. 5 tables in models.py have no explicit create_table in migrations: admin_audit_log, alias, contact, email_log, provider_complaint (these are created by alembic autogenerate from Base.metadata or created elsewhere). 5 tables in migrations aren't in models.py anymore: client_scope, forward_email, forward_email_log, gen_email, scope. The alembic_version table is created by alembic itself.",True,high,"The agent's final answer explicitly cites the specific table counts (76 in models.py, 77 unique in migrations) and the discrepancy details (5 tables missing from migrations, 5 not in models) which are unique facts found only in the retrieved note."
control,20260921T185635.159523170Z-openclaw-sweatlasqa-pilot30-shuffle1-amem-repo-control-sglang,task-6905333b74f22949d97ba9a6,014,2,4cf2522d-72b7-4dbf-ae79-d6f273cce3b4,11,link,60,,"I'm trying to get this email privacy system with anonymous aliases running for the first time and I want to understand how all the pieces fit together during initialization.

The system has a web server, an email handler, background jobs, and some cron tasks. I need to set everything up from scratch and see what actually happens when it starts.

Here's what I'm trying to figure out:

When I run the database migrations on an empty PostgreSQL database, how many tables get created in total? And what's the exact name of the last table that gets created based on the migration output order?

For the web server startup, what's the log message that tells me it's actually ready to accept connections? I'm also curious how many milliseconds pass between the first log entry and that ready message.

The email handler can take a custom port. If I start it with port 25025, does the startup log confirm it's listening on that port? What message shows up exactly?

I want to test the registration flow. If I create a user account with email ""[testuser@example.com](mailto:testuser@example.com)"" and password ""testpass123"", then immediately try to login before activating it, what's the exact JSON error message the API returns and what HTTP status code comes with it? I'd also like to see the full curl command output. And when I query the database directly for that user, what boolean values do the activated and notification columns actually show?

Also, there are different alias limits for different account types. I want to verify how the system handles this dynamically. First, create a fresh user and call /api/user_info to see what max_alias_free_plan value the API actually returns in the JSON response. Then, experiment with changing the configuration - try setting a different limit value like 10, restart the server, create a second new user, and call /api/user_info again for that user. What are the exact API responses before and after the change? Do both users reflect the new limit or only the one created after the change?

I'm trying to understand the actual runtime behavior here, not just what the code suggests should happen. Don't modify any of the source files, but feel free to create test config files or .env files to experiment with different settings.","SimpleLogin web server startup: Flask dev server uses werkzeug's log_startup() which prints: (1) WARNING about dev server, (2) Running on http://127.0.0.1:7777, (3) Press CTRL+C to quit. The 'ready' message is the 'Running on' line. The first log entry is the WARNING banner. Time between first log and ready message is essentially 0ms (consecutive calls in werkzeug.run_simple). The email handler startup log message: 'Listen for port 25025' (LOG.i), followed by 'Start mail controller 0.0.0.0 25025' (LOG.d) after aiosmtpd controller.start().",True,high,"The agent's final answer explicitly reproduces the specific log messages ('Listen for port 25025', 'Start mail controller 0.0.0.0 25025') and the timing detail (0ms between WARNING and 'Running on') that were contained in the retrieved note."
control,20260921T185635.159523170Z-openclaw-sweatlasqa-pilot30-shuffle1-amem-repo-control-sglang,task-6905333b74f22949d97ba9a8,010,1,91d3f323-4cc3-434c-b70f-5b7dce344082,2,match,66,,"I'm onboarding into the SimpleLogin codebase and need to understand how it actually behaves when running. I want to know what port the Flask app binds to and what the startup logs look like when it initializes. For the health check, what response body and status code does it return? When a user creates an alias through the API, what does the actual JSON response look like, and what ends up in the database, which table, and what values? I'm also curious about failure behavior. If PostgreSQL isn't available when the app starts, what error appears, and where does it break? I need to see actual runtime output, not just what the code says should happen. You can create temporary test scripts, but don't modify the repository and clean up afterward.","SimpleLogin 5-service architecture: 1) server.py - Flask web app (port 7777 via gunicorn/local_main), handles HTTP/login/registration/dashboard. Startup log: app.run(debug=True, port=7777) in local_main(), or gunicorn. 2) email_handler.py - aiosmtpd SMTP server (port 20381), receives incoming emails. Startup log: ""Start mail controller 0.0.0.0 20381"" (LOG.d). 3) cron.py - scheduled tasks (stats, delete monitoring, check custom domains, HIBP, trial notifications, sanity_check, delete_logs, poll_apple_subscriptions, notify_trial_end, etc.), runs via cron or CLI args. 4) job_runner.py - processes background Job queue (onboarding emails, batch imports, account deletion, data export) on 10s polling loop. Startup log: ""Take job ..."" per job processed. 5) event_listener.py - Postgres LISTEN/NOTIFY event source/listener for async partner events (webhook dispatching, dead-letter replay). 6) monitoring.py - Postfix queue, DB connections, sync events metrics, runs every 60s. Health endpoint: /health returns ""success"" 200.",True,high,"The agent's final answer explicitly states the Flask app binds to port 7777 and the health check returns 'success' with status 200, which are specific facts directly retrieved from the note, confirming the note drove the initial understanding of these behaviors."
control,20260921T185635.159523170Z-openclaw-sweatlasqa-pilot30-shuffle1-amem-repo-control-sglang,task-6905333b74f22949d97ba9a9,013,1,869bccde-4e65-44ea-b778-7806912c5a21,1,match,72,,"I'm running into unexpected behavior in the alias reply-handling flow of SimpleLogin and I want to determine whether it's a real issue or just a misunderstanding of how the pipeline works. When a user replies to an email that was forwarded through an alias, the backend is supposed to receive the inbound message, identify which alias it belongs to, and relay it back to the correct recipient, but in my local tests some replies appear to be routed to the wrong user even though the logs show the alias being recognized. Using the development environment, simulate an inbound email reply and trace the runtime flow end-to-end: observe which part of the system handles the incoming message, how the alias is resolved to a user, and what user ID the system ultimately decides to forward the reply to. Based on this live execution trace, explain the actual data flow and identify the most likely point in the pipeline where an incorrect routing decision could originate. You can create temporary scripts or logs that's fine but clean them up and leave the codebase as you found it.","SimpleLogin reply resolution flow: handle() checks if rcpt_to is a reverse alias (is_reverse_alias). If yes, calls handle_reply(). The reply_email is extracted from rcpt_to, normalized via normalize_reply_email(), then looked up via Contact.get_by(reply_email=reply_email). CRITICAL: Contact.reply_email is NOT unique (only indexed). If two contacts share the same reply_email, the lookup returns the first match (Contact.get_by uses filter_by + first()), potentially routing the reply to the wrong contact. If found, the contact's alias is retrieved, and get_mailbox_from_mail_from() is called with mail_from and the alias to determine the destination mailbox. The reply is then forwarded to contact.website_email.",True,high,"The agent's final answer explicitly identifies the non-unique `Contact.reply_email` index and the `Contact.get_by(...).first()` behavior as the root cause, directly mirroring the specific technical details and causal explanation provided in the retrieved note."
control,20260921T185635.159523170Z-openclaw-sweatlasqa-pilot30-shuffle1-amem-repo-control-sglang,task-6905333b74f22949d97ba9a9,013,1,9a0196e0-d07c-458b-ab84-0679bd7e7a16,2,match,68,,"I'm running into unexpected behavior in the alias reply-handling flow of SimpleLogin and I want to determine whether it's a real issue or just a misunderstanding of how the pipeline works. When a user replies to an email that was forwarded through an alias, the backend is supposed to receive the inbound message, identify which alias it belongs to, and relay it back to the correct recipient, but in my local tests some replies appear to be routed to the wrong user even though the logs show the alias being recognized. Using the development environment, simulate an inbound email reply and trace the runtime flow end-to-end: observe which part of the system handles the incoming message, how the alias is resolved to a user, and what user ID the system ultimately decides to forward the reply to. Based on this live execution trace, explain the actual data flow and identify the most likely point in the pipeline where an incorrect routing decision could originate. You can create temporary scripts or logs that's fine but clean them up and leave the codebase as you found it.","Final verified runtime values from SimpleLogin email forward trace:
- SUCCESS log: handle() logs ""Forward phase mail_from -> alias"", handle_forward() logs ""Create or get contact..."", forward_email_to_mailbox() logs ""Forward contact -> alias -> mailbox"", ""Create EmailLog N for contact, user, mailbox"", ""From header, new:display_name <reply@domain>, old:..."", ""Forward mail from contact_email to mailbox_email""
- SUCCESS SMTP: ""250 Message accepted for delivery"" (E200)
- FAILURE non-existent alias log: ""alias {alias} not exist. Try to see if it can be created on the fly"" → ""alias {alias} cannot be created on-the-fly, return 550""
- FAILURE SMTP: ""550 SL E515 Email not exist"" (E515)
- From header transformation: ""sender@example.com"" → '""sender at example.com"" <sender_at_example_com_yzeqx@sl.local>' where @→"" at "" and email→reply_email (reverse-alias)
- reply_email format: contact_email_with_@_replaced_by__at_ + ""_"" + random_string(20-50) @ domain
- VERP address: sl.{base32_payload}.{base32_sig}@domain, payload = [VerpType.bounce_forward(0), email_log_id, time_minutes]
- SL Message-ID: make_msgid(email_log_id, domain) → ""<179001780300.1827.14334219615029983381.5@sl.local>"" (only in reply phase)
- Forward phase: EmailLog.message_id=original_MID, EmailLog.sl_message_id=NULL
- Reply phase: EmailLog.message_id=original_MID, EmailLog.sl_message_id=SL_MID, MessageIDMatching created",False,high,"The agent's final answer attributes the bug to a database schema issue (missing unique constraint on `reply_email`), which is not mentioned or implied in the retrieved note; the note only describes successful and failure log patterns and header transformations, providing no evidence of schema constraints or duplicate key issues."
control,20260921T185635.159523170Z-openclaw-sweatlasqa-pilot30-shuffle1-amem-repo-control-sglang,task-6905333b74f22949d97ba9a9,013,1,b00d841f-c95a-47d6-8ec0-1ec9f8d9d476,4,match,60,,"I'm running into unexpected behavior in the alias reply-handling flow of SimpleLogin and I want to determine whether it's a real issue or just a misunderstanding of how the pipeline works. When a user replies to an email that was forwarded through an alias, the backend is supposed to receive the inbound message, identify which alias it belongs to, and relay it back to the correct recipient, but in my local tests some replies appear to be routed to the wrong user even though the logs show the alias being recognized. Using the development environment, simulate an inbound email reply and trace the runtime flow end-to-end: observe which part of the system handles the incoming message, how the alias is resolved to a user, and what user ID the system ultimately decides to forward the reply to. Based on this live execution trace, explain the actual data flow and identify the most likely point in the pipeline where an incorrect routing decision could originate. You can create temporary scripts or logs that's fine but clean them up and leave the codebase as you found it.","Email forwarding: email_handler.py uses aiosmtpd Controller on port 20381. On startup logs ""Listen for port {port}"" then ""Start mail controller 0.0.0.0 {port}"". Forward phase LOG messages: ""Forward phase mail_from -> alias"" → ""Create or get contact for from_header:X"" → ""Forward contact -> alias -> mailbox"" → ""Create EmailLog N for contact, user, mailbox"" → ""From header, new:..., old:..."" → ""Forward mail from contact_email to mailbox_email"" → returns E200 ""250 Message accepted for delivery"". Failure (non-existent alias): ""alias X not exist. Try to see if it can be created on the fly"" → ""alias X cannot be created on-the-fly, return 550"" → E515 ""550 SL E515 Email not exist"". Reply phase: checks if rcpt_to is reverse alias via is_reverse_alias(), looks up Contact by reply_email, forwards to contact.website_email. VERP addressing for bounce tracking: sl.{base32_payload}.{base32_sig}@domain. SL Message-ID for thread tracking.",False,high,"The agent's final answer attributes the bug to a database schema issue (missing unique constraint on `reply_email`), which is not mentioned in the retrieved note; the note only describes the logical flow (checking `is_reverse_alias`, looking up Contact by `reply_email`) without identifying the specific schema defect or the `.first()` ambiguity that the agent discovered through its own code inspection."
control,20260921T185635.159523170Z-openclaw-sweatlasqa-pilot30-shuffle1-amem-repo-control-sglang,task-6905333b74f22949d97ba9a9,013,1,d97e4383-4772-42f9-8988-d1beb4d461ae,7,link,53,,"I'm running into unexpected behavior in the alias reply-handling flow of SimpleLogin and I want to determine whether it's a real issue or just a misunderstanding of how the pipeline works. When a user replies to an email that was forwarded through an alias, the backend is supposed to receive the inbound message, identify which alias it belongs to, and relay it back to the correct recipient, but in my local tests some replies appear to be routed to the wrong user even though the logs show the alias being recognized. Using the development environment, simulate an inbound email reply and trace the runtime flow end-to-end: observe which part of the system handles the incoming message, how the alias is resolved to a user, and what user ID the system ultimately decides to forward the reply to. Based on this live execution trace, explain the actual data flow and identify the most likely point in the pipeline where an incorrect routing decision could originate. You can create temporary scripts or logs that's fine but clean them up and leave the codebase as you found it.","CRITICAL: Contact.reply_email is NOT unique in the database. Only an index exists (unique=False). The only unique constraint on Contact is (alias_id, website_email). The generate_reply_email() function tries to avoid collisions by calling available_sl_email() which checks if the email is taken by Alias, Contact, or DeletedAlias - but there's no DB-level unique constraint. Between the collision check and the INSERT, there's a race window. Two concurrent contact creations with the same reply_email would both pass the availability check before either INSERT commits, and only one would succeed (the other gets an IntegrityError from the index). The Contact.get_by(reply_email=X) lookup uses filter_by + first(), which returns the first row found by the database. If two contacts share the same reply_email, whichever is returned first by the database query would be matched, potentially routing a reply to the wrong contact.",True,high,"The agent's final answer explicitly identifies the lack of a unique constraint on Contact.reply_email and the resulting race condition/non-deterministic lookup via .first() as the root cause, directly mirroring the specific technical details and conclusion provided in the retrieved note."
control,20260921T185635.159523170Z-openclaw-sweatlasqa-pilot30-shuffle1-amem-repo-control-sglang,task-6905333b74f22949d97ba9a9,013,1,388aa846-9ff0-4733-9082-1f6f7d695d79,10,link,59,,"I'm running into unexpected behavior in the alias reply-handling flow of SimpleLogin and I want to determine whether it's a real issue or just a misunderstanding of how the pipeline works. When a user replies to an email that was forwarded through an alias, the backend is supposed to receive the inbound message, identify which alias it belongs to, and relay it back to the correct recipient, but in my local tests some replies appear to be routed to the wrong user even though the logs show the alias being recognized. Using the development environment, simulate an inbound email reply and trace the runtime flow end-to-end: observe which part of the system handles the incoming message, how the alias is resolved to a user, and what user ID the system ultimately decides to forward the reply to. Based on this live execution trace, explain the actual data flow and identify the most likely point in the pipeline where an incorrect routing decision could originate. You can create temporary scripts or logs that's fine but clean them up and leave the codebase as you found it.","SimpleLogin bounce address analysis: Two formats exist. OLD format: bounce+{email_log_id}+@{domain}, parsed by parse_id_from_bounce() which uses string find/extract: email_address[email_address.find(""+""):email_address.rfind(""+"")] and int(). NEW format: sl.{base32_payload}.{base32_sig}@{domain}, parsed by get_verp_info_from_email() which validates HMAC signature, base32 decode, JSON parse, and time-based expiry. The OLD format has NO cryptographic verification - any integer ID between the two + signs is accepted. Route matching: forward VERP routes check rcpt_to.startswith(""bounce+"") and rcpt_to.endswith(""+@domain"") OR verp_info matches bounce_forward. Reply VERP routes check rcpt_to.startswith(""bounce_reply+"") OR verp_info matches bounce_reply. parse_id_from_bounce is called as fallback when verp_info is None.",False,high,"The agent's final answer attributes the bug to a database schema issue (missing unique constraint on `reply_email`), which is completely unrelated to the specific technical details in the retrieved note regarding VERP formats, HMAC validation, and the `parse_id_from_bounce` function; the note's content about bounce address parsing was never referenced or acted upon in the agent's reasoning or solution."
control,20260921T185635.159523170Z-openclaw-sweatlasqa-pilot30-shuffle1-amem-repo-control-sglang,task-6905333b74f22949d97ba9aa,008,1,15506551-45c2-4423-9d91-e1abd512171e,6,link,43,,"I'm new to SimpleLogin and trying to get everything running locally. Once the application starts, how can I tell that the web server, email handler, and job runner are actually up and responding? What should I see in the logs or dashboard UI that confirms users can sign in and manage their aliases?

After it's running, try performing some basic user actions like creating a new account, creating an alias, and having that alias receive an email. What happens when a new account interacts with aliases or tries to receive mail, and how does the system show that these actions were handled correctly? What should I see at runtime that confirms the behavior you would expect?

While the application is active, do the email handler and job runner automatically come online in the background to support email activity or data handling? What behavior suggests that these internal components are functioning as intended across different situations?

Do not modify the source code. You can create temporary testing data such as accounts or aliases but clean them up when you are done.","Login flow: 1) GET /login → renders login.html (Flask-WTF form, no DB query). 2) POST /login → finds User by email, checks password, checks activated flag, checks disabled/scheduled-for-deletion. If all good → after_login() → if MFA enabled redirects to auth.mfa, else login_user() → redirects to dashboard.index. Key log messages: LoginEvent sent, LOG.d(""log user {user} in""). Failed login: ""Email or password incorrect"" flash. Unactivated: ""Please check your inbox for the activation email.""",False,high,"The agent's subsequent actions focused entirely on exploring the repository structure and reading startup/health check code for server.py, email_handler.py, and job_runner.py, with no shell commands or reasoning steps referencing the specific login flow, database queries, or log messages described in the retrieved note."
control,20260921T185635.159523170Z-openclaw-sweatlasqa-pilot30-shuffle1-amem-repo-control-sglang,task-6905333b74f22949d97ba9aa,008,1,324e8ec0-7c14-4de0-ac98-925ab9766f71,10,link,48,,"I'm new to SimpleLogin and trying to get everything running locally. Once the application starts, how can I tell that the web server, email handler, and job runner are actually up and responding? What should I see in the logs or dashboard UI that confirms users can sign in and manage their aliases?

After it's running, try performing some basic user actions like creating a new account, creating an alias, and having that alias receive an email. What happens when a new account interacts with aliases or tries to receive mail, and how does the system show that these actions were handled correctly? What should I see at runtime that confirms the behavior you would expect?

While the application is active, do the email handler and job runner automatically come online in the background to support email activity or data handling? What behavior suggests that these internal components are functioning as intended across different situations?

Do not modify the source code. You can create temporary testing data such as accounts or aliases but clean them up when you are done.","Exact log messages for email forward:
SUCCESS: LOG.d(""Forward phase mail_from(from_header) -> rcpt_to"") + LOG.d(""Forward contact -> alias -> mailbox"") + LOG.d(""Create EmailLog for contact, user, mailbox"") + LOG.d(""From header, new:new_from, old:old_from"") + LOG.d(""Forward mail from contact_email to mailbox_email, mail_options:..., rcpt_options:..."") + return (True, E200) where E200=""250 Message accepted for delivery""
FAILURE (non-existent alias): LOG.d(""alias alias_address not exist. Try to see if it can be created on the fly"") + LOG.d(""alias alias_address cannot be created on-the-fly, return 550"") + return (False, E515) where E515=""550 SL E515 Email not exist""
FAILURE (Postfix error): LOG.w(""Postfix error during forward phase contact -> alias -> mailbox"", exc_info=True) + EmailLog.delete(email_log.id) + return (False, E407)
FAILURE (disabled alias): LOG.d(""alias is disabled, do not forward"") + creates blocked EmailLog + return (True, E200) or (True, E502) depending on block_behaviour",True,high,"The agent's final answer explicitly includes the specific log messages (e.g., 'Forward contact -> alias -> mailbox', 'Create EmailLog...') and error codes (e.g., '550 SL E515') that were detailed in the retrieved note, indicating it used this note to describe the email handler's runtime behavior."
control,20260921T185635.159523170Z-openclaw-sweatlasqa-pilot30-shuffle1-amem-repo-control-sglang,task-6905333b74f22949d97ba9aa,008,1,34e77d52-a14c-4212-9c99-955829dbe129,11,link,45,,"I'm new to SimpleLogin and trying to get everything running locally. Once the application starts, how can I tell that the web server, email handler, and job runner are actually up and responding? What should I see in the logs or dashboard UI that confirms users can sign in and manage their aliases?

After it's running, try performing some basic user actions like creating a new account, creating an alias, and having that alias receive an email. What happens when a new account interacts with aliases or tries to receive mail, and how does the system show that these actions were handled correctly? What should I see at runtime that confirms the behavior you would expect?

While the application is active, do the email handler and job runner automatically come online in the background to support email activity or data handling? What behavior suggests that these internal components are functioning as intended across different situations?

Do not modify the source code. You can create temporary testing data such as accounts or aliases but clean them up when you are done.","Registration flow: 1) POST /register with email+password → creates User (activated=False), creates ActivationCode (30-char random, 1h expiry), sends activation email via send_activation_email() → renders ""register_waiting_activation.html"" page (""An email to validate your email is on its way""). 2) User clicks activation link → GET /activate?code=*** → finds ActivationCode, marks User.activated=True, login_user(), deletes ActivationCode, sends welcome email (send_welcome_email()), redirects to dashboard index. 3) User sees dashboard with stats (nb_alias, nb_forward, nb_reply, nb_block), can create random/custom aliases. Key log messages: LOG.d(""create user {email}""), LOG.d(""Start mail controller 0.0.0.0 {port}"").",True,high,"The agent's final answer explicitly incorporates specific log messages and behavioral details from the retrieved note, such as the 'Start mail controller' log, the dashboard stats fields (nb_alias, nb_forward, etc.), and the registration/activation flow, confirming it used the note to construct the verification steps."
control,20260921T185635.159523170Z-openclaw-sweatlasqa-pilot30-shuffle1-amem-repo-control-sglang,task-6905333b74f22949d97ba9ad,004,1,91d3f323-4cc3-434c-b70f-5b7dce344082,2,match,67,,"I am setting up SimpleLogin for the first time and I want to confirm that the platform is actually working the way it should when everything is running locally. After starting the system what should I notice in the logs or UI that shows the app is ready to handle user authentication and alias based email activity?

Once it is running can you try walking through the typical product experience as if you were a new user signing up for the first time. What happens when a user registers verifies their address and tries to log in. What visible behavior confirms that the system is handling every step correctly and forwarding the user into the dashboard as expected?

I am also curious about what the application does behind the scenes during that flow. Are there any indicators that background jobs or internal services are doing their part to support email forwarding or identity verification. What should I expect to observe at runtime that tells me these moving pieces are active and talking to each other properly?

You can create anything temporary that you need for testing like new users or aliases but remove them when you are done and please do not make any changes to the source code.","SimpleLogin Python services: 1) server.py (Flask web app via gunicorn on port 7777) - handles HTTP requests. 2) email_handler.py (aiosmtpd SMTP server, default port 20381) - receives incoming emails and processes forward/reply phases. 3) cron.py - scheduled tasks (stats, delete old monitoring, check custom domains, etc.) run periodically. 4) job_runner.py - processes background Job queue entries (onboarding emails, batch imports, account deletion). 5) event_listener.py - Postgres event source/listener for async events. 6) monitoring.py - monitoring service. Core required for email forwarding to work: server.py + email_handler.py + PostgreSQL + Redis (for rate limiting if MEM_STORE_URI is set).",True,high,"The agent's final answer explicitly lists the six specific Python services (server.py, email_handler.py, cron.py, job_runner.py, event_listener.py, monitoring.py) and their specific log signatures/ports exactly as described in the retrieved note, demonstrating direct usage of the note's structural knowledge to answer the question."
control,20260921T185635.159523170Z-openclaw-sweatlasqa-pilot30-shuffle1-amem-repo-control-sglang,task-6905333b74f22949d97ba9ad,004,2,34e77d52-a14c-4212-9c99-955829dbe129,1,match,64,,"I am setting up SimpleLogin for the first time and I want to confirm that the platform is actually working the way it should when everything is running locally. After starting the system what should I notice in the logs or UI that shows the app is ready to handle user authentication and alias based email activity?

Once it is running can you try walking through the typical product experience as if you were a new user signing up for the first time. What happens when a user registers verifies their address and tries to log in. What visible behavior confirms that the system is handling every step correctly and forwarding the user into the dashboard as expected?

I am also curious about what the application does behind the scenes during that flow. Are there any indicators that background jobs or internal services are doing their part to support email forwarding or identity verification. What should I expect to observe at runtime that tells me these moving pieces are active and talking to each other properly?

You can create anything temporary that you need for testing like new users or aliases but remove them when you are done and please do not make any changes to the source code.","Registration flow: 1) POST /register with email+password → creates User (activated=False), creates ActivationCode (30-char random, 1h expiry), sends activation email via send_activation_email() → renders ""register_waiting_activation.html"" page (""An email to validate your email is on its way""). 2) User clicks activation link → GET /activate?code=*** → finds ActivationCode, marks User.activated=True, login_user(), deletes ActivationCode, sends welcome email (send_welcome_email()), redirects to dashboard index. 3) User sees dashboard with stats (nb_alias, nb_forward, nb_reply, nb_block), can create random/custom aliases. Key log messages: LOG.d(""create user {email}""), LOG.d(""Start mail controller 0.0.0.0 {port}"").",True,high,"The agent's final answer explicitly incorporates the specific registration flow details (creating User with activated=False, ActivationCode, sending activation email, redirecting to dashboard) and the specific log message 'Start mail controller 0.0.0.0 {port}' found in the retrieved note."
control,20260921T185635.159523170Z-openclaw-sweatlasqa-pilot30-shuffle1-amem-repo-control-sglang,task-6905333b74f22949d97ba9ad,004,2,91d3f323-4cc3-434c-b70f-5b7dce344082,3,match,65,,"I am setting up SimpleLogin for the first time and I want to confirm that the platform is actually working the way it should when everything is running locally. After starting the system what should I notice in the logs or UI that shows the app is ready to handle user authentication and alias based email activity?

Once it is running can you try walking through the typical product experience as if you were a new user signing up for the first time. What happens when a user registers verifies their address and tries to log in. What visible behavior confirms that the system is handling every step correctly and forwarding the user into the dashboard as expected?

I am also curious about what the application does behind the scenes during that flow. Are there any indicators that background jobs or internal services are doing their part to support email forwarding or identity verification. What should I expect to observe at runtime that tells me these moving pieces are active and talking to each other properly?

You can create anything temporary that you need for testing like new users or aliases but remove them when you are done and please do not make any changes to the source code.","SimpleLogin architecture: 5 main services - 1) server.py (Flask web app via gunicorn, port 7777) handles HTTP, login, registration, dashboard. 2) email_handler.py (aiosmtpd SMTP server, port 20381) receives incoming emails, processes forward/reply phases. 3) cron.py - scheduled tasks (stats, delete monitoring, check custom domains, HIBP, etc) run periodically. 4) job_runner.py - processes background Job queue entries (onboarding emails, batch imports, account deletion) on a 10s polling loop. 5) event_listener.py - Postgres LISTEN/NOTIFY event source/listener for async partner events (webhook dispatching). 6) monitoring.py - Postfix queue, DB connections, sync events metrics. Core dependencies: PostgreSQL + Redis (optional for rate limiting via MEM_STORE_URI).",True,high,"The agent's final answer explicitly lists the specific log messages and port numbers (e.g., server.py on port 7777, email_handler.py on port 20381, job_runner.py 10s polling) that are directly derived from the retrieved note's description of the SimpleLogin architecture."
control,20260921T185635.159523170Z-openclaw-sweatlasqa-pilot30-shuffle1-amem-repo-control-sglang,task-6905333b74f22949d97ba9ad,004,2,15506551-45c2-4423-9d91-e1abd512171e,5,match,53,,"I am setting up SimpleLogin for the first time and I want to confirm that the platform is actually working the way it should when everything is running locally. After starting the system what should I notice in the logs or UI that shows the app is ready to handle user authentication and alias based email activity?

Once it is running can you try walking through the typical product experience as if you were a new user signing up for the first time. What happens when a user registers verifies their address and tries to log in. What visible behavior confirms that the system is handling every step correctly and forwarding the user into the dashboard as expected?

I am also curious about what the application does behind the scenes during that flow. Are there any indicators that background jobs or internal services are doing their part to support email forwarding or identity verification. What should I expect to observe at runtime that tells me these moving pieces are active and talking to each other properly?

You can create anything temporary that you need for testing like new users or aliases but remove them when you are done and please do not make any changes to the source code.","Login flow: 1) GET /login → renders login.html (Flask-WTF form, no DB query). 2) POST /login → finds User by email, checks password, checks activated flag, checks disabled/scheduled-for-deletion. If all good → after_login() → if MFA enabled redirects to auth.mfa, else login_user() → redirects to dashboard.index. Key log messages: LoginEvent sent, LOG.d(""log user {user} in""). Failed login: ""Email or password incorrect"" flash. Unactivated: ""Please check your inbox for the activation email.""",False,high,"The agent's final answer describes a generic registration and activation flow (creating a user with activated=False, sending an activation code) which contradicts the specific 'Login flow' note that describes a direct login process checking an 'activated flag' without mentioning a separate activation step or code generation, and the specific log messages from the note (e.g., 'log user {user} in') do not appear in the final answer."
control,20260921T185635.159523170Z-openclaw-sweatlasqa-pilot30-shuffle1-amem-repo-control-sglang,task-6905333b74f22949d97ba9ad,004,2,05faf671-9ccc-487f-bba2-74dcf68a897e,10,link,54,,"I am setting up SimpleLogin for the first time and I want to confirm that the platform is actually working the way it should when everything is running locally. After starting the system what should I notice in the logs or UI that shows the app is ready to handle user authentication and alias based email activity?

Once it is running can you try walking through the typical product experience as if you were a new user signing up for the first time. What happens when a user registers verifies their address and tries to log in. What visible behavior confirms that the system is handling every step correctly and forwarding the user into the dashboard as expected?

I am also curious about what the application does behind the scenes during that flow. Are there any indicators that background jobs or internal services are doing their part to support email forwarding or identity verification. What should I expect to observe at runtime that tells me these moving pieces are active and talking to each other properly?

You can create anything temporary that you need for testing like new users or aliases but remove them when you are done and please do not make any changes to the source code.","Background jobs: job_runner.py polls every 10s for Job records with state=ready or (state=taken+expired). Jobs created during user creation: JOB_ONBOARDING_1 (1 day delay - send-from-alias tip), JOB_ONBOARDING_2 (2 days - mailbox tip), JOB_ONBOARDING_4 (3 days - PGP tip). Also JOB_DELETE_ACCOUNT, JOB_DELETE_MAILBOX, JOB_BATCH_IMPORT, JOB_SEND_USER_REPORT. Cron.py handles periodic tasks: stats, delete_logs, sanity_check, check_custom_domain, check_hibp, notify_trial_end, compute_metric2, etc. Event system: PostgresDispatcher inserts SyncEvent then NOTIFY simplelogin_sync_events channel; event_listener.py listens via psycopg2 LISTEN and dispatches to HttpEventSink (webhook) or ConsoleEventSink.",True,high,"The agent's final answer explicitly references `job_runner.py` polling every ~10s and the `event_listener.py` using NOTIFY/processing logs, which are specific details derived directly from the retrieved note about background jobs and the event system."
control,20260921T185635.159523170Z-openclaw-sweatlasqa-pilot30-shuffle1-amem-repo-control-sglang,task-6905333b74f22949d97ba9ad,004,2,b00d841f-c95a-47d6-8ec0-1ec9f8d9d476,12,link,53,,"I am setting up SimpleLogin for the first time and I want to confirm that the platform is actually working the way it should when everything is running locally. After starting the system what should I notice in the logs or UI that shows the app is ready to handle user authentication and alias based email activity?

Once it is running can you try walking through the typical product experience as if you were a new user signing up for the first time. What happens when a user registers verifies their address and tries to log in. What visible behavior confirms that the system is handling every step correctly and forwarding the user into the dashboard as expected?

I am also curious about what the application does behind the scenes during that flow. Are there any indicators that background jobs or internal services are doing their part to support email forwarding or identity verification. What should I expect to observe at runtime that tells me these moving pieces are active and talking to each other properly?

You can create anything temporary that you need for testing like new users or aliases but remove them when you are done and please do not make any changes to the source code.","Email forwarding: email_handler.py uses aiosmtpd Controller on port 20381. On startup logs ""Listen for port {port}"" then ""Start mail controller 0.0.0.0 {port}"". Forward phase LOG messages: ""Forward phase mail_from -> alias"" → ""Create or get contact for from_header:X"" → ""Forward contact -> alias -> mailbox"" → ""Create EmailLog N for contact, user, mailbox"" → ""From header, new:..., old:..."" → ""Forward mail from contact_email to mailbox_email"" → returns E200 ""250 Message accepted for delivery"". Failure (non-existent alias): ""alias X not exist. Try to see if it can be created on the fly"" → ""alias X cannot be created on-the-fly, return 550"" → E515 ""550 SL E515 Email not exist"". Reply phase: checks if rcpt_to is reverse alias via is_reverse_alias(), looks up Contact by reply_email, forwards to contact.website_email. VERP addressing for bounce tracking: sl.{base32_payload}.{base32_sig}@domain. SL Message-ID for thread tracking.",True,high,"The agent's final answer explicitly includes the specific log messages 'Listen for port 20381' and 'Start mail controller 0.0.0.0 20381' for the SMTP server, which are unique details found only in the retrieved note."
control,20260921T185635.159523170Z-openclaw-sweatlasqa-pilot30-shuffle1-amem-repo-control-sglang,task-6905333b74f22949d97ba9b2,011,1,869bccde-4e65-44ea-b778-7806912c5a21,1,match,65,,"I'm investigating a potential information leakage issue in SimpleLogin's bounce email handling system. I've noticed that the codebase appears to support two different address formats for processing email bounces, what looks like an older format with the email log ID visible in plain text and a newer format that seems to use some kind of signature verification.

I wonder how bounces are routed, I'm seeing that emails sent to addresses like bounce+12345+@domain seem to be processed differently than those using the newer signed format. What concerns me is whether an external attacker could craft bounce emails to these older-style addresses and learn something by observing the SMTP responses.

I'm curious what's actually happening under the hood here, where the security boundaries really are, and what slips through without cryptographic validation. I wonder what exact SMTP responses come back when probing different scenarios, such as hitting a valid ID versus an invalid one, and what happens when something doesn't quite meet the bounce validation requirements. I don't want theoretical explanations of what the code should do, I want to see actual evidence of how the system behaves in practice.

What also puzzles me is the bounce detection itself. What makes the system accept something as a bounce in the first place? What criteria does it check? Could an attacker who controls the SMTP envelope and headers spoof those criteria? I'm curious what happens when those checks pass versus when they don't. And beyond just valid versus invalid, I wonder if the response codes reveal more than just whether an ID exists.

Don't modify any source files in the repository. You can create test scripts to observe the actual behavior, but clean them up when finished.","SimpleLogin reply resolution flow: handle() checks if rcpt_to is a reverse alias (is_reverse_alias). If yes, calls handle_reply(). The reply_email is extracted from rcpt_to, normalized via normalize_reply_email(), then looked up via Contact.get_by(reply_email=reply_email). CRITICAL: Contact.reply_email is NOT unique (only indexed). If two contacts share the same reply_email, the lookup returns the first match (Contact.get_by uses filter_by + first()), potentially routing the reply to the wrong contact. If found, the contact's alias is retrieved, and get_mailbox_from_mail_from() is called with mail_from and the alias to determine the destination mailbox. The reply is then forwarded to contact.website_email.",False,high,"The retrieved note discusses the 'reply resolution flow' for reverse aliases (Contact lookup), but the agent's subsequent actions and final answer focus entirely on the 'bounce handling' logic (parse_id_from_bounce, VERP signatures, SMTP status codes E512/E211), which are distinct code paths not mentioned or utilized from the retrieved note."
control,20260921T185635.159523170Z-openclaw-sweatlasqa-pilot30-shuffle1-amem-repo-control-sglang,task-6905333b74f22949d97ba9b2,011,1,9a0196e0-d07c-458b-ab84-0679bd7e7a16,2,match,66,,"I'm investigating a potential information leakage issue in SimpleLogin's bounce email handling system. I've noticed that the codebase appears to support two different address formats for processing email bounces, what looks like an older format with the email log ID visible in plain text and a newer format that seems to use some kind of signature verification.

I wonder how bounces are routed, I'm seeing that emails sent to addresses like bounce+12345+@domain seem to be processed differently than those using the newer signed format. What concerns me is whether an external attacker could craft bounce emails to these older-style addresses and learn something by observing the SMTP responses.

I'm curious what's actually happening under the hood here, where the security boundaries really are, and what slips through without cryptographic validation. I wonder what exact SMTP responses come back when probing different scenarios, such as hitting a valid ID versus an invalid one, and what happens when something doesn't quite meet the bounce validation requirements. I don't want theoretical explanations of what the code should do, I want to see actual evidence of how the system behaves in practice.

What also puzzles me is the bounce detection itself. What makes the system accept something as a bounce in the first place? What criteria does it check? Could an attacker who controls the SMTP envelope and headers spoof those criteria? I'm curious what happens when those checks pass versus when they don't. And beyond just valid versus invalid, I wonder if the response codes reveal more than just whether an ID exists.

Don't modify any source files in the repository. You can create test scripts to observe the actual behavior, but clean them up when finished.","Final verified runtime values from SimpleLogin email forward trace:
- SUCCESS log: handle() logs ""Forward phase mail_from -> alias"", handle_forward() logs ""Create or get contact..."", forward_email_to_mailbox() logs ""Forward contact -> alias -> mailbox"", ""Create EmailLog N for contact, user, mailbox"", ""From header, new:display_name <reply@domain>, old:..."", ""Forward mail from contact_email to mailbox_email""
- SUCCESS SMTP: ""250 Message accepted for delivery"" (E200)
- FAILURE non-existent alias log: ""alias {alias} not exist. Try to see if it can be created on the fly"" → ""alias {alias} cannot be created on-the-fly, return 550""
- FAILURE SMTP: ""550 SL E515 Email not exist"" (E515)
- From header transformation: ""sender@example.com"" → '""sender at example.com"" <sender_at_example_com_yzeqx@sl.local>' where @→"" at "" and email→reply_email (reverse-alias)
- reply_email format: contact_email_with_@_replaced_by__at_ + ""_"" + random_string(20-50) @ domain
- VERP address: sl.{base32_payload}.{base32_sig}@domain, payload = [VerpType.bounce_forward(0), email_log_id, time_minutes]
- SL Message-ID: make_msgid(email_log_id, domain) → ""<179001780300.1827.14334219615029983381.5@sl.local>"" (only in reply phase)
- Forward phase: EmailLog.message_id=original_MID, EmailLog.sl_message_id=NULL
- Reply phase: EmailLog.message_id=original_MID, EmailLog.sl_message_id=SL_MID, MessageIDMatching created",True,high,"The agent's final answer explicitly references the specific SMTP error codes (E512, E211, E212, E213) and the distinction between the old format (no HMAC) and new format (HMAC-SHA256) which are detailed in the retrieved note, and the agent's reasoning traces the code paths for these specific behaviors."
control,20260921T185635.159523170Z-openclaw-sweatlasqa-pilot30-shuffle1-amem-repo-control-sglang,task-6905333b74f22949d97ba9b2,011,1,b00d841f-c95a-47d6-8ec0-1ec9f8d9d476,3,match,56,,"I'm investigating a potential information leakage issue in SimpleLogin's bounce email handling system. I've noticed that the codebase appears to support two different address formats for processing email bounces, what looks like an older format with the email log ID visible in plain text and a newer format that seems to use some kind of signature verification.

I wonder how bounces are routed, I'm seeing that emails sent to addresses like bounce+12345+@domain seem to be processed differently than those using the newer signed format. What concerns me is whether an external attacker could craft bounce emails to these older-style addresses and learn something by observing the SMTP responses.

I'm curious what's actually happening under the hood here, where the security boundaries really are, and what slips through without cryptographic validation. I wonder what exact SMTP responses come back when probing different scenarios, such as hitting a valid ID versus an invalid one, and what happens when something doesn't quite meet the bounce validation requirements. I don't want theoretical explanations of what the code should do, I want to see actual evidence of how the system behaves in practice.

What also puzzles me is the bounce detection itself. What makes the system accept something as a bounce in the first place? What criteria does it check? Could an attacker who controls the SMTP envelope and headers spoof those criteria? I'm curious what happens when those checks pass versus when they don't. And beyond just valid versus invalid, I wonder if the response codes reveal more than just whether an ID exists.

Don't modify any source files in the repository. You can create test scripts to observe the actual behavior, but clean them up when finished.","Email forwarding: email_handler.py uses aiosmtpd Controller on port 20381. On startup logs ""Listen for port {port}"" then ""Start mail controller 0.0.0.0 {port}"". Forward phase LOG messages: ""Forward phase mail_from -> alias"" → ""Create or get contact for from_header:X"" → ""Forward contact -> alias -> mailbox"" → ""Create EmailLog N for contact, user, mailbox"" → ""From header, new:..., old:..."" → ""Forward mail from contact_email to mailbox_email"" → returns E200 ""250 Message accepted for delivery"". Failure (non-existent alias): ""alias X not exist. Try to see if it can be created on the fly"" → ""alias X cannot be created on-the-fly, return 550"" → E515 ""550 SL E515 Email not exist"". Reply phase: checks if rcpt_to is reverse alias via is_reverse_alias(), looks up Contact by reply_email, forwards to contact.website_email. VERP addressing for bounce tracking: sl.{base32_payload}.{base32_sig}@domain. SL Message-ID for thread tracking.",True,high,"The agent explicitly references the note's description of the 'Forward phase' and 'Reply phase' logic in its reasoning excerpts (e.g., 'Now let me look at the main handle() function that routes to bounce handling') and uses the note's identification of the VERP format (`sl.{base32_payload}.{base32_sig}@domain`) and the `is_reverse_alias()` check to structure its investigation into the two different address formats and their respective security properties."
control,20260921T185635.159523170Z-openclaw-sweatlasqa-pilot30-shuffle1-amem-repo-control-sglang,task-6905333b74f22949d97ba9b2,011,2,f0618e03-6ae3-4934-b26c-c26d3e803093,1,match,63,,"I'm investigating a potential information leakage issue in SimpleLogin's bounce email handling system. I've noticed that the codebase appears to support two different address formats for processing email bounces, what looks like an older format with the email log ID visible in plain text and a newer format that seems to use some kind of signature verification.

I wonder how bounces are routed, I'm seeing that emails sent to addresses like bounce+12345+@domain seem to be processed differently than those using the newer signed format. What concerns me is whether an external attacker could craft bounce emails to these older-style addresses and learn something by observing the SMTP responses.

I'm curious what's actually happening under the hood here, where the security boundaries really are, and what slips through without cryptographic validation. I wonder what exact SMTP responses come back when probing different scenarios, such as hitting a valid ID versus an invalid one, and what happens when something doesn't quite meet the bounce validation requirements. I don't want theoretical explanations of what the code should do, I want to see actual evidence of how the system behaves in practice.

What also puzzles me is the bounce detection itself. What makes the system accept something as a bounce in the first place? What criteria does it check? Could an attacker who controls the SMTP envelope and headers spoof those criteria? I'm curious what happens when those checks pass versus when they don't. And beyond just valid versus invalid, I wonder if the response codes reveal more than just whether an ID exists.

Don't modify any source files in the repository. You can create test scripts to observe the actual behavior, but clean them up when finished.","Even the NEW HMAC-verified VERP format leaks email log existence: when get_verp_info_from_email() passes HMAC validation but EmailLog.get(id) returns None, it returns E512 ""550 SL E512 No such email log"". This creates a database existence oracle for valid email_log IDs. The forward VERP route also has this: bounce+ID+@domain (old format) has no HMAC at all, and the new format also leaks ID existence via E512 when the email log doesn't exist. For valid IDs, E211/E212 responses are returned which don't leak anything. For non-bounce messages sent to a valid VERP address, E213 ""250 SL E213 Unknown email ignored"" is returned.",True,high,"The agent's final answer explicitly lists the specific error codes (E512, E211, E212, E213) and the exact behavior described in the retrieved note (e.g., E512 leaking existence for non-existent logs, E213 for non-bounce messages), demonstrating direct usage of the note's factual claims."
control,20260921T185635.159523170Z-openclaw-sweatlasqa-pilot30-shuffle1-amem-repo-control-sglang,task-6905333b74f22949d97ba9b2,011,2,388aa846-9ff0-4733-9082-1f6f7d695d79,2,match,72,,"I'm investigating a potential information leakage issue in SimpleLogin's bounce email handling system. I've noticed that the codebase appears to support two different address formats for processing email bounces, what looks like an older format with the email log ID visible in plain text and a newer format that seems to use some kind of signature verification.

I wonder how bounces are routed, I'm seeing that emails sent to addresses like bounce+12345+@domain seem to be processed differently than those using the newer signed format. What concerns me is whether an external attacker could craft bounce emails to these older-style addresses and learn something by observing the SMTP responses.

I'm curious what's actually happening under the hood here, where the security boundaries really are, and what slips through without cryptographic validation. I wonder what exact SMTP responses come back when probing different scenarios, such as hitting a valid ID versus an invalid one, and what happens when something doesn't quite meet the bounce validation requirements. I don't want theoretical explanations of what the code should do, I want to see actual evidence of how the system behaves in practice.

What also puzzles me is the bounce detection itself. What makes the system accept something as a bounce in the first place? What criteria does it check? Could an attacker who controls the SMTP envelope and headers spoof those criteria? I'm curious what happens when those checks pass versus when they don't. And beyond just valid versus invalid, I wonder if the response codes reveal more than just whether an ID exists.

Don't modify any source files in the repository. You can create test scripts to observe the actual behavior, but clean them up when finished.","SimpleLogin bounce address analysis: Two formats exist. OLD format: bounce+{email_log_id}+@{domain}, parsed by parse_id_from_bounce() which uses string find/extract: email_address[email_address.find(""+""):email_address.rfind(""+"")] and int(). NEW format: sl.{base32_payload}.{base32_sig}@{domain}, parsed by get_verp_info_from_email() which validates HMAC signature, base32 decode, JSON parse, and time-based expiry. The OLD format has NO cryptographic verification - any integer ID between the two + signs is accepted. Route matching: forward VERP routes check rcpt_to.startswith(""bounce+"") and rcpt_to.endswith(""+@domain"") OR verp_info matches bounce_forward. Reply VERP routes check rcpt_to.startswith(""bounce_reply+"") OR verp_info matches bounce_reply. parse_id_from_bounce is called as fallback when verp_info is None.",True,high,"The agent's final answer explicitly details the two bounce address formats, the specific parsing functions (`parse_id_from_bounce` vs `get_verp_info_from_email`), and the lack of cryptographic verification in the old format, all of which are direct facts from the retrieved note."
control,20260921T185635.159523170Z-openclaw-sweatlasqa-pilot30-shuffle1-amem-repo-control-sglang,task-6905333b74f22949d97ba9b2,011,2,3f6b7469-ba5c-43bd-8d00-408dd50badc4,4,match,69,,"I'm investigating a potential information leakage issue in SimpleLogin's bounce email handling system. I've noticed that the codebase appears to support two different address formats for processing email bounces, what looks like an older format with the email log ID visible in plain text and a newer format that seems to use some kind of signature verification.

I wonder how bounces are routed, I'm seeing that emails sent to addresses like bounce+12345+@domain seem to be processed differently than those using the newer signed format. What concerns me is whether an external attacker could craft bounce emails to these older-style addresses and learn something by observing the SMTP responses.

I'm curious what's actually happening under the hood here, where the security boundaries really are, and what slips through without cryptographic validation. I wonder what exact SMTP responses come back when probing different scenarios, such as hitting a valid ID versus an invalid one, and what happens when something doesn't quite meet the bounce validation requirements. I don't want theoretical explanations of what the code should do, I want to see actual evidence of how the system behaves in practice.

What also puzzles me is the bounce detection itself. What makes the system accept something as a bounce in the first place? What criteria does it check? Could an attacker who controls the SMTP envelope and headers spoof those criteria? I'm curious what happens when those checks pass versus when they don't. And beyond just valid versus invalid, I wonder if the response codes reveal more than just whether an ID exists.

Don't modify any source files in the repository. You can create test scripts to observe the actual behavior, but clean them up when finished.","CRITICAL: In handle_bounce() reply-phase, if is_bounce() check fails (content_type != multipart/report OR envelope.mail_from != <>), the system FORWARDS the email to the alias instead of rejecting it, marking email_log.auto_replied=True. This means an attacker with a valid reply-phase bounce_reply+ID+ address and a valid email log can deliver arbitrary emails to the user's alias by sending non-bounce messages. The reply phase bounce_reply+ID+ route has NO HMAC verification.",True,high,"The agent's final answer explicitly details the critical vulnerability described in the note: that non-bounce messages sent to reply-phase addresses (which lack HMAC verification) are forwarded to the user's alias, directly reflecting the specific claim and security implication found in the retrieved note."
control,20260921T185635.159523170Z-openclaw-sweatlasqa-pilot30-shuffle1-amem-repo-control-sglang,task-6905333b74f22949d97ba9b2,011,2,9a0196e0-d07c-458b-ab84-0679bd7e7a16,5,match,62,,"I'm investigating a potential information leakage issue in SimpleLogin's bounce email handling system. I've noticed that the codebase appears to support two different address formats for processing email bounces, what looks like an older format with the email log ID visible in plain text and a newer format that seems to use some kind of signature verification.

I wonder how bounces are routed, I'm seeing that emails sent to addresses like bounce+12345+@domain seem to be processed differently than those using the newer signed format. What concerns me is whether an external attacker could craft bounce emails to these older-style addresses and learn something by observing the SMTP responses.

I'm curious what's actually happening under the hood here, where the security boundaries really are, and what slips through without cryptographic validation. I wonder what exact SMTP responses come back when probing different scenarios, such as hitting a valid ID versus an invalid one, and what happens when something doesn't quite meet the bounce validation requirements. I don't want theoretical explanations of what the code should do, I want to see actual evidence of how the system behaves in practice.

What also puzzles me is the bounce detection itself. What makes the system accept something as a bounce in the first place? What criteria does it check? Could an attacker who controls the SMTP envelope and headers spoof those criteria? I'm curious what happens when those checks pass versus when they don't. And beyond just valid versus invalid, I wonder if the response codes reveal more than just whether an ID exists.

Don't modify any source files in the repository. You can create test scripts to observe the actual behavior, but clean them up when finished.","Final verified runtime values from SimpleLogin email forward trace:
- SUCCESS log: handle() logs ""Forward phase mail_from -> alias"", handle_forward() logs ""Create or get contact..."", forward_email_to_mailbox() logs ""Forward contact -> alias -> mailbox"", ""Create EmailLog N for contact, user, mailbox"", ""From header, new:display_name <reply@domain>, old:..."", ""Forward mail from contact_email to mailbox_email""
- SUCCESS SMTP: ""250 Message accepted for delivery"" (E200)
- FAILURE non-existent alias log: ""alias {alias} not exist. Try to see if it can be created on the fly"" → ""alias {alias} cannot be created on-the-fly, return 550""
- FAILURE SMTP: ""550 SL E515 Email not exist"" (E515)
- From header transformation: ""sender@example.com"" → '""sender at example.com"" <sender_at_example_com_yzeqx@sl.local>' where @→"" at "" and email→reply_email (reverse-alias)
- reply_email format: contact_email_with_@_replaced_by__at_ + ""_"" + random_string(20-50) @ domain
- VERP address: sl.{base32_payload}.{base32_sig}@domain, payload = [VerpType.bounce_forward(0), email_log_id, time_minutes]
- SL Message-ID: make_msgid(email_log_id, domain) → ""<179001780300.1827.14334219615029983381.5@sl.local>"" (only in reply phase)
- Forward phase: EmailLog.message_id=original_MID, EmailLog.sl_message_id=NULL
- Reply phase: EmailLog.message_id=original_MID, EmailLog.sl_message_id=SL_MID, MessageIDMatching created",True,high,"The agent's final answer explicitly incorporates specific details from the retrieved note, such as the '550 SL E515 Email not exist' error code for non-existent aliases and the distinction between forward and reply phases involving EmailLog.message_id and sl_message_id, which aligns with the note's description of the reply phase logic."
control,20260921T185635.159523170Z-openclaw-sweatlasqa-pilot30-shuffle1-amem-repo-control-sglang,task-6905333b74f22949d97ba9b2,011,2,b00d841f-c95a-47d6-8ec0-1ec9f8d9d476,6,link,55,,"I'm investigating a potential information leakage issue in SimpleLogin's bounce email handling system. I've noticed that the codebase appears to support two different address formats for processing email bounces, what looks like an older format with the email log ID visible in plain text and a newer format that seems to use some kind of signature verification.

I wonder how bounces are routed, I'm seeing that emails sent to addresses like bounce+12345+@domain seem to be processed differently than those using the newer signed format. What concerns me is whether an external attacker could craft bounce emails to these older-style addresses and learn something by observing the SMTP responses.

I'm curious what's actually happening under the hood here, where the security boundaries really are, and what slips through without cryptographic validation. I wonder what exact SMTP responses come back when probing different scenarios, such as hitting a valid ID versus an invalid one, and what happens when something doesn't quite meet the bounce validation requirements. I don't want theoretical explanations of what the code should do, I want to see actual evidence of how the system behaves in practice.

What also puzzles me is the bounce detection itself. What makes the system accept something as a bounce in the first place? What criteria does it check? Could an attacker who controls the SMTP envelope and headers spoof those criteria? I'm curious what happens when those checks pass versus when they don't. And beyond just valid versus invalid, I wonder if the response codes reveal more than just whether an ID exists.

Don't modify any source files in the repository. You can create test scripts to observe the actual behavior, but clean them up when finished.","Email forwarding: email_handler.py uses aiosmtpd Controller on port 20381. On startup logs ""Listen for port {port}"" then ""Start mail controller 0.0.0.0 {port}"". Forward phase LOG messages: ""Forward phase mail_from -> alias"" → ""Create or get contact for from_header:X"" → ""Forward contact -> alias -> mailbox"" → ""Create EmailLog N for contact, user, mailbox"" → ""From header, new:..., old:..."" → ""Forward mail from contact_email to mailbox_email"" → returns E200 ""250 Message accepted for delivery"". Failure (non-existent alias): ""alias X not exist. Try to see if it can be created on the fly"" → ""alias X cannot be created on-the-fly, return 550"" → E515 ""550 SL E515 Email not exist"". Reply phase: checks if rcpt_to is reverse alias via is_reverse_alias(), looks up Contact by reply_email, forwards to contact.website_email. VERP addressing for bounce tracking: sl.{base32_payload}.{base32_sig}@domain. SL Message-ID for thread tracking.",True,high,"The agent's final answer explicitly details the VERP format `sl.{base32_payload}.{base32_sig}@domain` and the specific log messages and SMTP responses (E200, E515) described in the retrieved note, indicating it used the note to structure its analysis of the forwarding and bounce handling mechanisms."
control,20260921T185635.159523170Z-openclaw-sweatlasqa-pilot30-shuffle1-amem-repo-control-sglang,task-6905333b74f22949d97ba9b2,011,2,869bccde-4e65-44ea-b778-7806912c5a21,8,link,56,,"I'm investigating a potential information leakage issue in SimpleLogin's bounce email handling system. I've noticed that the codebase appears to support two different address formats for processing email bounces, what looks like an older format with the email log ID visible in plain text and a newer format that seems to use some kind of signature verification.

I wonder how bounces are routed, I'm seeing that emails sent to addresses like bounce+12345+@domain seem to be processed differently than those using the newer signed format. What concerns me is whether an external attacker could craft bounce emails to these older-style addresses and learn something by observing the SMTP responses.

I'm curious what's actually happening under the hood here, where the security boundaries really are, and what slips through without cryptographic validation. I wonder what exact SMTP responses come back when probing different scenarios, such as hitting a valid ID versus an invalid one, and what happens when something doesn't quite meet the bounce validation requirements. I don't want theoretical explanations of what the code should do, I want to see actual evidence of how the system behaves in practice.

What also puzzles me is the bounce detection itself. What makes the system accept something as a bounce in the first place? What criteria does it check? Could an attacker who controls the SMTP envelope and headers spoof those criteria? I'm curious what happens when those checks pass versus when they don't. And beyond just valid versus invalid, I wonder if the response codes reveal more than just whether an ID exists.

Don't modify any source files in the repository. You can create test scripts to observe the actual behavior, but clean them up when finished.","SimpleLogin reply resolution flow: handle() checks if rcpt_to is a reverse alias (is_reverse_alias). If yes, calls handle_reply(). The reply_email is extracted from rcpt_to, normalized via normalize_reply_email(), then looked up via Contact.get_by(reply_email=reply_email). CRITICAL: Contact.reply_email is NOT unique (only indexed). If two contacts share the same reply_email, the lookup returns the first match (Contact.get_by uses filter_by + first()), potentially routing the reply to the wrong contact. If found, the contact's alias is retrieved, and get_mailbox_from_mail_from() is called with mail_from and the alias to determine the destination mailbox. The reply is then forwarded to contact.website_email.",False,high,"The retrieved note discusses the 'reply resolution flow' and a specific bug regarding non-unique `reply_email` lookups, but the agent's final answer focuses entirely on bounce address formats (VERP vs signed), HMAC validation, and SMTP response codes, with no mention of the reply routing logic, `Contact.get_by`, or the non-unique index issue described in the note."
control,20260921T185635.159523170Z-openclaw-sweatlasqa-pilot30-shuffle1-amem-repo-control-sglang,task-6905333b74f22949d97ba9b2,011,2,a7628023-6c25-4f89-a69b-7d72344c0674,12,link,45,,"I'm investigating a potential information leakage issue in SimpleLogin's bounce email handling system. I've noticed that the codebase appears to support two different address formats for processing email bounces, what looks like an older format with the email log ID visible in plain text and a newer format that seems to use some kind of signature verification.

I wonder how bounces are routed, I'm seeing that emails sent to addresses like bounce+12345+@domain seem to be processed differently than those using the newer signed format. What concerns me is whether an external attacker could craft bounce emails to these older-style addresses and learn something by observing the SMTP responses.

I'm curious what's actually happening under the hood here, where the security boundaries really are, and what slips through without cryptographic validation. I wonder what exact SMTP responses come back when probing different scenarios, such as hitting a valid ID versus an invalid one, and what happens when something doesn't quite meet the bounce validation requirements. I don't want theoretical explanations of what the code should do, I want to see actual evidence of how the system behaves in practice.

What also puzzles me is the bounce detection itself. What makes the system accept something as a bounce in the first place? What criteria does it check? Could an attacker who controls the SMTP envelope and headers spoof those criteria? I'm curious what happens when those checks pass versus when they don't. And beyond just valid versus invalid, I wonder if the response codes reveal more than just whether an ID exists.

Don't modify any source files in the repository. You can create test scripts to observe the actual behavior, but clean them up when finished.","Custom alias signed suffix validation flow:
- check_suffix_signature() in alias_suffix.py uses itsdangerous.TimestampSigner(CUSTOM_ALIAS_SECRET) with max_age=600 seconds
- For expired signatures (>600s): BadSignature (SignatureExpired) -> returns None
- For tampered signatures: BadSignature (BadTimeSignature/No b'.' found) -> returns None
- For None input: TypeError (not caught by BadSignature handler) -> propagates up
- In API views (new_custom_alias.py v2 and v3): wrapped in try/except. If check_suffix_signature raises BadSignature -> None -> 412 ""Alias creation time is expired, please retry"". If any other Exception (e.g. TypeError for None, or other) -> 400 ""Tampered suffix"".
- In dashboard view (custom_alias.py): same pattern, but redirects with flash messages instead of JSON. Expired -> 412/flash ""Alias creation time is expired"". Exception -> redirect with flash ""Unknown error, refresh the page""
- LOG.w(""Alias creation time expired for %s"", user) for expired
- LOG.w(""Alias suffix is tampered, user %s"", user) for tampered",False,high,"The agent's final answer discusses VERP formats, HMAC validation, and SMTP responses, but contains no references to the specific details in the retrieved note, such as `check_suffix_signature`, `alias_suffix.py`, `TimestampSigner`, `max_age=600`, or the specific HTTP status codes (412/400) and log messages described in the note."
control,20260921T185635.159523170Z-openclaw-sweatlasqa-pilot30-shuffle1-amem-repo-control-sglang,task-6905333b74f22949d97ba9d1,028,1,aada4184-41fe-4861-8d4e-6c86a071b50b,10,link,44,,"I want to understand how Paperless-NGX keeps its search index synchronized with document changes before I start working with this codebase. With the full environment running, I'm curious what actually happens at runtime when a document gets modified after it's already been ingested. If I change an existing document's title through the API to something unique and then search for that exact new title within a few seconds, does the document appear in results immediately, or do I need to wait for background processing to complete? While making this change, I want to watch what happens in the background task worker process specifically to see whether any job gets picked up in response to the edit, or whether the update completes entirely within the API request before returning. Something I particularly want to explore is what happens if a document's title gets updates directly in the database using a raw SQL statement rather than through the API. After making that direct change and searching for the new title, does the document appear in search results, or does the index remain stale? If it stays stale, I want to know whether there is a way to force the system to reconcile the index with the current database state, and what observable effect that reconciliation process has on the worker logs and task queue. I'm also wondering how the system would behave if the search index became corrupted or deleted entirely while documents still exist in the database. After removing the index files and triggering whatever recovery mechanism exists, how long does reconstruction take for a small set of documents, and what processing activity is visible during that rebuild? The goal is to understand whether the system can self-heal from index inconsistencies or whether manual intervention is always required. You may create temporary test documents for observation, but don't modify any source files and clean up test artifacts when finished.","Document management commands (all manual, none scheduled automatically): (1) document_consumer - watches CONSUMPTION_DIR for new files, dispatches consume_file async tasks. Supports --oneshot flag. Uses inotify or polling. (2) document_index [reindex|optimize] - manages Whoosh search index. (3) document_sanity_checker - checks file integrity and checksums. (4) document_thumbnails - regenerates all thumbnails. (5) document_archiver - creates/recreates archive PDFs. (6) document_retagger - re-applies classification rules to existing docs. (7) document_renamer - re-applies filename format to all docs. (8) document_exporter - exports complete archive with manifest. (9) document_importer - imports from exported archive. (10) document_create_classifier - trains ML classifier. (11) manage_superuser. (12) decrypt_documents. Mail: mail_fetcher - processes all mail accounts. All management commands must be invoked manually or via Django-Q Schedule model.",True,high,"The agent explicitly used the note's identification of `document_index` as the manual management command for index management to determine that reconciliation requires running `manage.py document_index reindex`, and correctly inferred from the note's statement that commands are 'manual, none scheduled automatically' that there is no self-healing or automatic background reconciliation."
control,20260921T185635.159523170Z-openclaw-sweatlasqa-pilot30-shuffle1-amem-repo-control-sglang,task-6905333b74f22949d97ba9d1,028,2,6e736ee2-89dd-4469-b34e-a0f0891cdb07,2,match,73,,"I want to understand how Paperless-NGX keeps its search index synchronized with document changes before I start working with this codebase. With the full environment running, I'm curious what actually happens at runtime when a document gets modified after it's already been ingested. If I change an existing document's title through the API to something unique and then search for that exact new title within a few seconds, does the document appear in results immediately, or do I need to wait for background processing to complete? While making this change, I want to watch what happens in the background task worker process specifically to see whether any job gets picked up in response to the edit, or whether the update completes entirely within the API request before returning. Something I particularly want to explore is what happens if a document's title gets updates directly in the database using a raw SQL statement rather than through the API. After making that direct change and searching for the new title, does the document appear in search results, or does the index remain stale? If it stays stale, I want to know whether there is a way to force the system to reconcile the index with the current database state, and what observable effect that reconciliation process has on the worker logs and task queue. I'm also wondering how the system would behave if the search index became corrupted or deleted entirely while documents still exist in the database. After removing the index files and triggering whatever recovery mechanism exists, how long does reconstruction take for a small set of documents, and what processing activity is visible during that rebuild? The goal is to understand whether the system can self-heal from index inconsistencies or whether manual intervention is always required. You may create temporary test documents for observation, but don't modify any source files and clean up test artifacts when finished.","Index synchronization mechanisms in paperless-ngx: (1) API PUT/PATCH update is synchronous - calls index.add_or_update_document() in DocumentViewSet.update(), so index is immediately updated. (2) API POST (upload) is async - document_consumption_finished signal fires add_to_index which calls index.add_or_update_document() in same process after DB save. (3) Bulk operations via bulk_edit.py use Django-Q async_task to call bulk_update_documents(), which re-sends post_save signals and then bulk-updates index. (4) Direct DB edits bypass all signal-based indexing - the index stays stale until manual reindex. (5) The comment in test_api.py explicitly says model signals are NOT used for index updates because bulk operations (retagger, renamer) edit many docs and need single writer. Instead, index updates are triggered explicitly in API views or via bulk_update_documents().",True,high,"The agent's final answer explicitly mirrors the specific technical claims from the retrieved note, such as the synchronous nature of API PUT/PATCH updates via `DocumentViewSet.update()`, the bypass of signals by direct DB edits, and the explicit reason (bulk operations needing a single writer) for not using model signals, all of which were directly stated in the note."
control,20260921T185635.159523170Z-openclaw-sweatlasqa-pilot30-shuffle1-amem-repo-control-sglang,task-6905333b74f22949d97ba9d1,028,2,c8cb14f0-becb-4a6e-ba01-02364ec33fae,3,match,60,,"I want to understand how Paperless-NGX keeps its search index synchronized with document changes before I start working with this codebase. With the full environment running, I'm curious what actually happens at runtime when a document gets modified after it's already been ingested. If I change an existing document's title through the API to something unique and then search for that exact new title within a few seconds, does the document appear in results immediately, or do I need to wait for background processing to complete? While making this change, I want to watch what happens in the background task worker process specifically to see whether any job gets picked up in response to the edit, or whether the update completes entirely within the API request before returning. Something I particularly want to explore is what happens if a document's title gets updates directly in the database using a raw SQL statement rather than through the API. After making that direct change and searching for the new title, does the document appear in search results, or does the index remain stale? If it stays stale, I want to know whether there is a way to force the system to reconcile the index with the current database state, and what observable effect that reconciliation process has on the worker logs and task queue. I'm also wondering how the system would behave if the search index became corrupted or deleted entirely while documents still exist in the database. After removing the index files and triggering whatever recovery mechanism exists, how long does reconstruction take for a small set of documents, and what processing activity is visible during that rebuild? The goal is to understand whether the system can self-heal from index inconsistencies or whether manual intervention is always required. You may create temporary test documents for observation, but don't modify any source files and clean up test artifacts when finished.","Document API update (PUT/PATCH /api/documents/{id}/) triggers synchronous index update: In DocumentViewSet.update(), after saving the model, it calls index.add_or_update_document(self.get_object()) synchronously within the same API request. This means any title/correspondent/tags/document_type change via API is immediately reflected in the Whoosh index before the HTTP response is returned.",True,high,"The agent's final answer explicitly states that API changes update the index synchronously via `DocumentViewSet.update()` calling `index.add_or_update_document()`, which is the specific mechanism described in the retrieved note."
control,20260921T185635.159523170Z-openclaw-sweatlasqa-pilot30-shuffle1-amem-repo-control-sglang,task-6905333b74f22949d97ba9d1,028,2,fd444198-bd33-4962-b438-e59bc947818f,11,link,57,,"I want to understand how Paperless-NGX keeps its search index synchronized with document changes before I start working with this codebase. With the full environment running, I'm curious what actually happens at runtime when a document gets modified after it's already been ingested. If I change an existing document's title through the API to something unique and then search for that exact new title within a few seconds, does the document appear in results immediately, or do I need to wait for background processing to complete? While making this change, I want to watch what happens in the background task worker process specifically to see whether any job gets picked up in response to the edit, or whether the update completes entirely within the API request before returning. Something I particularly want to explore is what happens if a document's title gets updates directly in the database using a raw SQL statement rather than through the API. After making that direct change and searching for the new title, does the document appear in search results, or does the index remain stale? If it stays stale, I want to know whether there is a way to force the system to reconcile the index with the current database state, and what observable effect that reconciliation process has on the worker logs and task queue. I'm also wondering how the system would behave if the search index became corrupted or deleted entirely while documents still exist in the database. After removing the index files and triggering whatever recovery mechanism exists, how long does reconstruction take for a small set of documents, and what processing activity is visible during that rebuild? The goal is to understand whether the system can self-heal from index inconsistencies or whether manual intervention is always required. You may create temporary test documents for observation, but don't modify any source files and clean up test artifacts when finished.","Recovering from a deleted/corrupted index: Run `python manage.py document_index reindex` management command (calls tasks.index_reindex()). This recreates the Whoosh index from scratch and iterates ALL Document.objects.all(), calling index.update_document() for each. For small document sets (e.g., 3 documents), this completes nearly instantly. During rebuild, whoosh creates a fresh index at INDEX_DIR (default: DATA_DIR/index/), opens it with create_in(), writes all docs via AsyncWriter, and commits. No worker process or celery task needed - it's a synchronous Django management command.",True,high,"The agent's final answer explicitly states that reconciliation requires `manage.py document_index reindex` and that the system does not self-heal, directly reflecting the specific command and behavioral claims (synchronous, no worker, manual intervention) found in the retrieved note."
control,20260921T185635.159523170Z-openclaw-sweatlasqa-pilot30-shuffle1-amem-repo-control-sglang,task-6905333b74f22949d97ba9d1,028,2,0dc7cb56-7b63-4bc4-9851-2f8f13ddbe77,12,link,54,,"I want to understand how Paperless-NGX keeps its search index synchronized with document changes before I start working with this codebase. With the full environment running, I'm curious what actually happens at runtime when a document gets modified after it's already been ingested. If I change an existing document's title through the API to something unique and then search for that exact new title within a few seconds, does the document appear in results immediately, or do I need to wait for background processing to complete? While making this change, I want to watch what happens in the background task worker process specifically to see whether any job gets picked up in response to the edit, or whether the update completes entirely within the API request before returning. Something I particularly want to explore is what happens if a document's title gets updates directly in the database using a raw SQL statement rather than through the API. After making that direct change and searching for the new title, does the document appear in search results, or does the index remain stale? If it stays stale, I want to know whether there is a way to force the system to reconcile the index with the current database state, and what observable effect that reconciliation process has on the worker logs and task queue. I'm also wondering how the system would behave if the search index became corrupted or deleted entirely while documents still exist in the database. After removing the index files and triggering whatever recovery mechanism exists, how long does reconstruction take for a small set of documents, and what processing activity is visible during that rebuild? The goal is to understand whether the system can self-heal from index inconsistencies or whether manual intervention is always required. You may create temporary test documents for observation, but don't modify any source files and clean up test artifacts when finished.","The document_consumption_finished signal chain in apps.py: When a new document is consumed, document_consumption_finished.send() fires these handlers in order: add_inbox_tags, set_correspondent, set_document_type, set_tags, set_log_entry, add_to_index. The add_to_index handler calls index.add_or_update_document(document). For new document ingestion via the upload API (POST /api/documents/post_document/), the actual file processing is async via Django-Q tasks.consume_file(), but once the document is saved to the DB and document_consumption_finished fires, the index update happens synchronously as part of the same consumer process.",True,high,"The agent's final answer explicitly states that raw SQL changes leave the index stale because the `add_to_index` handler is connected to `document_consumption_finished` rather than `post_save`, which is the specific mechanism described in the retrieved note."
control,20260921T185635.159523170Z-openclaw-sweatlasqa-pilot30-shuffle1-amem-repo-control-sglang,task-6905333b74f22949d97ba9d2,020,1,b6b4c146-d93b-46d8-822f-825612d0f41b,2,match,68,,"I’m trying to get a big-picture understanding of how documents flow through the system. How does a new document usually enter paperless-ngx. Once a document is received, what are the main stages it goes through before it’s fully processed and available, are there any background jobs and what is used for background execution.

I’m also curious about the kind of information paperless stores for each document. What metadata fields are saved, and which ones are absolutely required versus optional or derived later during runtime-processing. Can you show with a runtime example?

Also I wonder how things like tags, correspondents, and document types are used together to organize documents in a practical way.

Please don’t make any changes to the repository itself. You can create temporary scripts for testing if needed but do clean them up once you're done.","Paperless-NGX document ingestion full pipeline: 1) File placed in CONSUMPTION_DIR → 2) document_consumer management command uses watchdog/inotify to detect new files → 3) _consume() function checks file readiness (waits for write completion), then calls async_task(""documents.tasks.consume_file"", filepath, task_name=filename) → 4) django-q picks up the task via Redis broker, runs consume_file() in tasks.py → 5) If barcode splitting enabled, scans for separator barcodes and splits → 6) Consumer.try_consume_file() runs: pre_checks (file exists, dirs, duplicate MD5 check), MIME detection via python-magic, parser class lookup via document_consumer_declaration signal, pre-consume script, parser.parse() (extracts text/OCR via OCRmyPDF for PDFs/images, generates thumbnail via ImageMagick), then creates Document record in DB with title, content, mime_type, checksum, created, modified, storage_type, added → 7) document_consumption_finished signal fires → 8) Post-consume hooks run: add_inbox_tags, set_correspondent (ML match via classifier), set_document_type (ML match), set_tags (ML match), set_log_entry (Django admin LogEntry), add_to_index (Whoosh search index) → 9) Files copied to ORIGINALS_DIR/ARCHIVE_DIR/THUMBNAIL_DIR → 10) Source deleted from consumption dir. Services: gunicorn (web), document_consumer (watchdog), qcluster (django-q worker), Redis (broker). Message queue is Redis via django-q Q_CLUSTER. Queued task payload: function ref ""documents.tasks.consume_file"" + positional args (filepath, override_tag_ids, task_name).",True,high,"The agent's final answer explicitly mirrors the specific technical details from the retrieved note, such as the use of 'django-q with Redis broker' (not Celery), the 'watchdog/inotify' file detection, the 'OCRmyPDF' for OCR, and the specific sequence of post-consume hooks like 'add_inbox_tags' and 'set_correspondent' via ML matching, which directly correspond to the pipeline steps described in the note."
control,20260921T185635.159523170Z-openclaw-sweatlasqa-pilot30-shuffle1-amem-repo-control-sglang,task-6905333b74f22949d97ba9d2,020,1,b3ca7347-0db8-4d99-967d-4972d34defac,4,match,61,,"I’m trying to get a big-picture understanding of how documents flow through the system. How does a new document usually enter paperless-ngx. Once a document is received, what are the main stages it goes through before it’s fully processed and available, are there any background jobs and what is used for background execution.

I’m also curious about the kind of information paperless stores for each document. What metadata fields are saved, and which ones are absolutely required versus optional or derived later during runtime-processing. Can you show with a runtime example?

Also I wonder how things like tags, correspondents, and document types are used together to organize documents in a practical way.

Please don’t make any changes to the repository itself. You can create temporary scripts for testing if needed but do clean them up once you're done.","Paperless-ngx DocumentSerializer (serialisers.py line 201) outputs these top-level fields per document: id, correspondent, document_type, title, content, tags, created, modified, added, archive_serial_number, original_file_name, archived_file_name. The Document model (models.py line 88) has fields: correspondent (FK), title, document_type (FK), content (TextField), mime_type, tags (M2M), checksum, archive_checksum, created, modified, storage_type, added, filename, archive_filename, archive_serial_number.",True,high,"The agent explicitly retrieved and inspected `serialisers.py` (as noted in the shell commands) to verify the top-level fields mentioned in the retrieved note, and subsequently used this information to structure the 'Metadata Fields' section of its final answer, distinguishing between required, optional, and derived fields based on the model and serializer definitions found in the codebase."
control,20260921T185635.159523170Z-openclaw-sweatlasqa-pilot30-shuffle1-amem-repo-control-sglang,task-6905333b74f22949d97ba9d2,020,2,b6b4c146-d93b-46d8-822f-825612d0f41b,1,match,65,,"I’m trying to get a big-picture understanding of how documents flow through the system. How does a new document usually enter paperless-ngx. Once a document is received, what are the main stages it goes through before it’s fully processed and available, are there any background jobs and what is used for background execution.

I’m also curious about the kind of information paperless stores for each document. What metadata fields are saved, and which ones are absolutely required versus optional or derived later during runtime-processing. Can you show with a runtime example?

Also I wonder how things like tags, correspondents, and document types are used together to organize documents in a practical way.

Please don’t make any changes to the repository itself. You can create temporary scripts for testing if needed but do clean them up once you're done.","paperless-ngx document processing pipeline (full trace):
1) Entry: File placed in CONSUMPTION_DIR → document_consumer management command (using watchdog/inotify) detects it, or file saved via API / document_importer management command, or email attachments via paperless_mail.
2) _consume() waits for file write completion (500ms retry), checks extensions against supported list, optionally walks directory tree for CONSUMER_SUBDIRS_AS_TAGS to auto-create tag IDs.
3) dispatches async_task(""documents.tasks.consume_file"", filepath, task_name=filename) via django-q with Redis broker.
4) consume_file() checks for barcode splitting (CONSUMER_ENABLE_BARCODES): if barcodes found, splits file using pikepdf/pyzbar, saves temp files back to consumption dir.
5) Consumer().try_consume_file(): pre_checks (file exists, directories exist, duplicate MD5 check), MIME detection via python-magic, parser lookup via document_consumer_declaration signal.
6) Pre-consume script (if configured).
7) Parser (paperless_tesseract RasterisedDocumentParser) runs: OCRmyPDF for PDFs/images (extracts text via pdfminer, creates archive PDF), thumbnail generation via ImageMagick convert. For text files: paperless_text parser reads content directly.
8) Date extraction: parser.get_date() or parse_date() on filename/text.
9) Document.objects.create() in atomic transaction with title, content, mime_type, checksum (MD5), created, modified, storage_type.
10) document_consumption_finished signal fires → post-consume hooks: add_inbox_tags, set_correspondent (ML classifier match), set_document_type (ML classifier), set_tags (ML + regex match), set_log_entry, add_to_index (Whoosh).
11) Files written to ORIGINALS_DIR, ARCHIVE_DIR, THUMBNAIL_DIR.
12) Source file deleted from consumption dir. Post-consume script executed.
13) Progress sent via Channels WebSocket to UI.
Background execution: django-q with Redis broker, workers=dynamic (sqrt of CPU cores), each worker has multiple threads.",True,high,"The agent's final answer explicitly incorporates specific details from the retrieved note, such as the 13-stage pipeline structure, the use of django-q with Redis broker, the worker calculation formula (sqrt of CPU cores), and the specific tools mentioned (OCRmyPDF, ImageMagick, Whoosh), which were not part of the initial question but were present in the note."
control,20260921T185635.159523170Z-openclaw-sweatlasqa-pilot30-shuffle1-amem-repo-control-sglang,task-6905333b74f22949d97ba9d2,020,2,da854b2b-c944-4134-a584-4c4b47f2a1ca,5,match,59,,"I’m trying to get a big-picture understanding of how documents flow through the system. How does a new document usually enter paperless-ngx. Once a document is received, what are the main stages it goes through before it’s fully processed and available, are there any background jobs and what is used for background execution.

I’m also curious about the kind of information paperless stores for each document. What metadata fields are saved, and which ones are absolutely required versus optional or derived later during runtime-processing. Can you show with a runtime example?

Also I wonder how things like tags, correspondents, and document types are used together to organize documents in a practical way.

Please don’t make any changes to the repository itself. You can create temporary scripts for testing if needed but do clean them up once you're done.","paperless-ngx Document model fields (models.py):
REQUIRED at DB level: title (max 128, blank), content (TextField, blank), mime_type (CharField, editable=False - auto-set), checksum (MD5 hash, unique, editable=False - auto-computed), created (DateTimeField, default=now), storage_type (default=""unencrypted"", editable=False).
OPTIONAL/nullable: correspondent (FK to Correspondent, blank=True, null=True), document_type (FK to DocumentType, blank=True, null=True), archive_checksum (nullable, blank), archive_filename (nullable, blank), filename (nullable, blank), archive_serial_number (nullable, unique, auto-increment), tags (M2M to Tag, blank=True - many can be empty).
DERIVED at runtime: archive_checksum (computed from archive file after OCR), modified (auto_now=True, set by Django on save), added (default=now, set on creation), thumbnail (generated via ImageMagick), archive file (generated via OCRmyPDF), search index entry (Whoosh, updated via signal).",True,high,"The agent's final answer explicitly categorizes metadata fields into 'required', 'optional', and 'derived at runtime' using the specific examples and logic provided in the retrieved note (e.g., listing mime_type, checksum, content, thumbnail, and archive PDF as derived or required based on the note's schema description)."
control,20260921T185635.159523170Z-openclaw-sweatlasqa-pilot30-shuffle1-amem-repo-control-sglang,task-6905333b74f22949d97ba9d2,020,2,8d18f5cb-2f3e-4a4d-adc7-e6d52bb70454,8,link,57,,"I’m trying to get a big-picture understanding of how documents flow through the system. How does a new document usually enter paperless-ngx. Once a document is received, what are the main stages it goes through before it’s fully processed and available, are there any background jobs and what is used for background execution.

I’m also curious about the kind of information paperless stores for each document. What metadata fields are saved, and which ones are absolutely required versus optional or derived later during runtime-processing. Can you show with a runtime example?

Also I wonder how things like tags, correspondents, and document types are used together to organize documents in a practical way.

Please don’t make any changes to the repository itself. You can create temporary scripts for testing if needed but do clean them up once you're done.","paperless-ngx tagging/correspondent/document_type system:
All three inherit from MatchingModel which provides: name (unique), match (regex pattern string), matching_algorithm (MATCH_ANY/MATCH_ALL/MATCH_LITERAL/MATCH_REGEX/MATCH_FUZZY/MATCH_AUTO), is_insensitive (bool).
Tag has extra field: is_inbox_tag (bool) - all inbox tags are auto-applied to every new document.
Color field on Tag (#a6cee3 default).
MatchingModelSerializer exposes document_count via Django aggregation.
In matching.py: matches() function checks content against match patterns using regex. Algorithm MATCH_ANY: any word match; MATCH_ALL: all words must match; MATCH_LITERAL: exact string; MATCH_REGEX: regex match; MATCH_FUZZY: fuzzy string match (fuzzywuzzy >=90 score).
ML matching: MATCH_AUTO tags use DocumentClassifier (scikit-learn MLPClassifier) with CountVectorizer(ngram_range=(1,2)). Classifier trains on all documents (excluding inbox tags) when document_create_classifier command is run. Trained model saved as pickle at DATA_DIR/classification_model.pickle.",False,high,"The agent's final answer provides a high-level summary of the document lifecycle and metadata structure but does not incorporate any of the specific technical details from the retrieved note, such as the `MatchingModel` inheritance, specific regex algorithms, `is_inbox_tag` behavior, or the `classification_model.pickle` path, indicating the note was retrieved but not utilized in the final response."
control,20260921T185635.159523170Z-openclaw-sweatlasqa-pilot30-shuffle1-amem-repo-control-sglang,task-6905333b74f22949d97ba9d4,029,1,9095cfd9-a4eb-4043-9694-f3e42ce2d50f,1,match,62,,"I want to understand how Paperless-NGX behaves at runtime once the system is up and idle, before I start making changes to the codebase. Get Paperless-NGX running at the specified commit. Once it's idle and stable, what background processes or tasks continue executing automatically? What are the actual log entries that appear periodically showing the system is healthy and ready? I need the specific log messages, their frequency, and what they indicate. 
Also, if you briefly interrupt and restart part of the system, what specific log messages confirm everything has reconnected and is operational again? What components or processes keep running continuously to maintain Paperless-NGX in a ready state, even when no documents are being processed? You may use temporary helper commands or inspection tools if needed, but don’t modify any source files and clean up any temporary artifacts when you’re done.","Paperless-ngx uses Django-Q (not Celery) for async task processing. The Q_CLUSTER config in paperless/settings.py defines: retry=PAPERLESS_WORKER_TIMEOUT+10 (default 1810s), timeout=PAPERLESS_WORKER_TIMEOUT (default 1800s), workers=TASK_WORKERS (default sqrt of CPU cores), catch_up=False, recycle=1. No max_attempts is set (defaults to 0=infinite in django-q). No periodic tasks are hardcoded - scheduling is done via Django-Q Schedule model (admin UI). The scheduler runs once per minute inside qcluster process, scanning Schedule.objects for next_run<now.",False,high,"The agent's final answer explicitly states that there are 'no periodic heartbeat log messages' and describes startup logs, directly contradicting the note's claim that the scheduler runs every minute; furthermore, the note's specific configuration details (retry, timeout, workers) were never referenced or acted upon in the final answer."
control,20260921T185635.159523170Z-openclaw-sweatlasqa-pilot30-shuffle1-amem-repo-control-sglang,task-6905333b74f22949d97ba9d5,030,1,b6b4c146-d93b-46d8-822f-825612d0f41b,1,match,74,,"I’m trying to understand how data moves through Paperless-NGX during normal document ingestion so I can get oriented before working on the codebase. When Paperless-NGX is running from this repository at the specified commit and a new document appears in the system, what observable runtime behavior shows how the document is detected and handed off for processing? What log messages, task names, or state changes indicate the transition from initial detection into parsing, classification, and indexing, and how does the system reflect progress or completion of each stage while the document is being processed? After processing finishes, what observable evidence shows where the document’s data ends up and how its final state is recorded? Based on what you can directly observe at runtime, how does Paperless-NGX track whether a document has already been processed or needs further work, and what behavior or logs indicate how the system avoids duplicate processing? Keep the explanation grounded in runtime observations rather than assumptions from reading the code alone. You may use temporary test files if helpful, but don’t modify any source files and clean up any temporary artifacts when you’re done.","The document processing pipeline (paperless-ngx) follows a standard flow: Entry (File in CONSUMPTION_DIR/API/Email) -> Watchdog/API detection -> Async dispatch via Django-Q/Redis -> Pre-consume checks -> Parsing/OCR (OCRmyPDF) -> Date extraction -> DB save -> Post-consume hooks -> File cleanup. Specifically, the POST /api/documents/post_document/ endpoint returns an HTTP 200 'OK' immediately and triggers asynchronous processing. Progress is tracked via the 'status_updates' WebSocket channel with stages: STARTING (0%), WORKING (20-80% during parsing/OCR using OCRmyPDF with params: skip_text=True, language=eng, output_type=pdfa, sidecar=sidecar.txt, use_threads=True), date parsing, DB save, and success. The underlying Django-Q workers operate with dynamic thread count (sqrt of CPU cores). The document_consumption_finished signal chain in apps.py executes after DB save: add_inbox_tags, set_correspondent, set_document_type, set_tags, set_log_entry, and add_to_index. The add_to_index handler calls index.add_or_update_document(document) synchronously within the same consumer process after the document is saved to the DB.",True,high,"The agent's final answer explicitly incorporates specific details from the retrieved note, such as the WebSocket 'status_updates' channel, the specific progress percentages (0%, 20-80%, etc.), the use of OCRmyPDF with specific parameters (skip_text=True, etc.), and the synchronous execution of `add_to_index` within the consumer process, which directly reflects the note's description of the post-consume signal chain and indexing behavior."
control,20260921T185635.159523170Z-openclaw-sweatlasqa-pilot30-shuffle1-amem-repo-control-sglang,task-6905333b74f22949d97ba9d5,030,1,6aa67933-c34d-4c47-b064-2649532747c9,3,match,64,,"I’m trying to understand how data moves through Paperless-NGX during normal document ingestion so I can get oriented before working on the codebase. When Paperless-NGX is running from this repository at the specified commit and a new document appears in the system, what observable runtime behavior shows how the document is detected and handed off for processing? What log messages, task names, or state changes indicate the transition from initial detection into parsing, classification, and indexing, and how does the system reflect progress or completion of each stage while the document is being processed? After processing finishes, what observable evidence shows where the document’s data ends up and how its final state is recorded? Based on what you can directly observe at runtime, how does Paperless-NGX track whether a document has already been processed or needs further work, and what behavior or logs indicate how the system avoids duplicate processing? Keep the explanation grounded in runtime observations rather than assumptions from reading the code alone. You may use temporary test files if helpful, but don’t modify any source files and clean up any temporary artifacts when you’re done.","Paperless-ngx document processing progress stages (via Channels WebSocket status_updates): STARTING(0%) → WORKING(PARSING_DOCUMENT, 20-80%) → WORKING(GENERATING_THUMBNAIL, ~70%) → WORKING(PARSE_DATE, 90%) → WORKING(SAVE_DOCUMENT, 95%) → SUCCESS(100%). Each stage sends _send_progress(current, max, status, message). On failure: FAILED(100%). The progress_callback in consumer.py maps parser progress (0-100%) to 20-80% range.",True,high,"The final answer explicitly lists the exact progress stages (STARTING, WORKING with specific messages like 'parsing_document', 'generating_thumbnail', etc.) and percentage ranges (20-80%, 70%, 90%, 95%, 100%) that match the retrieved note verbatim, indicating the note's specific details were used to construct the explanation of observable runtime behavior."
control,20260921T185635.159523170Z-openclaw-sweatlasqa-pilot30-shuffle1-amem-repo-control-sglang,task-6905333b74f22949d97ba9d5,030,1,7feb533d-1b57-47c3-9699-0526747ec029,5,match,60,,"I’m trying to understand how data moves through Paperless-NGX during normal document ingestion so I can get oriented before working on the codebase. When Paperless-NGX is running from this repository at the specified commit and a new document appears in the system, what observable runtime behavior shows how the document is detected and handed off for processing? What log messages, task names, or state changes indicate the transition from initial detection into parsing, classification, and indexing, and how does the system reflect progress or completion of each stage while the document is being processed? After processing finishes, what observable evidence shows where the document’s data ends up and how its final state is recorded? Based on what you can directly observe at runtime, how does Paperless-NGX track whether a document has already been processed or needs further work, and what behavior or logs indicate how the system avoids duplicate processing? Keep the explanation grounded in runtime observations rather than assumptions from reading the code alone. You may use temporary test files if helpful, but don’t modify any source files and clean up any temporary artifacts when you’re done.","Paperless-ngx HTTP upload endpoint: POST /api/documents/post_document/ (PostDocumentView, views.py line ~300). Returns HTTP 200 ""OK"" immediately upon valid submission, then dispatches async_task(""documents.tasks.consume_file"", ...) via django-q with Redis. Returns HTTP 400 if form is invalid or file type unsupported. Uploads file to SCRATCH_DIR (/tmp/paperless) as temporary NamedTemporaryFile with ""paperless-upload-"" prefix.",False,high,"The agent's final answer describes the ingestion pipeline via file system watchers (inotify) and WebSocket status updates, whereas the retrieved note specifically describes the HTTP upload endpoint behavior (POST /api/documents/post_document/, SCRATCH_DIR, django-q dispatch), which is completely absent from the agent's explanation and subsequent file exploration focused on the consumer/task logic rather than the API view."
control,20260921T185635.159523170Z-openclaw-sweatlasqa-pilot30-shuffle1-amem-repo-control-sglang,task-6905333b74f22949d97ba9d6,024,1,b6b4c146-d93b-46d8-822f-825612d0f41b,1,match,66,,"I’m trying to get a practical understanding of how OCR behaves in paperless-ngx at runtime, especially in cases where it’s hard to tell what the system is actually doing. When I upload an image that has no embedded text, how can I see that OCR has started, and what does the document’s processing state look like while it’s running? I want to watch how background workers behave during this phase and understand what signals really indicate active OCR work. If I upload a similar image that already contains text, does the system skip OCR entirely, or does it still touch the OCR pipeline in some way, and how can I tell the difference after processing finishes? I also want to compare the final API responses for both cases to understand which fields show OCR-generated text versus existing text. Finally, when OCR produces weak or incomplete results, what actually happens to the document’s final state? Does it still count as fully processed, and how is that reflected in the saved metadata? Temporary scripts may be used for observation, but the repository itself should remain unchanged, and anything temporary should be cleaned up afterward.","paperless-ngx document processing pipeline (full trace):
1) Entry: File placed in CONSUMPTION_DIR → document_consumer management command (using watchdog/inotify) detects it, or file saved via API / document_importer management command, or email attachments via paperless_mail.
2) _consume() waits for file write completion (500ms retry), checks extensions against supported list, optionally walks directory tree for CONSUMER_SUBDIRS_AS_TAGS to auto-create tag IDs.
3) dispatches async_task(""documents.tasks.consume_file"", filepath, task_name=filename) via django-q with Redis broker.
4) consume_file() checks for barcode splitting (CONSUMER_ENABLE_BARCODES): if barcodes found, splits file using pikepdf/pyzbar, saves temp files back to consumption dir.
5) Consumer().try_consume_file(): pre_checks (file exists, directories exist, duplicate MD5 check), MIME detection via python-magic, parser lookup via document_consumer_declaration signal.
6) Pre-consume script (if configured).
7) Parser (paperless_tesseract RasterisedDocumentParser) runs: OCRmyPDF for PDFs/images (extracts text via pdfminer, creates archive PDF), thumbnail generation via ImageMagick convert. For text files: paperless_text parser reads content directly.
8) Date extraction: parser.get_date() or parse_date() on filename/text.
9) Document.objects.create() in atomic transaction with title, content, mime_type, checksum (MD5), created, modified, storage_type.
10) document_consumption_finished signal fires → post-consume hooks: add_inbox_tags, set_correspondent (ML classifier match), set_document_type (ML classifier), set_tags (ML + regex match), set_log_entry, add_to_index (Whoosh).
11) Files written to ORIGINALS_DIR, ARCHIVE_DIR, THUMBNAIL_DIR.
12) Source file deleted from consumption dir. Post-consume script executed.
13) Progress sent via Channels WebSocket to UI.
Background execution: django-q with Redis broker, workers=dynamic (sqrt of CPU cores), each worker has multiple threads.",True,high,"The agent's final answer accurately reflects the specific details from the retrieved note, such as the use of django-q with Redis, the specific parser (paperless_tesseract/RasterisedDocumentParser), the signal flow (document_consumption_finished), and the distinction between original and archive files, which directly informed the explanation of processing states and API fields."
control,20260921T185635.159523170Z-openclaw-sweatlasqa-pilot30-shuffle1-amem-repo-control-sglang,task-6905333b74f22949d97ba9d6,024,1,de2dde0d-f1fa-4f50-ab5b-0daaf9ad4df2,5,match,56,,"I’m trying to get a practical understanding of how OCR behaves in paperless-ngx at runtime, especially in cases where it’s hard to tell what the system is actually doing. When I upload an image that has no embedded text, how can I see that OCR has started, and what does the document’s processing state look like while it’s running? I want to watch how background workers behave during this phase and understand what signals really indicate active OCR work. If I upload a similar image that already contains text, does the system skip OCR entirely, or does it still touch the OCR pipeline in some way, and how can I tell the difference after processing finishes? I also want to compare the final API responses for both cases to understand which fields show OCR-generated text versus existing text. Finally, when OCR produces weak or incomplete results, what actually happens to the document’s final state? Does it still count as fully processed, and how is that reflected in the saved metadata? Temporary scripts may be used for observation, but the repository itself should remain unchanged, and anything temporary should be cleaned up afterward.","No-text document handling: RasterisedDocumentParser in paperless_tesseract/parsers.py uses OCRmyPDF to extract text. If no text is found, extract_text() returns None from both sidecar and pdfminer. As a last resort, if original had text (>50 chars), uses that. Otherwise sets self.text = """" (empty string). The text is then stored in Document.content as empty string. MIME type is detected by python-magic (libmagic). For PDFs: application/pdf. For images: image/png, image/jpeg, image/tiff, image/bmp, image/gif. Text files use paperless_text TextDocumentParser which reads content directly via open().get_text() returns the raw text. For images without text, OCR is attempted via OCRmyPDF subprocess.",True,high,"The agent's final answer explicitly incorporates the note's specific logic regarding the 50-character threshold for skipping OCR in PDFs and the resulting behavior of `archive_path = None`, which directly mirrors the 'last resort' and 'skip' conditions described in the retrieved note."
control,20260921T185635.159523170Z-openclaw-sweatlasqa-pilot30-shuffle1-amem-repo-control-sglang,task-6905333b74f22949d97ba9d8,023,1,49db4dc0-7eb8-4423-ba75-13c4691c4775,2,match,56,,"I am debugging non-deterministic failures in the document classification tests and want to understand how the machine learning pipeline behaves during test execution when training and OCR. I want to observe whether the classifier reuses an existing model or retrains during the same test run, and how that affects later tests. When a test exercises automatic correspondent matching, how many training documents are created, when does training occur relative to those inserts, and what confidence threshold is used to accept or reject predictions? I also want to see how edge cases are handled, such as when a document has no extractable text, including which OCR subprocess is invoked and what mime type is assigned to the output. Finally, when barcode splitting is involved, how many document records are created from a single input, which barcode values trigger a split, and where in the code that decision is made, especially if this changes the effective training data during the test run. Please do not modify the source code; you may create temporary helpers while investigating, but clean up anything temporary before finishing.","paperless-ngx classifier training: train_classifier() in tasks.py runs automatically only via document_create_classifier management command (manual). NOT called automatically per-upload. The classifier.data_hash mechanism in classifier.py:train() checks SHA1 hash of all training data — if hash matches, training is skipped (returns False, logs ""Training data unchanged.""). If data changed, trains MLPClassifier with scikit-learn (returns True, saves model). Training conditions: only proceeds if at least one Tag/Correspondent/DocumentType has matching_algorithm=Tag.MATCH_AUTO. Otherwise it returns immediately with no training. The classifier uses CountVectorizer(ngram_range=(1,2)) + MLPClassifier. Model saved to DATA_DIR/classification_model.pickle. No automatic retraining on every upload.",True,high,"The agent's final answer explicitly states that training is not automatic during consumption and requires the management command, and that the classifier uses SHA1 hashing to skip training if data hasn't changed, both of which are specific facts from the retrieved note that directly shaped the explanation of model reuse and training timing."
control,20260921T185635.159523170Z-openclaw-sweatlasqa-pilot30-shuffle1-amem-repo-control-sglang,task-6905333b74f22949d97ba9d8,023,1,b6b4c146-d93b-46d8-822f-825612d0f41b,3,match,57,,"I am debugging non-deterministic failures in the document classification tests and want to understand how the machine learning pipeline behaves during test execution when training and OCR. I want to observe whether the classifier reuses an existing model or retrains during the same test run, and how that affects later tests. When a test exercises automatic correspondent matching, how many training documents are created, when does training occur relative to those inserts, and what confidence threshold is used to accept or reject predictions? I also want to see how edge cases are handled, such as when a document has no extractable text, including which OCR subprocess is invoked and what mime type is assigned to the output. Finally, when barcode splitting is involved, how many document records are created from a single input, which barcode values trigger a split, and where in the code that decision is made, especially if this changes the effective training data during the test run. Please do not modify the source code; you may create temporary helpers while investigating, but clean up anything temporary before finishing.","paperless-ngx document processing pipeline (full trace):
1) Entry: File placed in CONSUMPTION_DIR → document_consumer management command (using watchdog/inotify) detects it, or file saved via API / document_importer management command, or email attachments via paperless_mail.
2) _consume() waits for file write completion (500ms retry), checks extensions against supported list, optionally walks directory tree for CONSUMER_SUBDIRS_AS_TAGS to auto-create tag IDs.
3) dispatches async_task(""documents.tasks.consume_file"", filepath, task_name=filename) via django-q with Redis broker.
4) consume_file() checks for barcode splitting (CONSUMER_ENABLE_BARCODES): if barcodes found, splits file using pikepdf/pyzbar, saves temp files back to consumption dir.
5) Consumer().try_consume_file(): pre_checks (file exists, directories exist, duplicate MD5 check), MIME detection via python-magic, parser lookup via document_consumer_declaration signal.
6) Pre-consume script (if configured).
7) Parser (paperless_tesseract RasterisedDocumentParser) runs: OCRmyPDF for PDFs/images (extracts text via pdfminer, creates archive PDF), thumbnail generation via ImageMagick convert. For text files: paperless_text parser reads content directly.
8) Date extraction: parser.get_date() or parse_date() on filename/text.
9) Document.objects.create() in atomic transaction with title, content, mime_type, checksum (MD5), created, modified, storage_type.
10) document_consumption_finished signal fires → post-consume hooks: add_inbox_tags, set_correspondent (ML classifier match), set_document_type (ML classifier), set_tags (ML + regex match), set_log_entry, add_to_index (Whoosh).
11) Files written to ORIGINALS_DIR, ARCHIVE_DIR, THUMBNAIL_DIR.
12) Source file deleted from consumption dir. Post-consume script executed.
13) Progress sent via Channels WebSocket to UI.
Background execution: django-q with Redis broker, workers=dynamic (sqrt of CPU cores), each worker has multiple threads.",True,high,"The agent's final answer explicitly references specific details from the retrieved note, such as the use of `django-q` with Redis, the `consume_file` task handling barcode splitting via `pikepdf/pyzbar`, the MIME detection via `python-magic`, and the signal flow where `set_correspondent` is called after `Document.objects.create`, which directly informed the explanation of training timing and model reuse."
control,20260921T185635.159523170Z-openclaw-sweatlasqa-pilot30-shuffle1-amem-repo-control-sglang,task-6905333b74f22949d97ba9d8,023,1,8d18f5cb-2f3e-4a4d-adc7-e6d52bb70454,5,match,51,,"I am debugging non-deterministic failures in the document classification tests and want to understand how the machine learning pipeline behaves during test execution when training and OCR. I want to observe whether the classifier reuses an existing model or retrains during the same test run, and how that affects later tests. When a test exercises automatic correspondent matching, how many training documents are created, when does training occur relative to those inserts, and what confidence threshold is used to accept or reject predictions? I also want to see how edge cases are handled, such as when a document has no extractable text, including which OCR subprocess is invoked and what mime type is assigned to the output. Finally, when barcode splitting is involved, how many document records are created from a single input, which barcode values trigger a split, and where in the code that decision is made, especially if this changes the effective training data during the test run. Please do not modify the source code; you may create temporary helpers while investigating, but clean up anything temporary before finishing.","paperless-ngx tagging/correspondent/document_type system:
All three inherit from MatchingModel which provides: name (unique), match (regex pattern string), matching_algorithm (MATCH_ANY/MATCH_ALL/MATCH_LITERAL/MATCH_REGEX/MATCH_FUZZY/MATCH_AUTO), is_insensitive (bool).
Tag has extra field: is_inbox_tag (bool) - all inbox tags are auto-applied to every new document.
Color field on Tag (#a6cee3 default).
MatchingModelSerializer exposes document_count via Django aggregation.
In matching.py: matches() function checks content against match patterns using regex. Algorithm MATCH_ANY: any word match; MATCH_ALL: all words must match; MATCH_LITERAL: exact string; MATCH_REGEX: regex match; MATCH_FUZZY: fuzzy string match (fuzzywuzzy >=90 score).
ML matching: MATCH_AUTO tags use DocumentClassifier (scikit-learn MLPClassifier) with CountVectorizer(ngram_range=(1,2)). Classifier trains on all documents (excluding inbox tags) when document_create_classifier command is run. Trained model saved as pickle at DATA_DIR/classification_model.pickle.",True,high,"The agent explicitly used the note's information about `DATA_DIR/classification_model.pickle` to locate the model file in the test data directory and inspect its contents via a Python script, and referenced the `MATCH_AUTO` and `DocumentClassifier` details to explain the training and prediction behavior in the final answer."
control,20260921T185635.159523170Z-openclaw-sweatlasqa-pilot30-shuffle1-amem-repo-control-sglang,task-6905333b74f22949d97ba9d9,021,1,b6b4c146-d93b-46d8-822f-825612d0f41b,1,match,63,,"I'm trying to understand how paperless-ngx actually handles background processing when it ingests documents. I want to see what happens at runtime, not just read the config files.

Can you help me make sense of how async work behaves in a live setup? I’m interested in what services are involved behind the scenes, how background jobs appear once they are created, and how the system tells the difference between work that is waiting and work that is actively being processed. I also want to understand where the task state ends up being stored and how you can tell, after the fact, what happened to a given job.

From the code perspective, I want to connect that runtime behavior back to its origin. Where are these background jobs actually triggered, and what part of the code is responsible for sending them into the queue? Don’t modify any repository source files. If you need to create temporary scripts or artifacts to observe behavior, that’s fine, but clean them up afterward and leave the codebase unchanged.","paperless-ngx document processing pipeline (full trace):
1) Entry: File placed in CONSUMPTION_DIR → document_consumer management command (using watchdog/inotify) detects it, or file saved via API / document_importer management command, or email attachments via paperless_mail.
2) _consume() waits for file write completion (500ms retry), checks extensions against supported list, optionally walks directory tree for CONSUMER_SUBDIRS_AS_TAGS to auto-create tag IDs.
3) dispatches async_task(""documents.tasks.consume_file"", filepath, task_name=filename) via django-q with Redis broker.
4) consume_file() checks for barcode splitting (CONSUMER_ENABLE_BARCODES): if barcodes found, splits file using pikepdf/pyzbar, saves temp files back to consumption dir.
5) Consumer().try_consume_file(): pre_checks (file exists, directories exist, duplicate MD5 check), MIME detection via python-magic, parser lookup via document_consumer_declaration signal.
6) Pre-consume script (if configured).
7) Parser (paperless_tesseract RasterisedDocumentParser) runs: OCRmyPDF for PDFs/images (extracts text via pdfminer, creates archive PDF), thumbnail generation via ImageMagick convert. For text files: paperless_text parser reads content directly.
8) Date extraction: parser.get_date() or parse_date() on filename/text.
9) Document.objects.create() in atomic transaction with title, content, mime_type, checksum (MD5), created, modified, storage_type.
10) document_consumption_finished signal fires → post-consume hooks: add_inbox_tags, set_correspondent (ML classifier match), set_document_type (ML classifier), set_tags (ML + regex match), set_log_entry, add_to_index (Whoosh).
11) Files written to ORIGINALS_DIR, ARCHIVE_DIR, THUMBNAIL_DIR.
12) Source file deleted from consumption dir. Post-consume script executed.
13) Progress sent via Channels WebSocket to UI.
Background execution: django-q with Redis broker, workers=dynamic (sqrt of CPU cores), each worker has multiple threads.",True,high,"The agent's final answer explicitly mirrors the specific details from the retrieved note, such as the three entry points (file system, API, email), the use of `async_task` with `documents.tasks.consume_file`, the specific pipeline steps (barcode splitting, MIME detection, OCR, atomic DB save, post-consume signals), and the storage of state in `django_q.models.Task`, all of which were directly verified by the shell commands targeting the files mentioned in the note."
control,20260921T185635.159523170Z-openclaw-sweatlasqa-pilot30-shuffle1-amem-repo-control-sglang,task-6905333b74f22949d97ba9db,022,1,49db4dc0-7eb8-4423-ba75-13c4691c4775,6,link,61,,"I'm onboarding into the Paperless-NGX repository and I'm curious about the hidden choreography that happens when the system is actually running. When a document's tags change and the filename format includes tags in the directory structure, files apparently relocate themselves. I wonder what log messages actually appear during that dance, and what the before and after paths look like in practice. There's supposedly a rollback safety net if something goes wrong during a file move, but I can't tell from reading the code whether it truly recovers or just promises to, what actually happens to files when a move fails partway through? Beyond file handling, there are other runtime mysteries I want to explore. The classifier's behavior puzzles me, sometimes training finishes instantly, other times it takes much longer. I want to trigger both scenarios and see the actual log messages that explain why training was skipped versus why it proceeded with full retraining, including whatever hash or checksum the system uses to detect changes. Duplicate detection feels like magic, two files that look completely different can still be rejected as duplicates, and I want to see the actual checksums being compared at that moment of judgment. The sanity checker intrigues me as well, what does its output actually look like when an archive is healthy versus when something has gone wrong, and can I see the specific hash values it compares when it discovers a mismatch? I also wonder about ghost files, whether orphaned files really linger in the media folder and what the system actually reports when it finds them. I need to see real runtime evidence for all of this; actual paths, actual checksums, actual log messages. Temporary scripts may be used for observation, but the repository itself should remain unchanged and anything temporary cleaned up afterward.","paperless-ngx classifier training: train_classifier() in tasks.py runs automatically only via document_create_classifier management command (manual). NOT called automatically per-upload. The classifier.data_hash mechanism in classifier.py:train() checks SHA1 hash of all training data — if hash matches, training is skipped (returns False, logs ""Training data unchanged.""). If data changed, trains MLPClassifier with scikit-learn (returns True, saves model). Training conditions: only proceeds if at least one Tag/Correspondent/DocumentType has matching_algorithm=Tag.MATCH_AUTO. Otherwise it returns immediately with no training. The classifier uses CountVectorizer(ngram_range=(1,2)) + MLPClassifier. Model saved to DATA_DIR/classification_model.pickle. No automatic retraining on every upload.",True,high,"The agent's final answer explicitly incorporates specific details from the retrieved note, such as the SHA1 hash mechanism for training data, the specific log message 'Training data unchanged.', the condition regarding MATCH_AUTO, and the use of CountVectorizer, which were not present in the question but were derived from the note."
control,20260921T185635.159523170Z-openclaw-sweatlasqa-pilot30-shuffle1-amem-repo-control-sglang,task-6905333b74f22949d97ba9db,022,2,49db4dc0-7eb8-4423-ba75-13c4691c4775,1,match,67,,"I'm onboarding into the Paperless-NGX repository and I'm curious about the hidden choreography that happens when the system is actually running. When a document's tags change and the filename format includes tags in the directory structure, files apparently relocate themselves. I wonder what log messages actually appear during that dance, and what the before and after paths look like in practice. There's supposedly a rollback safety net if something goes wrong during a file move, but I can't tell from reading the code whether it truly recovers or just promises to, what actually happens to files when a move fails partway through? Beyond file handling, there are other runtime mysteries I want to explore. The classifier's behavior puzzles me, sometimes training finishes instantly, other times it takes much longer. I want to trigger both scenarios and see the actual log messages that explain why training was skipped versus why it proceeded with full retraining, including whatever hash or checksum the system uses to detect changes. Duplicate detection feels like magic, two files that look completely different can still be rejected as duplicates, and I want to see the actual checksums being compared at that moment of judgment. The sanity checker intrigues me as well, what does its output actually look like when an archive is healthy versus when something has gone wrong, and can I see the specific hash values it compares when it discovers a mismatch? I also wonder about ghost files, whether orphaned files really linger in the media folder and what the system actually reports when it finds them. I need to see real runtime evidence for all of this; actual paths, actual checksums, actual log messages. Temporary scripts may be used for observation, but the repository itself should remain unchanged and anything temporary cleaned up afterward.","paperless-ngx classifier training: train_classifier() in tasks.py runs automatically only via document_create_classifier management command (manual). NOT called automatically per-upload. The classifier.data_hash mechanism in classifier.py:train() checks SHA1 hash of all training data — if hash matches, training is skipped (returns False, logs ""Training data unchanged.""). If data changed, trains MLPClassifier with scikit-learn (returns True, saves model). Training conditions: only proceeds if at least one Tag/Correspondent/DocumentType has matching_algorithm=Tag.MATCH_AUTO. Otherwise it returns immediately with no training. The classifier uses CountVectorizer(ngram_range=(1,2)) + MLPClassifier. Model saved to DATA_DIR/classification_model.pickle. No automatic retraining on every upload.",True,high,"The agent's final answer explicitly incorporates the specific technical details from the retrieved note, including the use of SHA1 hash for training data detection, the specific log message 'Training data unchanged.', the condition regarding MATCH_AUTO, and the use of CountVectorizer with MLPClassifier, which were not present in the question but were derived from the note."
control,20260921T185635.159523170Z-openclaw-sweatlasqa-pilot30-shuffle1-amem-repo-control-sglang,task-6905333b74f22949d97ba9dc,025,1,b6b4c146-d93b-46d8-822f-825612d0f41b,4,match,67,,"I'm getting inconsistent OCR results when testing paperless-ngx locally with multi-page PDFs and need to understand the processing behavior better. Get the development environment running normally (create admin user if needed during setup), then upload a multi-page PDF through the standard interface that requires OCR processing. What HTTP response status and message do you receive immediately after upload submission? As processing happens, what key log patterns appear that show the document moving through different stages, including the OCRmyPDF invocation parameters? After processing finishes, what do the generated archive PDF and thumbnail filenames look like in the media storage area? Check the document record in the database - what fields are actually stored (not filesystem-only metadata) and what values appear for the processed document? No file modifications or permanent changes allowed, clean up any test files completely when done.","paperless-ngx document processing pipeline (full trace):
1) Entry: File placed in CONSUMPTION_DIR → document_consumer management command (using watchdog/inotify) detects it, or file saved via API / document_importer management command, or email attachments via paperless_mail.
2) _consume() waits for file write completion (500ms retry), checks extensions against supported list, optionally walks directory tree for CONSUMER_SUBDIRS_AS_TAGS to auto-create tag IDs.
3) dispatches async_task(""documents.tasks.consume_file"", filepath, task_name=filename) via django-q with Redis broker.
4) consume_file() checks for barcode splitting (CONSUMER_ENABLE_BARCODES): if barcodes found, splits file using pikepdf/pyzbar, saves temp files back to consumption dir.
5) Consumer().try_consume_file(): pre_checks (file exists, directories exist, duplicate MD5 check), MIME detection via python-magic, parser lookup via document_consumer_declaration signal.
6) Pre-consume script (if configured).
7) Parser (paperless_tesseract RasterisedDocumentParser) runs: OCRmyPDF for PDFs/images (extracts text via pdfminer, creates archive PDF), thumbnail generation via ImageMagick convert. For text files: paperless_text parser reads content directly.
8) Date extraction: parser.get_date() or parse_date() on filename/text.
9) Document.objects.create() in atomic transaction with title, content, mime_type, checksum (MD5), created, modified, storage_type.
10) document_consumption_finished signal fires → post-consume hooks: add_inbox_tags, set_correspondent (ML classifier match), set_document_type (ML classifier), set_tags (ML + regex match), set_log_entry, add_to_index (Whoosh).
11) Files written to ORIGINALS_DIR, ARCHIVE_DIR, THUMBNAIL_DIR.
12) Source file deleted from consumption dir. Post-consume script executed.
13) Progress sent via Channels WebSocket to UI.
Background execution: django-q with Redis broker, workers=dynamic (sqrt of CPU cores), each worker has multiple threads.",True,high,"The agent's final answer explicitly lists the database fields (id, title, content, checksum, etc.) and the processing stages (OCRmyPDF invocation, thumbnail generation, DB write) that directly correspond to the specific steps and details outlined in the retrieved note (e.g., step 7 for OCRmyPDF/ImageMagick, step 9 for Document.objects.create fields, step 11 for file storage)."
control,20260921T185635.159523170Z-openclaw-sweatlasqa-pilot30-shuffle1-amem-repo-control-sglang,task-6905333b74f22949d97ba9dc,025,1,da854b2b-c944-4134-a584-4c4b47f2a1ca,9,link,62,,"I'm getting inconsistent OCR results when testing paperless-ngx locally with multi-page PDFs and need to understand the processing behavior better. Get the development environment running normally (create admin user if needed during setup), then upload a multi-page PDF through the standard interface that requires OCR processing. What HTTP response status and message do you receive immediately after upload submission? As processing happens, what key log patterns appear that show the document moving through different stages, including the OCRmyPDF invocation parameters? After processing finishes, what do the generated archive PDF and thumbnail filenames look like in the media storage area? Check the document record in the database - what fields are actually stored (not filesystem-only metadata) and what values appear for the processed document? No file modifications or permanent changes allowed, clean up any test files completely when done.","paperless-ngx Document model fields (models.py):
REQUIRED at DB level: title (max 128, blank), content (TextField, blank), mime_type (CharField, editable=False - auto-set), checksum (MD5 hash, unique, editable=False - auto-computed), created (DateTimeField, default=now), storage_type (default=""unencrypted"", editable=False).
OPTIONAL/nullable: correspondent (FK to Correspondent, blank=True, null=True), document_type (FK to DocumentType, blank=True, null=True), archive_checksum (nullable, blank), archive_filename (nullable, blank), filename (nullable, blank), archive_serial_number (nullable, unique, auto-increment), tags (M2M to Tag, blank=True - many can be empty).
DERIVED at runtime: archive_checksum (computed from archive file after OCR), modified (auto_now=True, set by Django on save), added (default=now, set on creation), thumbnail (generated via ImageMagick), archive file (generated via OCRmyPDF), search index entry (Whoosh, updated via signal).",True,high,"The agent's final answer explicitly lists the database fields (id, title, content, mime_type, checksum, archive_checksum, filename, archive_filename, created, modified, added, storage_type, correspondent, document_type, tags) which directly correspond to the REQUIRED, OPTIONAL, and DERIVED fields detailed in the retrieved note, indicating the note was used to structure the answer regarding what fields are stored in the database."
control,20260921T185635.159523170Z-openclaw-sweatlasqa-pilot30-shuffle1-amem-repo-control-sglang,task-6905333b74f22949d97ba9dc,025,2,7feb533d-1b57-47c3-9699-0526747ec029,1,match,69,,"I'm getting inconsistent OCR results when testing paperless-ngx locally with multi-page PDFs and need to understand the processing behavior better. Get the development environment running normally (create admin user if needed during setup), then upload a multi-page PDF through the standard interface that requires OCR processing. What HTTP response status and message do you receive immediately after upload submission? As processing happens, what key log patterns appear that show the document moving through different stages, including the OCRmyPDF invocation parameters? After processing finishes, what do the generated archive PDF and thumbnail filenames look like in the media storage area? Check the document record in the database - what fields are actually stored (not filesystem-only metadata) and what values appear for the processed document? No file modifications or permanent changes allowed, clean up any test files completely when done.","Paperless-ngx HTTP upload endpoint: POST /api/documents/post_document/ (PostDocumentView, views.py line ~300). Returns HTTP 200 ""OK"" immediately upon valid submission, then dispatches async_task(""documents.tasks.consume_file"", ...) via django-q with Redis. Returns HTTP 400 if form is invalid or file type unsupported. Uploads file to SCRATCH_DIR (/tmp/paperless) as temporary NamedTemporaryFile with ""paperless-upload-"" prefix.",True,high,"The agent's final answer explicitly cites the specific endpoint path `/api/documents/post_document/` and the HTTP 200 response behavior described in the retrieved note, confirming it used the note's factual claims to construct the response."
control,20260921T185635.159523170Z-openclaw-sweatlasqa-pilot30-shuffle1-amem-repo-control-sglang,task-6905333b74f22949d97ba9dc,025,2,da854b2b-c944-4134-a584-4c4b47f2a1ca,2,match,69,,"I'm getting inconsistent OCR results when testing paperless-ngx locally with multi-page PDFs and need to understand the processing behavior better. Get the development environment running normally (create admin user if needed during setup), then upload a multi-page PDF through the standard interface that requires OCR processing. What HTTP response status and message do you receive immediately after upload submission? As processing happens, what key log patterns appear that show the document moving through different stages, including the OCRmyPDF invocation parameters? After processing finishes, what do the generated archive PDF and thumbnail filenames look like in the media storage area? Check the document record in the database - what fields are actually stored (not filesystem-only metadata) and what values appear for the processed document? No file modifications or permanent changes allowed, clean up any test files completely when done.","Paperless-ngx Document model fields (DB-level): correspondent (FK, nullable), title (CharField max 128), document_type (FK, nullable), content (TextField), mime_type (CharField auto), tags (M2M), checksum (MD5 unique auto), archive_checksum (nullable), created (DateTimeField), modified (auto_now), storage_type (default ""unencrypted""), added (auto_now_add), filename (FilePathField unique), archive_filename (FilePathField unique), archive_serial_number (nullable unique auto-increment). Archive_checksum computed from archive file after OCR. has_archive_version property = archive_filename is not None.",True,high,"The agent's final answer explicitly lists the database fields (id, title, content, mime_type, checksum, archive_checksum, filename, archive_filename, etc.) and their types/properties exactly as defined in the retrieved note, confirming the note drove the description of the document record."
control,20260921T185635.159523170Z-openclaw-sweatlasqa-pilot30-shuffle1-amem-repo-control-sglang,task-6905333b74f22949d97ba9dc,025,2,4e627f3d-ec30-4214-a782-53326b42e4f0,3,match,68,,"I'm getting inconsistent OCR results when testing paperless-ngx locally with multi-page PDFs and need to understand the processing behavior better. Get the development environment running normally (create admin user if needed during setup), then upload a multi-page PDF through the standard interface that requires OCR processing. What HTTP response status and message do you receive immediately after upload submission? As processing happens, what key log patterns appear that show the document moving through different stages, including the OCRmyPDF invocation parameters? After processing finishes, what do the generated archive PDF and thumbnail filenames look like in the media storage area? Check the document record in the database - what fields are actually stored (not filesystem-only metadata) and what values appear for the processed document? No file modifications or permanent changes allowed, clean up any test files completely when done.","Paperless-ngx file storage naming: ORIGINALS_DIR={MEDIA_ROOT}/documents/originals/, stores files as {pk:07}{ext} (e.g. 0000001.pdf) unless PAPERLESS_FILENAME_FORMAT is set. ARCHIVE_DIR={MEDIA_ROOT}/documents/archive/, archive PDFs named same pattern. THUMBNAIL_DIR={MEDIA_ROOT}/documents/thumbnails/, named {pk:07}.png (e.g. 0000001.png). When duplicate filename occurs, _01, _02 suffix appended. With PAPERLESS_FILENAME_FORMAT like {correspondent}/{title}, files stored in subdirs like ""none/new docs.pdf"".",True,high,"The agent's final answer explicitly uses the specific file naming patterns (e.g., `{pk:07}.ext`, `0000001.pdf`) and directory structure described in the retrieved note to answer the question about generated archive PDF and thumbnail filenames."
control,20260921T185635.159523170Z-openclaw-sweatlasqa-pilot30-shuffle1-amem-repo-control-sglang,task-6905333b74f22949d97ba9dc,025,2,6aa67933-c34d-4c47-b064-2649532747c9,5,match,64,,"I'm getting inconsistent OCR results when testing paperless-ngx locally with multi-page PDFs and need to understand the processing behavior better. Get the development environment running normally (create admin user if needed during setup), then upload a multi-page PDF through the standard interface that requires OCR processing. What HTTP response status and message do you receive immediately after upload submission? As processing happens, what key log patterns appear that show the document moving through different stages, including the OCRmyPDF invocation parameters? After processing finishes, what do the generated archive PDF and thumbnail filenames look like in the media storage area? Check the document record in the database - what fields are actually stored (not filesystem-only metadata) and what values appear for the processed document? No file modifications or permanent changes allowed, clean up any test files completely when done.","Paperless-ngx document processing progress stages (via Channels WebSocket status_updates): STARTING(0%) → WORKING(PARSING_DOCUMENT, 20-80%) → WORKING(GENERATING_THUMBNAIL, ~70%) → WORKING(PARSE_DATE, 90%) → WORKING(SAVE_DOCUMENT, 95%) → SUCCESS(100%). Each stage sends _send_progress(current, max, status, message). On failure: FAILED(100%). The progress_callback in consumer.py maps parser progress (0-100%) to 20-80% range.",True,high,"The agent's final answer explicitly lists the processing stages (STARTING, WORKING with specific sub-stages like PARSING_DOCUMENT, GENERATING_THUMBNAIL, etc.) and their corresponding percentage ranges (0%, 20-80%, ~70%, 90%, 95%, 100%) which directly mirror the specific sequence and values provided in the retrieved note."
control,20260921T185635.159523170Z-openclaw-sweatlasqa-pilot30-shuffle1-amem-repo-control-sglang,task-6905333b74f22949d97ba9de,026,3,98df826f-66ae-4496-ba48-97af8d968500,1,match,57,,"I'm investigating a strange memory usage pattern in the Paperless document processing system. When the system imports documents, it sometimes consumes far more memory than expected for the metadata handling, but this doesn't happen consistently and seems to vary based on the document source or processing stage.

What I'm seeing is that memory usage spikes significantly during document import operations, particularly when metadata is being processed, but the spike seems disproportionate to the actual document size. The odd part is that this memory doesn't always get released back to the system in a timely manner, even after processing is complete. This seems unusual because these are mostly text documents with relatively small metadata - we're not dealing with massive image processing here.

Can you figure out what's causing these memory spikes? I'm curious whether there's something in the metadata handling that's creating unnecessary copies or holding references longer than needed, or if there's caching behavior that's accumulating data unexpectedly. What's different between the cases where memory spikes and cases where it doesn't? How does the behavior change with different document types or batch sizes?

I need to see actual runtime memory measurements during processing, understand which components or methods are responsible for holding onto memory, and get evidence showing whether this is normal Python garbage collection behavior or something problematic. Show me what patterns you can find and where the memory is actually going.

Don't modify any repository source files. You can create temporary test scripts or helper tools to reproduce and analyze the behavior, but clean them up and leave the codebase unchanged when done.","MEMORY LEAK ISSUE #3: matching.py's match_correspondents(), match_tags(), match_document_types() all load ENTIRE tables with Document.objects.all() / Tag.objects.all() / Correspondent.objects.all() - no pagination, no filtering. For large numbers of matching rules, the full tables are loaded into memory. Combined with matching against document.content for each rule, this means ALL matching rule objects + their regex patterns are kept alive during the entire matching phase of document consumption.",True,high,"The agent's final answer explicitly lists 'Full-table loads in matching.py' as cause #3, directly referencing the specific functions (match_tags, match_correspondents, match_document_types) and the behavior (loading every matching rule into memory) described in the retrieved note."
control,20260921T185635.159523170Z-openclaw-sweatlasqa-pilot30-shuffle1-amem-repo-control-sglang,task-6905333b74f22949d97ba9de,026,3,7faf9add-ff30-4aad-b14b-e013b174133d,2,match,60,,"I'm investigating a strange memory usage pattern in the Paperless document processing system. When the system imports documents, it sometimes consumes far more memory than expected for the metadata handling, but this doesn't happen consistently and seems to vary based on the document source or processing stage.

What I'm seeing is that memory usage spikes significantly during document import operations, particularly when metadata is being processed, but the spike seems disproportionate to the actual document size. The odd part is that this memory doesn't always get released back to the system in a timely manner, even after processing is complete. This seems unusual because these are mostly text documents with relatively small metadata - we're not dealing with massive image processing here.

Can you figure out what's causing these memory spikes? I'm curious whether there's something in the metadata handling that's creating unnecessary copies or holding references longer than needed, or if there's caching behavior that's accumulating data unexpectedly. What's different between the cases where memory spikes and cases where it doesn't? How does the behavior change with different document types or batch sizes?

I need to see actual runtime memory measurements during processing, understand which components or methods are responsible for holding onto memory, and get evidence showing whether this is normal Python garbage collection behavior or something problematic. Show me what patterns you can find and where the memory is actually going.

Don't modify any repository source files. You can create temporary test scripts or helper tools to reproduce and analyze the behavior, but clean them up and leave the codebase unchanged when done.","MEMORY LEAK ISSUE #6: In documents/apps.py, document_consumption_finished connects to 6 signal handlers that all run synchronously in the consume_file() call chain: add_inbox_tags, set_correspondent, set_document_type, set_tags, set_log_entry, add_to_index. These are NOT offloaded to background tasks - they block the document consumption pipeline. Each handler potentially loads related data and processes the full document content, causing memory to accumulate linearly across handlers per document. For batch imports or rapid-fire uploads, the memory doesn't get released until the entire chain completes and Python GC runs.",True,high,"The agent's final answer explicitly lists the 6 synchronous signal handlers (add_inbox_tags, set_correspondent, etc.) from the retrieved note as cause #4, directly attributing memory accumulation to them running in-process, which mirrors the specific claim in the note."
control,20260921T185635.159523170Z-openclaw-sweatlasqa-pilot30-shuffle1-amem-repo-control-sglang,task-6905333b74f22949d97ba9de,026,3,ed31000b-cbae-4e99-8285-09949473ca56,3,match,58,,"I'm investigating a strange memory usage pattern in the Paperless document processing system. When the system imports documents, it sometimes consumes far more memory than expected for the metadata handling, but this doesn't happen consistently and seems to vary based on the document source or processing stage.

What I'm seeing is that memory usage spikes significantly during document import operations, particularly when metadata is being processed, but the spike seems disproportionate to the actual document size. The odd part is that this memory doesn't always get released back to the system in a timely manner, even after processing is complete. This seems unusual because these are mostly text documents with relatively small metadata - we're not dealing with massive image processing here.

Can you figure out what's causing these memory spikes? I'm curious whether there's something in the metadata handling that's creating unnecessary copies or holding references longer than needed, or if there's caching behavior that's accumulating data unexpectedly. What's different between the cases where memory spikes and cases where it doesn't? How does the behavior change with different document types or batch sizes?

I need to see actual runtime memory measurements during processing, understand which components or methods are responsible for holding onto memory, and get evidence showing whether this is normal Python garbage collection behavior or something problematic. Show me what patterns you can find and where the memory is actually going.

Don't modify any repository source files. You can create temporary test scripts or helper tools to reproduce and analyze the behavior, but clean them up and leave the codebase unchanged when done.","MEMORY LEAK ISSUE #5: Document.content is a TextField storing the full extracted/OCR'd text. During document consumption, the text is stored in memory (self.text in parsers), then in the Document model object, then serialized via DRF if any endpoints are hit. The text can be very large for OCR'd documents (multi-page PDFs can produce megabytes of OCR text). During document_consumption_finished signal processing, set_tags/set_correspondent/set_document_type all access document.content for matching, keeping the text alive in memory throughout the signal chain.",True,high,"The agent's final answer explicitly identifies 'Full-table loads in matching.py' where regex matching is run against the 'full document content' (Point 3) and notes that signal handlers keep 'full document content alive' (Point 4), directly reflecting the note's claim that `set_tags`/`set_correspondent`/`set_document_type` access `document.content` for matching and keep it alive in memory."
control,20260921T185635.159523170Z-openclaw-sweatlasqa-pilot30-shuffle1-amem-repo-control-sglang,task-6905333b74f22949d97ba9de,026,3,251fd468-1625-4dbe-bf93-ec83ed551286,4,match,57,,"I'm investigating a strange memory usage pattern in the Paperless document processing system. When the system imports documents, it sometimes consumes far more memory than expected for the metadata handling, but this doesn't happen consistently and seems to vary based on the document source or processing stage.

What I'm seeing is that memory usage spikes significantly during document import operations, particularly when metadata is being processed, but the spike seems disproportionate to the actual document size. The odd part is that this memory doesn't always get released back to the system in a timely manner, even after processing is complete. This seems unusual because these are mostly text documents with relatively small metadata - we're not dealing with massive image processing here.

Can you figure out what's causing these memory spikes? I'm curious whether there's something in the metadata handling that's creating unnecessary copies or holding references longer than needed, or if there's caching behavior that's accumulating data unexpectedly. What's different between the cases where memory spikes and cases where it doesn't? How does the behavior change with different document types or batch sizes?

I need to see actual runtime memory measurements during processing, understand which components or methods are responsible for holding onto memory, and get evidence showing whether this is normal Python garbage collection behavior or something problematic. Show me what patterns you can find and where the memory is actually going.

Don't modify any repository source files. You can create temporary test scripts or helper tools to reproduce and analyze the behavior, but clean them up and leave the codebase unchanged when done.","MEMORY LEAK ISSUE #4: In bulk_edit.py, list comprehension [doc.id for doc in qs] loads ALL matching Document objects into memory just to extract their IDs. For large bulk operations (delete, add_tag), this loads the entire queryset before filtering. Similarly, modify_tags() uses itertools.product(affected_docs, add_tags) which creates all tag-assignment pairs in memory before bulk_create.",True,high,"The agent's final answer explicitly cites the specific code pattern `[doc.id for doc in qs]` and the file `bulk_edit.py` mentioned in the retrieved note as cause #6 for memory spikes, demonstrating direct usage of the note's specific findings."
control,20260921T185635.159523170Z-openclaw-sweatlasqa-pilot30-shuffle1-amem-repo-control-sglang,task-6905333b74f22949d97ba9de,026,3,94c74dc6-ef8f-41a7-ba54-6430e0ebef00,5,match,52,,"I'm investigating a strange memory usage pattern in the Paperless document processing system. When the system imports documents, it sometimes consumes far more memory than expected for the metadata handling, but this doesn't happen consistently and seems to vary based on the document source or processing stage.

What I'm seeing is that memory usage spikes significantly during document import operations, particularly when metadata is being processed, but the spike seems disproportionate to the actual document size. The odd part is that this memory doesn't always get released back to the system in a timely manner, even after processing is complete. This seems unusual because these are mostly text documents with relatively small metadata - we're not dealing with massive image processing here.

Can you figure out what's causing these memory spikes? I'm curious whether there's something in the metadata handling that's creating unnecessary copies or holding references longer than needed, or if there's caching behavior that's accumulating data unexpectedly. What's different between the cases where memory spikes and cases where it doesn't? How does the behavior change with different document types or batch sizes?

I need to see actual runtime memory measurements during processing, understand which components or methods are responsible for holding onto memory, and get evidence showing whether this is normal Python garbage collection behavior or something problematic. Show me what patterns you can find and where the memory is actually going.

Don't modify any repository source files. You can create temporary test scripts or helper tools to reproduce and analyze the behavior, but clean them up and leave the codebase unchanged when done.","MEMORY LEAK ISSUE #2: DocumentSerializer uses depth=1 (serialisers.py line 221), which causes Django REST Framework to nest-serialize the entire related correspondent, document_type, and all tags objects alongside each document. Combined with tags being a ManyToManyField, this means the full tag content (matching patterns, colors, etc.) is serialized in each document response. For the document list/search endpoints, this can cause significant memory accumulation when fetching large numbers of documents with many tags.",True,high,"The agent's final answer explicitly cites the `depth=1` setting on `DocumentSerializer` at `serialisers.py:221` as cause #2, directly mirroring the specific file path, line number, and technical explanation (nest-serialization of tags/correspondents) provided in the retrieved note."
control,20260921T185635.159523170Z-openclaw-sweatlasqa-pilot30-shuffle1-amem-repo-control-sglang,task-6905333b74f22949d97ba9de,026,3,7dbade67-0b51-443d-9aa2-2e9bfb6e5b2f,6,link,55,,"I'm investigating a strange memory usage pattern in the Paperless document processing system. When the system imports documents, it sometimes consumes far more memory than expected for the metadata handling, but this doesn't happen consistently and seems to vary based on the document source or processing stage.

What I'm seeing is that memory usage spikes significantly during document import operations, particularly when metadata is being processed, but the spike seems disproportionate to the actual document size. The odd part is that this memory doesn't always get released back to the system in a timely manner, even after processing is complete. This seems unusual because these are mostly text documents with relatively small metadata - we're not dealing with massive image processing here.

Can you figure out what's causing these memory spikes? I'm curious whether there's something in the metadata handling that's creating unnecessary copies or holding references longer than needed, or if there's caching behavior that's accumulating data unexpectedly. What's different between the cases where memory spikes and cases where it doesn't? How does the behavior change with different document types or batch sizes?

I need to see actual runtime memory measurements during processing, understand which components or methods are responsible for holding onto memory, and get evidence showing whether this is normal Python garbage collection behavior or something problematic. Show me what patterns you can find and where the memory is actually going.

Don't modify any repository source files. You can create temporary test scripts or helper tools to reproduce and analyze the behavior, but clean them up and leave the codebase unchanged when done.","MEMORY LEAK ISSUE #1: PostDocumentSerializer.validate_document() reads the entire uploaded file into memory via document.file.read(), storing the complete binary content in memory for validation. This data is then written to a temp file, but the original document_data bytes remain referenced in serializer.validated_data. The full binary document is held until the serializer object is garbage collected, which may not happen promptly in long-running Django workers.",True,high,"The agent's final answer explicitly identifies 'Full file read in PostDocumentSerializer.validate_document()' as the first cause of memory spikes, directly reflecting the specific method name, file path, and mechanism (reading entire file into memory via document.file.read()) described in the retrieved note."
control,20260921T185635.159523170Z-openclaw-sweatlasqa-pilot30-shuffle1-amem-repo-control-sglang,task-6905333b74f22949d97ba9de,026,3,c7b23ce0-f31f-4bb8-b648-d1c901e509a4,9,link,57,,"I'm investigating a strange memory usage pattern in the Paperless document processing system. When the system imports documents, it sometimes consumes far more memory than expected for the metadata handling, but this doesn't happen consistently and seems to vary based on the document source or processing stage.

What I'm seeing is that memory usage spikes significantly during document import operations, particularly when metadata is being processed, but the spike seems disproportionate to the actual document size. The odd part is that this memory doesn't always get released back to the system in a timely manner, even after processing is complete. This seems unusual because these are mostly text documents with relatively small metadata - we're not dealing with massive image processing here.

Can you figure out what's causing these memory spikes? I'm curious whether there's something in the metadata handling that's creating unnecessary copies or holding references longer than needed, or if there's caching behavior that's accumulating data unexpectedly. What's different between the cases where memory spikes and cases where it doesn't? How does the behavior change with different document types or batch sizes?

I need to see actual runtime memory measurements during processing, understand which components or methods are responsible for holding onto memory, and get evidence showing whether this is normal Python garbage collection behavior or something problematic. Show me what patterns you can find and where the memory is actually going.

Don't modify any repository source files. You can create temporary test scripts or helper tools to reproduce and analyze the behavior, but clean them up and leave the codebase unchanged when done.","MEMORY LEAK ISSUE #7: The index module (index.py) uses Whoosh's AsyncWriter for document indexing. During reindex (tasks.py index_reindex), it iterates ALL documents from the database (Document.objects.all()) and calls index.update_document() for each, loading full Document objects with content into memory. The search results in UnifiedSearchViewSet also load full documents via SearchResultSerializer which does Document.objects.get(id=instance[""id""]) for every hit - loading full content into memory per search result.",True,high,"The agent's final answer explicitly lists 'Reindex loads ALL documents' as cause #7, directly mirroring the specific claim in the retrieved note about `tasks.py index_reindex` loading full Document objects with content into memory via `Document.objects.all()`."
control,20260921T185635.159523170Z-openclaw-sweatlasqa-pilot30-shuffle1-amem-repo-control-sglang,task-6905333b74f22949d97ba9e8,007,1,53c377e8-30fb-4105-9a6a-483a7d20e75f,13,link,54,,"I've been investigating SimpleLogin's authentication and noticed some behaviors I need to verify by actually observing the running system.

When I'm logged into the web interface and make API calls without an API key header, the requests seem to work. I need to confirm what HTTP status code actually comes back and what the response body structure looks like ,not what the code says should happen, but what actually happens when you try it.There's also something odd when trying to access privileged operations with just a browser session. The HTTP status code I get back isn't a standard authorization error, and the error message is unusual. What specific status code and exact error message text does the system actually return in this scenario?

For sessions, I want to understand what the stored session data actually looks like when you examine it directly in storage. Capture the raw bytes from the storage backend and show me what format they're in, what keys are present in the deserialized data for an authenticated session, and how the session key itself is structured.I'm also curious about session identifier behavior during authentication. If you capture the session ID from your cookie before login, then go through the login flow, does that identifier value stay the same or get replaced with a new one? I need to see the actual before and after values to know for sure.

On the email forwarding side, I want to know what happens to specific headers when a message passes through. If an incoming email has a custom X-header, a Received header, and a Reply-To header, which of those three actually make it through to the forwarded message and which get stripped? Send an actual test email and examine the result.

For the alias creation tokens, they clearly expire after some time window. I want to experimentally verify what that window is by testing whether a token works immediately, then waiting and testing if it still works, until you find the boundary where it stops working.

I also noticed that the API tracks usage statistics for API keys. When you make several API calls with the same key, what fields get updated in the database and what are the actual values you observe after making the calls?Finally, when a login attempt fails with wrong credentials, what specific log messages appear and what HTTP response details come back? I want to see the actual logged output and response, not just what the code says should happen.

Show me evidence from actually running the system rather than just reading the code. Don't modify any source files in the repository, but you can create test scripts to observe behavior - just clean them up afterward.","SimpleLogin session architecture: Custom Redis-backed session store in app/session.py. RedisSessionStore implements Flask's SessionInterface. Session data is stored in Redis with key ""session:{session_id}"", value is pickle.dumps(dict(session)). The session cookie (slapp) contains only the signed session_id using itsdangerous.Signer with HMAC, salt=""session"". The session_id itself is a UUID.

Key flow: open_session() extracts session_id from cookie via signer.unsign(), fetches serialized data from Redis, deserializes with pickle.loads(). If session_id is invalid (BadSignature), returns fresh empty ServerSession. If Redis data is corrupt (pickle exception), silently falls through to returning a fresh empty ServerSession with new UUID.

Flask-Login session_protection is set to ""strong"" in extensions.py. Strong mode: on every request, _session_protection_failed() checks if session['_id'] matches a freshly-generated SHA512(identifier) hash of (remote_addr, user_agent). If session is non-empty and the identifiers don't match, it pops all SESSION_KEYS (_user_id, _remember, _remember_seconds, _id, _fresh, next), sets _remember='clear', and returns True to block the user. This causes _load_user() to return anonymous user, effectively logging the user out.

Logout: calls logout_session() which calls logout_user() then purge_session() which deletes Redis key and generates new session_id. Then response.delete_cookie(""slapp"") deletes the cookie.

pickle.loads() is used for deserialization (line 76 of session.py), wrapped in bare `except Exception: pass`. This means ANY deserialization error is silently swallowed and a fresh empty session is created — no error is logged, no exception propagates.

Non-authenticated sessions (no _user_id) have 5-min TTL. Authenticated sessions (with _user_id) have 7-day TTL.",True,high,"The agent's final answer explicitly states the Redis key format ('session:{uuid4}'), the serialization method ('pickle.dumps'), the cookie name ('slapp'), and the specific session keys present in authenticated sessions, all of which are detailed facts from the retrieved note that were not present in the question."
control,20260921T185635.159523170Z-openclaw-sweatlasqa-pilot30-shuffle1-amem-repo-control-sglang,task-6905333b74f22949d97ba9e8,007,2,780d05e8-fc48-456d-91a9-16783f80de8e,1,match,75,,"I've been investigating SimpleLogin's authentication and noticed some behaviors I need to verify by actually observing the running system.

When I'm logged into the web interface and make API calls without an API key header, the requests seem to work. I need to confirm what HTTP status code actually comes back and what the response body structure looks like ,not what the code says should happen, but what actually happens when you try it.There's also something odd when trying to access privileged operations with just a browser session. The HTTP status code I get back isn't a standard authorization error, and the error message is unusual. What specific status code and exact error message text does the system actually return in this scenario?

For sessions, I want to understand what the stored session data actually looks like when you examine it directly in storage. Capture the raw bytes from the storage backend and show me what format they're in, what keys are present in the deserialized data for an authenticated session, and how the session key itself is structured.I'm also curious about session identifier behavior during authentication. If you capture the session ID from your cookie before login, then go through the login flow, does that identifier value stay the same or get replaced with a new one? I need to see the actual before and after values to know for sure.

On the email forwarding side, I want to know what happens to specific headers when a message passes through. If an incoming email has a custom X-header, a Received header, and a Reply-To header, which of those three actually make it through to the forwarded message and which get stripped? Send an actual test email and examine the result.

For the alias creation tokens, they clearly expire after some time window. I want to experimentally verify what that window is by testing whether a token works immediately, then waiting and testing if it still works, until you find the boundary where it stops working.

I also noticed that the API tracks usage statistics for API keys. When you make several API calls with the same key, what fields get updated in the database and what are the actual values you observe after making the calls?Finally, when a login attempt fails with wrong credentials, what specific log messages appear and what HTTP response details come back? I want to see the actual logged output and response, not just what the code says should happen.

Show me evidence from actually running the system rather than just reading the code. Don't modify any source files in the repository, but you can create test scripts to observe behavior - just clean them up afterward.","SimpleLogin email forward header filtering: In email_handler.py forward_email_to_mailbox(), headers_to_keep = [From, To, CC, Subject, Date, Message-ID, References, In-Reply-To, X-SL-Queue-Id, List-Unsubscribe, List-Unsubscribe-Post] + MIME headers + optional Authentication-Results. Then delete_all_headers_except() removes everything else. X-Custom headers: STRIPPED. Received headers: STRIPPED. Reply-To: STRIPPED by delete_all_headers_except, BUT if reply_to_contact exists it is REPLACED with reverse-alias address (e.g., reply@sl.local). If no Reply-To in original, none in forwarded. If Reply-To exists but no contact found, it's deleted.",True,high,"The agent's final answer regarding email header filtering explicitly mirrors the specific details from the retrieved note, stating that X-Custom, Received, and Reply-To headers are STRIPPED, and correctly noting the conditional replacement of Reply-To with a reverse-alias if a contact is found, which matches the note's logic."
control,20260921T185635.159523170Z-openclaw-sweatlasqa-pilot30-shuffle1-amem-repo-control-sglang,task-6905333b74f22949d97ba9e8,007,2,e30b2d7e-db6f-4502-8245-f74ab9415d9f,2,match,66,,"I've been investigating SimpleLogin's authentication and noticed some behaviors I need to verify by actually observing the running system.

When I'm logged into the web interface and make API calls without an API key header, the requests seem to work. I need to confirm what HTTP status code actually comes back and what the response body structure looks like ,not what the code says should happen, but what actually happens when you try it.There's also something odd when trying to access privileged operations with just a browser session. The HTTP status code I get back isn't a standard authorization error, and the error message is unusual. What specific status code and exact error message text does the system actually return in this scenario?

For sessions, I want to understand what the stored session data actually looks like when you examine it directly in storage. Capture the raw bytes from the storage backend and show me what format they're in, what keys are present in the deserialized data for an authenticated session, and how the session key itself is structured.I'm also curious about session identifier behavior during authentication. If you capture the session ID from your cookie before login, then go through the login flow, does that identifier value stay the same or get replaced with a new one? I need to see the actual before and after values to know for sure.

On the email forwarding side, I want to know what happens to specific headers when a message passes through. If an incoming email has a custom X-header, a Received header, and a Reply-To header, which of those three actually make it through to the forwarded message and which get stripped? Send an actual test email and examine the result.

For the alias creation tokens, they clearly expire after some time window. I want to experimentally verify what that window is by testing whether a token works immediately, then waiting and testing if it still works, until you find the boundary where it stops working.

I also noticed that the API tracks usage statistics for API keys. When you make several API calls with the same key, what fields get updated in the database and what are the actual values you observe after making the calls?Finally, when a login attempt fails with wrong credentials, what specific log messages appear and what HTTP response details come back? I want to see the actual logged output and response, not just what the code says should happen.

Show me evidence from actually running the system rather than just reading the code. Don't modify any source files in the repository, but you can create test scripts to observe behavior - just clean them up afterward.","SimpleLogin login failure behavior: Web login (POST /login) with wrong password: HTTP 200, flash message ""Email or password incorrect"", re-renders login page. Logs: LoginEvent(ActionType.failed).send(). API login (POST /api/auth/login) with wrong password: HTTP 400, body {""error"": ""Email or password incorrect""}. Logs: LoginEvent(ActionType.failed, Source.api).send(). API login without email field: HTTP 400, body {""error"": ""Email or password incorrect""}. API login - unactivated: HTTP 422, body {""error"": ""Account not activated""}. API login - disabled: HTTP 400, body {""error"": ""Account disabled""}. API login - scheduled for deletion: HTTP 400, body {""error"": ""Account scheduled for deletion""}.",True,high,"The agent's final answer explicitly reproduces the specific HTTP status codes (200 for web, 400 for API) and exact error message text ('Email or password incorrect') detailed in the retrieved note for failed login scenarios."
control,20260921T185635.159523170Z-openclaw-sweatlasqa-pilot30-shuffle1-amem-repo-control-sglang,task-6905333b74f22949d97ba9e8,007,2,e4336ce0-f150-4389-ad57-b1da16091b98,3,match,60,,"I've been investigating SimpleLogin's authentication and noticed some behaviors I need to verify by actually observing the running system.

When I'm logged into the web interface and make API calls without an API key header, the requests seem to work. I need to confirm what HTTP status code actually comes back and what the response body structure looks like ,not what the code says should happen, but what actually happens when you try it.There's also something odd when trying to access privileged operations with just a browser session. The HTTP status code I get back isn't a standard authorization error, and the error message is unusual. What specific status code and exact error message text does the system actually return in this scenario?

For sessions, I want to understand what the stored session data actually looks like when you examine it directly in storage. Capture the raw bytes from the storage backend and show me what format they're in, what keys are present in the deserialized data for an authenticated session, and how the session key itself is structured.I'm also curious about session identifier behavior during authentication. If you capture the session ID from your cookie before login, then go through the login flow, does that identifier value stay the same or get replaced with a new one? I need to see the actual before and after values to know for sure.

On the email forwarding side, I want to know what happens to specific headers when a message passes through. If an incoming email has a custom X-header, a Received header, and a Reply-To header, which of those three actually make it through to the forwarded message and which get stripped? Send an actual test email and examine the result.

For the alias creation tokens, they clearly expire after some time window. I want to experimentally verify what that window is by testing whether a token works immediately, then waiting and testing if it still works, until you find the boundary where it stops working.

I also noticed that the API tracks usage statistics for API keys. When you make several API calls with the same key, what fields get updated in the database and what are the actual values you observe after making the calls?Finally, when a login attempt fails with wrong credentials, what specific log messages appear and what HTTP response details come back? I want to see the actual logged output and response, not just what the code says should happen.

Show me evidence from actually running the system rather than just reading the code. Don't modify any source files in the repository, but you can create test scripts to observe behavior - just clean them up afterward.","SimpleLogin API auth without API key: When a user has an active session cookie, API calls to endpoints decorated with @require_api_auth succeed (status 200) even without an Authentication header. In api/base.py authorize_request(), when api_key is None and current_user.is_authenticated, g.user = current_user and g.api_key is left as None. Returns None (success). Tested: GET /api/stats and PATCH /api/user_info both return 200 with valid session but no API key. Without session cookie and with wrong API key: returns 401 {""error"": ""Wrong api key""}. For @require_api_sudo endpoints, g.api_key being None would cause AttributeError when accessing .sudo_mode_at.",True,high,"The agent's final answer explicitly reproduces the specific HTTP status codes (200 for session-authenticated, 401 for no key) and the exact error message text ('Wrong api key') found in the retrieved note, confirming it used the note's factual claims to construct the response."
control,20260921T185635.159523170Z-openclaw-sweatlasqa-pilot30-shuffle1-amem-repo-control-sglang,task-6905333b74f22949d97ba9e8,007,2,53c377e8-30fb-4105-9a6a-483a7d20e75f,11,link,55,,"I've been investigating SimpleLogin's authentication and noticed some behaviors I need to verify by actually observing the running system.

When I'm logged into the web interface and make API calls without an API key header, the requests seem to work. I need to confirm what HTTP status code actually comes back and what the response body structure looks like ,not what the code says should happen, but what actually happens when you try it.There's also something odd when trying to access privileged operations with just a browser session. The HTTP status code I get back isn't a standard authorization error, and the error message is unusual. What specific status code and exact error message text does the system actually return in this scenario?

For sessions, I want to understand what the stored session data actually looks like when you examine it directly in storage. Capture the raw bytes from the storage backend and show me what format they're in, what keys are present in the deserialized data for an authenticated session, and how the session key itself is structured.I'm also curious about session identifier behavior during authentication. If you capture the session ID from your cookie before login, then go through the login flow, does that identifier value stay the same or get replaced with a new one? I need to see the actual before and after values to know for sure.

On the email forwarding side, I want to know what happens to specific headers when a message passes through. If an incoming email has a custom X-header, a Received header, and a Reply-To header, which of those three actually make it through to the forwarded message and which get stripped? Send an actual test email and examine the result.

For the alias creation tokens, they clearly expire after some time window. I want to experimentally verify what that window is by testing whether a token works immediately, then waiting and testing if it still works, until you find the boundary where it stops working.

I also noticed that the API tracks usage statistics for API keys. When you make several API calls with the same key, what fields get updated in the database and what are the actual values you observe after making the calls?Finally, when a login attempt fails with wrong credentials, what specific log messages appear and what HTTP response details come back? I want to see the actual logged output and response, not just what the code says should happen.

Show me evidence from actually running the system rather than just reading the code. Don't modify any source files in the repository, but you can create test scripts to observe behavior - just clean them up afterward.","SimpleLogin session architecture: Custom Redis-backed session store in app/session.py. RedisSessionStore implements Flask's SessionInterface. Session data is stored in Redis with key ""session:{session_id}"", value is pickle.dumps(dict(session)). The session cookie (slapp) contains only the signed session_id using itsdangerous.Signer with HMAC, salt=""session"". The session_id itself is a UUID.

Key flow: open_session() extracts session_id from cookie via signer.unsign(), fetches serialized data from Redis, deserializes with pickle.loads(). If session_id is invalid (BadSignature), returns fresh empty ServerSession. If Redis data is corrupt (pickle exception), silently falls through to returning a fresh empty ServerSession with new UUID.

Flask-Login session_protection is set to ""strong"" in extensions.py. Strong mode: on every request, _session_protection_failed() checks if session['_id'] matches a freshly-generated SHA512(identifier) hash of (remote_addr, user_agent). If session is non-empty and the identifiers don't match, it pops all SESSION_KEYS (_user_id, _remember, _remember_seconds, _id, _fresh, next), sets _remember='clear', and returns True to block the user. This causes _load_user() to return anonymous user, effectively logging the user out.

Logout: calls logout_session() which calls logout_user() then purge_session() which deletes Redis key and generates new session_id. Then response.delete_cookie(""slapp"") deletes the cookie.

pickle.loads() is used for deserialization (line 76 of session.py), wrapped in bare `except Exception: pass`. This means ANY deserialization error is silently swallowed and a fresh empty session is created — no error is logged, no exception propagates.

Non-authenticated sessions (no _user_id) have 5-min TTL. Authenticated sessions (with _user_id) have 7-day TTL.",True,high,"The agent's final answer explicitly lists the Redis key format ('session:{uuid4}'), the serialization method ('pickle.dumps'), the cookie name ('slapp'), and the specific session keys ('_user_id', '_fresh', etc.) which are all details directly provided in the retrieved note."
control,20260921T185635.159523170Z-openclaw-sweatlasqa-pilot30-shuffle1-amem-repo-control-sglang,task-6905333b74f22949d97ba9e8,007,2,b7996650-bae2-4381-8025-b80db62ae1ef,12,link,57,,"I've been investigating SimpleLogin's authentication and noticed some behaviors I need to verify by actually observing the running system.

When I'm logged into the web interface and make API calls without an API key header, the requests seem to work. I need to confirm what HTTP status code actually comes back and what the response body structure looks like ,not what the code says should happen, but what actually happens when you try it.There's also something odd when trying to access privileged operations with just a browser session. The HTTP status code I get back isn't a standard authorization error, and the error message is unusual. What specific status code and exact error message text does the system actually return in this scenario?

For sessions, I want to understand what the stored session data actually looks like when you examine it directly in storage. Capture the raw bytes from the storage backend and show me what format they're in, what keys are present in the deserialized data for an authenticated session, and how the session key itself is structured.I'm also curious about session identifier behavior during authentication. If you capture the session ID from your cookie before login, then go through the login flow, does that identifier value stay the same or get replaced with a new one? I need to see the actual before and after values to know for sure.

On the email forwarding side, I want to know what happens to specific headers when a message passes through. If an incoming email has a custom X-header, a Received header, and a Reply-To header, which of those three actually make it through to the forwarded message and which get stripped? Send an actual test email and examine the result.

For the alias creation tokens, they clearly expire after some time window. I want to experimentally verify what that window is by testing whether a token works immediately, then waiting and testing if it still works, until you find the boundary where it stops working.

I also noticed that the API tracks usage statistics for API keys. When you make several API calls with the same key, what fields get updated in the database and what are the actual values you observe after making the calls?Finally, when a login attempt fails with wrong credentials, what specific log messages appear and what HTTP response details come back? I want to see the actual logged output and response, not just what the code says should happen.

Show me evidence from actually running the system rather than just reading the code. Don't modify any source files in the repository, but you can create test scripts to observe behavior - just clean them up afterward.","SimpleLogin session storage: Redis-backed, key format ""session:{uuid4}"", value is pickle.dumps(dict(session)). Cookie name ""slapp"" with HMAC-signed UUID. Authenticated session contains keys: _user_id (user id string), _fresh (bool), _id (SHA512 hash of remote_addr+user_agent), _remember, sudo_time (int timestamp), MFA_USER_ID (if MFA). On login, session_id UUID is REGENERATED (cookie value changes). On logout, Redis key is deleted, new UUID generated, cookie deleted.",True,high,"The agent's final answer explicitly lists the Redis key format ('session:{uuid4}'), the serialization method ('pickle.dumps'), the cookie name ('slapp'), and the specific session keys ('_user_id', '_fresh', etc.) exactly as described in the retrieved note, indicating it used this information to structure its findings on session storage and behavior."
control,20260921T185635.159523170Z-openclaw-sweatlasqa-pilot30-shuffle1-amem-repo-control-sglang,task-6905333b74f22949d97ba9e8,007,2,e31b9cd3-eb7d-472e-9b94-0d5dc0c9b1f4,13,link,55,,"I've been investigating SimpleLogin's authentication and noticed some behaviors I need to verify by actually observing the running system.

When I'm logged into the web interface and make API calls without an API key header, the requests seem to work. I need to confirm what HTTP status code actually comes back and what the response body structure looks like ,not what the code says should happen, but what actually happens when you try it.There's also something odd when trying to access privileged operations with just a browser session. The HTTP status code I get back isn't a standard authorization error, and the error message is unusual. What specific status code and exact error message text does the system actually return in this scenario?

For sessions, I want to understand what the stored session data actually looks like when you examine it directly in storage. Capture the raw bytes from the storage backend and show me what format they're in, what keys are present in the deserialized data for an authenticated session, and how the session key itself is structured.I'm also curious about session identifier behavior during authentication. If you capture the session ID from your cookie before login, then go through the login flow, does that identifier value stay the same or get replaced with a new one? I need to see the actual before and after values to know for sure.

On the email forwarding side, I want to know what happens to specific headers when a message passes through. If an incoming email has a custom X-header, a Received header, and a Reply-To header, which of those three actually make it through to the forwarded message and which get stripped? Send an actual test email and examine the result.

For the alias creation tokens, they clearly expire after some time window. I want to experimentally verify what that window is by testing whether a token works immediately, then waiting and testing if it still works, until you find the boundary where it stops working.

I also noticed that the API tracks usage statistics for API keys. When you make several API calls with the same key, what fields get updated in the database and what are the actual values you observe after making the calls?Finally, when a login attempt fails with wrong credentials, what specific log messages appear and what HTTP response details come back? I want to see the actual logged output and response, not just what the code says should happen.

Show me evidence from actually running the system rather than just reading the code. Don't modify any source files in the repository, but you can create test scripts to observe behavior - just clean them up afterward.","SimpleLogin API key stats: On every API call with a valid API key, two fields updated in api_key table: 1) last_used = arrow.now() (datetime), 2) times = times + 1 (integer). Tested runtime: initial times=0, last_used=None. After 5 API calls: times=5, last_used updated to each call's timestamp (approx 25ms between calls). Fields tracked: code (unique 60-char random or UUID), name, user_id.",True,high,"The agent's final answer explicitly states that 'Two fields updated per call: last_used (arrow.now()) and times (+1)' and provides the specific verification result '0→1→2→3→4→5 after 5 calls', which directly mirrors the specific data points and testing methodology described in the retrieved note."
control,20260921T185635.159523170Z-openclaw-sweatlasqa-pilot30-shuffle1-amem-repo-control-sglang,task-6905333b74f22949d97baa1d,005,2,53c377e8-30fb-4105-9a6a-483a7d20e75f,2,match,76,,"I’m testing the SimpleLogin repository and trying to understand how server-side session handling behaves at runtime, especially when stored session data is turned back into Python objects. I want to see what normal sessions look like as users log in and out and then what actually happens if the session data in Redis is corrupted or malformed. Does the next request fail, silently reset the session, or surface an error, and what shows up in responses or logs when that happens? I’m trying to understand where the boundary lies between a harmless reset and a real deserialization risk, based on what you can observe while the system is running rather than theory alone. If an attacker could tamper with session bytes but not forge the signed session ID, does that meaningfully change the risk, and how does the runtime behavior support that conclusion? Temporary scripts may be used for observation, but the repository itself should remain unchanged, and anything temporary should be cleaned up afterward.","SimpleLogin session architecture: Custom Redis-backed session store in app/session.py. RedisSessionStore implements Flask's SessionInterface. Session data is stored in Redis with key ""session:{session_id}"", value is pickle.dumps(dict(session)). The session cookie (slapp) contains only the signed session_id using itsdangerous.Signer with HMAC, salt=""session"". The session_id itself is a UUID.

Key flow: open_session() extracts session_id from cookie via signer.unsign(), fetches serialized data from Redis, deserializes with pickle.loads(). If session_id is invalid (BadSignature), returns fresh empty ServerSession. If Redis data is corrupt (pickle exception), silently falls through to returning a fresh empty ServerSession with new UUID.

Flask-Login session_protection is set to ""strong"" in extensions.py. Strong mode: on every request, _session_protection_failed() checks if session['_id'] matches a freshly-generated SHA512(identifier) hash of (remote_addr, user_agent). If session is non-empty and the identifiers don't match, it pops all SESSION_KEYS (_user_id, _remember, _remember_seconds, _id, _fresh, next), sets _remember='clear', and returns True to block the user. This causes _load_user() to return anonymous user, effectively logging the user out.

Logout: calls logout_session() which calls logout_user() then purge_session() which deletes Redis key and generates new session_id. Then response.delete_cookie(""slapp"") deletes the cookie.

pickle.loads() is used for deserialization (line 76 of session.py), wrapped in bare `except Exception: pass`. This means ANY deserialization error is silently swallowed and a fresh empty session is created — no error is logged, no exception propagates.

Non-authenticated sessions (no _user_id) have 5-min TTL. Authenticated sessions (with _user_id) have 7-day TTL.",True,high,"The agent's final answer explicitly incorporates specific details from the retrieved note, including the Redis key format (`session:{session_id}`), the use of `pickle.dumps`/`pickle.loads`, the bare `except Exception: pass` handling leading to silent logout, and the distinction that tampering without a valid signed cookie prevents RCE, all of which were directly stated in the note."
both,20260921T133243.122989422Z-openclaw-sweatlasqa-pilot30-amem-repo-both-sglang,task-6905333b74f22949d97ba9a8,005,1,75bf40c6-b698-42e6-84b6-af791ad54a68,2,match,65,"Exploring SimpleLogin codebase to understand Flask startup behavior, port, health check, API alias creation, and error handling","I'm onboarding into the SimpleLogin codebase and need to understand how it actually behaves when running. I want to know what port the Flask app binds to and what the startup logs look like when it initializes. For the health check, what response body and status code does it return? When a user creates an alias through the API, what does the actual JSON response look like, and what ends up in the database, which table, and what values? I'm also curious about failure behavior. If PostgreSQL isn't available when the app starts, what error appears, and where does it break? I need to see actual runtime output, not just what the code says should happen. You can create temporary test scripts, but don't modify the repository and clean up afterward.","SimpleLogin startup analysis confirmed: (1) Config loads from .env or CONFIG env var, prints "">>> URL:"", "">>> init logging <<<"", warnings about missing Paddle/gnupg. (2) Database connection happens at module import time in app/db.py via engine.connect(), not at app creation time. (3) Flask app create_app() registers 10 blueprints (auth, monitor, dashboard, developer, phone, oauth, onboarding, discover, internal, api). (4) Dev server: local_main() on port 7777 with Flask dev server and debug toolbar. Production: gunicorn wsgi:app on port 7777. (5) User identity: Flask-Login with session cookie ""slapp"", login_manager.user_loader loads User by alternative_id. API auth via ""Authentication"" header checked against ApiKey table, sets g.user. (6) Background services: email_handler.py runs aiosmtpd SMTP server (port 20381), cron.py runs scheduled tasks every N hours, job_runner.py polls Job table every 10 seconds, event_listener.py uses PostgreSQL LISTEN/NOTIFY for async events.",True,high,"The agent's final answer explicitly states that the Flask app binds to port 7777 and that the database connection happens at module import time in app/db.py, which are specific facts directly retrieved from the note and used to structure the answer."
both,20260921T133243.122989422Z-openclaw-sweatlasqa-pilot30-amem-repo-both-sglang,task-6905333b74f22949d97ba9a8,005,1,1c93c34f-d547-4c15-acef-0867dec4fdfe,3,match,58,"Exploring SimpleLogin codebase to understand Flask startup behavior, port, health check, API alias creation, and error handling","I'm onboarding into the SimpleLogin codebase and need to understand how it actually behaves when running. I want to know what port the Flask app binds to and what the startup logs look like when it initializes. For the health check, what response body and status code does it return? When a user creates an alias through the API, what does the actual JSON response look like, and what ends up in the database, which table, and what values? I'm also curious about failure behavior. If PostgreSQL isn't available when the app starts, what error appears, and where does it break? I need to see actual runtime output, not just what the code says should happen. You can create temporary test scripts, but don't modify the repository and clean up afterward.","SimpleLogin email privacy system: database has 77 unique tables created across 82 total op.create_table calls in 241 migration files. The main chain from root 5e549314e1e2 to head 9081f1a90939 is 57 migrations long with 32 table creations. The last table in the main chain is 'refused_email'. The latest migration that creates a table is 'user_audit_log' (2024-10-16). Server startup: config.py prints "">>> URL: <url>"", log.py prints "">>> init logging <<<"", then Flask app.run() prints ""* Running on http://127.0.0.1:7777"". Email handler with port arg logs ""Listen for port <port>"" before starting, then ""Start mail controller 0.0.0.0 <port>"" after. API login for unactivated user returns {""error"": ""Account not activated""} with 422 status. Registration creates user with activated=False, notification=True. /api/user_info returns max_alias_free_plan from config.MAX_NB_EMAIL_FREE_PLAN (default 5, env overrides). Config is module-level, read once at import, so new value requires restart to take effect.",True,high,"The agent's final answer explicitly reproduces the specific startup log messages ('>>> URL: <url>', '>>> init logging <<<') and the specific port (7777) and URL format ('http://127.0.0.1:7777') found in the retrieved note, confirming it used the note's content to construct the answer."
both,20260921T133243.122989422Z-openclaw-sweatlasqa-pilot30-amem-repo-both-sglang,task-6905333b74f22949d97ba9a8,005,2,5be4940e-34c9-4ebd-b131-8ceb895e026c,1,match,72,"Composing final answer about SimpleLogin runtime behavior: startup, port, health check, API alias, DB schema, and PostgreSQL failure","I'm onboarding into the SimpleLogin codebase and need to understand how it actually behaves when running. I want to know what port the Flask app binds to and what the startup logs look like when it initializes. For the health check, what response body and status code does it return? When a user creates an alias through the API, what does the actual JSON response look like, and what ends up in the database, which table, and what values? I'm also curious about failure behavior. If PostgreSQL isn't available when the app starts, what error appears, and where does it break? I need to see actual runtime output, not just what the code says should happen. You can create temporary test scripts, but don't modify the repository and clean up afterward.","SimpleLogin failure behavior: PostgreSQL unavailability causes crash at module import time in app/db.py (line: connection = engine.connect()). The error is psycopg2.OperationalError: could not connect to server. This happens BEFORE Flask app creation — even before create_app() is called, because db.py imports config (which loads .env) and immediately tries to connect. No graceful handling, no error page. The import fails, and the entire application cannot start. For alias creation failures: 400 (quota exceeded), 412 (signed suffix expired, 600s max_age), 400 (tampered suffix), 400 (wrong prefix/suffix), 409 (alias already exists).",True,high,"The agent's final answer explicitly reproduces the specific error message (`psycopg2.OperationalError: could not connect to server`) and the precise failure location (`app/db.py` at import time before Flask app creation) detailed in the retrieved note, confirming it used the note to construct the response regarding PostgreSQL failure behavior."
both,20260921T133243.122989422Z-openclaw-sweatlasqa-pilot30-amem-repo-both-sglang,task-6905333b74f22949d97ba9a8,005,2,80ebdb34-5327-4d0d-a5e2-50e504511af3,3,match,62,"Composing final answer about SimpleLogin runtime behavior: startup, port, health check, API alias, DB schema, and PostgreSQL failure","I'm onboarding into the SimpleLogin codebase and need to understand how it actually behaves when running. I want to know what port the Flask app binds to and what the startup logs look like when it initializes. For the health check, what response body and status code does it return? When a user creates an alias through the API, what does the actual JSON response look like, and what ends up in the database, which table, and what values? I'm also curious about failure behavior. If PostgreSQL isn't available when the app starts, what error appears, and where does it break? I need to see actual runtime output, not just what the code says should happen. You can create temporary test scripts, but don't modify the repository and clean up afterward.","SimpleLogin is a Flask web app. Key entry points: server.py (Flask app), wsgi.py (production entry), email_handler.py (SMTP server via aiosmtpd), cron.py (scheduled jobs), job_runner.py (background job processor), event_listener.py (async event processing). Dev startup: server.py local_main() starts Flask on port 7777. Production: gunicorn wsgi:app on port 7777. Config loaded from .env file (config_file env var) or default .env. Uses PostgreSQL, optional Redis. Logging configured in app/log.py with coloredlogs support. User identity via Flask-Login using flask_login.current_user, with login_manager.user_loader callback in server.py loading User by alternative_id from session cookie. API auth via ""Authentication"" header with ApiKey lookup. Background jobs: cron.py runs scheduled tasks (HIBP check, logs cleanup, notifications, etc.), job_runner.py polls Job table for on-demand jobs (onboarding emails, data export, account deletion). Email handler runs as separate aiosmtpd SMTP server (port 20381 by default). Event listener processes async events from PostgreSQL.",True,high,"The agent's final answer explicitly states that Flask binds to port 7777 via server.py:local_main() and gunicorn wsgi:app, which are specific details directly extracted from the retrieved note."
both,20260921T133243.122989422Z-openclaw-sweatlasqa-pilot30-amem-repo-both-sglang,task-6905333b74f22949d97ba9a8,005,2,1c93c34f-d547-4c15-acef-0867dec4fdfe,5,match,60,"Composing final answer about SimpleLogin runtime behavior: startup, port, health check, API alias, DB schema, and PostgreSQL failure","I'm onboarding into the SimpleLogin codebase and need to understand how it actually behaves when running. I want to know what port the Flask app binds to and what the startup logs look like when it initializes. For the health check, what response body and status code does it return? When a user creates an alias through the API, what does the actual JSON response look like, and what ends up in the database, which table, and what values? I'm also curious about failure behavior. If PostgreSQL isn't available when the app starts, what error appears, and where does it break? I need to see actual runtime output, not just what the code says should happen. You can create temporary test scripts, but don't modify the repository and clean up afterward.","SimpleLogin email privacy system: database has 77 unique tables created across 82 total op.create_table calls in 241 migration files. The main chain from root 5e549314e1e2 to head 9081f1a90939 is 57 migrations long with 32 table creations. The last table in the main chain is 'refused_email'. The latest migration that creates a table is 'user_audit_log' (2024-10-16). Server startup: config.py prints "">>> URL: <url>"", log.py prints "">>> init logging <<<"", then Flask app.run() prints ""* Running on http://127.0.0.1:7777"". Email handler with port arg logs ""Listen for port <port>"" before starting, then ""Start mail controller 0.0.0.0 <port>"" after. API login for unactivated user returns {""error"": ""Account not activated""} with 422 status. Registration creates user with activated=False, notification=True. /api/user_info returns max_alias_free_plan from config.MAX_NB_EMAIL_FREE_PLAN (default 5, env overrides). Config is module-level, read once at import, so new value requires restart to take effect.",True,high,"The agent's final answer explicitly includes the specific startup log messages ('>>> URL: <url>', '>>> init logging <<<') and the exact port number (7777) found in the retrieved note, indicating direct usage of that information."
both,20260921T133243.122989422Z-openclaw-sweatlasqa-pilot30-amem-repo-both-sglang,task-6905333b74f22949d97ba9a8,005,2,c2de29b9-39fd-4405-8543-c1eb91e521dd,6,link,57,"Composing final answer about SimpleLogin runtime behavior: startup, port, health check, API alias, DB schema, and PostgreSQL failure","I'm onboarding into the SimpleLogin codebase and need to understand how it actually behaves when running. I want to know what port the Flask app binds to and what the startup logs look like when it initializes. For the health check, what response body and status code does it return? When a user creates an alias through the API, what does the actual JSON response look like, and what ends up in the database, which table, and what values? I'm also curious about failure behavior. If PostgreSQL isn't available when the app starts, what error appears, and where does it break? I need to see actual runtime output, not just what the code says should happen. You can create temporary test scripts, but don't modify the repository and clean up afterward.","SimpleLogin API alias creation: Two endpoints - POST /api/v2/alias/custom/new (v2) and POST /api/v3/alias/custom/new (v3). Both require Authentication header with valid API key (checked via ApiKey table by code column). Random alias: POST /api/alias/random/new. Success returns 201 with JSON body containing: alias (email string), id, email, creation_date, creation_timestamp, enabled, note, name, nb_forward, nb_block, nb_reply, mailbox (id+email), mailboxes (array), support_pgp, disable_pgp, latest_activity (optional), pinned. DB table is ""alias"" with columns: id, user_id, email (unique), name, enabled, flags, custom_domain_id, automatic_creation, directory_id, note, mailbox_id, disable_pgp, cannot_be_disabled, disable_email_spoofing_check, batch_import_id, original_owner_id, pinned, transfer_token, transfer_token_expiration, hibp_last_check, last_email_log_id, created_at (auto: arrow.utcnow), updated_at (auto: onupdate). Alias is created via Alias.create() which adds to Session, increments DailyMetric.nb_alias, dispatches events.",True,high,"The agent's final answer explicitly lists the specific API endpoints, the exact JSON response fields (e.g., `alias`, `id`, `mailbox`, `support_pgp`), and the detailed database table schema (e.g., `cannot_be_disabled`, `hibp_last_check`) that were provided in the retrieved note."
both,20260921T133243.122989422Z-openclaw-sweatlasqa-pilot30-amem-repo-both-sglang,task-6905333b74f22949d97ba9aa,007,1,80ebdb34-5327-4d0d-a5e2-50e504511af3,2,match,68,"Exploring the SimpleLogin codebase to understand how to verify that the web server, email handler, and job runner are running correctly","I'm new to SimpleLogin and trying to get everything running locally. Once the application starts, how can I tell that the web server, email handler, and job runner are actually up and responding? What should I see in the logs or dashboard UI that confirms users can sign in and manage their aliases?

After it's running, try performing some basic user actions like creating a new account, creating an alias, and having that alias receive an email. What happens when a new account interacts with aliases or tries to receive mail, and how does the system show that these actions were handled correctly? What should I see at runtime that confirms the behavior you would expect?

While the application is active, do the email handler and job runner automatically come online in the background to support email activity or data handling? What behavior suggests that these internal components are functioning as intended across different situations?

Do not modify the source code. You can create temporary testing data such as accounts or aliases but clean them up when you are done.","SimpleLogin is a Flask web app. Key entry points: server.py (Flask app), wsgi.py (production entry), email_handler.py (SMTP server via aiosmtpd), cron.py (scheduled jobs), job_runner.py (background job processor), event_listener.py (async event processing). Dev startup: server.py local_main() starts Flask on port 7777. Production: gunicorn wsgi:app on port 7777. Config loaded from .env file (config_file env var) or default .env. Uses PostgreSQL, optional Redis. Logging configured in app/log.py with coloredlogs support. User identity via Flask-Login using flask_login.current_user, with login_manager.user_loader callback in server.py loading User by alternative_id from session cookie. API auth via ""Authentication"" header with ApiKey lookup. Background jobs: cron.py runs scheduled tasks (HIBP check, logs cleanup, notifications, etc.), job_runner.py polls Job table for on-demand jobs (onboarding emails, data export, account deletion). Email handler runs as separate aiosmtpd SMTP server (port 20381 by default). Event listener processes async events from PostgreSQL.",True,high,"The agent's final answer explicitly cites the specific file names (server.py, email_handler.py, job_runner.py), ports (7777, 20381), and component roles (Flask app, aiosmtpd SMTP server, background job processor) directly derived from the retrieved note, and the subsequent shell commands targeted these exact files to verify the details mentioned in the note."
both,20260921T133243.122989422Z-openclaw-sweatlasqa-pilot30-amem-repo-both-sglang,task-6905333b74f22949d97ba9aa,007,1,1c93c34f-d547-4c15-acef-0867dec4fdfe,3,match,61,"Exploring the SimpleLogin codebase to understand how to verify that the web server, email handler, and job runner are running correctly","I'm new to SimpleLogin and trying to get everything running locally. Once the application starts, how can I tell that the web server, email handler, and job runner are actually up and responding? What should I see in the logs or dashboard UI that confirms users can sign in and manage their aliases?

After it's running, try performing some basic user actions like creating a new account, creating an alias, and having that alias receive an email. What happens when a new account interacts with aliases or tries to receive mail, and how does the system show that these actions were handled correctly? What should I see at runtime that confirms the behavior you would expect?

While the application is active, do the email handler and job runner automatically come online in the background to support email activity or data handling? What behavior suggests that these internal components are functioning as intended across different situations?

Do not modify the source code. You can create temporary testing data such as accounts or aliases but clean them up when you are done.","SimpleLogin email privacy system: database has 77 unique tables created across 82 total op.create_table calls in 241 migration files. The main chain from root 5e549314e1e2 to head 9081f1a90939 is 57 migrations long with 32 table creations. The last table in the main chain is 'refused_email'. The latest migration that creates a table is 'user_audit_log' (2024-10-16). Server startup: config.py prints "">>> URL: <url>"", log.py prints "">>> init logging <<<"", then Flask app.run() prints ""* Running on http://127.0.0.1:7777"". Email handler with port arg logs ""Listen for port <port>"" before starting, then ""Start mail controller 0.0.0.0 <port>"" after. API login for unactivated user returns {""error"": ""Account not activated""} with 422 status. Registration creates user with activated=False, notification=True. /api/user_info returns max_alias_free_plan from config.MAX_NB_EMAIL_FREE_PLAN (default 5, env overrides). Config is module-level, read once at import, so new value requires restart to take effect.",True,high,"The agent's final answer explicitly includes the specific startup log messages ('>>> init logging <<<', '>>> URL: ...', 'Running on http://127.0.0.1:7777') and the API error behavior for unactivated users (422 status) which were detailed in the retrieved note, indicating the note's specific claims were used to construct the verification steps."
both,20260921T133243.122989422Z-openclaw-sweatlasqa-pilot30-amem-repo-both-sglang,task-6905333b74f22949d97ba9aa,007,2,80ebdb34-5327-4d0d-a5e2-50e504511af3,1,match,71,"Synthesizing findings about how to verify SimpleLogin components (web server, email handler, job runner) are running and responding correctly","I'm new to SimpleLogin and trying to get everything running locally. Once the application starts, how can I tell that the web server, email handler, and job runner are actually up and responding? What should I see in the logs or dashboard UI that confirms users can sign in and manage their aliases?

After it's running, try performing some basic user actions like creating a new account, creating an alias, and having that alias receive an email. What happens when a new account interacts with aliases or tries to receive mail, and how does the system show that these actions were handled correctly? What should I see at runtime that confirms the behavior you would expect?

While the application is active, do the email handler and job runner automatically come online in the background to support email activity or data handling? What behavior suggests that these internal components are functioning as intended across different situations?

Do not modify the source code. You can create temporary testing data such as accounts or aliases but clean them up when you are done.","SimpleLogin is a Flask-based email alias privacy service. Key components: server.py (Flask web app on port 7777), email_handler.py (aiosmtpd SMTP server on port 20381 for receiving/forwarding emails), cron.py (scheduled tasks like HIBP check, log cleanup, notifications), job_runner.py (polls Job table every 10s for on-demand background jobs), event_listener.py (PostgreSQL LISTEN/NOTIFY for async events). Health endpoint: GET /health returns plain text ""success"" HTTP 200. Config loads from .env file. Dev startup uses server.py local_main(), production uses gunicorn wsgi:app.",True,high,"The agent's final answer explicitly incorporates specific technical details from the retrieved note, such as the exact port numbers (7777 for web, 20381 for email), the specific log messages ('Listen for port 20381', 'Take job <job>'), the health endpoint behavior ('success'), and the polling interval (10s), which were not present in the question but were derived directly from the note."
both,20260921T133243.122989422Z-openclaw-sweatlasqa-pilot30-amem-repo-both-sglang,task-6905333b74f22949d97ba9aa,007,2,1c93c34f-d547-4c15-acef-0867dec4fdfe,4,match,65,"Synthesizing findings about how to verify SimpleLogin components (web server, email handler, job runner) are running and responding correctly","I'm new to SimpleLogin and trying to get everything running locally. Once the application starts, how can I tell that the web server, email handler, and job runner are actually up and responding? What should I see in the logs or dashboard UI that confirms users can sign in and manage their aliases?

After it's running, try performing some basic user actions like creating a new account, creating an alias, and having that alias receive an email. What happens when a new account interacts with aliases or tries to receive mail, and how does the system show that these actions were handled correctly? What should I see at runtime that confirms the behavior you would expect?

While the application is active, do the email handler and job runner automatically come online in the background to support email activity or data handling? What behavior suggests that these internal components are functioning as intended across different situations?

Do not modify the source code. You can create temporary testing data such as accounts or aliases but clean them up when you are done.","SimpleLogin email privacy system: database has 77 unique tables created across 82 total op.create_table calls in 241 migration files. The main chain from root 5e549314e1e2 to head 9081f1a90939 is 57 migrations long with 32 table creations. The last table in the main chain is 'refused_email'. The latest migration that creates a table is 'user_audit_log' (2024-10-16). Server startup: config.py prints "">>> URL: <url>"", log.py prints "">>> init logging <<<"", then Flask app.run() prints ""* Running on http://127.0.0.1:7777"". Email handler with port arg logs ""Listen for port <port>"" before starting, then ""Start mail controller 0.0.0.0 <port>"" after. API login for unactivated user returns {""error"": ""Account not activated""} with 422 status. Registration creates user with activated=False, notification=True. /api/user_info returns max_alias_free_plan from config.MAX_NB_EMAIL_FREE_PLAN (default 5, env overrides). Config is module-level, read once at import, so new value requires restart to take effect.",True,high,"The agent's final answer explicitly incorporates specific log messages ('>>> init logging <<<', '>>> URL: ...', 'Running on http://127.0.0.1:7777', 'Listen for port', 'Start mail controller') and behavioral details (API 422 for unactivated users, registration with activated=False) that are unique to the retrieved note."
both,20260921T133243.122989422Z-openclaw-sweatlasqa-pilot30-amem-repo-both-sglang,task-6905333b74f22949d97ba9ab,008,1,c2de29b9-39fd-4405-8543-c1eb91e521dd,2,match,67,Exploring SimpleLogin repository to understand alias-creation flow,"I want to understand how SimpleLogin behaves during a normal alias-creation flow. To do that, run the full application locally using the standard development setup, login with any test user, and create a new alias while observing the system in real time.

As you go through this flow, watch the frontend and note exactly what request it sends to the backend when an alias is created. Then observe what the backend returns, including any status codes, payloads, or metadata that appear in the response. While the request is being processed, check what changes occur in the database. Identify which records are inserted or updated, how many tables are touched, and whether any related entities are created as part of the same operation.

Pay close attention to the logs to see whether the system triggers any background tasks, emits follow-up events, or performs additional work beyond the initial write. If anything fails, such as validation problems, DB errors, or network issues. Note how the error surfaces in the API response, logs, and resulting database state. Don't modify any of the repository source files while investigating. Feel free to create temporary scripts that's fine, but leave the actual codebase as you found it and ensure to clean up any temporary files or scripts you create when you're done.","SimpleLogin API alias creation: Two endpoints - POST /api/v2/alias/custom/new (v2) and POST /api/v3/alias/custom/new (v3). Both require Authentication header with valid API key (checked via ApiKey table by code column). Random alias: POST /api/alias/random/new. Success returns 201 with JSON body containing: alias (email string), id, email, creation_date, creation_timestamp, enabled, note, name, nb_forward, nb_block, nb_reply, mailbox (id+email), mailboxes (array), support_pgp, disable_pgp, latest_activity (optional), pinned. DB table is ""alias"" with columns: id, user_id, email (unique), name, enabled, flags, custom_domain_id, automatic_creation, directory_id, note, mailbox_id, disable_pgp, cannot_be_disabled, disable_email_spoofing_check, batch_import_id, original_owner_id, pinned, transfer_token, transfer_token_expiration, hibp_last_check, last_email_log_id, created_at (auto: arrow.utcnow), updated_at (auto: onupdate). Alias is created via Alias.create() which adds to Session, increments DailyMetric.nb_alias, dispatches events.",True,high,"The agent's final answer explicitly references specific details from the retrieved note, such as the `ApiKey` table for authentication, the `DailyMetric.nb_alias` increment, and the `alias_audit_log` and `sync_event` tables, which were all present in the note and directly informed the structure of the agent's investigation and summary."
both,20260921T133243.122989422Z-openclaw-sweatlasqa-pilot30-amem-repo-both-sglang,task-6905333b74f22949d97ba9ab,008,1,c621fb21-ccc7-4db5-a27f-9952c089f924,10,link,52,Exploring SimpleLogin repository to understand alias-creation flow,"I want to understand how SimpleLogin behaves during a normal alias-creation flow. To do that, run the full application locally using the standard development setup, login with any test user, and create a new alias while observing the system in real time.

As you go through this flow, watch the frontend and note exactly what request it sends to the backend when an alias is created. Then observe what the backend returns, including any status codes, payloads, or metadata that appear in the response. While the request is being processed, check what changes occur in the database. Identify which records are inserted or updated, how many tables are touched, and whether any related entities are created as part of the same operation.

Pay close attention to the logs to see whether the system triggers any background tasks, emits follow-up events, or performs additional work beyond the initial write. If anything fails, such as validation problems, DB errors, or network issues. Note how the error surfaces in the API response, logs, and resulting database state. Don't modify any of the repository source files while investigating. Feel free to create temporary scripts that's fine, but leave the actual codebase as you found it and ensure to clean up any temporary files or scripts you create when you're done.","Custom alias creation uses signed suffixes (itsdangerous.TimestampSigner with 600s max_age). Invalid/expired suffixes return 412 ""Alias creation time is expired, please retry"" (logged as LOG.w ""Alias creation time expired for %s""). Tampered suffixes (any other exception during signature processing) return 400 ""Tampered suffix"" (logged as LOG.w ""Alias suffix is tampered, user %s""). Prefix/suffix mismatches return 400 ""wrong alias prefix or suffix"" with LOG.e entries. Duplicate aliases return 409. Flask-Limiter rate limiting (ALIAS_LIMIT=""100/day;50/hour;5/minute"") injects X-RateLimit-Limit, X-RateLimit-Remaining, X-RateLimit-Reset, and Retry-After headers on 429 responses. Bucket rate limits in Alias.create() (free: 10/900s + 50/3600s; paid: 50/900s + 200/3600s) log ""Rate limit hit for ..."" at INFO level only on failure. Quota check in User.can_create_new_alias() logs at debug level ""user %s cannot create any custom alias"" when denied. Free plan limit is 5 aliases (or 15 for legacy users with FLAG_FREE_OLD_ALIAS_LIMIT).",True,high,"The agent's final answer explicitly incorporates specific details from the retrieved note, such as the 600s expiry for signed suffixes, the specific HTTP status codes (412 for expired, 400 for tampered, 409 for duplicate), and the validation stages, which directly reflect the content of the note."
both,20260921T133243.122989422Z-openclaw-sweatlasqa-pilot30-amem-repo-both-sglang,task-6905333b74f22949d97ba9ad,010,1,80ebdb34-5327-4d0d-a5e2-50e504511af3,1,match,68,"Exploring SimpleLogin codebase to understand platform setup, authentication flow, and email forwarding behavior","I am setting up SimpleLogin for the first time and I want to confirm that the platform is actually working the way it should when everything is running locally. After starting the system what should I notice in the logs or UI that shows the app is ready to handle user authentication and alias based email activity?

Once it is running can you try walking through the typical product experience as if you were a new user signing up for the first time. What happens when a user registers verifies their address and tries to log in. What visible behavior confirms that the system is handling every step correctly and forwarding the user into the dashboard as expected?

I am also curious about what the application does behind the scenes during that flow. Are there any indicators that background jobs or internal services are doing their part to support email forwarding or identity verification. What should I expect to observe at runtime that tells me these moving pieces are active and talking to each other properly?

You can create anything temporary that you need for testing like new users or aliases but remove them when you are done and please do not make any changes to the source code.","SimpleLogin is a Flask-based email alias privacy service. Key components: server.py (Flask web app on port 7777), email_handler.py (aiosmtpd SMTP server on port 20381 for receiving/forwarding emails), cron.py (scheduled tasks like HIBP check, log cleanup, notifications), job_runner.py (polls Job table every 10s for on-demand background jobs), event_listener.py (PostgreSQL LISTEN/NOTIFY for async events). Health endpoint: GET /health returns plain text ""success"" HTTP 200. Config loads from .env file. Dev startup uses server.py local_main(), production uses gunicorn wsgi:app.",True,high,"The agent's final answer explicitly lists the specific ports (7777, 20381), the health endpoint behavior, and the background service mechanisms (job runner polling, event listener LISTEN/NOTIFY) that were detailed in the retrieved note, confirming it used this information to construct the response."
both,20260921T133243.122989422Z-openclaw-sweatlasqa-pilot30-amem-repo-both-sglang,task-6905333b74f22949d97ba9ad,010,1,1c93c34f-d547-4c15-acef-0867dec4fdfe,4,match,66,"Exploring SimpleLogin codebase to understand platform setup, authentication flow, and email forwarding behavior","I am setting up SimpleLogin for the first time and I want to confirm that the platform is actually working the way it should when everything is running locally. After starting the system what should I notice in the logs or UI that shows the app is ready to handle user authentication and alias based email activity?

Once it is running can you try walking through the typical product experience as if you were a new user signing up for the first time. What happens when a user registers verifies their address and tries to log in. What visible behavior confirms that the system is handling every step correctly and forwarding the user into the dashboard as expected?

I am also curious about what the application does behind the scenes during that flow. Are there any indicators that background jobs or internal services are doing their part to support email forwarding or identity verification. What should I expect to observe at runtime that tells me these moving pieces are active and talking to each other properly?

You can create anything temporary that you need for testing like new users or aliases but remove them when you are done and please do not make any changes to the source code.","SimpleLogin email privacy system: database has 77 unique tables created across 82 total op.create_table calls in 241 migration files. The main chain from root 5e549314e1e2 to head 9081f1a90939 is 57 migrations long with 32 table creations. The last table in the main chain is 'refused_email'. The latest migration that creates a table is 'user_audit_log' (2024-10-16). Server startup: config.py prints "">>> URL: <url>"", log.py prints "">>> init logging <<<"", then Flask app.run() prints ""* Running on http://127.0.0.1:7777"". Email handler with port arg logs ""Listen for port <port>"" before starting, then ""Start mail controller 0.0.0.0 <port>"" after. API login for unactivated user returns {""error"": ""Account not activated""} with 422 status. Registration creates user with activated=False, notification=True. /api/user_info returns max_alias_free_plan from config.MAX_NB_EMAIL_FREE_PLAN (default 5, env overrides). Config is module-level, read once at import, so new value requires restart to take effect.",True,high,"The agent's final answer explicitly includes the specific startup log messages ('>>> URL: <url>', '>>> init logging <<<') and the Flask server port (7777) which are unique details provided in the retrieved note, confirming the note's content was used to construct the response."
both,20260921T133243.122989422Z-openclaw-sweatlasqa-pilot30-amem-repo-both-sglang,task-6905333b74f22949d97ba9ad,010,1,75bf40c6-b698-42e6-84b6-af791ad54a68,6,link,53,"Exploring SimpleLogin codebase to understand platform setup, authentication flow, and email forwarding behavior","I am setting up SimpleLogin for the first time and I want to confirm that the platform is actually working the way it should when everything is running locally. After starting the system what should I notice in the logs or UI that shows the app is ready to handle user authentication and alias based email activity?

Once it is running can you try walking through the typical product experience as if you were a new user signing up for the first time. What happens when a user registers verifies their address and tries to log in. What visible behavior confirms that the system is handling every step correctly and forwarding the user into the dashboard as expected?

I am also curious about what the application does behind the scenes during that flow. Are there any indicators that background jobs or internal services are doing their part to support email forwarding or identity verification. What should I expect to observe at runtime that tells me these moving pieces are active and talking to each other properly?

You can create anything temporary that you need for testing like new users or aliases but remove them when you are done and please do not make any changes to the source code.","SimpleLogin Flask startup: Port 7777 (both dev via local_main() and production via gunicorn wsgi:app). Config loads from .env (via dotenv) or from CONFIG env var pointing to file path. On startup, config.py prints "">>> URL: <url>"" and log.py prints "">>> init logging <<<"". Missing optional configs (Paddle, gnupg) produce warnings. The Flask app create_app() registers 10 blueprints: auth, monitor, dashboard, developer, phone, oauth (x2), onboarding, discover, internal, api. DB connection happens at module import time in app/db.py via engine.connect() — before create_app() is called, so if PostgreSQL is unavailable, the app crashes during import with psycopg2.OperationalError: could not connect to server.",True,high,"The agent's final answer explicitly reproduces specific details from the retrieved note, such as the startup log messages ('>>> URL: <url>', '>>> init logging <<<'), the port number (7777), and the fact that the DB connection happens at import time causing a crash if PostgreSQL is unavailable, which were not present in the initial question."
both,20260921T133243.122989422Z-openclaw-sweatlasqa-pilot30-amem-repo-both-sglang,task-6905333b74f22949d97ba9ae,011,1,174972ee-1ace-443d-9faa-bca080a617f9,1,match,71,"Understanding how SimpleLogin resolves inbound email replies to contacts and forwarding destinations, especially when replies go to wrong users","I’d like to understand how SimpleLogin resolves inbound email replies to a contact and forwarding destination during normal alias usage, specifically in cases where a reply ends up being delivered to a different user than the alias owner. As inbound reply messages are processed, focus on how the system derives the reply email address and uses it to identify the associated contact. Observe the actual runtime values involved in this resolution, the extracted reply email, the contact (if any) that it resolves to, and the user or alias ultimately selected as the forwarding destination. Track how these values behave across multiple reply events. Note whether the same reply email ever resolves to different contacts over time, fails to resolve temporarily, or resolves correctly but later results in forwarding to a different user than expected. Use these observations to determine whether the reply-handling logic specifically the lookup of contacts by reply email exhibits any race conditions, uniqueness assumptions, or timing-related inconsistencies that could explain why a reply is routed to the wrong user. Describe the runtime values you observed during reply resolution and explain how those values lead to the observed behavior. Don’t modify any repository source files. If temporary scripts or tooling are needed to observe behavior, that’s fine, but clean them up afterward and leave the repository unchanged.","SimpleLogin reply routing analysis: In handle_reply (email_handler.py:966), the flow is: 1) Contact.get_by(reply_email=rcpt_to) resolves the reverse alias to a Contact, 2) alias = contact.alias gets the owning alias, 3) user = alias.user determines the SimpleLogin user, 4) reply is forwarded to contact.website_email (the original sender). Key finding: reply_email column has index=True but NO database unique constraint (confirmed in migrations/versions/2021_071310_78403c7b8089_.py: unique=False). Uniqueness is enforced only at application level via generate_reply_email → available_sl_email() → Contact.get_by(reply_email=email), which is a TOCTOU race condition. If two processes create contacts concurrently with the same reply_email, both inserts succeed. Contact.get_by returns first() which could pick wrong user's contact. Additional issue: alias transfer (transfer_alias in alias_utils.py:458) changes alias.user_id to new_user without updating existing contacts' data — contacts still reference the same alias_id but now point to new user. Session stale data: contact.alias relationship can be stale after Session.commit in get_or_create_contact, requiring re-fetch (documented in handle_forward:582-584).",True,high,"The agent's final answer explicitly cites the specific migration hash (78403c7b8089), the lack of a database unique constraint, the TOCTOU race condition in `available_sl_email()`, and the session staleness issue in `handle_reply` vs `handle_forward`, all of which were detailed in the retrieved note and directly shaped the agent's investigation and conclusion."
both,20260921T133243.122989422Z-openclaw-sweatlasqa-pilot30-amem-repo-both-sglang,task-6905333b74f22949d97ba9ae,011,1,24b55311-5e7b-439c-8714-7c8d00e8c3cd,2,match,56,"Understanding how SimpleLogin resolves inbound email replies to contacts and forwarding destinations, especially when replies go to wrong users","I’d like to understand how SimpleLogin resolves inbound email replies to a contact and forwarding destination during normal alias usage, specifically in cases where a reply ends up being delivered to a different user than the alias owner. As inbound reply messages are processed, focus on how the system derives the reply email address and uses it to identify the associated contact. Observe the actual runtime values involved in this resolution, the extracted reply email, the contact (if any) that it resolves to, and the user or alias ultimately selected as the forwarding destination. Track how these values behave across multiple reply events. Note whether the same reply email ever resolves to different contacts over time, fails to resolve temporarily, or resolves correctly but later results in forwarding to a different user than expected. Use these observations to determine whether the reply-handling logic specifically the lookup of contacts by reply email exhibits any race conditions, uniqueness assumptions, or timing-related inconsistencies that could explain why a reply is routed to the wrong user. Describe the runtime values you observed during reply resolution and explain how those values lead to the observed behavior. Don’t modify any repository source files. If temporary scripts or tooling are needed to observe behavior, that’s fine, but clean them up afterward and leave the repository unchanged.","Final answer written to /logs/agent/answer.txt covering: (1) Log messages: success=DEBUG ""Forward contact -> alias -> mailbox"" + ""Forward mail from X to Y"" with return (True, ""250 Message accepted for delivery""); non-existent alias=DEBUG ""alias X not exist..."" then ""alias X cannot be created on-the-fly, return 550"" with return [(False, ""550 SL E515 Email not exist"")]. (2) SL Message-ID: NOT generated in forward phase — original Message-ID preserved; sl_message_id only created in reply phase via MessageIDMatching table with make_msgid(str(email_log.id), domain). (3) From header: contact.new_addr() transforms to one of 5 formats based on sender_format (no_name/name_only/at_only/at/a), always using reply_email as the email part. Reply-email format: random(20-50)@domain or sanitized_email+random(5-10)@domain. (4) DB records: Contact (new sender) + EmailLog (always, stores original Message-ID in message_id, NULL in sl_message_id) + alias.last_email_log_id update via raw SQL + MessageIDMatching (reply phase only).",True,high,"The agent's final answer explicitly details the `Contact.get_by` lookup mechanism, the lack of unique constraints on `reply_email`, and the TOCTOU race condition in `available_sl_email`, all of which are specific technical claims and identifiers found in the retrieved note."
both,20260921T133243.122989422Z-openclaw-sweatlasqa-pilot30-amem-repo-both-sglang,task-6905333b74f22949d97ba9ae,011,1,18bbb5a4-2a27-4865-a1b3-f8770bafe65e,3,match,55,"Understanding how SimpleLogin resolves inbound email replies to contacts and forwarding destinations, especially when replies go to wrong users","I’d like to understand how SimpleLogin resolves inbound email replies to a contact and forwarding destination during normal alias usage, specifically in cases where a reply ends up being delivered to a different user than the alias owner. As inbound reply messages are processed, focus on how the system derives the reply email address and uses it to identify the associated contact. Observe the actual runtime values involved in this resolution, the extracted reply email, the contact (if any) that it resolves to, and the user or alias ultimately selected as the forwarding destination. Track how these values behave across multiple reply events. Note whether the same reply email ever resolves to different contacts over time, fails to resolve temporarily, or resolves correctly but later results in forwarding to a different user than expected. Use these observations to determine whether the reply-handling logic specifically the lookup of contacts by reply email exhibits any race conditions, uniqueness assumptions, or timing-related inconsistencies that could explain why a reply is routed to the wrong user. Describe the runtime values you observed during reply resolution and explain how those values lead to the observed behavior. Don’t modify any repository source files. If temporary scripts or tooling are needed to observe behavior, that’s fine, but clean them up afterward and leave the repository unchanged.","Database records created during a single forward operation: 1) Contact (if new): INSERT into contact table with columns user_id, alias_id, website_email, reply_email (generated by generate_reply_email), name, mail_from, automatic_created, invalid_email, flags. reply_email is either ""{contact_email}_{random_string(5-10)}@domain"" or ""{random_string(20-50)}@domain"". 2) EmailLog (always): INSERT into email_log with contact_id, user_id, alias_id, mailbox_id, message_id (original Message-ID from email). Also updates alias.last_email_log_id via raw SQL. 3) On success, Session.commit() finalizes all. If reply-to contact is created: another Contact record. If PGP encryption fails: no additional records. If VERP send fails: EmailLog.delete(email_log.id) removes the EmailLog record. Custom headers added: X-SimpleLogin-Type=Forward, X-SimpleLogin-EmailLog-ID={email_log.id}, X-SimpleLogin-Envelope-To={alias.email}, optionally X-SimpleLogin-Envelope-From and X-SimpleLogin-Original-From if user.include_header_email_header is true.",True,high,"The agent's final answer explicitly cites the database record structure (Contact, EmailLog) and specific fields (reply_email, user_id, alias_id) described in the note, and uses the note's mention of 'X-SimpleLogin-EmailLog-ID' and session commit behavior to inform its analysis of race conditions and session staleness in the `handle_reply` vs `handle_forward` logic."
both,20260921T133243.122989422Z-openclaw-sweatlasqa-pilot30-amem-repo-both-sglang,task-6905333b74f22949d97ba9af,012,1,75bf40c6-b698-42e6-84b6-af791ad54a68,1,match,53,"Exploring a codebase in /app to understand development environment setup, database migrations, server startup, email handler behavior, and error conditions","I'm trying to get the development environment running locally for the first time, and the documentation isn't very clear about the startup order or what breaks if certain setup steps are skipped. I want to bring the whole stack up from scratch and note what actually happens along the way.

To start with, I want to see what happens if the database isn't fully set up yet. With PostgreSQL running and an empty database created (no tables, migrations not run), what error do I actually hit when I start the server with python [server.py](http://server.py) and then try to open the login page in the browser? I'm looking for the full Python exception that gets raised.

Once the database migrations and the initialization script (init\_[app.py](http://app.py)) have been run and everything is set up correctly, I need to understand which Python services must be running for the system to work. Start each required service and show me the exact log output that confirms it's running and ready to accept connections. I want to see the actual startup messages from stdout/stderr, not just what the code says I need to verify the services are actually binding to their ports and working.

I'm also curious about what happens if the initialization step is skipped. If I run the migrations but don't run init\_[app.py](http://app.py), the SLDomain table should be empty (no email domains configured). If I then start the email handler and simulate an incoming email addressed to any @sl.local address, what happens? What SMTP status code does the email handler return to the sender, and what does it log to explain the rejection?

I'm not changing or deleting any source files here I just want to observe the system's behavior. Temporary config files or small test scripts are fine if needed.","SimpleLogin Flask startup: Port 7777 (both dev via local_main() and production via gunicorn wsgi:app). Config loads from .env (via dotenv) or from CONFIG env var pointing to file path. On startup, config.py prints "">>> URL: <url>"" and log.py prints "">>> init logging <<<"". Missing optional configs (Paddle, gnupg) produce warnings. The Flask app create_app() registers 10 blueprints: auth, monitor, dashboard, developer, phone, oauth (x2), onboarding, discover, internal, api. DB connection happens at module import time in app/db.py via engine.connect() — before create_app() is called, so if PostgreSQL is unavailable, the app crashes during import with psycopg2.OperationalError: could not connect to server.",False,high,"The agent's final answer regarding the empty database error (SQLAlchemy ProgrammingError due to missing tables) directly contradicts the note's claim that the app crashes during import with psycopg2.OperationalError, and the agent's subsequent shell commands and reasoning focused on inspecting `app/db.py` and `app/models.py` to verify the actual runtime behavior rather than relying on the note's assertion."
both,20260921T133243.122989422Z-openclaw-sweatlasqa-pilot30-amem-repo-both-sglang,task-6905333b74f22949d97ba9af,012,1,7c5a97fa-64ee-4d72-93f2-2035d79d69e1,3,match,50,"Exploring a codebase in /app to understand development environment setup, database migrations, server startup, email handler behavior, and error conditions","I'm trying to get the development environment running locally for the first time, and the documentation isn't very clear about the startup order or what breaks if certain setup steps are skipped. I want to bring the whole stack up from scratch and note what actually happens along the way.

To start with, I want to see what happens if the database isn't fully set up yet. With PostgreSQL running and an empty database created (no tables, migrations not run), what error do I actually hit when I start the server with python [server.py](http://server.py) and then try to open the login page in the browser? I'm looking for the full Python exception that gets raised.

Once the database migrations and the initialization script (init\_[app.py](http://app.py)) have been run and everything is set up correctly, I need to understand which Python services must be running for the system to work. Start each required service and show me the exact log output that confirms it's running and ready to accept connections. I want to see the actual startup messages from stdout/stderr, not just what the code says I need to verify the services are actually binding to their ports and working.

I'm also curious about what happens if the initialization step is skipped. If I run the migrations but don't run init\_[app.py](http://app.py), the SLDomain table should be empty (no email domains configured). If I then start the email handler and simulate an incoming email addressed to any @sl.local address, what happens? What SMTP status code does the email handler return to the sender, and what does it log to explain the rejection?

I'm not changing or deleting any source files here I just want to observe the system's behavior. Temporary config files or small test scripts are fine if needed.","Complete SimpleLogin startup sequence: 1) config.py loads .env, prints "">>> URL: <url>"" and log.py prints "">>> init logging <<<"". 2) server.py create_app() creates Flask app with 10 blueprints (auth, monitor, dashboard, developer, phone, oauth x2, onboarding, discover, internal, api). 3) Health endpoint GET /health returns ""success"" 200. 4) Flask app runs on port 7777 (dev: server.py local_main(), prod: gunicorn wsgi:app). 5) DB connection at module import time in app/db.py via engine.connect() - crashes with psycopg2.OperationalError if unavailable. 6) email_handler.py starts aiosmtpd on port 20381, logs ""Listen for port <port>"" then ""Start mail controller 0.0.0.0 <port>"". 7) job_runner.py polls Job table every 10s. 8) event_listener.py uses PostgreSQL LISTEN/NOTIFY on channel ""simplelogin_sync_events"". 9) init_app.py runs add_sl_domains() to add alias domains, add_proton_partner(). 10) cron.py runs scheduled tasks (HIBP, stats, log cleanup, trial notifications, domain checks).",True,high,"The agent's final answer explicitly lists the startup logs and port numbers (server.py on 7777, email_handler.py on 20381) and the specific error codes (E501, E502, E515) which are detailed in the retrieved note, indicating the note provided the structural and behavioral facts used to construct the answer."
both,20260921T133243.122989422Z-openclaw-sweatlasqa-pilot30-amem-repo-both-sglang,task-6905333b74f22949d97ba9af,012,1,1c93c34f-d547-4c15-acef-0867dec4fdfe,5,match,45,"Exploring a codebase in /app to understand development environment setup, database migrations, server startup, email handler behavior, and error conditions","I'm trying to get the development environment running locally for the first time, and the documentation isn't very clear about the startup order or what breaks if certain setup steps are skipped. I want to bring the whole stack up from scratch and note what actually happens along the way.

To start with, I want to see what happens if the database isn't fully set up yet. With PostgreSQL running and an empty database created (no tables, migrations not run), what error do I actually hit when I start the server with python [server.py](http://server.py) and then try to open the login page in the browser? I'm looking for the full Python exception that gets raised.

Once the database migrations and the initialization script (init\_[app.py](http://app.py)) have been run and everything is set up correctly, I need to understand which Python services must be running for the system to work. Start each required service and show me the exact log output that confirms it's running and ready to accept connections. I want to see the actual startup messages from stdout/stderr, not just what the code says I need to verify the services are actually binding to their ports and working.

I'm also curious about what happens if the initialization step is skipped. If I run the migrations but don't run init\_[app.py](http://app.py), the SLDomain table should be empty (no email domains configured). If I then start the email handler and simulate an incoming email addressed to any @sl.local address, what happens? What SMTP status code does the email handler return to the sender, and what does it log to explain the rejection?

I'm not changing or deleting any source files here I just want to observe the system's behavior. Temporary config files or small test scripts are fine if needed.","SimpleLogin email privacy system: database has 77 unique tables created across 82 total op.create_table calls in 241 migration files. The main chain from root 5e549314e1e2 to head 9081f1a90939 is 57 migrations long with 32 table creations. The last table in the main chain is 'refused_email'. The latest migration that creates a table is 'user_audit_log' (2024-10-16). Server startup: config.py prints "">>> URL: <url>"", log.py prints "">>> init logging <<<"", then Flask app.run() prints ""* Running on http://127.0.0.1:7777"". Email handler with port arg logs ""Listen for port <port>"" before starting, then ""Start mail controller 0.0.0.0 <port>"" after. API login for unactivated user returns {""error"": ""Account not activated""} with 422 status. Registration creates user with activated=False, notification=True. /api/user_info returns max_alias_free_plan from config.MAX_NB_EMAIL_FREE_PLAN (default 5, env overrides). Config is module-level, read once at import, so new value requires restart to take effect.",True,high,"The agent's final answer explicitly reproduces the specific startup log messages ('>>> URL: ...', '>>> init logging <<<', '* Running on http://127.0.0.1:7777') and the email handler logs ('Listen for port...', 'Start mail controller...') that were detailed in the retrieved note, confirming it used the note's specific factual claims to construct the answer."
both,20260921T133243.122989422Z-openclaw-sweatlasqa-pilot30-amem-repo-both-sglang,task-6905333b74f22949d97ba9b2,013,1,97d07ca9-018f-40df-b8af-bc812ef0c552,2,match,60,Investigating SimpleLogin bounce email handling system for potential information leakage vulnerabilities,"I'm investigating a potential information leakage issue in SimpleLogin's bounce email handling system. I've noticed that the codebase appears to support two different address formats for processing email bounces, what looks like an older format with the email log ID visible in plain text and a newer format that seems to use some kind of signature verification.

I wonder how bounces are routed, I'm seeing that emails sent to addresses like bounce+12345+@domain seem to be processed differently than those using the newer signed format. What concerns me is whether an external attacker could craft bounce emails to these older-style addresses and learn something by observing the SMTP responses.

I'm curious what's actually happening under the hood here, where the security boundaries really are, and what slips through without cryptographic validation. I wonder what exact SMTP responses come back when probing different scenarios, such as hitting a valid ID versus an invalid one, and what happens when something doesn't quite meet the bounce validation requirements. I don't want theoretical explanations of what the code should do, I want to see actual evidence of how the system behaves in practice.

What also puzzles me is the bounce detection itself. What makes the system accept something as a bounce in the first place? What criteria does it check? Could an attacker who controls the SMTP envelope and headers spoof those criteria? I'm curious what happens when those checks pass versus when they don't. And beyond just valid versus invalid, I wonder if the response codes reveal more than just whether an ID exists.

Don't modify any source files in the repository. You can create test scripts to observe the actual behavior, but clean them up when finished.","Email failure handling / VERP addresses: VERP (Variable Envelope Return Path) format for bounces: VERP_PREFIX (default ""sl"") + base32_encoded(json[type,object_id,time]) + base32_encoded(HMAC-SHA3-224 signature)[:8] @ domain. Config: VERP_PREFIX=""sl"", VERP_MESSAGE_LIFETIME=5 days, VERP_EMAIL_SECRET (32+ char HMAC secret). Three VerpTypes: bounce_forward=0, bounce_reply=1, transactional=2. Legacy/bounce-style addresses use BOUNCE_PREFIX(""bounce+"") + email_log_id + BOUNCE_SUFFIX(""+@{EMAIL_DOMAIN}"") for forward phase, BOUNCE_PREFIX_FOR_REPLY_PHASE(""bounce_reply"") + ""+"" + email_log_id + ""@"" + alias_domain for reply phase. TRANSACTIONAL_BOUNCE uses ""transactional+"" prefix. Bounce handling: get_verp_info_from_email() parses VERP address, verifies HMAC signature and expiration, extracts VerpType and object_id (email_log.id). RefusedEmail model stores bounced/spam emails with path (original email on S3) and full_report_path (MTA report on S3). In forward phase bounce: disables alias if should_disable() thresholds exceeded, notifies user about delivery failure. In reply phase bounce: notifies user about sending failure, does NOT disable alias. Both create RefusedEmail on S3, set email_log.bounced=True, record refused_email_id and bounced_mailbox_id.",True,high,"The agent's final answer explicitly details the legacy format structure (`bounce+{ID}+@domain`) and the signed VERP format structure (`sl.{base32}.{hmac}@domain`), along with specific configuration constants like `VERP_PREFIX` and `VERP_MESSAGE_LIFETIME`, all of which were directly extracted from the retrieved note and used to construct the security analysis."
both,20260921T133243.122989422Z-openclaw-sweatlasqa-pilot30-amem-repo-both-sglang,task-6905333b74f22949d97ba9d2,018,1,40346061-7041-44c5-8f51-48dc491cc3e4,1,match,66,Final verification that all key aspects of the paperless-ngx document system are understood and documented,"I’m trying to get a big-picture understanding of how documents flow through the system. How does a new document usually enter paperless-ngx. Once a document is received, what are the main stages it goes through before it’s fully processed and available, are there any background jobs and what is used for background execution.

I’m also curious about the kind of information paperless stores for each document. What metadata fields are saved, and which ones are absolutely required versus optional or derived later during runtime-processing. Can you show with a runtime example?

Also I wonder how things like tags, correspondents, and document types are used together to organize documents in a practical way.

Please don’t make any changes to the repository itself. You can create temporary scripts for testing if needed but do clean them up once you're done.","Paperless-ngx document ingestion pipeline (from consumer.py):
1. FILE ARRIVAL: Document enters via CONSUMPTION_DIR (watched by document_consumer command using inotify or polling)
   - Also via API upload (DocumentViewSet.create via serialisers.DocumentBulkCreateSerializer)
   - Also via paperless_mail: process_mail_accounts async_task (every 10 min) fetches IMAP attachments

2. PRE-CHECKS (consumer.py pre_check_*):
   - pre_check_file_exists: file must exist on disk
   - pre_check_directories: create scratch/thumbnail/originals/archive dirs
   - pre_check_duplicate: MD5 checksum check against existing docs; if CONSUMER_DELETE_DUPLICATES, deletes file

3. MIME DETECTION: libmagic identifies file type, lookup parser class from registered parsers

4. PARSE PHASE (consumer.py, ~20-80% progress):
   - DocumentParser.parse(): Tesseract parser uses OCRmyPDF to create archive PDF and extract text
   - Parser creates temp files in SCRATCH_DIR (tempdir)

5. THUMBNAIL GENERATION (70% progress):
   - document_parser.get_optimised_thumbnail() via ImageMagick convert, optipng optimization
   - Falls back to Ghostscript if ImageMagick fails

6. DATE EXTRACTION (90% progress):
   - Parser tries parser.get_date() first
   - Falls back to parse_date() which regex-searches filename then document content

7. ARCHIVE PDF EXTRACTION:
   - parser.get_archive_path() returns path to OCR'd PDF in tempdir

8. SAVE TO DB (95% progress, transaction.atomic):
   - Document.objects.create() with title, content, mime_type, checksum, created, modified, storage_type
   - apply_overrides() for API-submitted overrides (title, correspondent, doc_type, tags)
   - document_consumption_finished signal sent

9. POST-CONSUME SIGNALS (apps.py connects to document_consumption_finished):
   - add_inbox_tags: applies tags where is_inbox_tag=True
   - set_correspondent: auto-matches via classifier.predict_correspondent()
   - set_document_type: auto-matches via classifier.predict_document_type()
   - set_tags: auto-matches via classifier.predict_tags()
   - set_log_entry: creates Django admin LogEntry
   - add_to_index: adds/updates Whoosh search index

10. FILE MOVEMENT (under file lock):
    - generate_unique_filename() creates filename from PAPERLESS_FILENAME_FORMAT
    - Source file -> ORIGINALS_DIR/<generated filename>
    - Thumbnail -> THUMBNAIL_DIR/<pk>.png
    - Archive PDF -> ARCHIVE_DIR/<archive filename>

11. CLEANUP:
    - Source file deleted from CONSUMPTION_DIR
    - tempdir cleaned up by parser.cleanup()
    - Post-consume script executed

12. UI NOTIFICATION: WebSocket via Channels group_send to ""status_updates"" channel with SUCCESS status

Background execution is provided by django-q with Redis broker:
- Q_CLUSTER config in settings.py: catch_up=False, recycle=1, retry=timeout+10, timeout=1800s
- document_consumer: inotify/polling file watcher (runs as gunicorn subprocess via supervisord)
- qcluster: Django-Q scheduler (runs via supervisord)
- Gunicorn: Web/API server",True,high,"The agent's final answer explicitly mirrors the 12-stage pipeline structure, specific signal handlers (add_inbox_tags, set_correspondent, etc.), and background execution details (django-q, Redis, supervisord) found in the retrieved note, indicating the note directly guided the content of the response."
both,20260921T133243.122989422Z-openclaw-sweatlasqa-pilot30-amem-repo-both-sglang,task-6905333b74f22949d97ba9d2,018,1,4e5b2519-6e0b-4f25-85e8-0a6a7efac231,2,match,65,Final verification that all key aspects of the paperless-ngx document system are understood and documented,"I’m trying to get a big-picture understanding of how documents flow through the system. How does a new document usually enter paperless-ngx. Once a document is received, what are the main stages it goes through before it’s fully processed and available, are there any background jobs and what is used for background execution.

I’m also curious about the kind of information paperless stores for each document. What metadata fields are saved, and which ones are absolutely required versus optional or derived later during runtime-processing. Can you show with a runtime example?

Also I wonder how things like tags, correspondents, and document types are used together to organize documents in a practical way.

Please don’t make any changes to the repository itself. You can create temporary scripts for testing if needed but do clean them up once you're done.","Paperless-ngx background scheduled tasks (django-q schedules via migrations):
1. train_classifier (HOURLY): Retrains scikit-learn MLP classifiers for tags/correspondents/doc_types using existing document data. Only runs if auto-matching tags/correspondents/doc_types exist.
2. index_optimize (DAILY): Compacts Whoosh search index with writer.commit(optimize=True)
3. sanity_check (WEEKLY): Validates data integrity (checksums, file existence)
4. process_mail_accounts (EVERY 10 MINUTES): Fetches emails from configured IMAP accounts, processes attachments as new documents

All background tasks use django-q async_task with Redis broker. Bulk operations (bulk_edit.py) dispatch async_task(""documents.tasks.bulk_update_documents"") for reindexing after bulk edits.

Document indexing:
- During consumption: add_to_index signal handler calls index.add_or_update_document()
- API update (PUT/PATCH): DocumentViewSet.update() calls index.add_or_update_document() SYNCHRONOUSLY
- API delete: DocumentViewSet.destroy() calls index.remove_document_from_index() SYNCHRONOUSLY
- bulk_edit: dispatches async task that sends post_save signals + reindexes
- Management command: manage.py document_index reindex rebuilds from scratch
- Index files stored in DATA_DIR/index/ using Whoosh
- Startup: docker-prepare.sh checks .index_version, reindexes if mismatched",True,high,"The agent's final answer explicitly lists the four specific scheduled tasks (train_classifier, index_optimize, sanity_check, process_mail_accounts) with their exact frequencies and descriptions, which matches the retrieved note verbatim, and also correctly identifies the background execution mechanism (django-q with Redis broker) as stated in the note."
both,20260921T133243.122989422Z-openclaw-sweatlasqa-pilot30-amem-repo-both-sglang,task-6905333b74f22949d97ba9d2,018,1,5a661e97-9b15-4f50-8249-f00c89c5629e,3,match,66,Final verification that all key aspects of the paperless-ngx document system are understood and documented,"I’m trying to get a big-picture understanding of how documents flow through the system. How does a new document usually enter paperless-ngx. Once a document is received, what are the main stages it goes through before it’s fully processed and available, are there any background jobs and what is used for background execution.

I’m also curious about the kind of information paperless stores for each document. What metadata fields are saved, and which ones are absolutely required versus optional or derived later during runtime-processing. Can you show with a runtime example?

Also I wonder how things like tags, correspondents, and document types are used together to organize documents in a practical way.

Please don’t make any changes to the repository itself. You can create temporary scripts for testing if needed but do clean them up once you're done.","Paperless-ngx document metadata fields (from Document model in models.py):
REQUIRED/ESSENTIAL fields (set by consumer or auto-populated, never null):
- checksum: MD5 of original document, unique, required, auto-generated
- mime_type: detected via libmagic, required, auto-populated
- content: text extracted via parser (Tesseract/OCR), stored for search

OPTIONAL (all nullable or default):
- title: max 128 chars, blank (auto-set from filename or override)
- correspondent: FK nullable, auto-matched via classifier or rules
- document_type: FK nullable, auto-matched via classifier or rules
- tags: M2M, blank, inbox tags auto-applied, auto-matched via classifier
- created: datetime, defaults to now() or extracted from doc/filename
- storage_type: unencrypted by default
- archive_checksum: MD5 of archive PDF, nullable until archive created
- archive_serial_number: unique nullable integer
- filename: FilePathField, unique, not editable, generated after consumption
- archive_filename: FilePathField, nullable

DERIVED AT RUNTIME:
- filename, archive_filename: generated via generate_unique_filename() using PAPERLESS_FILENAME_FORMAT template with title/correspondent/type/created/added/tags/asn
- archive_serial_number: assigned by document_archiver command
- content: extracted by parsers (paperless_tesseract = OCRmyPDF + pdfminer)
- archive PDF: generated by paperless_tesseract.parser.parse() via ocrmypdf

API DocumentSerializer exposed fields: id, correspondent, document_type, title, content, tags, created, modified, added, archive_serial_number, original_file_name, archived_file_name",True,high,"The agent's final answer explicitly includes a 'complete field table categorizing required/auto-set, optional, and runtime-derived fields' which directly mirrors the specific structure and content of the retrieved note, indicating the note was used to structure the metadata section of the response."
both,20260921T133243.122989422Z-openclaw-sweatlasqa-pilot30-amem-repo-both-sglang,task-6905333b74f22949d97ba9d2,018,1,237a1254-01b9-46fe-8eb1-9c29dabdefea,5,match,63,Final verification that all key aspects of the paperless-ngx document system are understood and documented,"I’m trying to get a big-picture understanding of how documents flow through the system. How does a new document usually enter paperless-ngx. Once a document is received, what are the main stages it goes through before it’s fully processed and available, are there any background jobs and what is used for background execution.

I’m also curious about the kind of information paperless stores for each document. What metadata fields are saved, and which ones are absolutely required versus optional or derived later during runtime-processing. Can you show with a runtime example?

Also I wonder how things like tags, correspondents, and document types are used together to organize documents in a practical way.

Please don’t make any changes to the repository itself. You can create temporary scripts for testing if needed but do clean them up once you're done.","Paperless-ngx uses django-q (not Celery) for task queue. Q_CLUSTER configured in /app/src/paperless/settings.py with: catch_up=False, recycle=1, retry=timeout+10 (default 1810s), timeout=1800s, workers=auto based on CPU count, redis broker. Periodic tasks registered via Django migrations using django_q.tasks.schedule(): 1) documents.tasks.train_classifier - hourly (migrations/1001_auto_20201109_1636.py), 2) documents.tasks.index_optimize - daily (same migration), 3) documents.tasks.sanity_check - weekly (migrations/1004_sanity_check_schedule.py), 4) paperless_mail.tasks.process_mail_accounts - every 10 minutes (paperless_mail/migrations/0002_auto_20201117_1334.py). The supervisor config runs: gunicorn (web), document_consumer (file watcher), qcluster (scheduler). Startup tasks in docker-prepare.sh: run migrations, reindex search index (if version mismatch), create superuser. No automatic database cleanup, log rotation handled by LOGROTATE settings. No automatic failed document retry beyond django-q worker-level retry. Task execution history tracked by django_q Task model (part of django_q package).",True,high,"The agent's final answer explicitly lists the four specific scheduled tasks (hourly classifier training, daily index optimize, weekly sanity check, 10-min email processing) and the background execution stack (django-q with Redis broker, supervisord setup) which are the unique, detailed facts contained in the retrieved note."
both,20260921T133243.122989422Z-openclaw-sweatlasqa-pilot30-amem-repo-both-sglang,task-6905333b74f22949d97ba9d2,018,1,b00838dc-b01c-461a-8763-6f0897f5a385,6,link,60,Final verification that all key aspects of the paperless-ngx document system are understood and documented,"I’m trying to get a big-picture understanding of how documents flow through the system. How does a new document usually enter paperless-ngx. Once a document is received, what are the main stages it goes through before it’s fully processed and available, are there any background jobs and what is used for background execution.

I’m also curious about the kind of information paperless stores for each document. What metadata fields are saved, and which ones are absolutely required versus optional or derived later during runtime-processing. Can you show with a runtime example?

Also I wonder how things like tags, correspondents, and document types are used together to organize documents in a practical way.

Please don’t make any changes to the repository itself. You can create temporary scripts for testing if needed but do clean them up once you're done.","Paperless-ngx organization system (tags, correspondents, document types):
All three use MatchingModel base class (name, match pattern, matching_algorithm, is_insensitive):
Matching algorithms: MATCH_ANY, MATCH_ALL, MATCH_LITERAL, MATCH_REGEX, MATCH_FUZZY, MATCH_AUTO

HOW THEY WORK TOGETHER:
1. Tags: Can be inbox tags (is_inbox_tag=True) — automatically applied to ALL new docs. Tags also support content-based matching (regex/literal/fuzzy/any/any-all) against document content. The ""auto"" algorithm uses ML classifier.
2. Correspondents: Matched against document content via ML classifier or regex patterns. Can be auto-assigned during consumption.
3. Document Types: Same matching system as correspondents — ML classifier or regex-based.

PRACTICAL USAGE PATTERN:
- Tags = categorization/search labels (e.g., ""tax-2024"", ""receipt"", ""invoice"", ""personal"", ""work"")
- Correspondent = who the document is FROM (e.g., ""IRS"", ""Amazon"", ""Local Bank"")  
- Document Type = what kind of document it IS (e.g., ""Invoice"", ""Receipt"", ""Tax Return"", ""Bill"")

They combine in the UI as filterable facets. The filename format template can include all three: {correspondent}/{created}_{document_type}_{title}_{asn}

The ML classifier (DocumentClassifier, scikit-learn MLP) is retrained hourly. It trains separate classifiers for tags (multilabel), correspondents (single-label), and document types (single-label) using document content as features. Tags can be in inbox tags, matched by regex, or ML-auto-matched.",True,high,"The agent's final answer explicitly details the `MatchingModel` base class, the six specific matching algorithms, and the distinct roles of tags, correspondents, and document types, which directly mirrors the specific technical facts and structure provided in the retrieved note."
both,20260921T133243.122989422Z-openclaw-sweatlasqa-pilot30-amem-repo-both-sglang,task-6905333b74f22949d97ba9d3,019,1,40346061-7041-44c5-8f51-48dc491cc3e4,1,match,71,"Understanding paperless-ngx document processing pipeline, ML classifier retraining, log messages, disk storage, and database tables","I am trying to understand how paperless-ngx processes documents at runtime before making any changes. Once the application is up and all of its services are running, I want to submit a test PDF and observe how the ingestion pipeline actually behaves. As the document moves through the system, which services are involved, and what sequence of events shows up in the logs? I also want to upload a few more documents and watch how the system reacts after each one. Does the machine learning classifier retrain automatically on every upload, or only under certain conditions, and what log messages make it clear when training is happening versus when the classifier stays idle? After a document finishes processing, I want to see where it ends up on disk, what directory structure and filename pattern paperless-ngx uses by default, and which database tables receive new rows as part of ingestion. You should not modify or edit any existing files in the repository, but you can create temporary scripts or test documents if they help with the investigation, as long as everything you create is cleaned up when you are done.","Paperless-ngx document ingestion pipeline (from consumer.py):
1. FILE ARRIVAL: Document enters via CONSUMPTION_DIR (watched by document_consumer command using inotify or polling)
   - Also via API upload (DocumentViewSet.create via serialisers.DocumentBulkCreateSerializer)
   - Also via paperless_mail: process_mail_accounts async_task (every 10 min) fetches IMAP attachments

2. PRE-CHECKS (consumer.py pre_check_*):
   - pre_check_file_exists: file must exist on disk
   - pre_check_directories: create scratch/thumbnail/originals/archive dirs
   - pre_check_duplicate: MD5 checksum check against existing docs; if CONSUMER_DELETE_DUPLICATES, deletes file

3. MIME DETECTION: libmagic identifies file type, lookup parser class from registered parsers

4. PARSE PHASE (consumer.py, ~20-80% progress):
   - DocumentParser.parse(): Tesseract parser uses OCRmyPDF to create archive PDF and extract text
   - Parser creates temp files in SCRATCH_DIR (tempdir)

5. THUMBNAIL GENERATION (70% progress):
   - document_parser.get_optimised_thumbnail() via ImageMagick convert, optipng optimization
   - Falls back to Ghostscript if ImageMagick fails

6. DATE EXTRACTION (90% progress):
   - Parser tries parser.get_date() first
   - Falls back to parse_date() which regex-searches filename then document content

7. ARCHIVE PDF EXTRACTION:
   - parser.get_archive_path() returns path to OCR'd PDF in tempdir

8. SAVE TO DB (95% progress, transaction.atomic):
   - Document.objects.create() with title, content, mime_type, checksum, created, modified, storage_type
   - apply_overrides() for API-submitted overrides (title, correspondent, doc_type, tags)
   - document_consumption_finished signal sent

9. POST-CONSUME SIGNALS (apps.py connects to document_consumption_finished):
   - add_inbox_tags: applies tags where is_inbox_tag=True
   - set_correspondent: auto-matches via classifier.predict_correspondent()
   - set_document_type: auto-matches via classifier.predict_document_type()
   - set_tags: auto-matches via classifier.predict_tags()
   - set_log_entry: creates Django admin LogEntry
   - add_to_index: adds/updates Whoosh search index

10. FILE MOVEMENT (under file lock):
    - generate_unique_filename() creates filename from PAPERLESS_FILENAME_FORMAT
    - Source file -> ORIGINALS_DIR/<generated filename>
    - Thumbnail -> THUMBNAIL_DIR/<pk>.png
    - Archive PDF -> ARCHIVE_DIR/<archive filename>

11. CLEANUP:
    - Source file deleted from CONSUMPTION_DIR
    - tempdir cleaned up by parser.cleanup()
    - Post-consume script executed

12. UI NOTIFICATION: WebSocket via Channels group_send to ""status_updates"" channel with SUCCESS status

Background execution is provided by django-q with Redis broker:
- Q_CLUSTER config in settings.py: catch_up=False, recycle=1, retry=timeout+10, timeout=1800s
- document_consumer: inotify/polling file watcher (runs as gunicorn subprocess via supervisord)
- qcluster: Django-Q scheduler (runs via supervisord)
- Gunicorn: Web/API server",True,high,"The agent's final answer accurately reflects the specific details from the retrieved note, such as the 12-step pipeline stages, the specific signal handlers (inbox tags, auto-matching), the file movement logic, and the database tables, confirming it used the note to structure its investigation and final explanation."
both,20260921T133243.122989422Z-openclaw-sweatlasqa-pilot30-amem-repo-both-sglang,task-6905333b74f22949d97ba9d3,019,1,4e5b2519-6e0b-4f25-85e8-0a6a7efac231,4,match,60,"Understanding paperless-ngx document processing pipeline, ML classifier retraining, log messages, disk storage, and database tables","I am trying to understand how paperless-ngx processes documents at runtime before making any changes. Once the application is up and all of its services are running, I want to submit a test PDF and observe how the ingestion pipeline actually behaves. As the document moves through the system, which services are involved, and what sequence of events shows up in the logs? I also want to upload a few more documents and watch how the system reacts after each one. Does the machine learning classifier retrain automatically on every upload, or only under certain conditions, and what log messages make it clear when training is happening versus when the classifier stays idle? After a document finishes processing, I want to see where it ends up on disk, what directory structure and filename pattern paperless-ngx uses by default, and which database tables receive new rows as part of ingestion. You should not modify or edit any existing files in the repository, but you can create temporary scripts or test documents if they help with the investigation, as long as everything you create is cleaned up when you are done.","Paperless-ngx background scheduled tasks (django-q schedules via migrations):
1. train_classifier (HOURLY): Retrains scikit-learn MLP classifiers for tags/correspondents/doc_types using existing document data. Only runs if auto-matching tags/correspondents/doc_types exist.
2. index_optimize (DAILY): Compacts Whoosh search index with writer.commit(optimize=True)
3. sanity_check (WEEKLY): Validates data integrity (checksums, file existence)
4. process_mail_accounts (EVERY 10 MINUTES): Fetches emails from configured IMAP accounts, processes attachments as new documents

All background tasks use django-q async_task with Redis broker. Bulk operations (bulk_edit.py) dispatch async_task(""documents.tasks.bulk_update_documents"") for reindexing after bulk edits.

Document indexing:
- During consumption: add_to_index signal handler calls index.add_or_update_document()
- API update (PUT/PATCH): DocumentViewSet.update() calls index.add_or_update_document() SYNCHRONOUSLY
- API delete: DocumentViewSet.destroy() calls index.remove_document_from_index() SYNCHRONOUSLY
- bulk_edit: dispatches async task that sends post_save signals + reindexes
- Management command: manage.py document_index reindex rebuilds from scratch
- Index files stored in DATA_DIR/index/ using Whoosh
- Startup: docker-prepare.sh checks .index_version, reindexes if mismatched",True,high,"The agent's final answer explicitly states that the ML classifier trains hourly (not per-upload) and only if auto-matching exists, directly reflecting the specific constraints and schedule detailed in the retrieved note, and the agent subsequently verified this by reading the relevant migration and task files."
both,20260921T133243.122989422Z-openclaw-sweatlasqa-pilot30-amem-repo-both-sglang,task-6905333b74f22949d97ba9d3,019,1,237a1254-01b9-46fe-8eb1-9c29dabdefea,6,link,57,"Understanding paperless-ngx document processing pipeline, ML classifier retraining, log messages, disk storage, and database tables","I am trying to understand how paperless-ngx processes documents at runtime before making any changes. Once the application is up and all of its services are running, I want to submit a test PDF and observe how the ingestion pipeline actually behaves. As the document moves through the system, which services are involved, and what sequence of events shows up in the logs? I also want to upload a few more documents and watch how the system reacts after each one. Does the machine learning classifier retrain automatically on every upload, or only under certain conditions, and what log messages make it clear when training is happening versus when the classifier stays idle? After a document finishes processing, I want to see where it ends up on disk, what directory structure and filename pattern paperless-ngx uses by default, and which database tables receive new rows as part of ingestion. You should not modify or edit any existing files in the repository, but you can create temporary scripts or test documents if they help with the investigation, as long as everything you create is cleaned up when you are done.","Paperless-ngx uses django-q (not Celery) for task queue. Q_CLUSTER configured in /app/src/paperless/settings.py with: catch_up=False, recycle=1, retry=timeout+10 (default 1810s), timeout=1800s, workers=auto based on CPU count, redis broker. Periodic tasks registered via Django migrations using django_q.tasks.schedule(): 1) documents.tasks.train_classifier - hourly (migrations/1001_auto_20201109_1636.py), 2) documents.tasks.index_optimize - daily (same migration), 3) documents.tasks.sanity_check - weekly (migrations/1004_sanity_check_schedule.py), 4) paperless_mail.tasks.process_mail_accounts - every 10 minutes (paperless_mail/migrations/0002_auto_20201117_1334.py). The supervisor config runs: gunicorn (web), document_consumer (file watcher), qcluster (scheduler). Startup tasks in docker-prepare.sh: run migrations, reindex search index (if version mismatch), create superuser. No automatic database cleanup, log rotation handled by LOGROTATE settings. No automatic failed document retry beyond django-q worker-level retry. Task execution history tracked by django_q Task model (part of django_q package).",True,high,"The agent explicitly investigated the `train_classifier` task scheduling and conditions (hourly vs per-upload) and the specific log messages indicating training status, which directly corresponds to the details provided in the retrieved note about `django-q` periodic tasks and `documents.tasks.train_classifier`."
both,20260921T133243.122989422Z-openclaw-sweatlasqa-pilot30-amem-repo-both-sglang,task-6905333b74f22949d97ba9d4,020,1,4e5b2519-6e0b-4f25-85e8-0a6a7efac231,1,match,73,"Understanding Paperless-NGX runtime behavior - background processes, periodic log messages, and system health indicators","I want to understand how Paperless-NGX behaves at runtime once the system is up and idle, before I start making changes to the codebase. Get Paperless-NGX running at the specified commit. Once it's idle and stable, what background processes or tasks continue executing automatically? What are the actual log entries that appear periodically showing the system is healthy and ready? I need the specific log messages, their frequency, and what they indicate. 
Also, if you briefly interrupt and restart part of the system, what specific log messages confirm everything has reconnected and is operational again? What components or processes keep running continuously to maintain Paperless-NGX in a ready state, even when no documents are being processed? You may use temporary helper commands or inspection tools if needed, but don’t modify any source files and clean up any temporary artifacts when you’re done.","Paperless-ngx background scheduled tasks (django-q schedules via migrations):
1. train_classifier (HOURLY): Retrains scikit-learn MLP classifiers for tags/correspondents/doc_types using existing document data. Only runs if auto-matching tags/correspondents/doc_types exist.
2. index_optimize (DAILY): Compacts Whoosh search index with writer.commit(optimize=True)
3. sanity_check (WEEKLY): Validates data integrity (checksums, file existence)
4. process_mail_accounts (EVERY 10 MINUTES): Fetches emails from configured IMAP accounts, processes attachments as new documents

All background tasks use django-q async_task with Redis broker. Bulk operations (bulk_edit.py) dispatch async_task(""documents.tasks.bulk_update_documents"") for reindexing after bulk edits.

Document indexing:
- During consumption: add_to_index signal handler calls index.add_or_update_document()
- API update (PUT/PATCH): DocumentViewSet.update() calls index.add_or_update_document() SYNCHRONOUSLY
- API delete: DocumentViewSet.destroy() calls index.remove_document_from_index() SYNCHRONOUSLY
- bulk_edit: dispatches async task that sends post_save signals + reindexes
- Management command: manage.py document_index reindex rebuilds from scratch
- Index files stored in DATA_DIR/index/ using Whoosh
- Startup: docker-prepare.sh checks .index_version, reindexes if mismatched",True,high,"The agent's final answer explicitly lists the four specific scheduled tasks (train_classifier, index_optimize, sanity_check, process_mail_accounts) with their frequencies and behaviors exactly as described in the retrieved note, and the agent subsequently verified the source code for these specific tasks (e.g., sanity_checker.py, paperless_mail/tasks.py) to confirm the log messages."
both,20260921T133243.122989422Z-openclaw-sweatlasqa-pilot30-amem-repo-both-sglang,task-6905333b74f22949d97ba9d4,020,1,237a1254-01b9-46fe-8eb1-9c29dabdefea,2,match,69,"Understanding Paperless-NGX runtime behavior - background processes, periodic log messages, and system health indicators","I want to understand how Paperless-NGX behaves at runtime once the system is up and idle, before I start making changes to the codebase. Get Paperless-NGX running at the specified commit. Once it's idle and stable, what background processes or tasks continue executing automatically? What are the actual log entries that appear periodically showing the system is healthy and ready? I need the specific log messages, their frequency, and what they indicate. 
Also, if you briefly interrupt and restart part of the system, what specific log messages confirm everything has reconnected and is operational again? What components or processes keep running continuously to maintain Paperless-NGX in a ready state, even when no documents are being processed? You may use temporary helper commands or inspection tools if needed, but don’t modify any source files and clean up any temporary artifacts when you’re done.","Paperless-ngx uses django-q (not Celery) for task queue. Q_CLUSTER configured in /app/src/paperless/settings.py with: catch_up=False, recycle=1, retry=timeout+10 (default 1810s), timeout=1800s, workers=auto based on CPU count, redis broker. Periodic tasks registered via Django migrations using django_q.tasks.schedule(): 1) documents.tasks.train_classifier - hourly (migrations/1001_auto_20201109_1636.py), 2) documents.tasks.index_optimize - daily (same migration), 3) documents.tasks.sanity_check - weekly (migrations/1004_sanity_check_schedule.py), 4) paperless_mail.tasks.process_mail_accounts - every 10 minutes (paperless_mail/migrations/0002_auto_20201117_1334.py). The supervisor config runs: gunicorn (web), document_consumer (file watcher), qcluster (scheduler). Startup tasks in docker-prepare.sh: run migrations, reindex search index (if version mismatch), create superuser. No automatic database cleanup, log rotation handled by LOGROTATE settings. No automatic failed document retry beyond django-q worker-level retry. Task execution history tracked by django_q Task model (part of django_q package).",True,high,"The agent's final answer explicitly lists the four specific periodic tasks (train_classifier, index_optimize, sanity_check, process_mail_accounts) and their frequencies, which directly correspond to the details provided in the retrieved note, and the agent subsequently verified these by inspecting the specific migration files mentioned in the note."
both,20260921T133243.122989422Z-openclaw-sweatlasqa-pilot30-amem-repo-both-sglang,task-6905333b74f22949d97ba9d5,021,1,40346061-7041-44c5-8f51-48dc491cc3e4,1,match,66,Understanding Paperless-NGX document ingestion flow and runtime behavior,"I’m trying to understand how data moves through Paperless-NGX during normal document ingestion so I can get oriented before working on the codebase. When Paperless-NGX is running from this repository at the specified commit and a new document appears in the system, what observable runtime behavior shows how the document is detected and handed off for processing? What log messages, task names, or state changes indicate the transition from initial detection into parsing, classification, and indexing, and how does the system reflect progress or completion of each stage while the document is being processed? After processing finishes, what observable evidence shows where the document’s data ends up and how its final state is recorded? Based on what you can directly observe at runtime, how does Paperless-NGX track whether a document has already been processed or needs further work, and what behavior or logs indicate how the system avoids duplicate processing? Keep the explanation grounded in runtime observations rather than assumptions from reading the code alone. You may use temporary test files if helpful, but don’t modify any source files and clean up any temporary artifacts when you’re done.","Comprehensive analysis of paperless-ngx document processing pipeline:

CONSUMER.PY (src/documents/consumer.py) - main pipeline orchestrator:
- try_consume_file(): main entry point, runs the full pipeline
- Progress messages sent via WebSocket (Channels) to ""status_updates"" channel
- Progress levels: 0% STARTING, 20% PARSING_DOCUMENT, 70% GENERATING_THUMBNAIL, 90% PARSE_DATE, 95% SAVE_DOCUMENT, 100% SUCCESS/FAILED

PIPELINE STAGES:
1. File Arrival - via document_consumer command (watching CONSUMPTION_DIR), API upload, or paperless_mail
2. pre_check_file_exists() - file must exist
3. pre_check_duplicate() - MD5 checksum against existing docs; if CONSUMER_DELETE_DUPLICATES, deletes file silently
4. pre_check_directories() - creates scratch/thumbnail/originals/archive dirs
5. run_pre_consume_script() - executes PRE_CONSUME_SCRIPT if configured
6. MIME detection via libmagic -> parser lookup
7. document_consumption_started signal sent
8. Parse (20-80%) - calls parser.parse(), then get_optimised_thumbnail(), get_text(), get_date()
9. Date fallback - parse_date() if parser didn't extract date
10. _store() - Document.objects.create() in transaction.atomic()
11. document_consumption_finished signal sent with classifier
12. File move under FileLock - source->originals, thumbnail->thumbnails, archive->archive
13. doc.save() (filename set during lock)
14. Source file deleted from CONSUMPTION_DIR
15. run_post_consume_script() - executes POST_CONSUME_SCRIPT
16. Progress 100% SUCCESS sent via WebSocket

SIGNAL HANDLERS (apps.py connects to document_consumption_finished):
- add_inbox_tags: adds all tags where is_inbox_tag=True
- set_correspondent: auto-matches via classifier.predict_correspondent() or matching.match_correspondents()
- set_document_type: auto-matches via classifier.predict_document_type() or matching.match_document_types()
- set_tags: auto-matches via classifier.predict_tags() or matching.match_tags()
- set_log_entry: Django admin LogEntry.objects.create() with action_flag=ADDITION
- add_to_index: index.add_or_update_document() for Whoosh search index

ML CLASSIFIER (tasks.py train_classifier):
- SCHEDULED: HOURLY via django-q schedule (1001_auto_20201109_1636.py)
- CONDITION: Only runs if any Tag/Correspondent/DocumentType uses MATCH_AUTO
- DEDUP: Uses SHA-1 hash of training data; skips training if data unchanged (logger.debug ""Training data unchanged."")
- LOG when training: logger.info ""Saving updated classifier model to {MODEL_FILE}...""
- LOG when skipping: logger.debug ""Training data unchanged.""
- LOG when no auto-matching: early return (no log message)
- Uses scikit-learn MLPClassifier with CountVectorizer (word+bigram, min_df=0.01)

DISK STORAGE:
- Originals: ORIGINALS_DIR/<filename> (generated by generate_unique_filename())
- Archives: ARCHIVE_DIR/<archive_filename> (PDF with OCR)
- Thumbnails: THUMBNAIL_DIR/<pk:07>.png
- Filename format: PAPERLESS_FILENAME_FORMAT template or {pk:07}.{ext}
- Filename variables: title, correspondent, document_type, created, created_year/month/day, added, added_year/month/day, asn, tags, tag_list
- Archive PDF extension always .pdf regardless of original

DATABASE TABLES UPDATED:
- documents_document: main document record with title, content, mime_type, checksum, created, modified, storage_type, added
- documents_document_tags: M2M through table (also inbox tags)
- documents_correspondent: FK, nullable
- documents_documenttype: FK, nullable
- documents_tag: M2M (also inbox tags)
- django_admin_log: LogEntry with ADDITION action_flag for new document
- Whoosh index files in INDEX_DIR (not SQL tables)
- documents_log: Log model rows for document-level logging

BACKGROUND SERVICES (supervisord.conf):
- gunicorn: Web/API server
- consumer: document_consumer command (file watcher via inotify or polling)
- scheduler: qcluster (django-q task scheduler)",True,high,"The agent's final answer explicitly mirrors the specific progress percentage milestones (0% STARTING, 20% PARSING_DOCUMENT, 70% GENERATING_THUMBNAIL, 90% PARSE_DATE, 95% SAVE_DOCUMENT, 100% SUCCESS/FAILED) and the signal handler details (inbox tags, correspondent matching, etc.) provided in the retrieved note, indicating direct usage of that information to construct the explanation."
both,20260921T133243.122989422Z-openclaw-sweatlasqa-pilot30-amem-repo-both-sglang,task-6905333b74f22949d97ba9d6,022,1,40346061-7041-44c5-8f51-48dc491cc3e4,2,match,59,"Explore paperless-ngx codebase to understand OCR behavior at runtime, including processing states, background workers, and API responses for documents with/without embedded text","I’m trying to get a practical understanding of how OCR behaves in paperless-ngx at runtime, especially in cases where it’s hard to tell what the system is actually doing. When I upload an image that has no embedded text, how can I see that OCR has started, and what does the document’s processing state look like while it’s running? I want to watch how background workers behave during this phase and understand what signals really indicate active OCR work. If I upload a similar image that already contains text, does the system skip OCR entirely, or does it still touch the OCR pipeline in some way, and how can I tell the difference after processing finishes? I also want to compare the final API responses for both cases to understand which fields show OCR-generated text versus existing text. Finally, when OCR produces weak or incomplete results, what actually happens to the document’s final state? Does it still count as fully processed, and how is that reflected in the saved metadata? Temporary scripts may be used for observation, but the repository itself should remain unchanged, and anything temporary should be cleaned up afterward.","Comprehensive analysis of paperless-ngx document processing pipeline:

CONSUMER.PY (src/documents/consumer.py) - main pipeline orchestrator:
- try_consume_file(): main entry point, runs the full pipeline
- Progress messages sent via WebSocket (Channels) to ""status_updates"" channel
- Progress levels: 0% STARTING, 20% PARSING_DOCUMENT, 70% GENERATING_THUMBNAIL, 90% PARSE_DATE, 95% SAVE_DOCUMENT, 100% SUCCESS/FAILED

PIPELINE STAGES:
1. File Arrival - via document_consumer command (watching CONSUMPTION_DIR), API upload, or paperless_mail
2. pre_check_file_exists() - file must exist
3. pre_check_duplicate() - MD5 checksum against existing docs; if CONSUMER_DELETE_DUPLICATES, deletes file silently
4. pre_check_directories() - creates scratch/thumbnail/originals/archive dirs
5. run_pre_consume_script() - executes PRE_CONSUME_SCRIPT if configured
6. MIME detection via libmagic -> parser lookup
7. document_consumption_started signal sent
8. Parse (20-80%) - calls parser.parse(), then get_optimised_thumbnail(), get_text(), get_date()
9. Date fallback - parse_date() if parser didn't extract date
10. _store() - Document.objects.create() in transaction.atomic()
11. document_consumption_finished signal sent with classifier
12. File move under FileLock - source->originals, thumbnail->thumbnails, archive->archive
13. doc.save() (filename set during lock)
14. Source file deleted from CONSUMPTION_DIR
15. run_post_consume_script() - executes POST_CONSUME_SCRIPT
16. Progress 100% SUCCESS sent via WebSocket

SIGNAL HANDLERS (apps.py connects to document_consumption_finished):
- add_inbox_tags: adds all tags where is_inbox_tag=True
- set_correspondent: auto-matches via classifier.predict_correspondent() or matching.match_correspondents()
- set_document_type: auto-matches via classifier.predict_document_type() or matching.match_document_types()
- set_tags: auto-matches via classifier.predict_tags() or matching.match_tags()
- set_log_entry: Django admin LogEntry.objects.create() with action_flag=ADDITION
- add_to_index: index.add_or_update_document() for Whoosh search index

ML CLASSIFIER (tasks.py train_classifier):
- SCHEDULED: HOURLY via django-q schedule (1001_auto_20201109_1636.py)
- CONDITION: Only runs if any Tag/Correspondent/DocumentType uses MATCH_AUTO
- DEDUP: Uses SHA-1 hash of training data; skips training if data unchanged (logger.debug ""Training data unchanged."")
- LOG when training: logger.info ""Saving updated classifier model to {MODEL_FILE}...""
- LOG when skipping: logger.debug ""Training data unchanged.""
- LOG when no auto-matching: early return (no log message)
- Uses scikit-learn MLPClassifier with CountVectorizer (word+bigram, min_df=0.01)

DISK STORAGE:
- Originals: ORIGINALS_DIR/<filename> (generated by generate_unique_filename())
- Archives: ARCHIVE_DIR/<archive_filename> (PDF with OCR)
- Thumbnails: THUMBNAIL_DIR/<pk:07>.png
- Filename format: PAPERLESS_FILENAME_FORMAT template or {pk:07}.{ext}
- Filename variables: title, correspondent, document_type, created, created_year/month/day, added, added_year/month/day, asn, tags, tag_list
- Archive PDF extension always .pdf regardless of original

DATABASE TABLES UPDATED:
- documents_document: main document record with title, content, mime_type, checksum, created, modified, storage_type, added
- documents_document_tags: M2M through table (also inbox tags)
- documents_correspondent: FK, nullable
- documents_documenttype: FK, nullable
- documents_tag: M2M (also inbox tags)
- django_admin_log: LogEntry with ADDITION action_flag for new document
- Whoosh index files in INDEX_DIR (not SQL tables)
- documents_log: Log model rows for document-level logging

BACKGROUND SERVICES (supervisord.conf):
- gunicorn: Web/API server
- consumer: document_consumer command (file watcher via inotify or polling)
- scheduler: qcluster (django-q task scheduler)",True,high,"The agent's final answer explicitly references the specific progress percentages (20-80%) and the 'PARSING_DOCUMENT' status message defined in the retrieved note, and uses the note's structural understanding of the pipeline to explain the runtime behavior."
both,20260921T133243.122989422Z-openclaw-sweatlasqa-pilot30-amem-repo-both-sglang,task-6905333b74f22949d97ba9d9,025,1,4e5b2519-6e0b-4f25-85e8-0a6a7efac231,1,match,72,"Understanding how paperless-ngx handles background processing for document ingestion - tracing async work, services, job states, and triggers","I'm trying to understand how paperless-ngx actually handles background processing when it ingests documents. I want to see what happens at runtime, not just read the config files.

Can you help me make sense of how async work behaves in a live setup? I’m interested in what services are involved behind the scenes, how background jobs appear once they are created, and how the system tells the difference between work that is waiting and work that is actively being processed. I also want to understand where the task state ends up being stored and how you can tell, after the fact, what happened to a given job.

From the code perspective, I want to connect that runtime behavior back to its origin. Where are these background jobs actually triggered, and what part of the code is responsible for sending them into the queue? Don’t modify any repository source files. If you need to create temporary scripts or artifacts to observe behavior, that’s fine, but clean them up afterward and leave the codebase unchanged.","Paperless-ngx background scheduled tasks (django-q schedules via migrations):
1. train_classifier (HOURLY): Retrains scikit-learn MLP classifiers for tags/correspondents/doc_types using existing document data. Only runs if auto-matching tags/correspondents/doc_types exist.
2. index_optimize (DAILY): Compacts Whoosh search index with writer.commit(optimize=True)
3. sanity_check (WEEKLY): Validates data integrity (checksums, file existence)
4. process_mail_accounts (EVERY 10 MINUTES): Fetches emails from configured IMAP accounts, processes attachments as new documents

All background tasks use django-q async_task with Redis broker. Bulk operations (bulk_edit.py) dispatch async_task(""documents.tasks.bulk_update_documents"") for reindexing after bulk edits.

Document indexing:
- During consumption: add_to_index signal handler calls index.add_or_update_document()
- API update (PUT/PATCH): DocumentViewSet.update() calls index.add_or_update_document() SYNCHRONOUSLY
- API delete: DocumentViewSet.destroy() calls index.remove_document_from_index() SYNCHRONOUSLY
- bulk_edit: dispatches async task that sends post_save signals + reindexes
- Management command: manage.py document_index reindex rebuilds from scratch
- Index files stored in DATA_DIR/index/ using Whoosh
- Startup: docker-prepare.sh checks .index_version, reindexes if mismatched",True,high,"The agent's final answer explicitly lists the four scheduled tasks (train_classifier, index_optimize, sanity_check, process_mail_accounts) with their specific frequencies and the bulk edit dispatch mechanism, all of which were detailed in the retrieved note, and the agent's shell commands specifically targeted the migration files and mail tasks mentioned in that note."
both,20260921T133243.122989422Z-openclaw-sweatlasqa-pilot30-amem-repo-both-sglang,task-6905333b74f22949d97ba9d9,025,1,237a1254-01b9-46fe-8eb1-9c29dabdefea,2,match,72,"Understanding how paperless-ngx handles background processing for document ingestion - tracing async work, services, job states, and triggers","I'm trying to understand how paperless-ngx actually handles background processing when it ingests documents. I want to see what happens at runtime, not just read the config files.

Can you help me make sense of how async work behaves in a live setup? I’m interested in what services are involved behind the scenes, how background jobs appear once they are created, and how the system tells the difference between work that is waiting and work that is actively being processed. I also want to understand where the task state ends up being stored and how you can tell, after the fact, what happened to a given job.

From the code perspective, I want to connect that runtime behavior back to its origin. Where are these background jobs actually triggered, and what part of the code is responsible for sending them into the queue? Don’t modify any repository source files. If you need to create temporary scripts or artifacts to observe behavior, that’s fine, but clean them up afterward and leave the codebase unchanged.","Paperless-ngx uses django-q (not Celery) for task queue. Q_CLUSTER configured in /app/src/paperless/settings.py with: catch_up=False, recycle=1, retry=timeout+10 (default 1810s), timeout=1800s, workers=auto based on CPU count, redis broker. Periodic tasks registered via Django migrations using django_q.tasks.schedule(): 1) documents.tasks.train_classifier - hourly (migrations/1001_auto_20201109_1636.py), 2) documents.tasks.index_optimize - daily (same migration), 3) documents.tasks.sanity_check - weekly (migrations/1004_sanity_check_schedule.py), 4) paperless_mail.tasks.process_mail_accounts - every 10 minutes (paperless_mail/migrations/0002_auto_20201117_1334.py). The supervisor config runs: gunicorn (web), document_consumer (file watcher), qcluster (scheduler). Startup tasks in docker-prepare.sh: run migrations, reindex search index (if version mismatch), create superuser. No automatic database cleanup, log rotation handled by LOGROTATE settings. No automatic failed document retry beyond django-q worker-level retry. Task execution history tracked by django_q Task model (part of django_q package).",True,high,"The agent's final answer explicitly incorporates specific details from the retrieved note, such as the use of django-q (not Celery), the specific scheduled tasks (train_classifier, index_optimize, etc.) and their frequencies, and the supervisor processes (gunicorn, document_consumer, qcluster), which directly reflect the content of the note."
both,20260921T133243.122989422Z-openclaw-sweatlasqa-pilot30-amem-repo-both-sglang,task-6905333b74f22949d97ba9d9,025,1,40346061-7041-44c5-8f51-48dc491cc3e4,4,match,59,"Understanding how paperless-ngx handles background processing for document ingestion - tracing async work, services, job states, and triggers","I'm trying to understand how paperless-ngx actually handles background processing when it ingests documents. I want to see what happens at runtime, not just read the config files.

Can you help me make sense of how async work behaves in a live setup? I’m interested in what services are involved behind the scenes, how background jobs appear once they are created, and how the system tells the difference between work that is waiting and work that is actively being processed. I also want to understand where the task state ends up being stored and how you can tell, after the fact, what happened to a given job.

From the code perspective, I want to connect that runtime behavior back to its origin. Where are these background jobs actually triggered, and what part of the code is responsible for sending them into the queue? Don’t modify any repository source files. If you need to create temporary scripts or artifacts to observe behavior, that’s fine, but clean them up afterward and leave the codebase unchanged.","Comprehensive analysis of paperless-ngx document processing pipeline:

CONSUMER.PY (src/documents/consumer.py) - main pipeline orchestrator:
- try_consume_file(): main entry point, runs the full pipeline
- Progress messages sent via WebSocket (Channels) to ""status_updates"" channel
- Progress levels: 0% STARTING, 20% PARSING_DOCUMENT, 70% GENERATING_THUMBNAIL, 90% PARSE_DATE, 95% SAVE_DOCUMENT, 100% SUCCESS/FAILED

PIPELINE STAGES:
1. File Arrival - via document_consumer command (watching CONSUMPTION_DIR), API upload, or paperless_mail
2. pre_check_file_exists() - file must exist
3. pre_check_duplicate() - MD5 checksum against existing docs; if CONSUMER_DELETE_DUPLICATES, deletes file silently
4. pre_check_directories() - creates scratch/thumbnail/originals/archive dirs
5. run_pre_consume_script() - executes PRE_CONSUME_SCRIPT if configured
6. MIME detection via libmagic -> parser lookup
7. document_consumption_started signal sent
8. Parse (20-80%) - calls parser.parse(), then get_optimised_thumbnail(), get_text(), get_date()
9. Date fallback - parse_date() if parser didn't extract date
10. _store() - Document.objects.create() in transaction.atomic()
11. document_consumption_finished signal sent with classifier
12. File move under FileLock - source->originals, thumbnail->thumbnails, archive->archive
13. doc.save() (filename set during lock)
14. Source file deleted from CONSUMPTION_DIR
15. run_post_consume_script() - executes POST_CONSUME_SCRIPT
16. Progress 100% SUCCESS sent via WebSocket

SIGNAL HANDLERS (apps.py connects to document_consumption_finished):
- add_inbox_tags: adds all tags where is_inbox_tag=True
- set_correspondent: auto-matches via classifier.predict_correspondent() or matching.match_correspondents()
- set_document_type: auto-matches via classifier.predict_document_type() or matching.match_document_types()
- set_tags: auto-matches via classifier.predict_tags() or matching.match_tags()
- set_log_entry: Django admin LogEntry.objects.create() with action_flag=ADDITION
- add_to_index: index.add_or_update_document() for Whoosh search index

ML CLASSIFIER (tasks.py train_classifier):
- SCHEDULED: HOURLY via django-q schedule (1001_auto_20201109_1636.py)
- CONDITION: Only runs if any Tag/Correspondent/DocumentType uses MATCH_AUTO
- DEDUP: Uses SHA-1 hash of training data; skips training if data unchanged (logger.debug ""Training data unchanged."")
- LOG when training: logger.info ""Saving updated classifier model to {MODEL_FILE}...""
- LOG when skipping: logger.debug ""Training data unchanged.""
- LOG when no auto-matching: early return (no log message)
- Uses scikit-learn MLPClassifier with CountVectorizer (word+bigram, min_df=0.01)

DISK STORAGE:
- Originals: ORIGINALS_DIR/<filename> (generated by generate_unique_filename())
- Archives: ARCHIVE_DIR/<archive_filename> (PDF with OCR)
- Thumbnails: THUMBNAIL_DIR/<pk:07>.png
- Filename format: PAPERLESS_FILENAME_FORMAT template or {pk:07}.{ext}
- Filename variables: title, correspondent, document_type, created, created_year/month/day, added, added_year/month/day, asn, tags, tag_list
- Archive PDF extension always .pdf regardless of original

DATABASE TABLES UPDATED:
- documents_document: main document record with title, content, mime_type, checksum, created, modified, storage_type, added
- documents_document_tags: M2M through table (also inbox tags)
- documents_correspondent: FK, nullable
- documents_documenttype: FK, nullable
- documents_tag: M2M (also inbox tags)
- django_admin_log: LogEntry with ADDITION action_flag for new document
- Whoosh index files in INDEX_DIR (not SQL tables)
- documents_log: Log model rows for document-level logging

BACKGROUND SERVICES (supervisord.conf):
- gunicorn: Web/API server
- consumer: document_consumer command (file watcher via inotify or polling)
- scheduler: qcluster (django-q task scheduler)",True,high,"The agent explicitly used the note's details to structure its investigation, running commands to verify specific file paths (consumer.py, tasks.py, apps.py) and identifiers (migration 1001, Q_CLUSTER settings) mentioned in the note, and incorporated the note's specific claims about django-q, supervisord services, and signal handlers into the final answer."
both,20260921T133243.122989422Z-openclaw-sweatlasqa-pilot30-amem-repo-both-sglang,task-6905333b74f22949d97ba9d9,025,1,996236d0-3ae5-4b07-ac5a-cd8350a88e1c,8,link,44,"Understanding how paperless-ngx handles background processing for document ingestion - tracing async work, services, job states, and triggers","I'm trying to understand how paperless-ngx actually handles background processing when it ingests documents. I want to see what happens at runtime, not just read the config files.

Can you help me make sense of how async work behaves in a live setup? I’m interested in what services are involved behind the scenes, how background jobs appear once they are created, and how the system tells the difference between work that is waiting and work that is actively being processed. I also want to understand where the task state ends up being stored and how you can tell, after the fact, what happened to a given job.

From the code perspective, I want to connect that runtime behavior back to its origin. Where are these background jobs actually triggered, and what part of the code is responsible for sending them into the queue? Don’t modify any repository source files. If you need to create temporary scripts or artifacts to observe behavior, that’s fine, but clean them up afterward and leave the codebase unchanged.","OCR RUNTIME BEHAVIOR:

CONSUMER PROGRESS (consumer.py): The Consumer class sends WebSocket progress updates via _send_progress() to ""status_updates"" channel. Progress stages: STARTING (0%), then WORKING with messages: PARSING_DOCUMENT (20%), GENERATING_THUMBNAIL (70%), PARSE_DATE (90%), SAVE_DOCUMENT (95%), SUCCESS/FAILED (100%). During OCR, progress is 20-80% range (recalculated from parser's internal progress via callback). Workers log ""Parsing {filename}..."" at debug level.

OCR PIPELINE (paperless_tesseract/parsers.py RasterisedDocumentParser):
1. For PDFs: First extracts existing text from original with extract_text() using pdfminer
2. Checks if text > 50 chars (original_has_text = True means PDF has embedded text)
3. If OCR_MODE==""skip_noarchive"" AND original_has_text: skips OCR entirely, just uses existing text, no archive created (archive_path=None)
4. Otherwise: calls ocrmypdf.ocr() with parameters from construct_ocrmypdf_parameters()
5. OCR results stored in archive.pdf, text extracted from sidecar.txt or pdfminer
6. If no text found: raises NoTextFoundException -> fallback to force-ocr -> last resort uses original text

OCR_MODES:
- skip (default): skip_text=True to ocrmypdf (skips pages that already have text, OCRs image-only pages)
- force: force_ocr=True (re-OCR everything including text layers)
- redo: redo_ocr=True
- skip_noarchive: skips OCR entirely if document has existing text (>50 chars); creates no archive PDF

FINAL STATE DIFFERENCES:
Document with text that goes through OCR (OCR_MODE=skip): has archive_path set, archive_checksum populated, content = text from sidecar (OCR'ed text only)
Document with text in skip_noarchive mode: archive_path=None, archive_checksum=None, content = original text from pdfminer
Image-only document: always gets archive created, archive_checksum set, content = OCR text
Documents with weak/no OCR results: still marked as SUCCESS (consumption succeeds). archive created but text may be empty string. Last resort falls back to original text if available.

API SERIALIZATION (serialisers.py DocumentSerializer): Returns id, correspondent, document_type, title, content, tags, created, modified, added, archive_serial_number, original_file_name, archived_file_name. No field distinguishes OCR vs non-OCR text in the API response.

BACKGROUND WORKERS (tasks.py): consume_file() is dispatched via async_task to django-q workers. The worker calls Consumer().try_consume_file() synchronously. WebSocket status updates come through during processing. For barcoded documents, scan_file_for_separating_barcodes() runs before consumption.",False,high,"The agent's final answer focuses on the task queue mechanism (django-q, `async_task`, `django_q_task` table) and entry points, but completely omits the specific OCR runtime details, progress stages, and state differences explicitly detailed in the retrieved note (e.g., WebSocket progress percentages, `OCR_MODE` behaviors, `archive_path` logic, and `Consumer` class internals)."
both,20260921T133243.122989422Z-openclaw-sweatlasqa-pilot30-amem-repo-both-sglang,task-6905333b74f22949d97ba9d9,025,1,17cbd5e4-cb8d-436d-8cd1-528cf291c4a4,9,link,56,"Understanding how paperless-ngx handles background processing for document ingestion - tracing async work, services, job states, and triggers","I'm trying to understand how paperless-ngx actually handles background processing when it ingests documents. I want to see what happens at runtime, not just read the config files.

Can you help me make sense of how async work behaves in a live setup? I’m interested in what services are involved behind the scenes, how background jobs appear once they are created, and how the system tells the difference between work that is waiting and work that is actively being processed. I also want to understand where the task state ends up being stored and how you can tell, after the fact, what happened to a given job.

From the code perspective, I want to connect that runtime behavior back to its origin. Where are these background jobs actually triggered, and what part of the code is responsible for sending them into the queue? Don’t modify any repository source files. If you need to create temporary scripts or artifacts to observe behavior, that’s fine, but clean them up afterward and leave the codebase unchanged.","Repository /app is paperless-ngx. Key structure: src/documents/ contains the main Django app with classifier.py, models.py, consumer.py, tasks.py, signals/handlers.py, apps.py. Tests in src/documents/tests/ include test_classifier.py, test_consumer.py, test_tasks.py, test_parsers.py. Classifier uses scikit-learn MLP with CountVectorizer. Training is scheduled hourly via django-q.",True,high,"The agent explicitly searched for the specific files mentioned in the note (consumer.py, tasks.py, apps.py, signals/handlers.py) and used the information about the `src/documents` structure to trace the code paths for background processing, leading to the detailed explanation of how jobs are triggered and processed."
both,20260921T133243.122989422Z-openclaw-sweatlasqa-pilot30-amem-repo-both-sglang,task-6905333b74f22949d97ba9db,026,1,40346061-7041-44c5-8f51-48dc491cc3e4,4,match,56,"Exploring Paperless-NGX repository to understand runtime behavior of file moves, tag changes, classifier, duplicate detection, and sanity checking","I'm onboarding into the Paperless-NGX repository and I'm curious about the hidden choreography that happens when the system is actually running. When a document's tags change and the filename format includes tags in the directory structure, files apparently relocate themselves. I wonder what log messages actually appear during that dance, and what the before and after paths look like in practice. There's supposedly a rollback safety net if something goes wrong during a file move, but I can't tell from reading the code whether it truly recovers or just promises to, what actually happens to files when a move fails partway through? Beyond file handling, there are other runtime mysteries I want to explore. The classifier's behavior puzzles me, sometimes training finishes instantly, other times it takes much longer. I want to trigger both scenarios and see the actual log messages that explain why training was skipped versus why it proceeded with full retraining, including whatever hash or checksum the system uses to detect changes. Duplicate detection feels like magic, two files that look completely different can still be rejected as duplicates, and I want to see the actual checksums being compared at that moment of judgment. The sanity checker intrigues me as well, what does its output actually look like when an archive is healthy versus when something has gone wrong, and can I see the specific hash values it compares when it discovers a mismatch? I also wonder about ghost files, whether orphaned files really linger in the media folder and what the system actually reports when it finds them. I need to see real runtime evidence for all of this; actual paths, actual checksums, actual log messages. Temporary scripts may be used for observation, but the repository itself should remain unchanged and anything temporary cleaned up afterward.","Comprehensive analysis of paperless-ngx document processing pipeline:

CONSUMER.PY (src/documents/consumer.py) - main pipeline orchestrator:
- try_consume_file(): main entry point, runs the full pipeline
- Progress messages sent via WebSocket (Channels) to ""status_updates"" channel
- Progress levels: 0% STARTING, 20% PARSING_DOCUMENT, 70% GENERATING_THUMBNAIL, 90% PARSE_DATE, 95% SAVE_DOCUMENT, 100% SUCCESS/FAILED

PIPELINE STAGES:
1. File Arrival - via document_consumer command (watching CONSUMPTION_DIR), API upload, or paperless_mail
2. pre_check_file_exists() - file must exist
3. pre_check_duplicate() - MD5 checksum against existing docs; if CONSUMER_DELETE_DUPLICATES, deletes file silently
4. pre_check_directories() - creates scratch/thumbnail/originals/archive dirs
5. run_pre_consume_script() - executes PRE_CONSUME_SCRIPT if configured
6. MIME detection via libmagic -> parser lookup
7. document_consumption_started signal sent
8. Parse (20-80%) - calls parser.parse(), then get_optimised_thumbnail(), get_text(), get_date()
9. Date fallback - parse_date() if parser didn't extract date
10. _store() - Document.objects.create() in transaction.atomic()
11. document_consumption_finished signal sent with classifier
12. File move under FileLock - source->originals, thumbnail->thumbnails, archive->archive
13. doc.save() (filename set during lock)
14. Source file deleted from CONSUMPTION_DIR
15. run_post_consume_script() - executes POST_CONSUME_SCRIPT
16. Progress 100% SUCCESS sent via WebSocket

SIGNAL HANDLERS (apps.py connects to document_consumption_finished):
- add_inbox_tags: adds all tags where is_inbox_tag=True
- set_correspondent: auto-matches via classifier.predict_correspondent() or matching.match_correspondents()
- set_document_type: auto-matches via classifier.predict_document_type() or matching.match_document_types()
- set_tags: auto-matches via classifier.predict_tags() or matching.match_tags()
- set_log_entry: Django admin LogEntry.objects.create() with action_flag=ADDITION
- add_to_index: index.add_or_update_document() for Whoosh search index

ML CLASSIFIER (tasks.py train_classifier):
- SCHEDULED: HOURLY via django-q schedule (1001_auto_20201109_1636.py)
- CONDITION: Only runs if any Tag/Correspondent/DocumentType uses MATCH_AUTO
- DEDUP: Uses SHA-1 hash of training data; skips training if data unchanged (logger.debug ""Training data unchanged."")
- LOG when training: logger.info ""Saving updated classifier model to {MODEL_FILE}...""
- LOG when skipping: logger.debug ""Training data unchanged.""
- LOG when no auto-matching: early return (no log message)
- Uses scikit-learn MLPClassifier with CountVectorizer (word+bigram, min_df=0.01)

DISK STORAGE:
- Originals: ORIGINALS_DIR/<filename> (generated by generate_unique_filename())
- Archives: ARCHIVE_DIR/<archive_filename> (PDF with OCR)
- Thumbnails: THUMBNAIL_DIR/<pk:07>.png
- Filename format: PAPERLESS_FILENAME_FORMAT template or {pk:07}.{ext}
- Filename variables: title, correspondent, document_type, created, created_year/month/day, added, added_year/month/day, asn, tags, tag_list
- Archive PDF extension always .pdf regardless of original

DATABASE TABLES UPDATED:
- documents_document: main document record with title, content, mime_type, checksum, created, modified, storage_type, added
- documents_document_tags: M2M through table (also inbox tags)
- documents_correspondent: FK, nullable
- documents_documenttype: FK, nullable
- documents_tag: M2M (also inbox tags)
- django_admin_log: LogEntry with ADDITION action_flag for new document
- Whoosh index files in INDEX_DIR (not SQL tables)
- documents_log: Log model rows for document-level logging

BACKGROUND SERVICES (supervisord.conf):
- gunicorn: Web/API server
- consumer: document_consumer command (file watcher via inotify or polling)
- scheduler: qcluster (django-q task scheduler)",True,high,"The agent's final answer explicitly incorporates specific details from the retrieved note, such as the SHA-1 hash mechanism for classifier training deduplication, the MD5 checksum comparison for duplicate detection, and the specific log messages ('Training data unchanged.') and signal handlers described in the note, confirming the note directly informed the technical explanation."
both,20260921T133243.122989422Z-openclaw-sweatlasqa-pilot30-amem-repo-both-sglang,task-6905333b74f22949d97ba9db,026,1,3b906020-c339-4d8e-ac8c-314e0ad95ef1,12,link,47,"Exploring Paperless-NGX repository to understand runtime behavior of file moves, tag changes, classifier, duplicate detection, and sanity checking","I'm onboarding into the Paperless-NGX repository and I'm curious about the hidden choreography that happens when the system is actually running. When a document's tags change and the filename format includes tags in the directory structure, files apparently relocate themselves. I wonder what log messages actually appear during that dance, and what the before and after paths look like in practice. There's supposedly a rollback safety net if something goes wrong during a file move, but I can't tell from reading the code whether it truly recovers or just promises to, what actually happens to files when a move fails partway through? Beyond file handling, there are other runtime mysteries I want to explore. The classifier's behavior puzzles me, sometimes training finishes instantly, other times it takes much longer. I want to trigger both scenarios and see the actual log messages that explain why training was skipped versus why it proceeded with full retraining, including whatever hash or checksum the system uses to detect changes. Duplicate detection feels like magic, two files that look completely different can still be rejected as duplicates, and I want to see the actual checksums being compared at that moment of judgment. The sanity checker intrigues me as well, what does its output actually look like when an archive is healthy versus when something has gone wrong, and can I see the specific hash values it compares when it discovers a mismatch? I also wonder about ghost files, whether orphaned files really linger in the media folder and what the system actually reports when it finds them. I need to see real runtime evidence for all of this; actual paths, actual checksums, actual log messages. Temporary scripts may be used for observation, but the repository itself should remain unchanged and anything temporary cleaned up afterward.","Document classification pipeline key findings:

1. CLASSIFIER REUSE: In consumer.py line 292, load_classifier() is called ONCE per document consumption (in try_consume_file). It loads from the pickle file if it exists, or returns None. Each document consumes independently — the classifier instance created for one document is NOT shared with the next. The handler functions in signals/handlers.py receive the classifier instance passed through the document_consumption_finished signal.

2. TRAINING TRIGGER: train_classifier() in tasks.py is scheduled HOURLY via django-q (migration 1001_auto_20201109_1636.py). It only runs if at least one Tag/DocumentType/Correspondent has matching_algorithm=6 (MATCH_AUTO). Training happens via hash comparison of training data — if data hasn't changed (SHA-1 hash match), training is skipped. During tests, training can be triggered via tasks.train_classifier() directly.

3. CONFIDENCE THRESHOLD: There is NO confidence threshold. The classifier uses sklearn MLPClassifier.predict() which returns argmax (always picks the highest-confidence class). It only rejects when the prediction is -1 (the null class), meaning ""no match found."" In classifier.py, predict_* methods return None/[] when id == -1, otherwise they return the prediction unconditionally.

4. OCR SUBPROCESS: OCRmyPDF is invoked as ocrmypdf.ocr(**args) (imported from the ocrmypdf Python package, not a shell subprocess directly). For no-text PDFs, OCRmyPDF with --skip-text creates an archive PDF. If OCR fails (NoTextFoundException or InputFileError), a safe fallback re-runs OCR with force_ocr=True. As last resort, original text is used if >50 chars, otherwise text is empty string.

5. MIME TYPE: Always set by libmagic from the original file at consumption start (consumer.py line 219: magic.from_file(self.path, mime=True)). Never changes during parsing, even if OCR extracts no text. The Document record stores this original mime_type (e.g., ""application/pdf"").

6. BARCODE SPLITTING: In tasks.py consume_file(), if CONSUMER_ENABLE_BARCODES is True, scan_file_for_separating_barcodes() finds pages matching CONSUMER_BARCODE_STRING (default ""PATCHT""). separate_pages() creates ONE output document per page range between separators. A PDF with N separators on pages P1, P2, ..., PN produces N+1 document records. The first range is pages 0..P1-1 (document_0), then pages P1+1..P2-1 (document_1), etc. Barcode pages themselves are skipped. The split files are saved to the consumption directory with numeric prefixes (e.g., ""0_originalfile.pdf"", ""1_originalfile.pdf""), then the original is deleted. Each split document then goes through independent consume_file() → try_consume_file() pipeline, meaning each split document creates its own Document DB record and triggers its own classifier match and document_consumption_finished signal.",False,high,"The agent's final answer contains specific details (SHA-1 hash for training, MD5 for duplicates, specific log messages like 'Training data unchanged') that are not present in the retrieved note, indicating the agent relied on its own code inspection rather than the provided note."
both,20260921T133243.122989422Z-openclaw-sweatlasqa-pilot30-amem-repo-both-sglang,task-6905333b74f22949d97ba9dc,027,1,5a661e97-9b15-4f50-8249-f00c89c5629e,1,match,68,Exploring paperless-ngx codebase to understand OCR processing behavior for multi-page PDFs,"I'm getting inconsistent OCR results when testing paperless-ngx locally with multi-page PDFs and need to understand the processing behavior better. Get the development environment running normally (create admin user if needed during setup), then upload a multi-page PDF through the standard interface that requires OCR processing. What HTTP response status and message do you receive immediately after upload submission? As processing happens, what key log patterns appear that show the document moving through different stages, including the OCRmyPDF invocation parameters? After processing finishes, what do the generated archive PDF and thumbnail filenames look like in the media storage area? Check the document record in the database - what fields are actually stored (not filesystem-only metadata) and what values appear for the processed document? No file modifications or permanent changes allowed, clean up any test files completely when done.","Paperless-ngx document metadata fields (from Document model in models.py):
REQUIRED/ESSENTIAL fields (set by consumer or auto-populated, never null):
- checksum: MD5 of original document, unique, required, auto-generated
- mime_type: detected via libmagic, required, auto-populated
- content: text extracted via parser (Tesseract/OCR), stored for search

OPTIONAL (all nullable or default):
- title: max 128 chars, blank (auto-set from filename or override)
- correspondent: FK nullable, auto-matched via classifier or rules
- document_type: FK nullable, auto-matched via classifier or rules
- tags: M2M, blank, inbox tags auto-applied, auto-matched via classifier
- created: datetime, defaults to now() or extracted from doc/filename
- storage_type: unencrypted by default
- archive_checksum: MD5 of archive PDF, nullable until archive created
- archive_serial_number: unique nullable integer
- filename: FilePathField, unique, not editable, generated after consumption
- archive_filename: FilePathField, nullable

DERIVED AT RUNTIME:
- filename, archive_filename: generated via generate_unique_filename() using PAPERLESS_FILENAME_FORMAT template with title/correspondent/type/created/added/tags/asn
- archive_serial_number: assigned by document_archiver command
- content: extracted by parsers (paperless_tesseract = OCRmyPDF + pdfminer)
- archive PDF: generated by paperless_tesseract.parser.parse() via ocrmypdf

API DocumentSerializer exposed fields: id, correspondent, document_type, title, content, tags, created, modified, added, archive_serial_number, original_file_name, archived_file_name",True,high,"The agent's final answer explicitly lists the database fields (checksum, mime_type, content, archive_checksum, archive_serial_number, filename, archive_filename, etc.) and their properties (e.g., MD5, nullable, auto-generated) which match the specific details provided in the retrieved note, indicating the note was used to structure the response about the document record."
both,20260921T133243.122989422Z-openclaw-sweatlasqa-pilot30-amem-repo-both-sglang,task-6905333b74f22949d97ba9dc,027,1,996236d0-3ae5-4b07-ac5a-cd8350a88e1c,2,match,62,Exploring paperless-ngx codebase to understand OCR processing behavior for multi-page PDFs,"I'm getting inconsistent OCR results when testing paperless-ngx locally with multi-page PDFs and need to understand the processing behavior better. Get the development environment running normally (create admin user if needed during setup), then upload a multi-page PDF through the standard interface that requires OCR processing. What HTTP response status and message do you receive immediately after upload submission? As processing happens, what key log patterns appear that show the document moving through different stages, including the OCRmyPDF invocation parameters? After processing finishes, what do the generated archive PDF and thumbnail filenames look like in the media storage area? Check the document record in the database - what fields are actually stored (not filesystem-only metadata) and what values appear for the processed document? No file modifications or permanent changes allowed, clean up any test files completely when done.","OCR RUNTIME BEHAVIOR:

CONSUMER PROGRESS (consumer.py): The Consumer class sends WebSocket progress updates via _send_progress() to ""status_updates"" channel. Progress stages: STARTING (0%), then WORKING with messages: PARSING_DOCUMENT (20%), GENERATING_THUMBNAIL (70%), PARSE_DATE (90%), SAVE_DOCUMENT (95%), SUCCESS/FAILED (100%). During OCR, progress is 20-80% range (recalculated from parser's internal progress via callback). Workers log ""Parsing {filename}..."" at debug level.

OCR PIPELINE (paperless_tesseract/parsers.py RasterisedDocumentParser):
1. For PDFs: First extracts existing text from original with extract_text() using pdfminer
2. Checks if text > 50 chars (original_has_text = True means PDF has embedded text)
3. If OCR_MODE==""skip_noarchive"" AND original_has_text: skips OCR entirely, just uses existing text, no archive created (archive_path=None)
4. Otherwise: calls ocrmypdf.ocr() with parameters from construct_ocrmypdf_parameters()
5. OCR results stored in archive.pdf, text extracted from sidecar.txt or pdfminer
6. If no text found: raises NoTextFoundException -> fallback to force-ocr -> last resort uses original text

OCR_MODES:
- skip (default): skip_text=True to ocrmypdf (skips pages that already have text, OCRs image-only pages)
- force: force_ocr=True (re-OCR everything including text layers)
- redo: redo_ocr=True
- skip_noarchive: skips OCR entirely if document has existing text (>50 chars); creates no archive PDF

FINAL STATE DIFFERENCES:
Document with text that goes through OCR (OCR_MODE=skip): has archive_path set, archive_checksum populated, content = text from sidecar (OCR'ed text only)
Document with text in skip_noarchive mode: archive_path=None, archive_checksum=None, content = original text from pdfminer
Image-only document: always gets archive created, archive_checksum set, content = OCR text
Documents with weak/no OCR results: still marked as SUCCESS (consumption succeeds). archive created but text may be empty string. Last resort falls back to original text if available.

API SERIALIZATION (serialisers.py DocumentSerializer): Returns id, correspondent, document_type, title, content, tags, created, modified, added, archive_serial_number, original_file_name, archived_file_name. No field distinguishes OCR vs non-OCR text in the API response.

BACKGROUND WORKERS (tasks.py): consume_file() is dispatched via async_task to django-q workers. The worker calls Consumer().try_consume_file() synchronously. WebSocket status updates come through during processing. For barcoded documents, scan_file_for_separating_barcodes() runs before consumption.",True,high,"The agent's final answer explicitly lists the six WebSocket progress stages (STARTING, PARSING_DOCUMENT, etc.) and their percentages which are detailed in the 'CONSUMER PROGRESS' section of the retrieved note, and it correctly describes the database fields and archive behavior distinctions based on the 'FINAL STATE DIFFERENCES' section of the note."
both,20260921T133243.122989422Z-openclaw-sweatlasqa-pilot30-amem-repo-both-sglang,task-6905333b74f22949d97ba9dc,027,1,40346061-7041-44c5-8f51-48dc491cc3e4,4,match,62,Exploring paperless-ngx codebase to understand OCR processing behavior for multi-page PDFs,"I'm getting inconsistent OCR results when testing paperless-ngx locally with multi-page PDFs and need to understand the processing behavior better. Get the development environment running normally (create admin user if needed during setup), then upload a multi-page PDF through the standard interface that requires OCR processing. What HTTP response status and message do you receive immediately after upload submission? As processing happens, what key log patterns appear that show the document moving through different stages, including the OCRmyPDF invocation parameters? After processing finishes, what do the generated archive PDF and thumbnail filenames look like in the media storage area? Check the document record in the database - what fields are actually stored (not filesystem-only metadata) and what values appear for the processed document? No file modifications or permanent changes allowed, clean up any test files completely when done.","Comprehensive analysis of paperless-ngx document processing pipeline:

CONSUMER.PY (src/documents/consumer.py) - main pipeline orchestrator:
- try_consume_file(): main entry point, runs the full pipeline
- Progress messages sent via WebSocket (Channels) to ""status_updates"" channel
- Progress levels: 0% STARTING, 20% PARSING_DOCUMENT, 70% GENERATING_THUMBNAIL, 90% PARSE_DATE, 95% SAVE_DOCUMENT, 100% SUCCESS/FAILED

PIPELINE STAGES:
1. File Arrival - via document_consumer command (watching CONSUMPTION_DIR), API upload, or paperless_mail
2. pre_check_file_exists() - file must exist
3. pre_check_duplicate() - MD5 checksum against existing docs; if CONSUMER_DELETE_DUPLICATES, deletes file silently
4. pre_check_directories() - creates scratch/thumbnail/originals/archive dirs
5. run_pre_consume_script() - executes PRE_CONSUME_SCRIPT if configured
6. MIME detection via libmagic -> parser lookup
7. document_consumption_started signal sent
8. Parse (20-80%) - calls parser.parse(), then get_optimised_thumbnail(), get_text(), get_date()
9. Date fallback - parse_date() if parser didn't extract date
10. _store() - Document.objects.create() in transaction.atomic()
11. document_consumption_finished signal sent with classifier
12. File move under FileLock - source->originals, thumbnail->thumbnails, archive->archive
13. doc.save() (filename set during lock)
14. Source file deleted from CONSUMPTION_DIR
15. run_post_consume_script() - executes POST_CONSUME_SCRIPT
16. Progress 100% SUCCESS sent via WebSocket

SIGNAL HANDLERS (apps.py connects to document_consumption_finished):
- add_inbox_tags: adds all tags where is_inbox_tag=True
- set_correspondent: auto-matches via classifier.predict_correspondent() or matching.match_correspondents()
- set_document_type: auto-matches via classifier.predict_document_type() or matching.match_document_types()
- set_tags: auto-matches via classifier.predict_tags() or matching.match_tags()
- set_log_entry: Django admin LogEntry.objects.create() with action_flag=ADDITION
- add_to_index: index.add_or_update_document() for Whoosh search index

ML CLASSIFIER (tasks.py train_classifier):
- SCHEDULED: HOURLY via django-q schedule (1001_auto_20201109_1636.py)
- CONDITION: Only runs if any Tag/Correspondent/DocumentType uses MATCH_AUTO
- DEDUP: Uses SHA-1 hash of training data; skips training if data unchanged (logger.debug ""Training data unchanged."")
- LOG when training: logger.info ""Saving updated classifier model to {MODEL_FILE}...""
- LOG when skipping: logger.debug ""Training data unchanged.""
- LOG when no auto-matching: early return (no log message)
- Uses scikit-learn MLPClassifier with CountVectorizer (word+bigram, min_df=0.01)

DISK STORAGE:
- Originals: ORIGINALS_DIR/<filename> (generated by generate_unique_filename())
- Archives: ARCHIVE_DIR/<archive_filename> (PDF with OCR)
- Thumbnails: THUMBNAIL_DIR/<pk:07>.png
- Filename format: PAPERLESS_FILENAME_FORMAT template or {pk:07}.{ext}
- Filename variables: title, correspondent, document_type, created, created_year/month/day, added, added_year/month/day, asn, tags, tag_list
- Archive PDF extension always .pdf regardless of original

DATABASE TABLES UPDATED:
- documents_document: main document record with title, content, mime_type, checksum, created, modified, storage_type, added
- documents_document_tags: M2M through table (also inbox tags)
- documents_correspondent: FK, nullable
- documents_documenttype: FK, nullable
- documents_tag: M2M (also inbox tags)
- django_admin_log: LogEntry with ADDITION action_flag for new document
- Whoosh index files in INDEX_DIR (not SQL tables)
- documents_log: Log model rows for document-level logging

BACKGROUND SERVICES (supervisord.conf):
- gunicorn: Web/API server
- consumer: document_consumer command (file watcher via inotify or polling)
- scheduler: qcluster (django-q task scheduler)",True,high,"The agent's final answer explicitly lists the specific WebSocket progress stages (STARTING, PARSING_DOCUMENT, etc.) and the database fields (id, title, content, checksum, etc.) that are detailed in the retrieved note, indicating it used the note's structural summary to formulate the response."
both,20260921T133243.122989422Z-openclaw-sweatlasqa-pilot30-amem-repo-both-sglang,task-6905333b74f22949d97ba9dc,027,1,3b906020-c339-4d8e-ac8c-314e0ad95ef1,10,link,57,Exploring paperless-ngx codebase to understand OCR processing behavior for multi-page PDFs,"I'm getting inconsistent OCR results when testing paperless-ngx locally with multi-page PDFs and need to understand the processing behavior better. Get the development environment running normally (create admin user if needed during setup), then upload a multi-page PDF through the standard interface that requires OCR processing. What HTTP response status and message do you receive immediately after upload submission? As processing happens, what key log patterns appear that show the document moving through different stages, including the OCRmyPDF invocation parameters? After processing finishes, what do the generated archive PDF and thumbnail filenames look like in the media storage area? Check the document record in the database - what fields are actually stored (not filesystem-only metadata) and what values appear for the processed document? No file modifications or permanent changes allowed, clean up any test files completely when done.","Document classification pipeline key findings:

1. CLASSIFIER REUSE: In consumer.py line 292, load_classifier() is called ONCE per document consumption (in try_consume_file). It loads from the pickle file if it exists, or returns None. Each document consumes independently — the classifier instance created for one document is NOT shared with the next. The handler functions in signals/handlers.py receive the classifier instance passed through the document_consumption_finished signal.

2. TRAINING TRIGGER: train_classifier() in tasks.py is scheduled HOURLY via django-q (migration 1001_auto_20201109_1636.py). It only runs if at least one Tag/DocumentType/Correspondent has matching_algorithm=6 (MATCH_AUTO). Training happens via hash comparison of training data — if data hasn't changed (SHA-1 hash match), training is skipped. During tests, training can be triggered via tasks.train_classifier() directly.

3. CONFIDENCE THRESHOLD: There is NO confidence threshold. The classifier uses sklearn MLPClassifier.predict() which returns argmax (always picks the highest-confidence class). It only rejects when the prediction is -1 (the null class), meaning ""no match found."" In classifier.py, predict_* methods return None/[] when id == -1, otherwise they return the prediction unconditionally.

4. OCR SUBPROCESS: OCRmyPDF is invoked as ocrmypdf.ocr(**args) (imported from the ocrmypdf Python package, not a shell subprocess directly). For no-text PDFs, OCRmyPDF with --skip-text creates an archive PDF. If OCR fails (NoTextFoundException or InputFileError), a safe fallback re-runs OCR with force_ocr=True. As last resort, original text is used if >50 chars, otherwise text is empty string.

5. MIME TYPE: Always set by libmagic from the original file at consumption start (consumer.py line 219: magic.from_file(self.path, mime=True)). Never changes during parsing, even if OCR extracts no text. The Document record stores this original mime_type (e.g., ""application/pdf"").

6. BARCODE SPLITTING: In tasks.py consume_file(), if CONSUMER_ENABLE_BARCODES is True, scan_file_for_separating_barcodes() finds pages matching CONSUMER_BARCODE_STRING (default ""PATCHT""). separate_pages() creates ONE output document per page range between separators. A PDF with N separators on pages P1, P2, ..., PN produces N+1 document records. The first range is pages 0..P1-1 (document_0), then pages P1+1..P2-1 (document_1), etc. Barcode pages themselves are skipped. The split files are saved to the consumption directory with numeric prefixes (e.g., ""0_originalfile.pdf"", ""1_originalfile.pdf""), then the original is deleted. Each split document then goes through independent consume_file() → try_consume_file() pipeline, meaning each split document creates its own Document DB record and triggers its own classifier match and document_consumption_finished signal.",False,high,"The agent's final answer focuses on HTTP responses, WebSocket logs, and database fields, completely ignoring the specific technical details from the retrieved note regarding classifier reuse, training triggers, confidence thresholds, and barcode splitting logic, which were not reflected in the answer or subsequent actions."
both,20260921T133243.122989422Z-openclaw-sweatlasqa-pilot30-amem-repo-both-sglang,task-6905333b74f22949d97ba9dc,027,1,2e4f8176-63a1-4f79-82a7-1559027864ba,11,link,44,Exploring paperless-ngx codebase to understand OCR processing behavior for multi-page PDFs,"I'm getting inconsistent OCR results when testing paperless-ngx locally with multi-page PDFs and need to understand the processing behavior better. Get the development environment running normally (create admin user if needed during setup), then upload a multi-page PDF through the standard interface that requires OCR processing. What HTTP response status and message do you receive immediately after upload submission? As processing happens, what key log patterns appear that show the document moving through different stages, including the OCRmyPDF invocation parameters? After processing finishes, what do the generated archive PDF and thumbnail filenames look like in the media storage area? Check the document record in the database - what fields are actually stored (not filesystem-only metadata) and what values appear for the processed document? No file modifications or permanent changes allowed, clean up any test files completely when done.","CONSUMER PIPELINE (consumer.py try_consume_file): 1) _send_progress(0,100,""STARTING"",""new_file"") → 2) pre_check_file_exists() → 3) pre_check_directories() (creates scratch/thumbnails/originals/archive dirs) → 4) pre_check_duplicate() (MD5 comparison) → 5) log ""Consuming {filename}"" → 6) MIME detection via libmagic → 7) document_consumption_started signal → 8) pre_consume_script → 9) Parse (20-80% progress, log ""Parsing {filename}..."") → 10) Thumbnail (70%, log ""Generating thumbnail for {filename}..."") → 11) Date extraction (90%, log ""parse_date"") → 12) _store() (95%, ""save_document"") creates Document in transaction.atomic() → 13) document_consumption_finished signal (triggers tag matching, correspondent, document_type, inbox tags, log entry, search index) → 14) Under FileLock: sets filename via generate_unique_filename(), creates directories, copies source→originals, thumbnail→thumbnails, archive→archive (with MD5 of archive for archive_checksum) → 15) document.save() (outside lock) → 16) os.unlink(source file) → 17) Deletes Mac OS X shadow file ""._filename"" → 18) post_consume_script → 19) log ""Document X consumption finished"" → 20) _send_progress(100,100,""SUCCESS"",""finished"",doc.id). Full pipeline progress: STARTING(0%), PARSING_DOCUMENT(20%), GENERATING_THUMBNAIL(70%), PARSE_DATE(90%), SAVE_DOCUMENT(95%), SUCCESS(100%).",True,high,"The agent's final answer explicitly lists the six WebSocket progress stages (STARTING, PARSING_DOCUMENT, GENERATING_THUMBNAIL, PARSE_DATE, SAVE_DOCUMENT, SUCCESS) and their percentages, which directly match the 'Full pipeline progress' section of the retrieved note, indicating the note was used to structure the explanation of the processing behavior."
both,20260921T133243.122989422Z-openclaw-sweatlasqa-pilot30-amem-repo-both-sglang,task-6905333b74f22949d97ba9dc,027,2,996236d0-3ae5-4b07-ac5a-cd8350a88e1c,1,match,58,"Final answer: compiling all evidence about paperless-ngx document upload, OCR processing, file generation, and database fields","I'm getting inconsistent OCR results when testing paperless-ngx locally with multi-page PDFs and need to understand the processing behavior better. Get the development environment running normally (create admin user if needed during setup), then upload a multi-page PDF through the standard interface that requires OCR processing. What HTTP response status and message do you receive immediately after upload submission? As processing happens, what key log patterns appear that show the document moving through different stages, including the OCRmyPDF invocation parameters? After processing finishes, what do the generated archive PDF and thumbnail filenames look like in the media storage area? Check the document record in the database - what fields are actually stored (not filesystem-only metadata) and what values appear for the processed document? No file modifications or permanent changes allowed, clean up any test files completely when done.","OCR RUNTIME BEHAVIOR:

CONSUMER PROGRESS (consumer.py): The Consumer class sends WebSocket progress updates via _send_progress() to ""status_updates"" channel. Progress stages: STARTING (0%), then WORKING with messages: PARSING_DOCUMENT (20%), GENERATING_THUMBNAIL (70%), PARSE_DATE (90%), SAVE_DOCUMENT (95%), SUCCESS/FAILED (100%). During OCR, progress is 20-80% range (recalculated from parser's internal progress via callback). Workers log ""Parsing {filename}..."" at debug level.

OCR PIPELINE (paperless_tesseract/parsers.py RasterisedDocumentParser):
1. For PDFs: First extracts existing text from original with extract_text() using pdfminer
2. Checks if text > 50 chars (original_has_text = True means PDF has embedded text)
3. If OCR_MODE==""skip_noarchive"" AND original_has_text: skips OCR entirely, just uses existing text, no archive created (archive_path=None)
4. Otherwise: calls ocrmypdf.ocr() with parameters from construct_ocrmypdf_parameters()
5. OCR results stored in archive.pdf, text extracted from sidecar.txt or pdfminer
6. If no text found: raises NoTextFoundException -> fallback to force-ocr -> last resort uses original text

OCR_MODES:
- skip (default): skip_text=True to ocrmypdf (skips pages that already have text, OCRs image-only pages)
- force: force_ocr=True (re-OCR everything including text layers)
- redo: redo_ocr=True
- skip_noarchive: skips OCR entirely if document has existing text (>50 chars); creates no archive PDF

FINAL STATE DIFFERENCES:
Document with text that goes through OCR (OCR_MODE=skip): has archive_path set, archive_checksum populated, content = text from sidecar (OCR'ed text only)
Document with text in skip_noarchive mode: archive_path=None, archive_checksum=None, content = original text from pdfminer
Image-only document: always gets archive created, archive_checksum set, content = OCR text
Documents with weak/no OCR results: still marked as SUCCESS (consumption succeeds). archive created but text may be empty string. Last resort falls back to original text if available.

API SERIALIZATION (serialisers.py DocumentSerializer): Returns id, correspondent, document_type, title, content, tags, created, modified, added, archive_serial_number, original_file_name, archived_file_name. No field distinguishes OCR vs non-OCR text in the API response.

BACKGROUND WORKERS (tasks.py): consume_file() is dispatched via async_task to django-q workers. The worker calls Consumer().try_consume_file() synchronously. WebSocket status updates come through during processing. For barcoded documents, scan_file_for_separating_barcodes() runs before consumption.",True,high,"The agent's final answer explicitly lists the six WebSocket progress stages (STARTING, PARSING_DOCUMENT, etc.) and their order, which are detailed verbatim in the 'CONSUMER PROGRESS' section of the retrieved note, and correctly describes the database fields and API serialization behavior mentioned in the note's 'API SERIALIZATION' section."
both,20260921T133243.122989422Z-openclaw-sweatlasqa-pilot30-amem-repo-both-sglang,task-6905333b74f22949d97ba9dc,027,2,40346061-7041-44c5-8f51-48dc491cc3e4,3,match,52,"Final answer: compiling all evidence about paperless-ngx document upload, OCR processing, file generation, and database fields","I'm getting inconsistent OCR results when testing paperless-ngx locally with multi-page PDFs and need to understand the processing behavior better. Get the development environment running normally (create admin user if needed during setup), then upload a multi-page PDF through the standard interface that requires OCR processing. What HTTP response status and message do you receive immediately after upload submission? As processing happens, what key log patterns appear that show the document moving through different stages, including the OCRmyPDF invocation parameters? After processing finishes, what do the generated archive PDF and thumbnail filenames look like in the media storage area? Check the document record in the database - what fields are actually stored (not filesystem-only metadata) and what values appear for the processed document? No file modifications or permanent changes allowed, clean up any test files completely when done.","Comprehensive analysis of paperless-ngx document processing pipeline:

CONSUMER.PY (src/documents/consumer.py) - main pipeline orchestrator:
- try_consume_file(): main entry point, runs the full pipeline
- Progress messages sent via WebSocket (Channels) to ""status_updates"" channel
- Progress levels: 0% STARTING, 20% PARSING_DOCUMENT, 70% GENERATING_THUMBNAIL, 90% PARSE_DATE, 95% SAVE_DOCUMENT, 100% SUCCESS/FAILED

PIPELINE STAGES:
1. File Arrival - via document_consumer command (watching CONSUMPTION_DIR), API upload, or paperless_mail
2. pre_check_file_exists() - file must exist
3. pre_check_duplicate() - MD5 checksum against existing docs; if CONSUMER_DELETE_DUPLICATES, deletes file silently
4. pre_check_directories() - creates scratch/thumbnail/originals/archive dirs
5. run_pre_consume_script() - executes PRE_CONSUME_SCRIPT if configured
6. MIME detection via libmagic -> parser lookup
7. document_consumption_started signal sent
8. Parse (20-80%) - calls parser.parse(), then get_optimised_thumbnail(), get_text(), get_date()
9. Date fallback - parse_date() if parser didn't extract date
10. _store() - Document.objects.create() in transaction.atomic()
11. document_consumption_finished signal sent with classifier
12. File move under FileLock - source->originals, thumbnail->thumbnails, archive->archive
13. doc.save() (filename set during lock)
14. Source file deleted from CONSUMPTION_DIR
15. run_post_consume_script() - executes POST_CONSUME_SCRIPT
16. Progress 100% SUCCESS sent via WebSocket

SIGNAL HANDLERS (apps.py connects to document_consumption_finished):
- add_inbox_tags: adds all tags where is_inbox_tag=True
- set_correspondent: auto-matches via classifier.predict_correspondent() or matching.match_correspondents()
- set_document_type: auto-matches via classifier.predict_document_type() or matching.match_document_types()
- set_tags: auto-matches via classifier.predict_tags() or matching.match_tags()
- set_log_entry: Django admin LogEntry.objects.create() with action_flag=ADDITION
- add_to_index: index.add_or_update_document() for Whoosh search index

ML CLASSIFIER (tasks.py train_classifier):
- SCHEDULED: HOURLY via django-q schedule (1001_auto_20201109_1636.py)
- CONDITION: Only runs if any Tag/Correspondent/DocumentType uses MATCH_AUTO
- DEDUP: Uses SHA-1 hash of training data; skips training if data unchanged (logger.debug ""Training data unchanged."")
- LOG when training: logger.info ""Saving updated classifier model to {MODEL_FILE}...""
- LOG when skipping: logger.debug ""Training data unchanged.""
- LOG when no auto-matching: early return (no log message)
- Uses scikit-learn MLPClassifier with CountVectorizer (word+bigram, min_df=0.01)

DISK STORAGE:
- Originals: ORIGINALS_DIR/<filename> (generated by generate_unique_filename())
- Archives: ARCHIVE_DIR/<archive_filename> (PDF with OCR)
- Thumbnails: THUMBNAIL_DIR/<pk:07>.png
- Filename format: PAPERLESS_FILENAME_FORMAT template or {pk:07}.{ext}
- Filename variables: title, correspondent, document_type, created, created_year/month/day, added, added_year/month/day, asn, tags, tag_list
- Archive PDF extension always .pdf regardless of original

DATABASE TABLES UPDATED:
- documents_document: main document record with title, content, mime_type, checksum, created, modified, storage_type, added
- documents_document_tags: M2M through table (also inbox tags)
- documents_correspondent: FK, nullable
- documents_documenttype: FK, nullable
- documents_tag: M2M (also inbox tags)
- django_admin_log: LogEntry with ADDITION action_flag for new document
- Whoosh index files in INDEX_DIR (not SQL tables)
- documents_log: Log model rows for document-level logging

BACKGROUND SERVICES (supervisord.conf):
- gunicorn: Web/API server
- consumer: document_consumer command (file watcher via inotify or polling)
- scheduler: qcluster (django-q task scheduler)",True,high,"The agent's final answer explicitly lists the specific WebSocket progress stages (STARTING, PARSING_DOCUMENT, etc.) and the database fields (id, title, content, checksum, etc.) that are detailed in the retrieved note, indicating it used the note to structure the response."
both,20260921T133243.122989422Z-openclaw-sweatlasqa-pilot30-amem-repo-both-sglang,task-6905333b74f22949d97ba9dc,027,2,3b906020-c339-4d8e-ac8c-314e0ad95ef1,4,match,52,"Final answer: compiling all evidence about paperless-ngx document upload, OCR processing, file generation, and database fields","I'm getting inconsistent OCR results when testing paperless-ngx locally with multi-page PDFs and need to understand the processing behavior better. Get the development environment running normally (create admin user if needed during setup), then upload a multi-page PDF through the standard interface that requires OCR processing. What HTTP response status and message do you receive immediately after upload submission? As processing happens, what key log patterns appear that show the document moving through different stages, including the OCRmyPDF invocation parameters? After processing finishes, what do the generated archive PDF and thumbnail filenames look like in the media storage area? Check the document record in the database - what fields are actually stored (not filesystem-only metadata) and what values appear for the processed document? No file modifications or permanent changes allowed, clean up any test files completely when done.","Document classification pipeline key findings:

1. CLASSIFIER REUSE: In consumer.py line 292, load_classifier() is called ONCE per document consumption (in try_consume_file). It loads from the pickle file if it exists, or returns None. Each document consumes independently — the classifier instance created for one document is NOT shared with the next. The handler functions in signals/handlers.py receive the classifier instance passed through the document_consumption_finished signal.

2. TRAINING TRIGGER: train_classifier() in tasks.py is scheduled HOURLY via django-q (migration 1001_auto_20201109_1636.py). It only runs if at least one Tag/DocumentType/Correspondent has matching_algorithm=6 (MATCH_AUTO). Training happens via hash comparison of training data — if data hasn't changed (SHA-1 hash match), training is skipped. During tests, training can be triggered via tasks.train_classifier() directly.

3. CONFIDENCE THRESHOLD: There is NO confidence threshold. The classifier uses sklearn MLPClassifier.predict() which returns argmax (always picks the highest-confidence class). It only rejects when the prediction is -1 (the null class), meaning ""no match found."" In classifier.py, predict_* methods return None/[] when id == -1, otherwise they return the prediction unconditionally.

4. OCR SUBPROCESS: OCRmyPDF is invoked as ocrmypdf.ocr(**args) (imported from the ocrmypdf Python package, not a shell subprocess directly). For no-text PDFs, OCRmyPDF with --skip-text creates an archive PDF. If OCR fails (NoTextFoundException or InputFileError), a safe fallback re-runs OCR with force_ocr=True. As last resort, original text is used if >50 chars, otherwise text is empty string.

5. MIME TYPE: Always set by libmagic from the original file at consumption start (consumer.py line 219: magic.from_file(self.path, mime=True)). Never changes during parsing, even if OCR extracts no text. The Document record stores this original mime_type (e.g., ""application/pdf"").

6. BARCODE SPLITTING: In tasks.py consume_file(), if CONSUMER_ENABLE_BARCODES is True, scan_file_for_separating_barcodes() finds pages matching CONSUMER_BARCODE_STRING (default ""PATCHT""). separate_pages() creates ONE output document per page range between separators. A PDF with N separators on pages P1, P2, ..., PN produces N+1 document records. The first range is pages 0..P1-1 (document_0), then pages P1+1..P2-1 (document_1), etc. Barcode pages themselves are skipped. The split files are saved to the consumption directory with numeric prefixes (e.g., ""0_originalfile.pdf"", ""1_originalfile.pdf""), then the original is deleted. Each split document then goes through independent consume_file() → try_consume_file() pipeline, meaning each split document creates its own Document DB record and triggers its own classifier match and document_consumption_finished signal.",False,high,"The agent's final answer describes the HTTP response, WebSocket stages, and database fields, but contains no information from the retrieved note regarding classifier reuse, training triggers, confidence thresholds, MIME type handling, or barcode splitting logic, indicating the note was irrelevant to the specific questions asked and was not utilized."
both,20260921T133243.122989422Z-openclaw-sweatlasqa-pilot30-amem-repo-both-sglang,task-6905333b74f22949d97ba9dc,027,2,2e4f8176-63a1-4f79-82a7-1559027864ba,9,link,47,"Final answer: compiling all evidence about paperless-ngx document upload, OCR processing, file generation, and database fields","I'm getting inconsistent OCR results when testing paperless-ngx locally with multi-page PDFs and need to understand the processing behavior better. Get the development environment running normally (create admin user if needed during setup), then upload a multi-page PDF through the standard interface that requires OCR processing. What HTTP response status and message do you receive immediately after upload submission? As processing happens, what key log patterns appear that show the document moving through different stages, including the OCRmyPDF invocation parameters? After processing finishes, what do the generated archive PDF and thumbnail filenames look like in the media storage area? Check the document record in the database - what fields are actually stored (not filesystem-only metadata) and what values appear for the processed document? No file modifications or permanent changes allowed, clean up any test files completely when done.","CONSUMER PIPELINE (consumer.py try_consume_file): 1) _send_progress(0,100,""STARTING"",""new_file"") → 2) pre_check_file_exists() → 3) pre_check_directories() (creates scratch/thumbnails/originals/archive dirs) → 4) pre_check_duplicate() (MD5 comparison) → 5) log ""Consuming {filename}"" → 6) MIME detection via libmagic → 7) document_consumption_started signal → 8) pre_consume_script → 9) Parse (20-80% progress, log ""Parsing {filename}..."") → 10) Thumbnail (70%, log ""Generating thumbnail for {filename}..."") → 11) Date extraction (90%, log ""parse_date"") → 12) _store() (95%, ""save_document"") creates Document in transaction.atomic() → 13) document_consumption_finished signal (triggers tag matching, correspondent, document_type, inbox tags, log entry, search index) → 14) Under FileLock: sets filename via generate_unique_filename(), creates directories, copies source→originals, thumbnail→thumbnails, archive→archive (with MD5 of archive for archive_checksum) → 15) document.save() (outside lock) → 16) os.unlink(source file) → 17) Deletes Mac OS X shadow file ""._filename"" → 18) post_consume_script → 19) log ""Document X consumption finished"" → 20) _send_progress(100,100,""SUCCESS"",""finished"",doc.id). Full pipeline progress: STARTING(0%), PARSING_DOCUMENT(20%), GENERATING_THUMBNAIL(70%), PARSE_DATE(90%), SAVE_DOCUMENT(95%), SUCCESS(100%).",True,high,"The agent's final answer explicitly lists the six WebSocket progress stages (STARTING, PARSING_DOCUMENT, GENERATING_THUMBNAIL, PARSE_DATE, SAVE_DOCUMENT, SUCCESS) and their percentages, which are derived directly from the specific pipeline steps and progress mapping detailed in the retrieved note."
both,20260921T133243.122989422Z-openclaw-sweatlasqa-pilot30-amem-repo-both-sglang,task-6905333b74f22949d97ba9dd,028,1,40346061-7041-44c5-8f51-48dc491cc3e4,4,match,66,Understanding Paperless-NGX codebase structure and document ingestion workflow,"I need to understand how Paperless-NGX processes a document from ingestion through indexing before I start working with the codebase. Set up the full environment and get all services running normally. Drop a small test file into the consumption directory and follow what happens. What log messages appear when the system first detects the file, what ingestion task gets triggered, and what additional tasks show up as the document moves through parsing, classification, and indexing? While the task is queued, check what the message broker is storing. What payload format or data structure represents the queued task? After processing completes, query the database to see where the document record is stored, which fields capture the parsed metadata, and where the system keeps a record of task execution or processing history.
Then trace the high-level codepath behind this workflow based on the behavior you observe. Starting from the part of the system that detects the new file, follow the chain of components involved in creating and submitting the ingestion task. Which part of the application is responsible for creating that task object, and what queuing framework does Paperless-NGX rely on to dispatch it? You may use temporary helper scripts or test files if needed, but don’t modify the actual source code, and clean up any temporary artifacts when you’re done.","Comprehensive analysis of paperless-ngx document processing pipeline:

CONSUMER.PY (src/documents/consumer.py) - main pipeline orchestrator:
- try_consume_file(): main entry point, runs the full pipeline
- Progress messages sent via WebSocket (Channels) to ""status_updates"" channel
- Progress levels: 0% STARTING, 20% PARSING_DOCUMENT, 70% GENERATING_THUMBNAIL, 90% PARSE_DATE, 95% SAVE_DOCUMENT, 100% SUCCESS/FAILED

PIPELINE STAGES:
1. File Arrival - via document_consumer command (watching CONSUMPTION_DIR), API upload, or paperless_mail
2. pre_check_file_exists() - file must exist
3. pre_check_duplicate() - MD5 checksum against existing docs; if CONSUMER_DELETE_DUPLICATES, deletes file silently
4. pre_check_directories() - creates scratch/thumbnail/originals/archive dirs
5. run_pre_consume_script() - executes PRE_CONSUME_SCRIPT if configured
6. MIME detection via libmagic -> parser lookup
7. document_consumption_started signal sent
8. Parse (20-80%) - calls parser.parse(), then get_optimised_thumbnail(), get_text(), get_date()
9. Date fallback - parse_date() if parser didn't extract date
10. _store() - Document.objects.create() in transaction.atomic()
11. document_consumption_finished signal sent with classifier
12. File move under FileLock - source->originals, thumbnail->thumbnails, archive->archive
13. doc.save() (filename set during lock)
14. Source file deleted from CONSUMPTION_DIR
15. run_post_consume_script() - executes POST_CONSUME_SCRIPT
16. Progress 100% SUCCESS sent via WebSocket

SIGNAL HANDLERS (apps.py connects to document_consumption_finished):
- add_inbox_tags: adds all tags where is_inbox_tag=True
- set_correspondent: auto-matches via classifier.predict_correspondent() or matching.match_correspondents()
- set_document_type: auto-matches via classifier.predict_document_type() or matching.match_document_types()
- set_tags: auto-matches via classifier.predict_tags() or matching.match_tags()
- set_log_entry: Django admin LogEntry.objects.create() with action_flag=ADDITION
- add_to_index: index.add_or_update_document() for Whoosh search index

ML CLASSIFIER (tasks.py train_classifier):
- SCHEDULED: HOURLY via django-q schedule (1001_auto_20201109_1636.py)
- CONDITION: Only runs if any Tag/Correspondent/DocumentType uses MATCH_AUTO
- DEDUP: Uses SHA-1 hash of training data; skips training if data unchanged (logger.debug ""Training data unchanged."")
- LOG when training: logger.info ""Saving updated classifier model to {MODEL_FILE}...""
- LOG when skipping: logger.debug ""Training data unchanged.""
- LOG when no auto-matching: early return (no log message)
- Uses scikit-learn MLPClassifier with CountVectorizer (word+bigram, min_df=0.01)

DISK STORAGE:
- Originals: ORIGINALS_DIR/<filename> (generated by generate_unique_filename())
- Archives: ARCHIVE_DIR/<archive_filename> (PDF with OCR)
- Thumbnails: THUMBNAIL_DIR/<pk:07>.png
- Filename format: PAPERLESS_FILENAME_FORMAT template or {pk:07}.{ext}
- Filename variables: title, correspondent, document_type, created, created_year/month/day, added, added_year/month/day, asn, tags, tag_list
- Archive PDF extension always .pdf regardless of original

DATABASE TABLES UPDATED:
- documents_document: main document record with title, content, mime_type, checksum, created, modified, storage_type, added
- documents_document_tags: M2M through table (also inbox tags)
- documents_correspondent: FK, nullable
- documents_documenttype: FK, nullable
- documents_tag: M2M (also inbox tags)
- django_admin_log: LogEntry with ADDITION action_flag for new document
- Whoosh index files in INDEX_DIR (not SQL tables)
- documents_log: Log model rows for document-level logging

BACKGROUND SERVICES (supervisord.conf):
- gunicorn: Web/API server
- consumer: document_consumer command (file watcher via inotify or polling)
- scheduler: qcluster (django-q task scheduler)",True,high,"The agent's subsequent shell commands directly target the specific files and functions (e.g., `consumer.py`, `tasks.py`, `apps.py`, `document_consumer.py`) and concepts (e.g., `django-q`, `signals`, `models`) detailed in the retrieved note, indicating the note guided the investigation path."
both,20260921T133243.122989422Z-openclaw-sweatlasqa-pilot30-amem-repo-both-sglang,task-6905333b74f22949d97ba9dd,028,1,3b4fafdf-71e8-4c7e-b0ce-98bc512874f0,5,match,66,Understanding Paperless-NGX codebase structure and document ingestion workflow,"I need to understand how Paperless-NGX processes a document from ingestion through indexing before I start working with the codebase. Set up the full environment and get all services running normally. Drop a small test file into the consumption directory and follow what happens. What log messages appear when the system first detects the file, what ingestion task gets triggered, and what additional tasks show up as the document moves through parsing, classification, and indexing? While the task is queued, check what the message broker is storing. What payload format or data structure represents the queued task? After processing completes, query the database to see where the document record is stored, which fields capture the parsed metadata, and where the system keeps a record of task execution or processing history.
Then trace the high-level codepath behind this workflow based on the behavior you observe. Starting from the part of the system that detects the new file, follow the chain of components involved in creating and submitting the ingestion task. Which part of the application is responsible for creating that task object, and what queuing framework does Paperless-NGX rely on to dispatch it? You may use temporary helper scripts or test files if needed, but don’t modify the actual source code, and clean up any temporary artifacts when you’re done.","Repository /app is paperless-ngx. Structure: src/paperless/ (Django project), src/documents/ (documents app with models.py, consumer.py, tasks.py, parsers/), src/paperless_mail/ (email handling), logs/ directory. Key files: consumer.py (document consumption pipeline), tasks.py (background scheduled tasks including train_classifier), apps.py (signal handlers for document_consumption_finished), models.py (Document model fields), settings.py (Q_CLUSTER config, docker settings), parsers/tesseract.py (OCR parser), classifiers/machine_learning.py (ML classifier), serialisers.py (API serializers), views.py (DocumentViewSet).",True,high,"The agent's shell commands directly target the specific files and functions identified in the note (e.g., `consumer.py`, `tasks.py`, `apps.py`, `models.py`) and grep for the specific configuration keys mentioned (e.g., `Q_CLUSTER`, `django_q`), demonstrating that the note's structural map drove the investigation."
both,20260921T133243.122989422Z-openclaw-sweatlasqa-pilot30-amem-repo-both-sglang,task-6905333b74f22949d97ba9dd,028,1,237a1254-01b9-46fe-8eb1-9c29dabdefea,6,link,61,Understanding Paperless-NGX codebase structure and document ingestion workflow,"I need to understand how Paperless-NGX processes a document from ingestion through indexing before I start working with the codebase. Set up the full environment and get all services running normally. Drop a small test file into the consumption directory and follow what happens. What log messages appear when the system first detects the file, what ingestion task gets triggered, and what additional tasks show up as the document moves through parsing, classification, and indexing? While the task is queued, check what the message broker is storing. What payload format or data structure represents the queued task? After processing completes, query the database to see where the document record is stored, which fields capture the parsed metadata, and where the system keeps a record of task execution or processing history.
Then trace the high-level codepath behind this workflow based on the behavior you observe. Starting from the part of the system that detects the new file, follow the chain of components involved in creating and submitting the ingestion task. Which part of the application is responsible for creating that task object, and what queuing framework does Paperless-NGX rely on to dispatch it? You may use temporary helper scripts or test files if needed, but don’t modify the actual source code, and clean up any temporary artifacts when you’re done.","Paperless-ngx uses django-q (not Celery) for task queue. Q_CLUSTER configured in /app/src/paperless/settings.py with: catch_up=False, recycle=1, retry=timeout+10 (default 1810s), timeout=1800s, workers=auto based on CPU count, redis broker. Periodic tasks registered via Django migrations using django_q.tasks.schedule(): 1) documents.tasks.train_classifier - hourly (migrations/1001_auto_20201109_1636.py), 2) documents.tasks.index_optimize - daily (same migration), 3) documents.tasks.sanity_check - weekly (migrations/1004_sanity_check_schedule.py), 4) paperless_mail.tasks.process_mail_accounts - every 10 minutes (paperless_mail/migrations/0002_auto_20201117_1334.py). The supervisor config runs: gunicorn (web), document_consumer (file watcher), qcluster (scheduler). Startup tasks in docker-prepare.sh: run migrations, reindex search index (if version mismatch), create superuser. No automatic database cleanup, log rotation handled by LOGROTATE settings. No automatic failed document retry beyond django-q worker-level retry. Task execution history tracked by django_q Task model (part of django_q package).",False,high,"The agent's subsequent actions consist of generic file exploration commands (find, ls, cat, grep) without referencing any specific details from the note (such as the specific migration files, the Q_CLUSTER configuration values, or the periodic task schedules), and the final answer is a placeholder indicating the content was written elsewhere, providing no evidence that the note's specific facts drove the analysis or output."
both,20260921T133243.122989422Z-openclaw-sweatlasqa-pilot30-amem-repo-both-sglang,task-6905333b74f22949d97ba9dd,028,1,996236d0-3ae5-4b07-ac5a-cd8350a88e1c,8,link,50,Understanding Paperless-NGX codebase structure and document ingestion workflow,"I need to understand how Paperless-NGX processes a document from ingestion through indexing before I start working with the codebase. Set up the full environment and get all services running normally. Drop a small test file into the consumption directory and follow what happens. What log messages appear when the system first detects the file, what ingestion task gets triggered, and what additional tasks show up as the document moves through parsing, classification, and indexing? While the task is queued, check what the message broker is storing. What payload format or data structure represents the queued task? After processing completes, query the database to see where the document record is stored, which fields capture the parsed metadata, and where the system keeps a record of task execution or processing history.
Then trace the high-level codepath behind this workflow based on the behavior you observe. Starting from the part of the system that detects the new file, follow the chain of components involved in creating and submitting the ingestion task. Which part of the application is responsible for creating that task object, and what queuing framework does Paperless-NGX rely on to dispatch it? You may use temporary helper scripts or test files if needed, but don’t modify the actual source code, and clean up any temporary artifacts when you’re done.","OCR RUNTIME BEHAVIOR:

CONSUMER PROGRESS (consumer.py): The Consumer class sends WebSocket progress updates via _send_progress() to ""status_updates"" channel. Progress stages: STARTING (0%), then WORKING with messages: PARSING_DOCUMENT (20%), GENERATING_THUMBNAIL (70%), PARSE_DATE (90%), SAVE_DOCUMENT (95%), SUCCESS/FAILED (100%). During OCR, progress is 20-80% range (recalculated from parser's internal progress via callback). Workers log ""Parsing {filename}..."" at debug level.

OCR PIPELINE (paperless_tesseract/parsers.py RasterisedDocumentParser):
1. For PDFs: First extracts existing text from original with extract_text() using pdfminer
2. Checks if text > 50 chars (original_has_text = True means PDF has embedded text)
3. If OCR_MODE==""skip_noarchive"" AND original_has_text: skips OCR entirely, just uses existing text, no archive created (archive_path=None)
4. Otherwise: calls ocrmypdf.ocr() with parameters from construct_ocrmypdf_parameters()
5. OCR results stored in archive.pdf, text extracted from sidecar.txt or pdfminer
6. If no text found: raises NoTextFoundException -> fallback to force-ocr -> last resort uses original text

OCR_MODES:
- skip (default): skip_text=True to ocrmypdf (skips pages that already have text, OCRs image-only pages)
- force: force_ocr=True (re-OCR everything including text layers)
- redo: redo_ocr=True
- skip_noarchive: skips OCR entirely if document has existing text (>50 chars); creates no archive PDF

FINAL STATE DIFFERENCES:
Document with text that goes through OCR (OCR_MODE=skip): has archive_path set, archive_checksum populated, content = text from sidecar (OCR'ed text only)
Document with text in skip_noarchive mode: archive_path=None, archive_checksum=None, content = original text from pdfminer
Image-only document: always gets archive created, archive_checksum set, content = OCR text
Documents with weak/no OCR results: still marked as SUCCESS (consumption succeeds). archive created but text may be empty string. Last resort falls back to original text if available.

API SERIALIZATION (serialisers.py DocumentSerializer): Returns id, correspondent, document_type, title, content, tags, created, modified, added, archive_serial_number, original_file_name, archived_file_name. No field distinguishes OCR vs non-OCR text in the API response.

BACKGROUND WORKERS (tasks.py): consume_file() is dispatched via async_task to django-q workers. The worker calls Consumer().try_consume_file() synchronously. WebSocket status updates come through during processing. For barcoded documents, scan_file_for_separating_barcodes() runs before consumption.",False,high,"The agent's subsequent actions consist entirely of generic file exploration commands (cat, grep, ls) to discover the codebase structure, and its reasoning snippets indicate it is 'exploring' and 'saving what I'm learning,' with no evidence that it applied the specific OCR modes, progress percentages, or pipeline logic described in the retrieved note to its actions or final answer."
both,20260921T133243.122989422Z-openclaw-sweatlasqa-pilot30-amem-repo-both-sglang,task-6905333b74f22949d97ba9dd,028,1,17cbd5e4-cb8d-436d-8cd1-528cf291c4a4,9,link,61,Understanding Paperless-NGX codebase structure and document ingestion workflow,"I need to understand how Paperless-NGX processes a document from ingestion through indexing before I start working with the codebase. Set up the full environment and get all services running normally. Drop a small test file into the consumption directory and follow what happens. What log messages appear when the system first detects the file, what ingestion task gets triggered, and what additional tasks show up as the document moves through parsing, classification, and indexing? While the task is queued, check what the message broker is storing. What payload format or data structure represents the queued task? After processing completes, query the database to see where the document record is stored, which fields capture the parsed metadata, and where the system keeps a record of task execution or processing history.
Then trace the high-level codepath behind this workflow based on the behavior you observe. Starting from the part of the system that detects the new file, follow the chain of components involved in creating and submitting the ingestion task. Which part of the application is responsible for creating that task object, and what queuing framework does Paperless-NGX rely on to dispatch it? You may use temporary helper scripts or test files if needed, but don’t modify the actual source code, and clean up any temporary artifacts when you’re done.","Repository /app is paperless-ngx. Key structure: src/documents/ contains the main Django app with classifier.py, models.py, consumer.py, tasks.py, signals/handlers.py, apps.py. Tests in src/documents/tests/ include test_classifier.py, test_consumer.py, test_tasks.py, test_parsers.py. Classifier uses scikit-learn MLP with CountVectorizer. Training is scheduled hourly via django-q.",False,high,"The agent's subsequent actions consist of generic file exploration commands (find, ls, cat, grep) and reasoning snippets that indicate it is exploring the codebase from scratch, without referencing or utilizing the specific structural details (like the presence of classifier.py, models.py, etc.) provided in the retrieved note."
both,20260921T133243.122989422Z-openclaw-sweatlasqa-pilot30-amem-repo-both-sglang,task-6905333b74f22949d97ba9dd,028,2,f9f3aff0-e479-437d-869b-aa782704a077,1,match,74,Final check of stored memory about Paperless-NGX document ingestion workflow before writing final answer,"I need to understand how Paperless-NGX processes a document from ingestion through indexing before I start working with the codebase. Set up the full environment and get all services running normally. Drop a small test file into the consumption directory and follow what happens. What log messages appear when the system first detects the file, what ingestion task gets triggered, and what additional tasks show up as the document moves through parsing, classification, and indexing? While the task is queued, check what the message broker is storing. What payload format or data structure represents the queued task? After processing completes, query the database to see where the document record is stored, which fields capture the parsed metadata, and where the system keeps a record of task execution or processing history.
Then trace the high-level codepath behind this workflow based on the behavior you observe. Starting from the part of the system that detects the new file, follow the chain of components involved in creating and submitting the ingestion task. Which part of the application is responsible for creating that task object, and what queuing framework does Paperless-NGX rely on to dispatch it? You may use temporary helper scripts or test files if needed, but don’t modify the actual source code, and clean up any temporary artifacts when you’re done.","Paperless-NGX document ingestion full codepath: 1) FileWatcherCommand (document_consumer.py) watches CONSUMPTION_DIR via inotify or polling using watchdog. 2) When file detected, Handler.on_created/on_moved calls _consume_wait_unmodified() then _consume(). 3) _consume() validates file, checks mime type, optionally creates tags from subdir path, then calls async_task(""documents.tasks.consume_file"", filepath, ...) using django-q. 4) django-q worker picks up task, calls consume_file() in tasks.py. 5) consume_file() scans for barcodes, splits if needed, then creates Consumer() and calls try_consume_file(). 6) try_consume_file() runs: pre_check_file_exists → pre_check_duplicate → mime detection → document_consumption_started signal → parse (OCR/text extraction via parser) → get_thumbnail → get_date → _store() (Document.objects.create in atomic txn) → document_consumption_finished signal → file move into place → document.save() → source file delete. 7) document_consumption_finished signals trigger (via apps.py): add_inbox_tags → set_correspondent → set_document_type → set_tags → set_log_entry (django admin LogEntry) → add_to_index (Whoosh). The task payload is a django-q async_task with function string ""documents.tasks.consume_file"" plus positional args (filepath, override_tag_ids, task_name). django-q stores this in Redis.",False,high,"The agent's final answer is merely a meta-statement about file writing and does not contain any of the specific technical details from the retrieved note (such as FileWatcherCommand, django-q, inotify, or the specific task payload structure), indicating the note was not used to generate the response."
both,20260921T133243.122989422Z-openclaw-sweatlasqa-pilot30-amem-repo-both-sglang,task-6905333b74f22949d97ba9dd,028,2,237a1254-01b9-46fe-8eb1-9c29dabdefea,2,match,70,Final check of stored memory about Paperless-NGX document ingestion workflow before writing final answer,"I need to understand how Paperless-NGX processes a document from ingestion through indexing before I start working with the codebase. Set up the full environment and get all services running normally. Drop a small test file into the consumption directory and follow what happens. What log messages appear when the system first detects the file, what ingestion task gets triggered, and what additional tasks show up as the document moves through parsing, classification, and indexing? While the task is queued, check what the message broker is storing. What payload format or data structure represents the queued task? After processing completes, query the database to see where the document record is stored, which fields capture the parsed metadata, and where the system keeps a record of task execution or processing history.
Then trace the high-level codepath behind this workflow based on the behavior you observe. Starting from the part of the system that detects the new file, follow the chain of components involved in creating and submitting the ingestion task. Which part of the application is responsible for creating that task object, and what queuing framework does Paperless-NGX rely on to dispatch it? You may use temporary helper scripts or test files if needed, but don’t modify the actual source code, and clean up any temporary artifacts when you’re done.","Paperless-ngx uses django-q (not Celery) for task queue. Q_CLUSTER configured in /app/src/paperless/settings.py with: catch_up=False, recycle=1, retry=timeout+10 (default 1810s), timeout=1800s, workers=auto based on CPU count, redis broker. Periodic tasks registered via Django migrations using django_q.tasks.schedule(): 1) documents.tasks.train_classifier - hourly (migrations/1001_auto_20201109_1636.py), 2) documents.tasks.index_optimize - daily (same migration), 3) documents.tasks.sanity_check - weekly (migrations/1004_sanity_check_schedule.py), 4) paperless_mail.tasks.process_mail_accounts - every 10 minutes (paperless_mail/migrations/0002_auto_20201117_1334.py). The supervisor config runs: gunicorn (web), document_consumer (file watcher), qcluster (scheduler). Startup tasks in docker-prepare.sh: run migrations, reindex search index (if version mismatch), create superuser. No automatic database cleanup, log rotation handled by LOGROTATE settings. No automatic failed document retry beyond django-q worker-level retry. Task execution history tracked by django_q Task model (part of django_q package).",False,high,"The agent's final answer is merely a status message confirming the file was written, containing no technical details about Paperless-NGX, django-q, or the ingestion workflow described in the note."
both,20260921T133243.122989422Z-openclaw-sweatlasqa-pilot30-amem-repo-both-sglang,task-6905333b74f22949d97ba9dd,028,2,3b4fafdf-71e8-4c7e-b0ce-98bc512874f0,4,match,69,Final check of stored memory about Paperless-NGX document ingestion workflow before writing final answer,"I need to understand how Paperless-NGX processes a document from ingestion through indexing before I start working with the codebase. Set up the full environment and get all services running normally. Drop a small test file into the consumption directory and follow what happens. What log messages appear when the system first detects the file, what ingestion task gets triggered, and what additional tasks show up as the document moves through parsing, classification, and indexing? While the task is queued, check what the message broker is storing. What payload format or data structure represents the queued task? After processing completes, query the database to see where the document record is stored, which fields capture the parsed metadata, and where the system keeps a record of task execution or processing history.
Then trace the high-level codepath behind this workflow based on the behavior you observe. Starting from the part of the system that detects the new file, follow the chain of components involved in creating and submitting the ingestion task. Which part of the application is responsible for creating that task object, and what queuing framework does Paperless-NGX rely on to dispatch it? You may use temporary helper scripts or test files if needed, but don’t modify the actual source code, and clean up any temporary artifacts when you’re done.","Repository /app is paperless-ngx. Structure: src/paperless/ (Django project config), src/documents/ (documents app with consumer.py, tasks.py, models.py, parsers/, classifiers/, signals/), src/paperless_mail/ (email handling). Key: consumer.py is the document consumption pipeline orchestrator, tasks.py handles scheduled background tasks (train_classifier, index_optimize, sanity_check), apps.py connects signal handlers to document_consumption_finished signal. Uses django-q (not Celery) for task queue with Redis broker. OCR done by paperless_tesseract parser (OCRmyPDF + pdfminer).",False,high,"The agent's final answer is merely a status message confirming the file was written, and the subsequent actions show no interaction with the Paperless-NGX codebase, no execution of commands targeting the specific files or components mentioned in the note (like consumer.py or django-q), and no reference to the note's content in the output."
both,20260921T133243.122989422Z-openclaw-sweatlasqa-pilot30-amem-repo-both-sglang,task-6905333b74f22949d97ba9dd,028,2,40346061-7041-44c5-8f51-48dc491cc3e4,5,match,64,Final check of stored memory about Paperless-NGX document ingestion workflow before writing final answer,"I need to understand how Paperless-NGX processes a document from ingestion through indexing before I start working with the codebase. Set up the full environment and get all services running normally. Drop a small test file into the consumption directory and follow what happens. What log messages appear when the system first detects the file, what ingestion task gets triggered, and what additional tasks show up as the document moves through parsing, classification, and indexing? While the task is queued, check what the message broker is storing. What payload format or data structure represents the queued task? After processing completes, query the database to see where the document record is stored, which fields capture the parsed metadata, and where the system keeps a record of task execution or processing history.
Then trace the high-level codepath behind this workflow based on the behavior you observe. Starting from the part of the system that detects the new file, follow the chain of components involved in creating and submitting the ingestion task. Which part of the application is responsible for creating that task object, and what queuing framework does Paperless-NGX rely on to dispatch it? You may use temporary helper scripts or test files if needed, but don’t modify the actual source code, and clean up any temporary artifacts when you’re done.","Comprehensive analysis of paperless-ngx document processing pipeline:

CONSUMER.PY (src/documents/consumer.py) - main pipeline orchestrator:
- try_consume_file(): main entry point, runs the full pipeline
- Progress messages sent via WebSocket (Channels) to ""status_updates"" channel
- Progress levels: 0% STARTING, 20% PARSING_DOCUMENT, 70% GENERATING_THUMBNAIL, 90% PARSE_DATE, 95% SAVE_DOCUMENT, 100% SUCCESS/FAILED

PIPELINE STAGES:
1. File Arrival - via document_consumer command (watching CONSUMPTION_DIR), API upload, or paperless_mail
2. pre_check_file_exists() - file must exist
3. pre_check_duplicate() - MD5 checksum against existing docs; if CONSUMER_DELETE_DUPLICATES, deletes file silently
4. pre_check_directories() - creates scratch/thumbnail/originals/archive dirs
5. run_pre_consume_script() - executes PRE_CONSUME_SCRIPT if configured
6. MIME detection via libmagic -> parser lookup
7. document_consumption_started signal sent
8. Parse (20-80%) - calls parser.parse(), then get_optimised_thumbnail(), get_text(), get_date()
9. Date fallback - parse_date() if parser didn't extract date
10. _store() - Document.objects.create() in transaction.atomic()
11. document_consumption_finished signal sent with classifier
12. File move under FileLock - source->originals, thumbnail->thumbnails, archive->archive
13. doc.save() (filename set during lock)
14. Source file deleted from CONSUMPTION_DIR
15. run_post_consume_script() - executes POST_CONSUME_SCRIPT
16. Progress 100% SUCCESS sent via WebSocket

SIGNAL HANDLERS (apps.py connects to document_consumption_finished):
- add_inbox_tags: adds all tags where is_inbox_tag=True
- set_correspondent: auto-matches via classifier.predict_correspondent() or matching.match_correspondents()
- set_document_type: auto-matches via classifier.predict_document_type() or matching.match_document_types()
- set_tags: auto-matches via classifier.predict_tags() or matching.match_tags()
- set_log_entry: Django admin LogEntry.objects.create() with action_flag=ADDITION
- add_to_index: index.add_or_update_document() for Whoosh search index

ML CLASSIFIER (tasks.py train_classifier):
- SCHEDULED: HOURLY via django-q schedule (1001_auto_20201109_1636.py)
- CONDITION: Only runs if any Tag/Correspondent/DocumentType uses MATCH_AUTO
- DEDUP: Uses SHA-1 hash of training data; skips training if data unchanged (logger.debug ""Training data unchanged."")
- LOG when training: logger.info ""Saving updated classifier model to {MODEL_FILE}...""
- LOG when skipping: logger.debug ""Training data unchanged.""
- LOG when no auto-matching: early return (no log message)
- Uses scikit-learn MLPClassifier with CountVectorizer (word+bigram, min_df=0.01)

DISK STORAGE:
- Originals: ORIGINALS_DIR/<filename> (generated by generate_unique_filename())
- Archives: ARCHIVE_DIR/<archive_filename> (PDF with OCR)
- Thumbnails: THUMBNAIL_DIR/<pk:07>.png
- Filename format: PAPERLESS_FILENAME_FORMAT template or {pk:07}.{ext}
- Filename variables: title, correspondent, document_type, created, created_year/month/day, added, added_year/month/day, asn, tags, tag_list
- Archive PDF extension always .pdf regardless of original

DATABASE TABLES UPDATED:
- documents_document: main document record with title, content, mime_type, checksum, created, modified, storage_type, added
- documents_document_tags: M2M through table (also inbox tags)
- documents_correspondent: FK, nullable
- documents_documenttype: FK, nullable
- documents_tag: M2M (also inbox tags)
- django_admin_log: LogEntry with ADDITION action_flag for new document
- Whoosh index files in INDEX_DIR (not SQL tables)
- documents_log: Log model rows for document-level logging

BACKGROUND SERVICES (supervisord.conf):
- gunicorn: Web/API server
- consumer: document_consumer command (file watcher via inotify or polling)
- scheduler: qcluster (django-q task scheduler)",False,high,"The agent's final answer is merely a meta-statement confirming that the answer file was written, rather than the actual content derived from the note; the note's specific details about the pipeline stages, file paths, and database tables do not appear in the final output."
both,20260921T133243.122989422Z-openclaw-sweatlasqa-pilot30-amem-repo-both-sglang,task-6905333b74f22949d97ba9dd,028,2,2e4f8176-63a1-4f79-82a7-1559027864ba,7,link,49,Final check of stored memory about Paperless-NGX document ingestion workflow before writing final answer,"I need to understand how Paperless-NGX processes a document from ingestion through indexing before I start working with the codebase. Set up the full environment and get all services running normally. Drop a small test file into the consumption directory and follow what happens. What log messages appear when the system first detects the file, what ingestion task gets triggered, and what additional tasks show up as the document moves through parsing, classification, and indexing? While the task is queued, check what the message broker is storing. What payload format or data structure represents the queued task? After processing completes, query the database to see where the document record is stored, which fields capture the parsed metadata, and where the system keeps a record of task execution or processing history.
Then trace the high-level codepath behind this workflow based on the behavior you observe. Starting from the part of the system that detects the new file, follow the chain of components involved in creating and submitting the ingestion task. Which part of the application is responsible for creating that task object, and what queuing framework does Paperless-NGX rely on to dispatch it? You may use temporary helper scripts or test files if needed, but don’t modify the actual source code, and clean up any temporary artifacts when you’re done.","CONSUMER PIPELINE (consumer.py try_consume_file): 1) _send_progress(0,100,""STARTING"",""new_file"") → 2) pre_check_file_exists() → 3) pre_check_directories() (creates scratch/thumbnails/originals/archive dirs) → 4) pre_check_duplicate() (MD5 comparison) → 5) log ""Consuming {filename}"" → 6) MIME detection via libmagic → 7) document_consumption_started signal → 8) pre_consume_script → 9) Parse (20-80% progress, log ""Parsing {filename}..."") → 10) Thumbnail (70%, log ""Generating thumbnail for {filename}..."") → 11) Date extraction (90%, log ""parse_date"") → 12) _store() (95%, ""save_document"") creates Document in transaction.atomic() → 13) document_consumption_finished signal (triggers tag matching, correspondent, document_type, inbox tags, log entry, search index) → 14) Under FileLock: sets filename via generate_unique_filename(), creates directories, copies source→originals, thumbnail→thumbnails, archive→archive (with MD5 of archive for archive_checksum) → 15) document.save() (outside lock) → 16) os.unlink(source file) → 17) Deletes Mac OS X shadow file ""._filename"" → 18) post_consume_script → 19) log ""Document X consumption finished"" → 20) _send_progress(100,100,""SUCCESS"",""finished"",doc.id). Full pipeline progress: STARTING(0%), PARSING_DOCUMENT(20%), GENERATING_THUMBNAIL(70%), PARSE_DATE(90%), SAVE_DOCUMENT(95%), SUCCESS(100%).",False,high,"The agent's final answer is merely a meta-commentary about file writing operations and does not contain any of the specific technical details from the retrieved note (such as the 20-step pipeline, specific log messages, progress percentages, or function names like `_send_progress` or `pre_check_duplicate`)."
both,20260921T133243.122989422Z-openclaw-sweatlasqa-pilot30-amem-repo-both-sglang,task-6905333b74f22949d97ba9dd,028,2,17cbd5e4-cb8d-436d-8cd1-528cf291c4a4,10,link,64,Final check of stored memory about Paperless-NGX document ingestion workflow before writing final answer,"I need to understand how Paperless-NGX processes a document from ingestion through indexing before I start working with the codebase. Set up the full environment and get all services running normally. Drop a small test file into the consumption directory and follow what happens. What log messages appear when the system first detects the file, what ingestion task gets triggered, and what additional tasks show up as the document moves through parsing, classification, and indexing? While the task is queued, check what the message broker is storing. What payload format or data structure represents the queued task? After processing completes, query the database to see where the document record is stored, which fields capture the parsed metadata, and where the system keeps a record of task execution or processing history.
Then trace the high-level codepath behind this workflow based on the behavior you observe. Starting from the part of the system that detects the new file, follow the chain of components involved in creating and submitting the ingestion task. Which part of the application is responsible for creating that task object, and what queuing framework does Paperless-NGX rely on to dispatch it? You may use temporary helper scripts or test files if needed, but don’t modify the actual source code, and clean up any temporary artifacts when you’re done.","Repository /app is paperless-ngx. Key structure: src/documents/ contains the main Django app with classifier.py, models.py, consumer.py, tasks.py, signals/handlers.py, apps.py. Tests in src/documents/tests/ include test_classifier.py, test_consumer.py, test_tasks.py, test_parsers.py. Classifier uses scikit-learn MLP with CountVectorizer. Training is scheduled hourly via django-q.",False,high,"The agent's final answer is merely a status message confirming the file was written, and the subsequent actions show no interaction with the specific files (e.g., consumer.py, tasks.py) or concepts (e.g., django-q, scikit-learn) mentioned in the retrieved note."
both,20260921T133243.122989422Z-openclaw-sweatlasqa-pilot30-amem-repo-both-sglang,task-6905333b74f22949d97ba9dd,028,2,996236d0-3ae5-4b07-ac5a-cd8350a88e1c,11,link,48,Final check of stored memory about Paperless-NGX document ingestion workflow before writing final answer,"I need to understand how Paperless-NGX processes a document from ingestion through indexing before I start working with the codebase. Set up the full environment and get all services running normally. Drop a small test file into the consumption directory and follow what happens. What log messages appear when the system first detects the file, what ingestion task gets triggered, and what additional tasks show up as the document moves through parsing, classification, and indexing? While the task is queued, check what the message broker is storing. What payload format or data structure represents the queued task? After processing completes, query the database to see where the document record is stored, which fields capture the parsed metadata, and where the system keeps a record of task execution or processing history.
Then trace the high-level codepath behind this workflow based on the behavior you observe. Starting from the part of the system that detects the new file, follow the chain of components involved in creating and submitting the ingestion task. Which part of the application is responsible for creating that task object, and what queuing framework does Paperless-NGX rely on to dispatch it? You may use temporary helper scripts or test files if needed, but don’t modify the actual source code, and clean up any temporary artifacts when you’re done.","OCR RUNTIME BEHAVIOR:

CONSUMER PROGRESS (consumer.py): The Consumer class sends WebSocket progress updates via _send_progress() to ""status_updates"" channel. Progress stages: STARTING (0%), then WORKING with messages: PARSING_DOCUMENT (20%), GENERATING_THUMBNAIL (70%), PARSE_DATE (90%), SAVE_DOCUMENT (95%), SUCCESS/FAILED (100%). During OCR, progress is 20-80% range (recalculated from parser's internal progress via callback). Workers log ""Parsing {filename}..."" at debug level.

OCR PIPELINE (paperless_tesseract/parsers.py RasterisedDocumentParser):
1. For PDFs: First extracts existing text from original with extract_text() using pdfminer
2. Checks if text > 50 chars (original_has_text = True means PDF has embedded text)
3. If OCR_MODE==""skip_noarchive"" AND original_has_text: skips OCR entirely, just uses existing text, no archive created (archive_path=None)
4. Otherwise: calls ocrmypdf.ocr() with parameters from construct_ocrmypdf_parameters()
5. OCR results stored in archive.pdf, text extracted from sidecar.txt or pdfminer
6. If no text found: raises NoTextFoundException -> fallback to force-ocr -> last resort uses original text

OCR_MODES:
- skip (default): skip_text=True to ocrmypdf (skips pages that already have text, OCRs image-only pages)
- force: force_ocr=True (re-OCR everything including text layers)
- redo: redo_ocr=True
- skip_noarchive: skips OCR entirely if document has existing text (>50 chars); creates no archive PDF

FINAL STATE DIFFERENCES:
Document with text that goes through OCR (OCR_MODE=skip): has archive_path set, archive_checksum populated, content = text from sidecar (OCR'ed text only)
Document with text in skip_noarchive mode: archive_path=None, archive_checksum=None, content = original text from pdfminer
Image-only document: always gets archive created, archive_checksum set, content = OCR text
Documents with weak/no OCR results: still marked as SUCCESS (consumption succeeds). archive created but text may be empty string. Last resort falls back to original text if available.

API SERIALIZATION (serialisers.py DocumentSerializer): Returns id, correspondent, document_type, title, content, tags, created, modified, added, archive_serial_number, original_file_name, archived_file_name. No field distinguishes OCR vs non-OCR text in the API response.

BACKGROUND WORKERS (tasks.py): consume_file() is dispatched via async_task to django-q workers. The worker calls Consumer().try_consume_file() synchronously. WebSocket status updates come through during processing. For barcoded documents, scan_file_for_separating_barcodes() runs before consumption.",False,high,"The agent's final answer is a placeholder message stating the file was written, and the subsequent actions only show file manipulation commands without any content derived from the retrieved note about OCR runtime behavior or consumer progress."
both,20260921T133243.122989422Z-openclaw-sweatlasqa-pilot30-amem-repo-both-sglang,task-6905333b74f22949d97ba9e0,030,1,74304c22-2dfa-48f3-a110-30675ca33f83,2,match,48,"Investigating why document list shows duplicates or disappearing documents during paging with filters enabled - need to understand backend pagination, deduplication, sorting stability, and sharing rules","I am trying to figure out why the documents list can feel haunted during normal browsing, where paging through the documents view with a couple of common filters enabled can make the same document show up twice across neighboring pages or disappear for a page and then come back even though nobody is editing anything and the sort order looks unchanged. It gets stranger when the viewer is not an all powerful admin and visibility is shaped by sharing rules, because the glitch seems to depend on what the user is allowed to see rather than what exists. Is the backend producing duplicates that get collapsed somewhere later, is pagination happening before any de duplication, or is the ordering quietly unstable when multiple rows tie on the primary sort key? I want to watch what the API actually returns across consecutive page requests, and line that up with what the UI thinks pagination means until the exact condition that destabilizes the list becomes clear. Temporary scripts may be used for observation, but the repository itself should remain unchanged and anything temporary should be cleaned up afterward.","Paperless-ngx API endpoints: The base API prefix is `/api/`. Token obtain endpoint is `POST /api/token/`. Documents list is `GET /api/documents/`. Other endpoints include documents/{pk}/download/, documents/{pk}/thumb/, documents/{pk}/preview/, documents/{pk}/metadata/, documents/{pk}/suggestions/, documents/post_document/, correspondents/, document_types/, tags/, saved_views/, logs/, search/autocomplete/, statistics/. The UnifiedSearchViewSet extends DocumentViewSet and registers at `documents`. DocumentSerializer fields: id, correspondent, document_type, title, content, tags, created, modified, added, archive_serial_number, original_file_name, archived_file_name. StandardPagination (PageNumberPagination) used with page_size=25, max_page_size=100000.",True,high,"The agent explicitly used the note's information about the API endpoint (`/api/documents/`) and pagination settings (`StandardPagination`, `page_size=25`) to guide its investigation, specifically running commands to inspect `views.py` and `filters.py` to trace the logic of the `DocumentViewSet` and `StandardPagination` class mentioned in the note."
both,20260921T133243.122989422Z-openclaw-sweatlasqa-pilot30-amem-repo-both-sglang,task-6905333b74f22949d97ba9e0,030,2,8020abde-8da0-4c3f-9f71-2f92be2449e6,1,match,64,Writing final answer about why paperless-ngx document list shows duplicates and disappearing documents during paging with filters,"I am trying to figure out why the documents list can feel haunted during normal browsing, where paging through the documents view with a couple of common filters enabled can make the same document show up twice across neighboring pages or disappear for a page and then come back even though nobody is editing anything and the sort order looks unchanged. It gets stranger when the viewer is not an all powerful admin and visibility is shaped by sharing rules, because the glitch seems to depend on what the user is allowed to see rather than what exists. Is the backend producing duplicates that get collapsed somewhere later, is pagination happening before any de duplication, or is the ordering quietly unstable when multiple rows tie on the primary sort key? I want to watch what the API actually returns across consecutive page requests, and line that up with what the UI thinks pagination means until the exact condition that destabilizes the list becomes clear. Temporary scripts may be used for observation, but the repository itself should remain unchanged and anything temporary should be cleaned up afterward.","Paperless-ngx pagination bug: Document.objects.distinct() in get_queryset() (views.py:198-199) runs before DjangoFilterBackend M2M JOINs, making it a no-op for tag filters (tags__id, tags__name). TagsFilter(in_list=True) correctly adds .distinct() after JOIN, but TagsFilter(exclude=False) for tags__id__all/tags__id__none, InboxFilter, and standard filtering do not, causing duplicate documents in paginated results. Key locations: views.py:184 (filter_backends), views.py:188-195 (ordering_fields), filters.py:51 (TagsFilter in_list), filters.py:54-55 (TagsFilter exclude=False), filters.py:69-71 (InboxFilter), models.py:208 (ordering meta), pagination: PageNumberPagination (page_size=25).",True,high,"The agent's final answer explicitly cites the specific file locations (views.py:198-199, filters.py:51, etc.) and the technical mechanism (DISTINCT before M2M JOINs) described in the retrieved note, using them as the core evidence for the root cause analysis."
both,20260921T133243.122989422Z-openclaw-sweatlasqa-pilot30-amem-repo-both-sglang,task-6905333b74f22949d97ba9e0,030,2,2efeaf03-bb24-46b7-b738-690a63f7396b,2,match,66,Writing final answer about why paperless-ngx document list shows duplicates and disappearing documents during paging with filters,"I am trying to figure out why the documents list can feel haunted during normal browsing, where paging through the documents view with a couple of common filters enabled can make the same document show up twice across neighboring pages or disappear for a page and then come back even though nobody is editing anything and the sort order looks unchanged. It gets stranger when the viewer is not an all powerful admin and visibility is shaped by sharing rules, because the glitch seems to depend on what the user is allowed to see rather than what exists. Is the backend producing duplicates that get collapsed somewhere later, is pagination happening before any de duplication, or is the ordering quietly unstable when multiple rows tie on the primary sort key? I want to watch what the API actually returns across consecutive page requests, and line that up with what the UI thinks pagination means until the exact condition that destabilizes the list becomes clear. Temporary scripts may be used for observation, but the repository itself should remain unchanged and anything temporary should be cleaned up afterward.","PAPERLESS-NGX PAGINATION BUG (SECONDARY): Document model ordering is ""-created"" only (models.py:208). When multiple documents share the same created timestamp, the DB returns them in arbitrary order (often PK-based). Since 'id' is not included as a tiebreaker in the default ORDER BY, documents may swap pages between queries if the DB reorders tied rows (e.g., due to index changes, vacuum). This contributes to unstable pagination when combined with M2M join duplicates.",False,high,"The agent's final answer attributes the issue entirely to 'M2M JOIN Duplicates' and the placement of `.distinct()`, completely ignoring the specific 'unstable ordering due to missing tiebreaker' mechanism described in the retrieved note, which was not mentioned or acted upon in the reasoning or final output."
both,20260921T133243.122989422Z-openclaw-sweatlasqa-pilot30-amem-repo-both-sglang,task-6905333b74f22949d97ba9e8,014,1,033d80c2-612a-43df-845a-97d058ad6816,11,link,49,"Exploring SimpleLogin codebase to answer questions about authentication behavior, API calls, sessions, email forwarding, alias tokens, API usage tracking, and failed login responses","I've been investigating SimpleLogin's authentication and noticed some behaviors I need to verify by actually observing the running system.

When I'm logged into the web interface and make API calls without an API key header, the requests seem to work. I need to confirm what HTTP status code actually comes back and what the response body structure looks like ,not what the code says should happen, but what actually happens when you try it.There's also something odd when trying to access privileged operations with just a browser session. The HTTP status code I get back isn't a standard authorization error, and the error message is unusual. What specific status code and exact error message text does the system actually return in this scenario?

For sessions, I want to understand what the stored session data actually looks like when you examine it directly in storage. Capture the raw bytes from the storage backend and show me what format they're in, what keys are present in the deserialized data for an authenticated session, and how the session key itself is structured.I'm also curious about session identifier behavior during authentication. If you capture the session ID from your cookie before login, then go through the login flow, does that identifier value stay the same or get replaced with a new one? I need to see the actual before and after values to know for sure.

On the email forwarding side, I want to know what happens to specific headers when a message passes through. If an incoming email has a custom X-header, a Received header, and a Reply-To header, which of those three actually make it through to the forwarded message and which get stripped? Send an actual test email and examine the result.

For the alias creation tokens, they clearly expire after some time window. I want to experimentally verify what that window is by testing whether a token works immediately, then waiting and testing if it still works, until you find the boundary where it stops working.

I also noticed that the API tracks usage statistics for API keys. When you make several API calls with the same key, what fields get updated in the database and what are the actual values you observe after making the calls?Finally, when a login attempt fails with wrong credentials, what specific log messages appear and what HTTP response details come back? I want to see the actual logged output and response, not just what the code says should happen.

Show me evidence from actually running the system rather than just reading the code. Don't modify any source files in the repository, but you can create test scripts to observe behavior - just clean them up afterward.","From header transformation during forward: contact.new_addr() transforms the From header. Possible formats based on user.sender_format config: SenderFormatEnum.NO_NAME → reply_email only; NAME_ONLY → ""name <reply_email>""; AT_ONLY → ""email_at_example.com <reply_email>""; AT → ""name - email_at_example.com <reply_email>"" or ""email_at_example.com <reply_email>""; A → ""name - email(a)example.com <reply_email>"" or ""email(a)example.com <reply_email>"". Uses sl_formataddr() for RFC 2047 encoding. Reply-To header (if present) is also replaced with reply_to_contact.new_addr() using the same logic.",,,"unparseable judge output: '{\n  ""used"": false,\n  ""confidence"": ""high"",\n  ""evidence"": ""The agent\'s final answer states that the Reply-To header is \'replaced\' with the reverse alias address, whereas the retrieved note explicitly states that the Reply-To header is \'also replaced with reply_to_contact.new_addr()\', but the agent\'s shell commands and final conclusion regarding header stripping (that X-headers and Received are stripped, implying Reply-To is handled differently or just replaced) do not directly quote or rely on the specific `SenderFormatEnum` logic or `sl_formataddr` details provided in the note; more importantly, the note describes *how* the From/Reply-To are transformed, but the agent\'s answer focuses on *which* headers survive (stripped vs replaced) and the specific status codes/messages which were derived from other code files (`base.py`, `errors.py`, `models.py`) examined in the shell commands, not from the specific content of this note'"
both,20260921T133243.122989422Z-openclaw-sweatlasqa-pilot30-amem-repo-both-sglang,task-6905333b74f22949d97ba9e8,014,2,10bd12de-d5b9-498a-8db7-1a6ada7737c4,2,match,63,"Writing comprehensive answer to SimpleLogin authentication, API, session, email forwarding, alias tokens, usage tracking, and login failure questions","I've been investigating SimpleLogin's authentication and noticed some behaviors I need to verify by actually observing the running system.

When I'm logged into the web interface and make API calls without an API key header, the requests seem to work. I need to confirm what HTTP status code actually comes back and what the response body structure looks like ,not what the code says should happen, but what actually happens when you try it.There's also something odd when trying to access privileged operations with just a browser session. The HTTP status code I get back isn't a standard authorization error, and the error message is unusual. What specific status code and exact error message text does the system actually return in this scenario?

For sessions, I want to understand what the stored session data actually looks like when you examine it directly in storage. Capture the raw bytes from the storage backend and show me what format they're in, what keys are present in the deserialized data for an authenticated session, and how the session key itself is structured.I'm also curious about session identifier behavior during authentication. If you capture the session ID from your cookie before login, then go through the login flow, does that identifier value stay the same or get replaced with a new one? I need to see the actual before and after values to know for sure.

On the email forwarding side, I want to know what happens to specific headers when a message passes through. If an incoming email has a custom X-header, a Received header, and a Reply-To header, which of those three actually make it through to the forwarded message and which get stripped? Send an actual test email and examine the result.

For the alias creation tokens, they clearly expire after some time window. I want to experimentally verify what that window is by testing whether a token works immediately, then waiting and testing if it still works, until you find the boundary where it stops working.

I also noticed that the API tracks usage statistics for API keys. When you make several API calls with the same key, what fields get updated in the database and what are the actual values you observe after making the calls?Finally, when a login attempt fails with wrong credentials, what specific log messages appear and what HTTP response details come back? I want to see the actual logged output and response, not just what the code says should happen.

Show me evidence from actually running the system rather than just reading the code. Don't modify any source files in the repository, but you can create test scripts to observe behavior - just clean them up afterward.","API auth (app/api/base.py): authorize_request() checks Authentication header for ApiKey.code. If no API key found but current_user.is_authenticated, sets g.user=current_user (no error). If neither, returns 401 ""Wrong api key"". If API key found, updates api_key.last_used and api_key.times, then sets g.user=api_key.user. Session storage: Redis-backed with itsdangerous signing. Session ID is UUID4, stored as ""session:{uuid}"" key in Redis. Values are pickle.dumps(dict(session)). Authenticated sessions have TTL from permanent_session_lifetime; non-authenticated have 300s TTL. Login flow: if no valid session_id, creates new ServerSession with new UUID4. If valid session_id found in Redis with data, deserializes pickled data and returns with same session_id. Session cookie name stored in app.session_cookie_name.",True,high,"The agent's final answer explicitly incorporates specific details from the retrieved note, such as the session storage mechanism (Redis-backed, itsdangerous signing, UUID4 keys, pickle dumps), the session ID persistence behavior (UUID4 does not change during login), and the API authorization logic in `app/api/base.py` (checking `current_user.is_authenticated` before returning 401)."
both,20260921T133243.122989422Z-openclaw-sweatlasqa-pilot30-amem-repo-both-sglang,task-6905333b74f22949d97ba9e8,014,2,5f7c1c04-d0f0-4ab4-8779-199874f69ac3,3,match,61,"Writing comprehensive answer to SimpleLogin authentication, API, session, email forwarding, alias tokens, usage tracking, and login failure questions","I've been investigating SimpleLogin's authentication and noticed some behaviors I need to verify by actually observing the running system.

When I'm logged into the web interface and make API calls without an API key header, the requests seem to work. I need to confirm what HTTP status code actually comes back and what the response body structure looks like ,not what the code says should happen, but what actually happens when you try it.There's also something odd when trying to access privileged operations with just a browser session. The HTTP status code I get back isn't a standard authorization error, and the error message is unusual. What specific status code and exact error message text does the system actually return in this scenario?

For sessions, I want to understand what the stored session data actually looks like when you examine it directly in storage. Capture the raw bytes from the storage backend and show me what format they're in, what keys are present in the deserialized data for an authenticated session, and how the session key itself is structured.I'm also curious about session identifier behavior during authentication. If you capture the session ID from your cookie before login, then go through the login flow, does that identifier value stay the same or get replaced with a new one? I need to see the actual before and after values to know for sure.

On the email forwarding side, I want to know what happens to specific headers when a message passes through. If an incoming email has a custom X-header, a Received header, and a Reply-To header, which of those three actually make it through to the forwarded message and which get stripped? Send an actual test email and examine the result.

For the alias creation tokens, they clearly expire after some time window. I want to experimentally verify what that window is by testing whether a token works immediately, then waiting and testing if it still works, until you find the boundary where it stops working.

I also noticed that the API tracks usage statistics for API keys. When you make several API calls with the same key, what fields get updated in the database and what are the actual values you observe after making the calls?Finally, when a login attempt fails with wrong credentials, what specific log messages appear and what HTTP response details come back? I want to see the actual logged output and response, not just what the code says should happen.

Show me evidence from actually running the system rather than just reading the code. Don't modify any source files in the repository, but you can create test scripts to observe behavior - just clean them up afterward.","Failed login responses: (1) Web login (POST /login): Returns 200 with the login.html page, sets flash(""Email or password incorrect"", ""error"") via Flask flash messages. No JSON response. LoginEvent.send() records to NewRelic (not to a database log). Rate limiter is triggered (g.deduct_limit=True). (2) API login (POST /api/auth/login): Returns 400 with {""error"": ""Email or password incorrect""}. LoginEvent sends to NewRelic. For unactivated accounts: returns 422 with {""error"": ""Account not activated""}. For disabled accounts: returns 400 with {""error"": ""Account disabled""}. For scheduled deletion: returns 400 with {""error"": ""Account scheduled for deletion""}.",True,high,"The agent's final answer explicitly states that web login returns HTTP 200 with an HTML page and API login returns HTTP 400 with the specific error message 'Email or password incorrect', and that logs go to NewRelic, which matches the specific details provided in the retrieved note."
both,20260921T133243.122989422Z-openclaw-sweatlasqa-pilot30-amem-repo-both-sglang,task-6905333b74f22949d97ba9e8,014,2,08ac308b-981b-41c3-b361-1cf3ae434d23,5,match,60,"Writing comprehensive answer to SimpleLogin authentication, API, session, email forwarding, alias tokens, usage tracking, and login failure questions","I've been investigating SimpleLogin's authentication and noticed some behaviors I need to verify by actually observing the running system.

When I'm logged into the web interface and make API calls without an API key header, the requests seem to work. I need to confirm what HTTP status code actually comes back and what the response body structure looks like ,not what the code says should happen, but what actually happens when you try it.There's also something odd when trying to access privileged operations with just a browser session. The HTTP status code I get back isn't a standard authorization error, and the error message is unusual. What specific status code and exact error message text does the system actually return in this scenario?

For sessions, I want to understand what the stored session data actually looks like when you examine it directly in storage. Capture the raw bytes from the storage backend and show me what format they're in, what keys are present in the deserialized data for an authenticated session, and how the session key itself is structured.I'm also curious about session identifier behavior during authentication. If you capture the session ID from your cookie before login, then go through the login flow, does that identifier value stay the same or get replaced with a new one? I need to see the actual before and after values to know for sure.

On the email forwarding side, I want to know what happens to specific headers when a message passes through. If an incoming email has a custom X-header, a Received header, and a Reply-To header, which of those three actually make it through to the forwarded message and which get stripped? Send an actual test email and examine the result.

For the alias creation tokens, they clearly expire after some time window. I want to experimentally verify what that window is by testing whether a token works immediately, then waiting and testing if it still works, until you find the boundary where it stops working.

I also noticed that the API tracks usage statistics for API keys. When you make several API calls with the same key, what fields get updated in the database and what are the actual values you observe after making the calls?Finally, when a login attempt fails with wrong credentials, what specific log messages appear and what HTTP response details come back? I want to see the actual logged output and response, not just what the code says should happen.

Show me evidence from actually running the system rather than just reading the code. Don't modify any source files in the repository, but you can create test scripts to observe behavior - just clean them up afterward.","API key usage tracking: ApiKey model (app/models.py:2350) has fields: user_id, code (unique 60-char random string), name, last_used (ArrowType), times (Integer, default 0), sudo_mode_at. Each API call via authorize_request() increments api_key.times += 1 and sets api_key.last_used = arrow.now(), then commits to DB. DailyMetric model has: date (unique), nb_new_web_non_proton_user, nb_alias. Alias.create() increments DailyMetric.nb_alias. Stats API (/api/stats) returns Stats dataclass: nb_alias (count of Alias rows for user), nb_forward (count of non-reply, non-blocked, non-bounced EmailLog), nb_reply (count of reply EmailLog), nb_block (count of blocked EmailLog) - all from EmailLog table counts.",True,high,The agent's final answer explicitly details the API key usage tracking behavior (incrementing `times` and setting `last_used` via `arrow.now()`) which matches the specific facts and field names provided in the retrieved note.
both,20260921T133243.122989422Z-openclaw-sweatlasqa-pilot30-amem-repo-both-sglang,task-6905333b74f22949d97ba9e8,014,2,033d80c2-612a-43df-845a-97d058ad6816,13,link,48,"Writing comprehensive answer to SimpleLogin authentication, API, session, email forwarding, alias tokens, usage tracking, and login failure questions","I've been investigating SimpleLogin's authentication and noticed some behaviors I need to verify by actually observing the running system.

When I'm logged into the web interface and make API calls without an API key header, the requests seem to work. I need to confirm what HTTP status code actually comes back and what the response body structure looks like ,not what the code says should happen, but what actually happens when you try it.There's also something odd when trying to access privileged operations with just a browser session. The HTTP status code I get back isn't a standard authorization error, and the error message is unusual. What specific status code and exact error message text does the system actually return in this scenario?

For sessions, I want to understand what the stored session data actually looks like when you examine it directly in storage. Capture the raw bytes from the storage backend and show me what format they're in, what keys are present in the deserialized data for an authenticated session, and how the session key itself is structured.I'm also curious about session identifier behavior during authentication. If you capture the session ID from your cookie before login, then go through the login flow, does that identifier value stay the same or get replaced with a new one? I need to see the actual before and after values to know for sure.

On the email forwarding side, I want to know what happens to specific headers when a message passes through. If an incoming email has a custom X-header, a Received header, and a Reply-To header, which of those three actually make it through to the forwarded message and which get stripped? Send an actual test email and examine the result.

For the alias creation tokens, they clearly expire after some time window. I want to experimentally verify what that window is by testing whether a token works immediately, then waiting and testing if it still works, until you find the boundary where it stops working.

I also noticed that the API tracks usage statistics for API keys. When you make several API calls with the same key, what fields get updated in the database and what are the actual values you observe after making the calls?Finally, when a login attempt fails with wrong credentials, what specific log messages appear and what HTTP response details come back? I want to see the actual logged output and response, not just what the code says should happen.

Show me evidence from actually running the system rather than just reading the code. Don't modify any source files in the repository, but you can create test scripts to observe behavior - just clean them up afterward.","From header transformation during forward: contact.new_addr() transforms the From header. Possible formats based on user.sender_format config: SenderFormatEnum.NO_NAME → reply_email only; NAME_ONLY → ""name <reply_email>""; AT_ONLY → ""email_at_example.com <reply_email>""; AT → ""name - email_at_example.com <reply_email>"" or ""email_at_example.com <reply_email>""; A → ""name - email(a)example.com <reply_email>"" or ""email(a)example.com <reply_email>"". Uses sl_formataddr() for RFC 2047 encoding. Reply-To header (if present) is also replaced with reply_to_contact.new_addr() using the same logic.",True,high,"The agent's final answer explicitly details the specific From and Reply-To header transformation formats (e.g., 'NAME_ONLY', 'AT_ONLY') and the use of `sl_formataddr` for RFC 2047 encoding, which are the exact technical claims and identifiers present in the retrieved note."
both,20260921T133243.122989422Z-openclaw-sweatlasqa-pilot30-amem-repo-both-sglang,task-6905333b74f22949d97baa1d,015,1,cb12da35-48fd-4b4f-b18f-e79eadb78664,1,match,58,"Understanding server-side session handling in SimpleLogin, especially session deserialization behavior when data is corrupted","I’m testing the SimpleLogin repository and trying to understand how server-side session handling behaves at runtime, especially when stored session data is turned back into Python objects. I want to see what normal sessions look like as users log in and out and then what actually happens if the session data in Redis is corrupted or malformed. Does the next request fail, silently reset the session, or surface an error, and what shows up in responses or logs when that happens? I’m trying to understand where the boundary lies between a harmless reset and a real deserialization risk, based on what you can observe while the system is running rather than theory alone. If an attacker could tamper with session bytes but not forge the signed session ID, does that meaningfully change the risk, and how does the runtime behavior support that conclusion? Temporary scripts may be used for observation, but the repository itself should remain unchanged, and anything temporary should be cleaned up afterward.","Session storage (app/session.py): Flask sessions stored in Redis via RedisSessionStore. Session ID is UUID4 generated on new session. Key format: ""session:{uuid}"" in Redis. Values are pickle.dumps(dict(session)) - Python serialized dict. Cookie name set by config SESSION_COOKIE_NAME. Cookie is signed with itsdangerous Signer(app.secret_key, salt=""session""). Authenticated sessions use app.permanent_session_lifetime (7 days). Non-authenticated sessions TTL is 300 seconds (5 minutes). Session keys include: _user_id (user ID string), csrf_token, sudo_time (int timestamp), and MFA_USER_ID (user ID for 2FA flow). Session data is pickled Python dict.",True,high,"The agent's final answer explicitly references the specific key format 'session:{uuid}' and the storage mechanism 'pickled dict' described in the note, and uses the note's identification of session keys (like `_user_id`) to explain the impersonation risk."
both,20260921T133243.122989422Z-openclaw-sweatlasqa-pilot30-amem-repo-both-sglang,task-6905333b74f22949d97baa1d,015,1,10bd12de-d5b9-498a-8db7-1a6ada7737c4,3,match,56,"Understanding server-side session handling in SimpleLogin, especially session deserialization behavior when data is corrupted","I’m testing the SimpleLogin repository and trying to understand how server-side session handling behaves at runtime, especially when stored session data is turned back into Python objects. I want to see what normal sessions look like as users log in and out and then what actually happens if the session data in Redis is corrupted or malformed. Does the next request fail, silently reset the session, or surface an error, and what shows up in responses or logs when that happens? I’m trying to understand where the boundary lies between a harmless reset and a real deserialization risk, based on what you can observe while the system is running rather than theory alone. If an attacker could tamper with session bytes but not forge the signed session ID, does that meaningfully change the risk, and how does the runtime behavior support that conclusion? Temporary scripts may be used for observation, but the repository itself should remain unchanged, and anything temporary should be cleaned up afterward.","API auth (app/api/base.py): authorize_request() checks Authentication header for ApiKey.code. If no API key found but current_user.is_authenticated, sets g.user=current_user (no error). If neither, returns 401 ""Wrong api key"". If API key found, updates api_key.last_used and api_key.times, then sets g.user=api_key.user. Session storage: Redis-backed with itsdangerous signing. Session ID is UUID4, stored as ""session:{uuid}"" key in Redis. Values are pickle.dumps(dict(session)). Authenticated sessions have TTL from permanent_session_lifetime; non-authenticated have 300s TTL. Login flow: if no valid session_id, creates new ServerSession with new UUID4. If valid session_id found in Redis with data, deserializes pickled data and returns with same session_id. Session cookie name stored in app.session_cookie_name.",True,high,"The agent's final answer explicitly describes the session storage mechanism (Redis-backed, UUID4 keys, pickle.dumps) and the specific behavior of the `open_session` method (catching exceptions to return a fresh session) which directly mirrors the facts and logic presented in the retrieved note."
both,20260921T230545.829562372Z-openclaw-sweatlasqa-pilot30-shuffle1-amem-repo-both-sglang,task-6905333b74f22949d97ba9a4,012,1,ef025492-a5c5-4175-8aec-3dd5cd220303,2,match,63,"Exploring SimpleLogin codebase to understand startup, configuration, authentication flow, and background jobs","I'm trying to understand what actually happens when SimpleLogin is started locally in development environment. I'm wondering how the backend starts up in dev mode, how configuration is loaded, which log messages indicate that it's ready to accept requests, and what ports or endpoints it exposes. 

I’m interested in how a single authenticated request is handled by the app, where the request first enters the application, how the user identity is determined at runtime, and how that authentication context is carried through request handling. The entry point and user identification flow are my main concerns here. I also want to know whether the app automatically starts any background jobs or schedulers, or if there’s anything going on besides handling incoming requests.

I'm not looking for what the code says should happen, I want to know what actually gets printed when you run it. Please don’t modify any repository source files while investigating. Temporary scripts are fine if needed, but leave the codebase unchanged and clean up anything you create when you’re done.","SimpleLogin startup order (part 2 - required services): 
1. Flask web server (server.py) - runs on port 7777 (local_main). Starts the web UI and API.
2. SMTP email handler (email_handler.py) - runs on port 20381 (default). Uses aiosmtpd Controller to receive incoming emails. Must be started separately via `python email_handler.py -p 20381`.
3. Event listener (event_listener.py) - processes async events from Postgres event source.
4. Job runner (job_runner.py) - runs scheduled jobs (onboarding, exports, etc.).
5. Cron jobs (cron.py) - periodic tasks (stats, notifications, data cleanup).
6. Redis (optional, if MEM_STORE_URI is set) - used for rate limiting, session storage, parallel locking.",True,high,"The agent's final answer explicitly lists the same background services (email_handler, event_listener, job_runner, cron) and their specific roles/ports (SMTP on 20381) as detailed in the retrieved note, and the agent subsequently ran shell commands to inspect the specific files mentioned in the note (email_handler.py, event_listener.py, job_runner.py, cron.py) to verify these details."
both,20260921T230545.829562372Z-openclaw-sweatlasqa-pilot30-shuffle1-amem-repo-both-sglang,task-6905333b74f22949d97ba9a4,012,1,c845147b-b6d3-4f07-a57d-6700bf65451f,3,match,55,"Exploring SimpleLogin codebase to understand startup, configuration, authentication flow, and background jobs","I'm trying to understand what actually happens when SimpleLogin is started locally in development environment. I'm wondering how the backend starts up in dev mode, how configuration is loaded, which log messages indicate that it's ready to accept requests, and what ports or endpoints it exposes. 

I’m interested in how a single authenticated request is handled by the app, where the request first enters the application, how the user identity is determined at runtime, and how that authentication context is carried through request handling. The entry point and user identification flow are my main concerns here. I also want to know whether the app automatically starts any background jobs or schedulers, or if there’s anything going on besides handling incoming requests.

I'm not looking for what the code says should happen, I want to know what actually gets printed when you run it. Please don’t modify any repository source files while investigating. Temporary scripts are fine if needed, but leave the codebase unchanged and clean up anything you create when you’re done.","Startup log format: Defined in app/log.py. Format: ""%(asctime)s - %(name)s - %(levelname)s - %(process)d - ""%(pathname)s:%(lineno)d"" - %(funcName)s() - %(message_id)s - %(message)s"". Logger name is ""SL"". Additional prints during startup: "">>> init logging <<<"", "">>> URL: <URL>"" (from config.py), ""WARNING: Use a temp directory for GNUPGHOME"" (if no GNUPGHOME set). The Flask debug request logging in after_request prints: ""%s %s %s %s %s, takes %s"" with remote_addr, method, path, args, status_code, duration.",False,high,"The agent's final answer does not mention the specific log format string, the `%(message_id)s` field, the `WARNING: Use a temp directory for GNUPGHOME` message, or the specific `after_request` print format described in the note, indicating the note's specific details were not incorporated into the response."
both,20260921T230545.829562372Z-openclaw-sweatlasqa-pilot30-shuffle1-amem-repo-both-sglang,task-6905333b74f22949d97ba9a4,012,1,5a40f994-284b-4e49-b12e-cc3ff900d559,7,link,55,"Exploring SimpleLogin codebase to understand startup, configuration, authentication flow, and background jobs","I'm trying to understand what actually happens when SimpleLogin is started locally in development environment. I'm wondering how the backend starts up in dev mode, how configuration is loaded, which log messages indicate that it's ready to accept requests, and what ports or endpoints it exposes. 

I’m interested in how a single authenticated request is handled by the app, where the request first enters the application, how the user identity is determined at runtime, and how that authentication context is carried through request handling. The entry point and user identification flow are my main concerns here. I also want to know whether the app automatically starts any background jobs or schedulers, or if there’s anything going on besides handling incoming requests.

I'm not looking for what the code says should happen, I want to know what actually gets printed when you run it. Please don’t modify any repository source files while investigating. Temporary scripts are fine if needed, but leave the codebase unchanged and clean up anything you create when you’re done.","SimpleLogin Flask app startup: The app runs on port 7777 (defined in local_main() in server.py). The Dockerfile exposes port 7777 and runs via gunicorn wsgi:app -b 0.0.0.0:7777. The WSGI entry point is wsgi.py which imports create_app from server.py. The Flask app creates a /health route returning ""success"" with HTTP 200.",True,high,"The agent's final answer explicitly states that the server starts on port 7777, which is the specific fact provided in the retrieved note, and the agent subsequently verified this by reading `server.py` and `wsgi.py`."
both,20260921T230545.829562372Z-openclaw-sweatlasqa-pilot30-shuffle1-amem-repo-both-sglang,task-6905333b74f22949d97ba9a4,012,2,8ad79d90-5cb0-4775-b325-0af584d2e42e,2,match,68,"Composing final comprehensive answer about SimpleLogin startup, authentication, and background processes","I'm trying to understand what actually happens when SimpleLogin is started locally in development environment. I'm wondering how the backend starts up in dev mode, how configuration is loaded, which log messages indicate that it's ready to accept requests, and what ports or endpoints it exposes. 

I’m interested in how a single authenticated request is handled by the app, where the request first enters the application, how the user identity is determined at runtime, and how that authentication context is carried through request handling. The entry point and user identification flow are my main concerns here. I also want to know whether the app automatically starts any background jobs or schedulers, or if there’s anything going on besides handling incoming requests.

I'm not looking for what the code says should happen, I want to know what actually gets printed when you run it. Please don’t modify any repository source files while investigating. Temporary scripts are fine if needed, but leave the codebase unchanged and clean up anything you create when you’re done.","Background processes in SimpleLogin (all separate scripts, NOT auto-started with Flask): 1) email_handler.py - SMTP server on port 20381 using aiosmtpd, receives emails, handles forward/reply phases. Run via `python email_handler.py -p 20381`. 2) event_listener.py - Postgres NOTIFY/LISTEN event source, processes async events (AliasCreated, etc.) via HttpEventSink. Run via `python event_listener.py listener`. 3) job_runner.py - polling loop (every 10s) processing scheduled jobs from Job table (onboarding, exports, account deletion, mailbox deletion, domain deletion, alias creation events). Run via `python job_runner.py`. 4) cron.py - periodic tasks via polling (trial end notifications, log cleanup, monitoring, DNS validation, HIBP scans, PGP key rotation, subscription sync, Apple subscription verification, spam report cleanup, etc.). Run via `python cron.py`. None of these are auto-started by server.py - they must be run separately.",True,high,"The agent's final answer explicitly lists the four specific background processes (email_handler.py, event_listener.py, job_runner.py, cron.py) with their exact descriptions and the crucial detail that they are 'not auto-started' and must be run separately, which directly mirrors the specific claims and structure of the retrieved note."
both,20260921T230545.829562372Z-openclaw-sweatlasqa-pilot30-shuffle1-amem-repo-both-sglang,task-6905333b74f22949d97ba9a4,012,2,ef025492-a5c5-4175-8aec-3dd5cd220303,3,match,64,"Composing final comprehensive answer about SimpleLogin startup, authentication, and background processes","I'm trying to understand what actually happens when SimpleLogin is started locally in development environment. I'm wondering how the backend starts up in dev mode, how configuration is loaded, which log messages indicate that it's ready to accept requests, and what ports or endpoints it exposes. 

I’m interested in how a single authenticated request is handled by the app, where the request first enters the application, how the user identity is determined at runtime, and how that authentication context is carried through request handling. The entry point and user identification flow are my main concerns here. I also want to know whether the app automatically starts any background jobs or schedulers, or if there’s anything going on besides handling incoming requests.

I'm not looking for what the code says should happen, I want to know what actually gets printed when you run it. Please don’t modify any repository source files while investigating. Temporary scripts are fine if needed, but leave the codebase unchanged and clean up anything you create when you’re done.","SimpleLogin startup order (part 2 - required services): 
1. Flask web server (server.py) - runs on port 7777 (local_main). Starts the web UI and API.
2. SMTP email handler (email_handler.py) - runs on port 20381 (default). Uses aiosmtpd Controller to receive incoming emails. Must be started separately via `python email_handler.py -p 20381`.
3. Event listener (event_listener.py) - processes async events from Postgres event source.
4. Job runner (job_runner.py) - runs scheduled jobs (onboarding, exports, etc.).
5. Cron jobs (cron.py) - periodic tasks (stats, notifications, data cleanup).
6. Redis (optional, if MEM_STORE_URI is set) - used for rate limiting, session storage, parallel locking.",True,high,"The agent's final answer explicitly cites the specific port numbers (7777 for the web server and 20381 for the SMTP handler) and the list of background processes (email_handler, event_listener, job_runner, cron) that were detailed in the retrieved note, confirming it used the note's specific factual claims to construct the response."
both,20260921T230545.829562372Z-openclaw-sweatlasqa-pilot30-shuffle1-amem-repo-both-sglang,task-6905333b74f22949d97ba9a4,012,2,c845147b-b6d3-4f07-a57d-6700bf65451f,4,match,59,"Composing final comprehensive answer about SimpleLogin startup, authentication, and background processes","I'm trying to understand what actually happens when SimpleLogin is started locally in development environment. I'm wondering how the backend starts up in dev mode, how configuration is loaded, which log messages indicate that it's ready to accept requests, and what ports or endpoints it exposes. 

I’m interested in how a single authenticated request is handled by the app, where the request first enters the application, how the user identity is determined at runtime, and how that authentication context is carried through request handling. The entry point and user identification flow are my main concerns here. I also want to know whether the app automatically starts any background jobs or schedulers, or if there’s anything going on besides handling incoming requests.

I'm not looking for what the code says should happen, I want to know what actually gets printed when you run it. Please don’t modify any repository source files while investigating. Temporary scripts are fine if needed, but leave the codebase unchanged and clean up anything you create when you’re done.","Log format in SimpleLogin: ""%(asctime)s - %(name)s - %(levelname)s - %(process)d - \""%(pathname)s:%(lineno)d\"" - %(funcName)s() - %(message_id)s - %(message)s"". Logger name is ""SL"". Shortcut methods: LOG.d() (debug), LOG.i() (info), LOG.w() (warning), LOG.e() (exception). Startup prints: "">>> init logging <<<"" from log.py, "">>> URL: <URL>"" from config.py, ""WARNING: Use a temp directory for GNUPGHOME"" from config.py. After request logs: ""%s %s %s %s %s, takes %s"" with remote_addr, method, path, args, status_code, duration. Flask/werkzeug logs disabled by default.",True,high,"The agent's final answer explicitly includes the specific startup log messages ('>>> init logging <<<', '>>> URL: ...') and the log format details described in the retrieved note, indicating it used the note to construct the response."
both,20260921T230545.829562372Z-openclaw-sweatlasqa-pilot30-shuffle1-amem-repo-both-sglang,task-6905333b74f22949d97ba9a4,012,2,5bfdff1f-91ab-4cb1-9ef9-38526d6f27f4,5,match,58,"Composing final comprehensive answer about SimpleLogin startup, authentication, and background processes","I'm trying to understand what actually happens when SimpleLogin is started locally in development environment. I'm wondering how the backend starts up in dev mode, how configuration is loaded, which log messages indicate that it's ready to accept requests, and what ports or endpoints it exposes. 

I’m interested in how a single authenticated request is handled by the app, where the request first enters the application, how the user identity is determined at runtime, and how that authentication context is carried through request handling. The entry point and user identification flow are my main concerns here. I also want to know whether the app automatically starts any background jobs or schedulers, or if there’s anything going on besides handling incoming requests.

I'm not looking for what the code says should happen, I want to know what actually gets printed when you run it. Please don’t modify any repository source files while investigating. Temporary scripts are fine if needed, but leave the codebase unchanged and clean up anything you create when you’re done.","Complete SimpleLogin dev startup flow: When running `python server.py` (via local_main()), it imports server.py which first imports app/config.py. Config loads .env via python-dotenv, prints "">>> init logging <<<"" and "">>> URL: <URL>"" and ""WARNING: Use a temp directory for GNUPGHOME"" (if GNUPGHOME not set). Then imports app/log.py (print "">>> init logging <<<""), then app/db.py which creates SQLAlchemy engine and scoped_session. Then server.py creates the Flask app via create_app() which initializes extensions, registers blueprints, calls init_admin() (triggers Flask-Admin introspection of database tables - if DB tables don't exist, crashes here), sets up routes, healthcheck endpoint, before_request/after_request hooks, error handlers, CLI commands. Finally local_main() enables debug mode, adds DebugToolbarExtension, and calls app.run(debug=True, port=7777). The app is then accessible at http://localhost:7777. The Docker entrypoint uses gunicorn wsgi:app -b 0.0.0.0:7777 -w 2 --timeout 15.",True,high,"The agent's final answer explicitly reproduces specific details from the retrieved note, such as the startup sequence (`python server.py` -> `app/config.py` -> `app/db.py`), the specific log message `>>> init logging <<<`, and the server running on port 7777, which were not present in the original question."
both,20260921T230545.829562372Z-openclaw-sweatlasqa-pilot30-shuffle1-amem-repo-both-sglang,task-6905333b74f22949d97ba9a4,012,2,95cbd758-d935-42cf-bbde-3f4b39f28a04,9,link,52,"Composing final comprehensive answer about SimpleLogin startup, authentication, and background processes","I'm trying to understand what actually happens when SimpleLogin is started locally in development environment. I'm wondering how the backend starts up in dev mode, how configuration is loaded, which log messages indicate that it's ready to accept requests, and what ports or endpoints it exposes. 

I’m interested in how a single authenticated request is handled by the app, where the request first enters the application, how the user identity is determined at runtime, and how that authentication context is carried through request handling. The entry point and user identification flow are my main concerns here. I also want to know whether the app automatically starts any background jobs or schedulers, or if there’s anything going on besides handling incoming requests.

I'm not looking for what the code says should happen, I want to know what actually gets printed when you run it. Please don’t modify any repository source files while investigating. Temporary scripts are fine if needed, but leave the codebase unchanged and clean up anything you create when you’re done.","Request handling flow: The root route ""/"" in server.py checks current_user.is_authenticated (via flask_login). If authenticated, redirects to dashboard.index. If not, redirects to auth.login. The dashboard blueprint (/dashboard/*) uses @login_required decorator on all views, which invokes flask_login's LoginManager. The load_user() function in server.py is called by flask_login to reconstruct user from session - it queries User.get_by(alternative_id=session['_user_id']). API endpoints (/api/*) use @require_api_auth decorator which checks the ""Authentication"" header for an API key (ApiKey.get_by(code=...)) or falls back to current_user (if authenticated via session cookie). g.user is set to the identified user. Session storage: optional Redis-based (RedisSessionStore) with pickle serialization, cookie name ""slapp"", 7-day TTL for authenticated sessions, 5-minute TTL for unauthenticated. Session key format ""session:{uuid}"".",True,high,"The agent's final answer explicitly includes specific details from the retrieved note, such as the session cookie name 'slapp', the use of `@login_required` and `load_user()` querying by `alternative_id` for web auth, and the `@require_api_auth` decorator checking the 'Authentication' header for API keys for API endpoints, which directly mirrors the content of the retrieved note."
both,20260921T230545.829562372Z-openclaw-sweatlasqa-pilot30-shuffle1-amem-repo-both-sglang,task-6905333b74f22949d97ba9a5,006,2,2203e574-c354-441d-ac09-dc160b8ebc02,3,match,69,"Answering the question about exact HTTP status codes, error messages, and log entries for alias creation failures and successes","I am debugging intermittent validation failures during custom alias creation that don't match the expected behavior, which seems related to how signed suffixes are verified. When attempting to create custom aliases with invalid or expired signed suffixes, what exact HTTP status codes and error messages appear in the API responses, and what corresponding validation log entries show up in the server console? Check whether any rate-limiting headers appear in the responses and what their actual values are. For successful alias creation attempts, what quota-related checks occur, what specific values get logged when the system verifies whether the user can create more aliases? Trace through the execution path to identify which component validates signed suffixes and enforces creation limits, and what conditions trigger rejection. Don't modify the repository code temporary test scripts or API calls are fine but keep the codebase unchanged.","Quota checking in alias creation: can_create_new_alias() in models.py checks: 1) is_active() must be true, 2) user.disabled must be false, 3) If lifetime_or_active_subscription() -> always allows, 4) Otherwise: Alias.count for user < max_alias_for_free_account() (5 for new free plans, 15 for old/free trial). On quota exceeded: 400 status with error message showing MAX_NB_EMAIL_FREE_PLAN count. LOG.d logs ""user %s cannot create any custom alias"". The quota check happens BEFORE signed suffix validation in the API.",True,high,"The agent's final answer explicitly incorporates the specific quota limits (5 for new free plans, 15 for old/free trial) and the HTTP 400 status code for quota exceeded, which are the unique factual details provided in the retrieved note."
both,20260921T230545.829562372Z-openclaw-sweatlasqa-pilot30-shuffle1-amem-repo-both-sglang,task-6905333b74f22949d97ba9a5,006,2,8c7cffea-f0d3-49e6-9857-159cad98a724,4,match,68,"Answering the question about exact HTTP status codes, error messages, and log entries for alias creation failures and successes","I am debugging intermittent validation failures during custom alias creation that don't match the expected behavior, which seems related to how signed suffixes are verified. When attempting to create custom aliases with invalid or expired signed suffixes, what exact HTTP status codes and error messages appear in the API responses, and what corresponding validation log entries show up in the server console? Check whether any rate-limiting headers appear in the responses and what their actual values are. For successful alias creation attempts, what quota-related checks occur, what specific values get logged when the system verifies whether the user can create more aliases? Trace through the execution path to identify which component validates signed suffixes and enforces creation limits, and what conditions trigger rejection. Don't modify the repository code temporary test scripts or API calls are fine but keep the codebase unchanged.","Alias creation signed suffix validation: check_suffix_signature() in alias_suffix.py uses itsdangerous.TimestampSigner with max_age=600. It catches itsdangerous.BadSignature (including subclass BadTimeSignature) and returns None for ALL signature errors (tampered OR expired). The caller (new_custom_alias.py) differentiates: if result is None -> 412 with ""Alias creation time is expired, please retry""; if Exception is raised -> 400 with ""Tampered suffix"". However, since BadSignature is caught internally, the ""except Exception"" branch rarely triggers in practice. verify_prefix_suffix() checks domain membership and prefix format, logging ""wrong alias suffix"" at ERROR level when rejected.",True,high,"The agent's final answer explicitly details the specific behavior of `check_suffix_signature()` in `alias_suffix.py`, including the use of `itsdangerous.TimestampSigner` with `max_age=600`, the internal catching of `BadSignature` returning `None`, and the resulting HTTP 412 response for both expired and tampered signatures, which directly mirrors the specific logic and error handling described in the retrieved note."
both,20260921T230545.829562372Z-openclaw-sweatlasqa-pilot30-shuffle1-amem-repo-both-sglang,task-6905333b74f22949d97ba9a5,006,2,e2b4abe9-2375-4181-80a2-10f7dd18efa2,5,match,67,"Answering the question about exact HTTP status codes, error messages, and log entries for alias creation failures and successes","I am debugging intermittent validation failures during custom alias creation that don't match the expected behavior, which seems related to how signed suffixes are verified. When attempting to create custom aliases with invalid or expired signed suffixes, what exact HTTP status codes and error messages appear in the API responses, and what corresponding validation log entries show up in the server console? Check whether any rate-limiting headers appear in the responses and what their actual values are. For successful alias creation attempts, what quota-related checks occur, what specific values get logged when the system verifies whether the user can create more aliases? Trace through the execution path to identify which component validates signed suffixes and enforces creation limits, and what conditions trigger rejection. Don't modify the repository code temporary test scripts or API calls are fine but keep the codebase unchanged.","Rate limiting on alias creation: ALIAS_LIMIT defaults to ""100/day;50/hour;5/minute"" (from config.py). Applied via @limiter.limit(ALIAS_LIMIT) on /v2 and /v3 endpoints. flask-limiter is initialized with headers_enabled=False (default), so X-RateLimit-* and Retry-After headers are NOT included in responses. On rate limit hit: 429 status with {""error"": ""Rate limit exceeded""}. The parallel_limiter.lock(""alias_creation"") provides concurrent request locking via Redis (not tested). Rate limit key uses current_user.id for authenticated users.",True,high,"The agent's final answer explicitly states that X-RateLimit and Retry-After headers do not appear because flask-limiter is initialized with headers_enabled=False, and specifies the 429 error message, directly mirroring the specific configuration details and error response format provided in the retrieved note."
both,20260921T230545.829562372Z-openclaw-sweatlasqa-pilot30-shuffle1-amem-repo-both-sglang,task-6905333b74f22949d97ba9a6,014,2,40749d90-f2fa-4924-92cc-2631f627ba0b,1,match,52,Synthesizing findings about email privacy system initialization and runtime behavior,"I'm trying to get this email privacy system with anonymous aliases running for the first time and I want to understand how all the pieces fit together during initialization.

The system has a web server, an email handler, background jobs, and some cron tasks. I need to set everything up from scratch and see what actually happens when it starts.

Here's what I'm trying to figure out:

When I run the database migrations on an empty PostgreSQL database, how many tables get created in total? And what's the exact name of the last table that gets created based on the migration output order?

For the web server startup, what's the log message that tells me it's actually ready to accept connections? I'm also curious how many milliseconds pass between the first log entry and that ready message.

The email handler can take a custom port. If I start it with port 25025, does the startup log confirm it's listening on that port? What message shows up exactly?

I want to test the registration flow. If I create a user account with email ""[testuser@example.com](mailto:testuser@example.com)"" and password ""testpass123"", then immediately try to login before activating it, what's the exact JSON error message the API returns and what HTTP status code comes with it? I'd also like to see the full curl command output. And when I query the database directly for that user, what boolean values do the activated and notification columns actually show?

Also, there are different alias limits for different account types. I want to verify how the system handles this dynamically. First, create a fresh user and call /api/user_info to see what max_alias_free_plan value the API actually returns in the JSON response. Then, experiment with changing the configuration - try setting a different limit value like 10, restart the server, create a second new user, and call /api/user_info again for that user. What are the exact API responses before and after the change? Do both users reflect the new limit or only the one created after the change?

I'm trying to understand the actual runtime behavior here, not just what the code suggests should happen. Don't modify any of the source files, but feel free to create test config files or .env files to experiment with different settings.","SimpleLogin startup order (part 1 - DB missing): When the Flask server (python server.py) starts with `local_main()`, it calls `create_app()` which calls `init_admin()`. Flask-Admin's `admin.add_view(UserAdmin(User, Session))` triggers SQLAlchemy introspection which queries the `users` table. If the table doesn't exist (migrations not run), SQLAlchemy raises `sqlalchemy.exc.OperationalError: (psycopg2.OperationalError) relation ""users"" does not exist`. This bubbles up through `create_app()` in `local_main()` and crashes the server before it even starts listening. The full traceback includes the psycopg2 error and SQLAlchemy context. This error occurs during server startup, not during request handling, so Flask's error handler is not invoked.",False,high,"The agent's subsequent actions and final answer focus entirely on database migration counts, server startup logs, email handler ports, and API behavior for user registration/login/alias limits, with no mention of the Flask-Admin `UserAdmin` introspection error or the `users` table existence check described in the retrieved note."
both,20260921T230545.829562372Z-openclaw-sweatlasqa-pilot30-shuffle1-amem-repo-both-sglang,task-6905333b74f22949d97ba9a6,014,2,3852d21f-5a40-4f5a-a457-285129ea6c74,3,match,64,Synthesizing findings about email privacy system initialization and runtime behavior,"I'm trying to get this email privacy system with anonymous aliases running for the first time and I want to understand how all the pieces fit together during initialization.

The system has a web server, an email handler, background jobs, and some cron tasks. I need to set everything up from scratch and see what actually happens when it starts.

Here's what I'm trying to figure out:

When I run the database migrations on an empty PostgreSQL database, how many tables get created in total? And what's the exact name of the last table that gets created based on the migration output order?

For the web server startup, what's the log message that tells me it's actually ready to accept connections? I'm also curious how many milliseconds pass between the first log entry and that ready message.

The email handler can take a custom port. If I start it with port 25025, does the startup log confirm it's listening on that port? What message shows up exactly?

I want to test the registration flow. If I create a user account with email ""[testuser@example.com](mailto:testuser@example.com)"" and password ""testpass123"", then immediately try to login before activating it, what's the exact JSON error message the API returns and what HTTP status code comes with it? I'd also like to see the full curl command output. And when I query the database directly for that user, what boolean values do the activated and notification columns actually show?

Also, there are different alias limits for different account types. I want to verify how the system handles this dynamically. First, create a fresh user and call /api/user_info to see what max_alias_free_plan value the API actually returns in the JSON response. Then, experiment with changing the configuration - try setting a different limit value like 10, restart the server, create a second new user, and call /api/user_info again for that user. What are the exact API responses before and after the change? Do both users reflect the new limit or only the one created after the change?

I'm trying to understand the actual runtime behavior here, not just what the code suggests should happen. Don't modify any of the source files, but feel free to create test config files or .env files to experiment with different settings.","SimpleLogin /api/user_info returns user data including ""max_alias_free_plan"" field from user.max_alias_for_free_account(). This method returns config.MAX_NB_EMAIL_FREE_PLAN (default 5) for most users, or config.MAX_NB_EMAIL_OLD_FREE_PLAN (default 15) for users with FLAG_FREE_OLD_ALIAS_LIMIT set. The config value MAX_NB_EMAIL_FREE_PLAN is read from environment variable, defaulting to 5. When changed in env and server restarted, NEW users get the new value. Existing users are not affected unless they have the FLAG_FREE_OLD_ALIAS_LIMIT flag. Both users in the same environment should reflect the same config value since it's read at module import time from os.environ.",True,high,"The agent's final answer correctly states that both users reflect the new limit because the config is read at call-time (or module import time as noted in the reasoning), directly reflecting the note's claim that 'Both users in the same environment should reflect the same config value' and that 'Existing users are not affected unless they have the FLAG_FREE_OLD_ALIAS_LIMIT flag,' which the agent used to explain why the first user also sees the new value (implying it didn't have the flag)."
both,20260921T230545.829562372Z-openclaw-sweatlasqa-pilot30-shuffle1-amem-repo-both-sglang,task-6905333b74f22949d97ba9a6,014,2,ee1d8513-43ea-4718-8b77-2b17042290f5,4,match,56,Synthesizing findings about email privacy system initialization and runtime behavior,"I'm trying to get this email privacy system with anonymous aliases running for the first time and I want to understand how all the pieces fit together during initialization.

The system has a web server, an email handler, background jobs, and some cron tasks. I need to set everything up from scratch and see what actually happens when it starts.

Here's what I'm trying to figure out:

When I run the database migrations on an empty PostgreSQL database, how many tables get created in total? And what's the exact name of the last table that gets created based on the migration output order?

For the web server startup, what's the log message that tells me it's actually ready to accept connections? I'm also curious how many milliseconds pass between the first log entry and that ready message.

The email handler can take a custom port. If I start it with port 25025, does the startup log confirm it's listening on that port? What message shows up exactly?

I want to test the registration flow. If I create a user account with email ""[testuser@example.com](mailto:testuser@example.com)"" and password ""testpass123"", then immediately try to login before activating it, what's the exact JSON error message the API returns and what HTTP status code comes with it? I'd also like to see the full curl command output. And when I query the database directly for that user, what boolean values do the activated and notification columns actually show?

Also, there are different alias limits for different account types. I want to verify how the system handles this dynamically. First, create a fresh user and call /api/user_info to see what max_alias_free_plan value the API actually returns in the JSON response. Then, experiment with changing the configuration - try setting a different limit value like 10, restart the server, create a second new user, and call /api/user_info again for that user. What are the exact API responses before and after the change? Do both users reflect the new limit or only the one created after the change?

I'm trying to understand the actual runtime behavior here, not just what the code suggests should happen. Don't modify any of the source files, but feel free to create test config files or .env files to experiment with different settings.","SimpleLogin registration/login flow: POST /api/auth/register creates user with activated=False, notification=True by default. An activation code (6 digits) is created in AccountActivation table with tries=3. POST /api/auth/login for unactivated user returns HTTP 422 with JSON {""error"": ""Account not activated""}. POST /api/auth/login for activated user returns HTTP 200 with user info. After registration, database shows: activated=False (boolean), notification=True (boolean, server_default=""1"").",True,high,"The agent's final answer explicitly states the HTTP 422 status code, the exact JSON error message '{""error"": ""Account not activated""}', and the database boolean values (activated=false, notification=true), all of which are specific facts contained in the retrieved note."
both,20260921T230545.829562372Z-openclaw-sweatlasqa-pilot30-shuffle1-amem-repo-both-sglang,task-6905333b74f22949d97ba9a6,014,2,d71b0d2a-b41d-4046-8332-80b6e9acdcb6,5,match,57,Synthesizing findings about email privacy system initialization and runtime behavior,"I'm trying to get this email privacy system with anonymous aliases running for the first time and I want to understand how all the pieces fit together during initialization.

The system has a web server, an email handler, background jobs, and some cron tasks. I need to set everything up from scratch and see what actually happens when it starts.

Here's what I'm trying to figure out:

When I run the database migrations on an empty PostgreSQL database, how many tables get created in total? And what's the exact name of the last table that gets created based on the migration output order?

For the web server startup, what's the log message that tells me it's actually ready to accept connections? I'm also curious how many milliseconds pass between the first log entry and that ready message.

The email handler can take a custom port. If I start it with port 25025, does the startup log confirm it's listening on that port? What message shows up exactly?

I want to test the registration flow. If I create a user account with email ""[testuser@example.com](mailto:testuser@example.com)"" and password ""testpass123"", then immediately try to login before activating it, what's the exact JSON error message the API returns and what HTTP status code comes with it? I'd also like to see the full curl command output. And when I query the database directly for that user, what boolean values do the activated and notification columns actually show?

Also, there are different alias limits for different account types. I want to verify how the system handles this dynamically. First, create a fresh user and call /api/user_info to see what max_alias_free_plan value the API actually returns in the JSON response. Then, experiment with changing the configuration - try setting a different limit value like 10, restart the server, create a second new user, and call /api/user_info again for that user. What are the exact API responses before and after the change? Do both users reflect the new limit or only the one created after the change?

I'm trying to understand the actual runtime behavior here, not just what the code suggests should happen. Don't modify any of the source files, but feel free to create test config files or .env files to experiment with different settings.","SimpleLogin email handler (email_handler.py) startup: Uses aiosmtpd Controller to create an SMTP server. When run with -p PORT (default 20381), it first logs at INFO level: ""Listen for port {PORT}"" then calls main() which creates the Controller, starts it, and logs at DEBUG level: ""Start mail controller 0.0.0.0 {PORT}"". If port 25025 is used, the INFO message is ""Listen for port 25025"" and DEBUG is ""Start mail controller 0.0.0.0 25025"". The Controller.start() starts the actual SMTP server listener.",True,high,"The agent's final answer explicitly lists the exact log messages ('Listen for port 25025' and 'Start mail controller 0.0.0.0 25025') for the email handler startup, which matches the specific details provided in the retrieved note."
both,20260921T230545.829562372Z-openclaw-sweatlasqa-pilot30-shuffle1-amem-repo-both-sglang,task-6905333b74f22949d97ba9a6,014,3,275d6bcd-668c-4053-bd4a-550585821aa1,2,match,57,Final synthesis of all findings to write the comprehensive answer,"I'm trying to get this email privacy system with anonymous aliases running for the first time and I want to understand how all the pieces fit together during initialization.

The system has a web server, an email handler, background jobs, and some cron tasks. I need to set everything up from scratch and see what actually happens when it starts.

Here's what I'm trying to figure out:

When I run the database migrations on an empty PostgreSQL database, how many tables get created in total? And what's the exact name of the last table that gets created based on the migration output order?

For the web server startup, what's the log message that tells me it's actually ready to accept connections? I'm also curious how many milliseconds pass between the first log entry and that ready message.

The email handler can take a custom port. If I start it with port 25025, does the startup log confirm it's listening on that port? What message shows up exactly?

I want to test the registration flow. If I create a user account with email ""[testuser@example.com](mailto:testuser@example.com)"" and password ""testpass123"", then immediately try to login before activating it, what's the exact JSON error message the API returns and what HTTP status code comes with it? I'd also like to see the full curl command output. And when I query the database directly for that user, what boolean values do the activated and notification columns actually show?

Also, there are different alias limits for different account types. I want to verify how the system handles this dynamically. First, create a fresh user and call /api/user_info to see what max_alias_free_plan value the API actually returns in the JSON response. Then, experiment with changing the configuration - try setting a different limit value like 10, restart the server, create a second new user, and call /api/user_info again for that user. What are the exact API responses before and after the change? Do both users reflect the new limit or only the one created after the change?

I'm trying to understand the actual runtime behavior here, not just what the code suggests should happen. Don't modify any of the source files, but feel free to create test config files or .env files to experiment with different settings.","SimpleLogin email privacy system database has 77 unique tables created across all Alembic migrations. The main migration chain (235 migrations from root 5e549314e1e2 to head 2d89315ac650) creates 73 unique tables. There are 2 independent branches: main chain (5e549314e1e2 → 2d89315ac650) and a separate branch (2634b41f54db → 32f25cbf12f6 that creates sync_event, mailbox_activation, alias_audit_log, user_audit_log). The last table created in the main chain is ""daily_metric"" (in migration 2022_101416_2c2093c82bc0.py). After that, 4 more migrations only add columns to existing tables. The first migration (5e549314e1e2) creates tables: file, scope, users, activation_code, client, gen_email, authorization_code, client_scope, client_user, oauth_token, redirect_uri.",True,high,"The agent's final answer explicitly states that there are 77 unique tables and that the last table created in the main chain is 'daily_metric', which are specific facts directly retrieved from the note."
both,20260921T230545.829562372Z-openclaw-sweatlasqa-pilot30-shuffle1-amem-repo-both-sglang,task-6905333b74f22949d97ba9a6,014,3,d71b0d2a-b41d-4046-8332-80b6e9acdcb6,4,match,55,Final synthesis of all findings to write the comprehensive answer,"I'm trying to get this email privacy system with anonymous aliases running for the first time and I want to understand how all the pieces fit together during initialization.

The system has a web server, an email handler, background jobs, and some cron tasks. I need to set everything up from scratch and see what actually happens when it starts.

Here's what I'm trying to figure out:

When I run the database migrations on an empty PostgreSQL database, how many tables get created in total? And what's the exact name of the last table that gets created based on the migration output order?

For the web server startup, what's the log message that tells me it's actually ready to accept connections? I'm also curious how many milliseconds pass between the first log entry and that ready message.

The email handler can take a custom port. If I start it with port 25025, does the startup log confirm it's listening on that port? What message shows up exactly?

I want to test the registration flow. If I create a user account with email ""[testuser@example.com](mailto:testuser@example.com)"" and password ""testpass123"", then immediately try to login before activating it, what's the exact JSON error message the API returns and what HTTP status code comes with it? I'd also like to see the full curl command output. And when I query the database directly for that user, what boolean values do the activated and notification columns actually show?

Also, there are different alias limits for different account types. I want to verify how the system handles this dynamically. First, create a fresh user and call /api/user_info to see what max_alias_free_plan value the API actually returns in the JSON response. Then, experiment with changing the configuration - try setting a different limit value like 10, restart the server, create a second new user, and call /api/user_info again for that user. What are the exact API responses before and after the change? Do both users reflect the new limit or only the one created after the change?

I'm trying to understand the actual runtime behavior here, not just what the code suggests should happen. Don't modify any of the source files, but feel free to create test config files or .env files to experiment with different settings.","SimpleLogin email handler (email_handler.py) startup: Uses aiosmtpd Controller to create an SMTP server. When run with -p PORT (default 20381), it first logs at INFO level: ""Listen for port {PORT}"" then calls main() which creates the Controller, starts it, and logs at DEBUG level: ""Start mail controller 0.0.0.0 {PORT}"". If port 25025 is used, the INFO message is ""Listen for port 25025"" and DEBUG is ""Start mail controller 0.0.0.0 25025"". The Controller.start() starts the actual SMTP server listener.",True,high,"The agent's final answer explicitly includes the specific log messages ('Listen for port 25025' and 'Start mail controller 0.0.0.0 25025') and their log levels (INFO and DEBUG) which were detailed in the retrieved note, confirming the note directly informed the response to the email handler port question."
both,20260921T230545.829562372Z-openclaw-sweatlasqa-pilot30-shuffle1-amem-repo-both-sglang,task-6905333b74f22949d97ba9a7,015,1,58d0f9b0-73d2-4b10-b784-7e5a6f97f484,7,link,57,Understanding SimpleLogin codebase structure and key components,"I want to understand how SimpleLogin processes multi step workflows at runtime.

In scenarios where a mailbox verification code is submitted incorrectly multiple times in succession, what observable state changes and enforcement mechanisms does the running system apply? Trace the actual runtime behavior to determine what limits exist, how failed attempts are tracked, and what ultimately prevents further submissions.

For background tasks that are scheduled and later picked up for execution, trace the complete lifecycle from initial creation through final completion. If a task encounters an error during execution, what recovery or retry behavior is applied, and what observable state reflects that failure?

During email forwarding through an alias, what exact format is used for the special address generated to handle delivery failures? If a failure notification arrives at this address, trace how the system identifies the original email, what state changes are recorded, and how the handling behavior differs depending on the direction of the original message.

Temporary inspection or debugging tools may be used to observe runtime behavior, but source files should not be modified and any temporary artifacts should be cleaned up afterward.","SimpleLogin bounce system has TWO address formats:

OLD FORMAT (no crypto): bounce+{email_log_id}+@{domain}
- Used as mail_from during forward phase (VERP bounce address)
- The ID is in plain text, no signature
- Parsed by parse_id_from_bounce() which extracts text between first and last ""+"" characters and casts to int

NEW FORMAT (signed VERP): sl.{b32encoded_json}.{b32hmac}@{domain}
- Uses itsdangerous-style HMAC-SHA3-224 signature
- Encodes [verp_type, object_id, timestamp_minutes] in base32 JSON
- 8-byte HMAC signature appended
- Verified by get_verp_info_from_email() which validates signature AND timestamp (5-day lifetime)
- If signature invalid: returns None (silently rejected)
- If expired: returns None (silently rejected)

Routing: The system checks BOTH formats for rcpt_to AND mail_from, so both old and new format bounce addresses are accepted for processing.

SMTP responses:
- E512 = ""550 SL E512 No such email log"" - returned when EmailLog.get(email_log_id) returns None (invalid/nonexistent ID)
- E205 = ""250 SL E205 bounce handled"" - transactional bounce handled
- E211 = ""250 SL E211 Bounce Forward phase handled"" - forward phase bounce handled  
- E212 = ""250 SL E212 Bounce Reply phase handled"" - reply phase bounce handled
- E510 = ""550 SL E510 so such user"" - user not active

Key finding: When an attacker sends a bounce to a VERP address with a VALID but NONEXISTENT email_log ID, the system returns E512 (550 SL E512 No such email log). When a valid ID exists, it returns E211 or E212. This is a timing/enumeration oracle - the different SMTP responses distinguish between ""ID doesn't exist in DB"" vs ""ID exists"".

For the new signed format: get_verp_info_from_email() returns None if signature is invalid or expired, and the code falls through with email_log_id=None, which triggers EmailLog.get(None) -> None -> E512.",True,high,"The agent's final answer explicitly details the VERP address format (sl.{base32}.{hmac}@domain), the identification of the original email via the embedded ID, and the specific state changes (bounced=True, etc.) and handling differences between forward and reply phases, all of which are the core facts presented in the retrieved note."
both,20260921T230545.829562372Z-openclaw-sweatlasqa-pilot30-shuffle1-amem-repo-both-sglang,task-6905333b74f22949d97ba9a8,010,2,48e3cbaa-0868-44b9-b67a-a49aaf1243ea,2,match,60,Verifying all findings are grounded in memory before writing final answer,"I'm onboarding into the SimpleLogin codebase and need to understand how it actually behaves when running. I want to know what port the Flask app binds to and what the startup logs look like when it initializes. For the health check, what response body and status code does it return? When a user creates an alias through the API, what does the actual JSON response look like, and what ends up in the database, which table, and what values? I'm also curious about failure behavior. If PostgreSQL isn't available when the app starts, what error appears, and where does it break? I need to see actual runtime output, not just what the code says should happen. You can create temporary test scripts, but don't modify the repository and clean up afterward.","DB failure behavior: DB_URI loaded in app/config.py line 192 as os.environ[""DB_URI""] (raises KeyError if not set). In db.py, create_engine() is called with config.DB_URI, which would raise sqlalchemy.exc.OperationalError if PostgreSQL is unreachable. Since db.py is imported during app startup (in server.py via from app.db import Session), a missing/unreachable PostgreSQL causes the entire Flask app startup to fail immediately with OperationalError from sqlalchemy. The app does NOT have a graceful fallback - it crashes at import time in db.py before create_app() even runs.",True,high,"The agent's final answer explicitly includes the specific failure behavior details from the note, stating that the app crashes at import time in `app/db.py` with a `KeyError` or `OperationalError` and lacks graceful handling, which matches the note's claims about the startup sequence and error types."
both,20260921T230545.829562372Z-openclaw-sweatlasqa-pilot30-shuffle1-amem-repo-both-sglang,task-6905333b74f22949d97ba9a8,010,2,5a40f994-284b-4e49-b12e-cc3ff900d559,3,match,68,Verifying all findings are grounded in memory before writing final answer,"I'm onboarding into the SimpleLogin codebase and need to understand how it actually behaves when running. I want to know what port the Flask app binds to and what the startup logs look like when it initializes. For the health check, what response body and status code does it return? When a user creates an alias through the API, what does the actual JSON response look like, and what ends up in the database, which table, and what values? I'm also curious about failure behavior. If PostgreSQL isn't available when the app starts, what error appears, and where does it break? I need to see actual runtime output, not just what the code says should happen. You can create temporary test scripts, but don't modify the repository and clean up afterward.","SimpleLogin Flask app startup: The app runs on port 7777 (defined in local_main() in server.py). The Dockerfile exposes port 7777 and runs via gunicorn wsgi:app -b 0.0.0.0:7777. The WSGI entry point is wsgi.py which imports create_app from server.py. The Flask app creates a /health route returning ""success"" with HTTP 200.",True,high,"The agent's final answer explicitly cites the port 7777, the specific startup log messages, and the health check response body 'success' with HTTP 200, all of which are specific facts contained in the retrieved note."
both,20260921T230545.829562372Z-openclaw-sweatlasqa-pilot30-shuffle1-amem-repo-both-sglang,task-6905333b74f22949d97ba9a8,010,2,d38b5baf-e489-406a-a9d5-36ccec9ea67e,5,match,56,Verifying all findings are grounded in memory before writing final answer,"I'm onboarding into the SimpleLogin codebase and need to understand how it actually behaves when running. I want to know what port the Flask app binds to and what the startup logs look like when it initializes. For the health check, what response body and status code does it return? When a user creates an alias through the API, what does the actual JSON response look like, and what ends up in the database, which table, and what values? I'm also curious about failure behavior. If PostgreSQL isn't available when the app starts, what error appears, and where does it break? I need to see actual runtime output, not just what the code says should happen. You can create temporary test scripts, but don't modify the repository and clean up afterward.","Alias creation API: POST /api/v2/alias/custom/new (v3) and POST /api/alias/random/new. Both require API key in ""Authentication"" header. Success returns JSON with alias=full_alias email, plus serialize_alias_info_v2 fields (id, email, creation_date, creation_timestamp, enabled, note, name, nb_forward, nb_block, nb_reply, mailbox object, mailboxes array, support_pgp, disable_pgp, latest_activity, pinned) with HTTP 201. On failure: 400 (rate limit/invalid format), 409 (already exists), 412 (expired suffix signature), 400 (tampered suffix). Database table: ""alias"" (models.py line 1470). Fields: id, user_id, email (unique), name, enabled, flags, custom_domain_id, automatic_creation, directory_id, note, mailbox_id, disable_pgp, cannot_be_disabled, disable_email_spoofing_check, batch_import_id, original_owner_id, pinned, transfer_token, transfer_token_expiration, hibp_last_check, last_email_log_id, created_at, updated_at. Also creates entries in alias_used_on table (hostname mapping) and alias_mailbox table (for multiple mailboxes in v3).",True,high,"The agent's final answer explicitly lists the specific API endpoints, the detailed JSON response structure (including `serialize_alias_info_v2` fields), the HTTP status codes, and the specific database table (`alias`) with its column details, all of which match the unique and detailed information provided in the retrieved note."
both,20260921T230545.829562372Z-openclaw-sweatlasqa-pilot30-shuffle1-amem-repo-both-sglang,task-6905333b74f22949d97ba9a8,010,2,c845147b-b6d3-4f07-a57d-6700bf65451f,8,link,58,Verifying all findings are grounded in memory before writing final answer,"I'm onboarding into the SimpleLogin codebase and need to understand how it actually behaves when running. I want to know what port the Flask app binds to and what the startup logs look like when it initializes. For the health check, what response body and status code does it return? When a user creates an alias through the API, what does the actual JSON response look like, and what ends up in the database, which table, and what values? I'm also curious about failure behavior. If PostgreSQL isn't available when the app starts, what error appears, and where does it break? I need to see actual runtime output, not just what the code says should happen. You can create temporary test scripts, but don't modify the repository and clean up afterward.","Startup log format: Defined in app/log.py. Format: ""%(asctime)s - %(name)s - %(levelname)s - %(process)d - ""%(pathname)s:%(lineno)d"" - %(funcName)s() - %(message_id)s - %(message)s"". Logger name is ""SL"". Additional prints during startup: "">>> init logging <<<"", "">>> URL: <URL>"" (from config.py), ""WARNING: Use a temp directory for GNUPGHOME"" (if no GNUPGHOME set). The Flask debug request logging in after_request prints: ""%s %s %s %s %s, takes %s"" with remote_addr, method, path, args, status_code, duration.",True,high,"The agent's final answer explicitly includes the specific startup log print lines ('>>> init logging <<<', '>>> URL: ...', GNUPGHOME warning) and the detailed `after_request` log format string, which are unique details found only in the retrieved note."
both,20260921T230545.829562372Z-openclaw-sweatlasqa-pilot30-shuffle1-amem-repo-both-sglang,task-6905333b74f22949d97ba9a9,013,1,a6d9b6b7-22eb-479c-afc1-6f26705c8aa9,1,match,67,Exploring SimpleLogin codebase to understand alias reply-handling flow and identify routing bugs,"I'm running into unexpected behavior in the alias reply-handling flow of SimpleLogin and I want to determine whether it's a real issue or just a misunderstanding of how the pipeline works. When a user replies to an email that was forwarded through an alias, the backend is supposed to receive the inbound message, identify which alias it belongs to, and relay it back to the correct recipient, but in my local tests some replies appear to be routed to the wrong user even though the logs show the alias being recognized. Using the development environment, simulate an inbound email reply and trace the runtime flow end-to-end: observe which part of the system handles the incoming message, how the alias is resolved to a user, and what user ID the system ultimately decides to forward the reply to. Based on this live execution trace, explain the actual data flow and identify the most likely point in the pipeline where an incorrect routing decision could originate. You can create temporary scripts or logs that's fine but clean them up and leave the codebase as you found it.","SimpleLogin reply_email lookup: Contact.reply_email has an index but NO unique constraint. Only UniqueConstraint is (alias_id, website_email). The Contact.get_by(reply_email=...) method uses .first() which returns the first matching row from DB. No locking or SELECT FOR UPDATE is used around contact creation.

The generate_reply_email function in email_utils.py uses available_sl_email (which calls Contact.get_by(reply_email=...)) in a loop to find unique reply emails. But due to no unique constraint and no locking, two concurrent forwards for the same alias could each check available_sl_email, find the same reply_email ""available"", and both create a contact with the same reply_email. This is a classic TOCTOU race condition.

When a reply arrives, handle_reply does: reply_email=rcpt_to, contact=Contact.get_by(reply_email=reply_email), alias=contact.alias, user=alias.user, then sends email to contact.website_email. If two contacts share the same reply_email, the DB's .first() returns only one — the routing goes to whoever that contact belongs to.

Key files: /app/email_handler.py (handle_reply, handle_forward), /app/app/models.py (Contact class), /app/app/email_utils.py (generate_reply_email), /app/app/contact_utils.py (create_contact).",True,high,"The agent's final answer explicitly cites the specific technical details from the retrieved note (lack of unique constraint on reply_email, TOCTOU race in generate_reply_email, and .first() returning the wrong contact) as the root cause of the bug, directly reflecting the note's claims."
both,20260921T230545.829562372Z-openclaw-sweatlasqa-pilot30-shuffle1-amem-repo-both-sglang,task-6905333b74f22949d97ba9a9,013,1,f2a84a91-2d21-4ea6-8084-40c4df5e28bb,2,match,72,Exploring SimpleLogin codebase to understand alias reply-handling flow and identify routing bugs,"I'm running into unexpected behavior in the alias reply-handling flow of SimpleLogin and I want to determine whether it's a real issue or just a misunderstanding of how the pipeline works. When a user replies to an email that was forwarded through an alias, the backend is supposed to receive the inbound message, identify which alias it belongs to, and relay it back to the correct recipient, but in my local tests some replies appear to be routed to the wrong user even though the logs show the alias being recognized. Using the development environment, simulate an inbound email reply and trace the runtime flow end-to-end: observe which part of the system handles the incoming message, how the alias is resolved to a user, and what user ID the system ultimately decides to forward the reply to. Based on this live execution trace, explain the actual data flow and identify the most likely point in the pipeline where an incorrect routing decision could originate. You can create temporary scripts or logs that's fine but clean them up and leave the codebase as you found it.","SimpleLogin email forwarding flow (forward phase, handle_forward function in email_handler.py):

SUCCESSFUL FORWARD:
- Log message: ""Forward mail from %s to %s, mail_options:%s, rcpt_options:%s"" (contact.website_email, mailbox.email) - at line 893
- Return value: (True, ""250 Message accepted for delivery"") - status.E200 - at line 928
- EmailLog record created: id (auto-increment integer), created_at (arrow.utcnow), message_id = str(msg[headers.MESSAGE_ID]), is_reply=False, blocked=False, mailbox_id set, alias_id set, user_id set - at line 733

NON-EXISTENT ALIAS:
- Log message: ""alias %s not exist. Try to see if it can be created on the fly"" then ""alias %s cannot be created on-the-fly, return 550"" - at lines 546-551
- Return value: (False, ""550 SL E515 Email not exist"") - status.E515 - at line 555
- No EmailLog record created - the function returns early before any DB insert

SL Message-ID (during forward phase):
- NO SL Message-ID is generated during the forward phase. SL-Message-ID is ONLY created during the REPLY phase in replace_original_message_id() function (line 1295).
- During forward phase, the original Message-ID is preserved in headers. The replace_sl_message_id_by_original_message_id() function at line 860 only replaces SL Message-IDs in In-Reply-To/References headers if they exist (from a previous reply).
- The EmailLog.sl_message_id field remains NULL during forward.

From header transformation:
- Original From header is replaced using Contact.new_addr() which returns the reply_email in various formats:
  - ""First Last - first at example.com <reply_email@domain>"" (SenderFormatEnum.AT)
  - ""First Last - first(a)example.com <reply_email@domain>"" (SenderFormatEnum.A)
  - ""first at example.com <reply_email@domain>"" (AT, when name=empty)
  - ""First Last <reply_email@domain>"" (AT, when name equals email)
  - Just ""reply_email@domain"" (NO_NAME)
  - ""First Last"" with reply_email as addr (NAME_ONLY)
- The reply_email format is: {random_string}@{EMAIL_DOMAIN} (default, 20-50 chars random)
- Or optionally: {contact_email}_{random_string}@{EMAIL_DOMAIN} when include_sender_in_reverse_alias is enabled

VERP envelope sender during forward:
- generate_verp_email(VerpType.bounce_forward, email_log.id, contact_domain) creates address:
  - ""sl.{b32encoded_json}.{b32hmac}@{domain}"" format
  - Encodes: [verp_type_value=2, email_log_id, timestamp_minutes]

Database records created during single forward:
- EmailLog (id, contact_id, user_id, mailbox_id, alias_id, message_id, created_at=arrow.utcnow())
- Contact (if first email from this sender): (id, user_id, alias_id, website_email, name, reply_email=random_string@domain, created_at)
- MessageIDMatching: NOT created during forward phase (only during reply phase)",False,high,"The agent's final answer identifies a race condition in `generate_reply_email` and `Contact` table constraints, which is not mentioned in the retrieved note; the note only describes the forward phase logic, log messages, and header transformations, none of which were referenced or acted upon in the agent's subsequent investigation or final conclusion."
both,20260921T230545.829562372Z-openclaw-sweatlasqa-pilot30-shuffle1-amem-repo-both-sglang,task-6905333b74f22949d97ba9a9,013,1,8ad79d90-5cb0-4775-b325-0af584d2e42e,10,link,60,Exploring SimpleLogin codebase to understand alias reply-handling flow and identify routing bugs,"I'm running into unexpected behavior in the alias reply-handling flow of SimpleLogin and I want to determine whether it's a real issue or just a misunderstanding of how the pipeline works. When a user replies to an email that was forwarded through an alias, the backend is supposed to receive the inbound message, identify which alias it belongs to, and relay it back to the correct recipient, but in my local tests some replies appear to be routed to the wrong user even though the logs show the alias being recognized. Using the development environment, simulate an inbound email reply and trace the runtime flow end-to-end: observe which part of the system handles the incoming message, how the alias is resolved to a user, and what user ID the system ultimately decides to forward the reply to. Based on this live execution trace, explain the actual data flow and identify the most likely point in the pipeline where an incorrect routing decision could originate. You can create temporary scripts or logs that's fine but clean them up and leave the codebase as you found it.","Background processes in SimpleLogin (all separate scripts, NOT auto-started with Flask): 1) email_handler.py - SMTP server on port 20381 using aiosmtpd, receives emails, handles forward/reply phases. Run via `python email_handler.py -p 20381`. 2) event_listener.py - Postgres NOTIFY/LISTEN event source, processes async events (AliasCreated, etc.) via HttpEventSink. Run via `python event_listener.py listener`. 3) job_runner.py - polling loop (every 10s) processing scheduled jobs from Job table (onboarding, exports, account deletion, mailbox deletion, domain deletion, alias creation events). Run via `python job_runner.py`. 4) cron.py - periodic tasks via polling (trial end notifications, log cleanup, monitoring, DNS validation, HIBP scans, PGP key rotation, subscription sync, Apple subscription verification, spam report cleanup, etc.). Run via `python cron.py`. None of these are auto-started by server.py - they must be run separately.",False,high,"The retrieved note only describes the background processes and how to run them, but the agent's subsequent actions and final answer focus entirely on analyzing code logic (race conditions, database constraints, and function implementations) without ever referencing or acting upon the specific process management details or file paths mentioned in the note."
both,20260921T230545.829562372Z-openclaw-sweatlasqa-pilot30-shuffle1-amem-repo-both-sglang,task-6905333b74f22949d97ba9aa,008,1,f2a84a91-2d21-4ea6-8084-40c4df5e28bb,7,link,51,"Exploring SimpleLogin repository to understand how the app starts and how to verify web server, email handler, and job runner are up","I'm new to SimpleLogin and trying to get everything running locally. Once the application starts, how can I tell that the web server, email handler, and job runner are actually up and responding? What should I see in the logs or dashboard UI that confirms users can sign in and manage their aliases?

After it's running, try performing some basic user actions like creating a new account, creating an alias, and having that alias receive an email. What happens when a new account interacts with aliases or tries to receive mail, and how does the system show that these actions were handled correctly? What should I see at runtime that confirms the behavior you would expect?

While the application is active, do the email handler and job runner automatically come online in the background to support email activity or data handling? What behavior suggests that these internal components are functioning as intended across different situations?

Do not modify the source code. You can create temporary testing data such as accounts or aliases but clean them up when you are done.","SimpleLogin email forwarding flow (forward phase, handle_forward function in email_handler.py):

SUCCESSFUL FORWARD:
- Log message: ""Forward mail from %s to %s, mail_options:%s, rcpt_options:%s"" (contact.website_email, mailbox.email) - at line 893
- Return value: (True, ""250 Message accepted for delivery"") - status.E200 - at line 928
- EmailLog record created: id (auto-increment integer), created_at (arrow.utcnow), message_id = str(msg[headers.MESSAGE_ID]), is_reply=False, blocked=False, mailbox_id set, alias_id set, user_id set - at line 733

NON-EXISTENT ALIAS:
- Log message: ""alias %s not exist. Try to see if it can be created on the fly"" then ""alias %s cannot be created on-the-fly, return 550"" - at lines 546-551
- Return value: (False, ""550 SL E515 Email not exist"") - status.E515 - at line 555
- No EmailLog record created - the function returns early before any DB insert

SL Message-ID (during forward phase):
- NO SL Message-ID is generated during the forward phase. SL-Message-ID is ONLY created during the REPLY phase in replace_original_message_id() function (line 1295).
- During forward phase, the original Message-ID is preserved in headers. The replace_sl_message_id_by_original_message_id() function at line 860 only replaces SL Message-IDs in In-Reply-To/References headers if they exist (from a previous reply).
- The EmailLog.sl_message_id field remains NULL during forward.

From header transformation:
- Original From header is replaced using Contact.new_addr() which returns the reply_email in various formats:
  - ""First Last - first at example.com <reply_email@domain>"" (SenderFormatEnum.AT)
  - ""First Last - first(a)example.com <reply_email@domain>"" (SenderFormatEnum.A)
  - ""first at example.com <reply_email@domain>"" (AT, when name=empty)
  - ""First Last <reply_email@domain>"" (AT, when name equals email)
  - Just ""reply_email@domain"" (NO_NAME)
  - ""First Last"" with reply_email as addr (NAME_ONLY)
- The reply_email format is: {random_string}@{EMAIL_DOMAIN} (default, 20-50 chars random)
- Or optionally: {contact_email}_{random_string}@{EMAIL_DOMAIN} when include_sender_in_reverse_alias is enabled

VERP envelope sender during forward:
- generate_verp_email(VerpType.bounce_forward, email_log.id, contact_domain) creates address:
  - ""sl.{b32encoded_json}.{b32hmac}@{domain}"" format
  - Encodes: [verp_type_value=2, email_log_id, timestamp_minutes]

Database records created during single forward:
- EmailLog (id, contact_id, user_id, mailbox_id, alias_id, message_id, created_at=arrow.utcnow())
- Contact (if first email from this sender): (id, user_id, alias_id, website_email, name, reply_email=random_string@domain, created_at)
- MessageIDMatching: NOT created during forward phase (only during reply phase)",True,high,"The agent's final answer explicitly incorporates specific technical details from the retrieved note, such as the distinction between forward and reply phases, the creation of Contact and EmailLog records during the forward phase, header transformation to reverse aliases, and the use of VERP envelope senders, which were all detailed in the note."
both,20260921T230545.829562372Z-openclaw-sweatlasqa-pilot30-shuffle1-amem-repo-both-sglang,task-6905333b74f22949d97ba9aa,008,2,f2a84a91-2d21-4ea6-8084-40c4df5e28bb,6,link,59,"Writing final answer about how to verify SimpleLogin web server, email handler, and job runner are up, and what runtime behavior confirms correct operation","I'm new to SimpleLogin and trying to get everything running locally. Once the application starts, how can I tell that the web server, email handler, and job runner are actually up and responding? What should I see in the logs or dashboard UI that confirms users can sign in and manage their aliases?

After it's running, try performing some basic user actions like creating a new account, creating an alias, and having that alias receive an email. What happens when a new account interacts with aliases or tries to receive mail, and how does the system show that these actions were handled correctly? What should I see at runtime that confirms the behavior you would expect?

While the application is active, do the email handler and job runner automatically come online in the background to support email activity or data handling? What behavior suggests that these internal components are functioning as intended across different situations?

Do not modify the source code. You can create temporary testing data such as accounts or aliases but clean them up when you are done.","SimpleLogin email forwarding flow (forward phase, handle_forward function in email_handler.py):

SUCCESSFUL FORWARD:
- Log message: ""Forward mail from %s to %s, mail_options:%s, rcpt_options:%s"" (contact.website_email, mailbox.email) - at line 893
- Return value: (True, ""250 Message accepted for delivery"") - status.E200 - at line 928
- EmailLog record created: id (auto-increment integer), created_at (arrow.utcnow), message_id = str(msg[headers.MESSAGE_ID]), is_reply=False, blocked=False, mailbox_id set, alias_id set, user_id set - at line 733

NON-EXISTENT ALIAS:
- Log message: ""alias %s not exist. Try to see if it can be created on the fly"" then ""alias %s cannot be created on-the-fly, return 550"" - at lines 546-551
- Return value: (False, ""550 SL E515 Email not exist"") - status.E515 - at line 555
- No EmailLog record created - the function returns early before any DB insert

SL Message-ID (during forward phase):
- NO SL Message-ID is generated during the forward phase. SL-Message-ID is ONLY created during the REPLY phase in replace_original_message_id() function (line 1295).
- During forward phase, the original Message-ID is preserved in headers. The replace_sl_message_id_by_original_message_id() function at line 860 only replaces SL Message-IDs in In-Reply-To/References headers if they exist (from a previous reply).
- The EmailLog.sl_message_id field remains NULL during forward.

From header transformation:
- Original From header is replaced using Contact.new_addr() which returns the reply_email in various formats:
  - ""First Last - first at example.com <reply_email@domain>"" (SenderFormatEnum.AT)
  - ""First Last - first(a)example.com <reply_email@domain>"" (SenderFormatEnum.A)
  - ""first at example.com <reply_email@domain>"" (AT, when name=empty)
  - ""First Last <reply_email@domain>"" (AT, when name equals email)
  - Just ""reply_email@domain"" (NO_NAME)
  - ""First Last"" with reply_email as addr (NAME_ONLY)
- The reply_email format is: {random_string}@{EMAIL_DOMAIN} (default, 20-50 chars random)
- Or optionally: {contact_email}_{random_string}@{EMAIL_DOMAIN} when include_sender_in_reverse_alias is enabled

VERP envelope sender during forward:
- generate_verp_email(VerpType.bounce_forward, email_log.id, contact_domain) creates address:
  - ""sl.{b32encoded_json}.{b32hmac}@{domain}"" format
  - Encodes: [verp_type_value=2, email_log_id, timestamp_minutes]

Database records created during single forward:
- EmailLog (id, contact_id, user_id, mailbox_id, alias_id, message_id, created_at=arrow.utcnow())
- Contact (if first email from this sender): (id, user_id, alias_id, website_email, name, reply_email=random_string@domain, created_at)
- MessageIDMatching: NOT created during forward phase (only during reply phase)",False,high,"The agent's final answer provides high-level architectural descriptions and general workflow summaries (e.g., 'Forward phase creates Contact + EmailLog records') but does not cite any of the specific technical details from the retrieved note, such as the exact log message strings, specific line numbers, return codes (E200/E515), or the nuanced behavior regarding SL-Message-ID generation during the forward vs. reply phases."
both,20260921T230545.829562372Z-openclaw-sweatlasqa-pilot30-shuffle1-amem-repo-both-sglang,task-6905333b74f22949d97ba9ab,009,1,8c7cffea-f0d3-49e6-9857-159cad98a724,5,match,53,Understanding SimpleLogin codebase structure and alias-creation flow,"I want to understand how SimpleLogin behaves during a normal alias-creation flow. To do that, run the full application locally using the standard development setup, login with any test user, and create a new alias while observing the system in real time.

As you go through this flow, watch the frontend and note exactly what request it sends to the backend when an alias is created. Then observe what the backend returns, including any status codes, payloads, or metadata that appear in the response. While the request is being processed, check what changes occur in the database. Identify which records are inserted or updated, how many tables are touched, and whether any related entities are created as part of the same operation.

Pay close attention to the logs to see whether the system triggers any background tasks, emits follow-up events, or performs additional work beyond the initial write. If anything fails, such as validation problems, DB errors, or network issues. Note how the error surfaces in the API response, logs, and resulting database state. Don't modify any of the repository source files while investigating. Feel free to create temporary scripts that's fine, but leave the actual codebase as you found it and ensure to clean up any temporary files or scripts you create when you're done.","Alias creation involves two main stages: 1) Quota checking in models.py via can_create_new_alias(), which verifies user status (is_active, not disabled), subscription type (lifetime/active allows unconditionally), and account limits (5 for new free, 15 for old/free trial). This check occurs before signature validation and returns 400 with MAX_NB_EMAIL_FREE_PLAN count on failure. 2) Alias creation signed suffix validation: check_suffix_signature() in alias_suffix.py uses itsdangerous.TimestampSigner with max_age=600, catching BadSignature to return None for all errors (tampered or expired). The caller in new_custom_alias.py handles None as 412 'Alias creation time is expired' and exceptions as 400 'Tampered suffix'. verify_prefix_suffix() checks domain/prefix format, logging errors at ERROR level.",False,high,"The agent's final answer describes a high-level summary of database tables and HTTP status codes without mentioning any of the specific technical details from the retrieved note, such as the `can_create_new_alias()` function, the `TimestampSigner` with `max_age=600`, or the specific 400/412 error handling logic for signature validation."
both,20260921T230545.829562372Z-openclaw-sweatlasqa-pilot30-shuffle1-amem-repo-both-sglang,task-6905333b74f22949d97ba9ab,009,2,d89aa4d3-1d4b-419f-99d4-c2d71c6c31ff,3,match,67,Writing final answer about SimpleLogin alias creation flow behavior,"I want to understand how SimpleLogin behaves during a normal alias-creation flow. To do that, run the full application locally using the standard development setup, login with any test user, and create a new alias while observing the system in real time.

As you go through this flow, watch the frontend and note exactly what request it sends to the backend when an alias is created. Then observe what the backend returns, including any status codes, payloads, or metadata that appear in the response. While the request is being processed, check what changes occur in the database. Identify which records are inserted or updated, how many tables are touched, and whether any related entities are created as part of the same operation.

Pay close attention to the logs to see whether the system triggers any background tasks, emits follow-up events, or performs additional work beyond the initial write. If anything fails, such as validation problems, DB errors, or network issues. Note how the error surfaces in the API response, logs, and resulting database state. Don't modify any of the repository source files while investigating. Feel free to create temporary scripts that's fine, but leave the actual codebase as you found it and ensure to clean up any temporary files or scripts you create when you're done.","Full alias creation flow in SimpleLogin:

FRONTEND (dashboard/custom_alias.html): Form with prefix input, signed_suffix select (from get_alias_suffixes API), mailbox multiselect, note textarea. On submit, form posts POST /custom_alias.

FRONTEND (API v2/v3 - new_custom_alias.py): Frontend extension/browser calls GET /v5/alias/options to get available suffixes (with signed_suffix = itsdangerous.TimestampSigner(max_age=600s)). Then POST /v2/alias/custom/new or /v3/alias/custom/new with {alias_prefix, signed_suffix, note, mailbox_ids, name, hostname}. Returns 201 with full alias object, or 400/409/412 errors.

BACKEND FLOW (custom_alias.py dashboard): 1) Check can_create_new_alias() (quota, active, not disabled). 2) Validate prefix format. 3) Validate mailbox_ids (must be user's verified mailboxes). 4) check_suffix_signature(signed_suffix) - itsdangerous TimestampSigner with max_age=600s. 5) verify_prefix_suffix() - checks domain is valid, prefix starts with ""."" for SL domains. 6) Check if alias already exists (Alias, DeletedAlias, DomainDeletedAlias). 7) Alias.create() - INSERT into alias table, check trash lists, rate limiting via Redis, DailyMetric.nb_alias += 1, then INSERT into alias_audit_log, send AsyncEvent (AliasCreated proto to Postgres SyncEvent via NOTIFY). 8) AliasMailbox.create() for additional mailboxes. 9) Session.commit(). 10) Redirect to index.

BACKEND FLOW (new_custom_alias_v2.py API): Same as above but returns JSON 201 instead of redirect. V3 accepts mailbox_ids array.

BACKEND FLOW (new_random_alias.py API): GET /v5/alias/options first. Then POST /alias/random/new with optional {note, hostname, mode}. If hostname provided and include_website_in_one_click_alias enabled, suggests prefix. Creates via Alias.create_new_random() or Alias.create_new(). Same alias creation logic follows.

DATABASE TABLES TOUCHED:
1. alias - INSERT (id, user_id, email, name, enabled, flags, custom_domain_id, mailbox_id, note, pinned, disable_pgp, disable_email_spoofing_check, created_at, updated_at)
2. alias_audit_log - INSERT (user_id, alias_id, alias_email, action=""create"", message=""New alias created"", created_at)
3. alias_mailbox - INSERT for each additional mailbox (alias_id, mailbox_id)
4. alias_used_on - INSERT if hostname provided (alias_id, hostname, user_id, created_at)
5. daily_metric - UPDATE nb_alias += 1 if not exists, INSERT new row for today
6. sync_event - INSERT via Postgres NOTIFY for async event dispatch (contains serialized protobuf AliasCreated event)

USER AUDIT LOG (for contact creation):
1. user_audit_log - INSERT (user_id, user_email, action=""create_contact"", message, created_at)

ERROR HANDLING:
- Quota exceeded: HTTP 400, no DB changes
- Rate limited: HTTP 429 via flask-limiter, no DB changes
- Signed suffix expired: HTTP 412 ""Alias creation time is expired""
- Tampered suffix: HTTP 400 ""Tampered suffix""
- Invalid prefix: HTTP 400
- Wrong prefix/suffix: HTTP 400
- Alias already exists: HTTP 409
- Duplicate mailbox selection: handled by UniqueConstraint on alias_mailbox
- IntegrityError on Alias.create: rollback
- IntegrityError on AliasMailbox: handled by UniqueConstraint
- Suffix timestamp expiry: itsdangerous.BadSignature caught, returns 412

KEY FILES:
- /app/app/dashboard/views/custom_alias.py (dashboard form handler)
- /app/app/api/views/new_custom_alias.py (API endpoints v2/v3)
- /app/app/api/views/new_random_alias.py (random alias endpoint)
- /app/app/models.py Alias.create() (core DB logic + audit + event dispatch)
- /app/app/alias_suffix.py (suffix validation/signing)
- /app/app/alias_audit_log_utils.py (audit logging)
- /app/app/events/event_dispatcher.py (async event dispatch)
- /app/app/contact_utils.py (contact/reverse-alias creation during email forward)",True,high,"The agent's final answer explicitly lists the same 6 database tables (alias, alias_audit_log, daily_metric, alias_mailbox, alias_used_on, sync_event) and their specific operations (INSERT/UPDATE) as detailed in the retrieved note, indicating it used the note to construct the response."
both,20260921T230545.829562372Z-openclaw-sweatlasqa-pilot30-shuffle1-amem-repo-both-sglang,task-6905333b74f22949d97ba9ab,009,2,8c7cffea-f0d3-49e6-9857-159cad98a724,10,link,54,Writing final answer about SimpleLogin alias creation flow behavior,"I want to understand how SimpleLogin behaves during a normal alias-creation flow. To do that, run the full application locally using the standard development setup, login with any test user, and create a new alias while observing the system in real time.

As you go through this flow, watch the frontend and note exactly what request it sends to the backend when an alias is created. Then observe what the backend returns, including any status codes, payloads, or metadata that appear in the response. While the request is being processed, check what changes occur in the database. Identify which records are inserted or updated, how many tables are touched, and whether any related entities are created as part of the same operation.

Pay close attention to the logs to see whether the system triggers any background tasks, emits follow-up events, or performs additional work beyond the initial write. If anything fails, such as validation problems, DB errors, or network issues. Note how the error surfaces in the API response, logs, and resulting database state. Don't modify any of the repository source files while investigating. Feel free to create temporary scripts that's fine, but leave the actual codebase as you found it and ensure to clean up any temporary files or scripts you create when you're done.","Alias creation involves two main stages: 1) Quota checking in models.py via can_create_new_alias(), which verifies user status (is_active, not disabled), subscription type (lifetime/active allows unconditionally), and account limits (5 for new free, 15 for old/free trial). This check occurs before signature validation and returns 400 with MAX_NB_EMAIL_FREE_PLAN count on failure. 2) Alias creation signed suffix validation: check_suffix_signature() in alias_suffix.py uses itsdangerous.TimestampSigner with max_age=600, catching BadSignature to return None for all errors (tampered or expired). The caller in new_custom_alias.py handles None as 412 'Alias creation time is expired' and exceptions as 400 'Tampered suffix'. verify_prefix_suffix() checks domain/prefix format, logging errors at ERROR level.",False,high,"The agent's final answer describes the database tables touched and API response codes (201) which are not present in the retrieved note (which only discusses quota logic and signature validation errors), and the agent's reasoning indicates it wrote the answer based on its own investigation rather than citing the specific file paths or function names from the note."
both,20260921T230545.829562372Z-openclaw-sweatlasqa-pilot30-shuffle1-amem-repo-both-sglang,task-6905333b74f22949d97ba9d0,027,1,cf9a2f7c-dc12-4718-97dd-6c63e9a7cdae,2,match,66,"Exploring paperless-ngx codebase to understand background maintenance, periodic tasks, Celery beat schedule, sanity checks, and task execution tracking","I'm evaluating paperless-ngx architecture and need to understand what background maintenance happens automatically. Set up the development environment, what periodic tasks are registered with the task scheduler, and where is the schedule configuration defined? Find the sanity checker; what does it validate, what log output does it produce, and how often does it run? Is there automatic index optimization or database cleanup? Check if there's a task that handles failed document retries or stuck processing jobs. Look at the Celery beat schedule configuration and list all recurring tasks with their intervals. Trace through the code to find where periodic tasks are defined and registered. What happens if a scheduled task fails; is there retry logic or alerting? Are there any tasks that run on startup versus strictly on schedule? Query the database to see if there's a table tracking task execution history or scheduled job state. What controls whether these maintenance features are enabled or disabled? Don't modify source code; observing system behavior is fine, clean up any test artifacts when done.","Paperless-ngx uses django-q as its async task queue (not Celery). The task broker is Redis (PAPERLESS_REDIS env var). django-q stores task metadata and results in Django's SQLite/PostgreSQL database (Q_CLUSTER model tables like ""django_q_task"" and ""django_q_schedule"").

Three supervisor processes handle async work in the Docker setup:
1. gunicorn (Django web/API server via ASGI)
2. document_consumer (file watcher, triggers tasks)
3. qcluster (django-q worker/scheduler process)

Task queue config is in settings.py: Q_CLUSTER with name=""paperless"", workers calculated from CPU count, redis broker connection, PAPERLESS_WORKER_TIMEOUT=1800s.

Key task functions:
- documents.tasks.consume_file (document ingestion)
- documents.tasks.train_classifier (hourly scheduled)
- documents.tasks.index_optimize (daily scheduled)
- documents.tasks.sanity_check (weekly scheduled)
- documents.tasks.bulk_update_documents (bulk operations)

Trigger points:
1. API endpoint (views.py line ~523): POST document upload → async_task(""documents.tasks.consume_file"", ...)
2. Management command document_consumer: drops files into consumption dir → async_task(""documents.tasks.consume_file"", ...) via filesystem watcher (inotify or polling)
3. bulk_edit.py: bulk operations → async_task(""documents.tasks.bulk_update_documents"", ...)
4. Migrations create scheduled recurring tasks (train_classifier hourly, index_optimize daily, sanity_check weekly)

Progress tracking: Consumer class uses Django Channels WebSocket to push status updates via Redis channel layer to group ""status_updates"". Payload includes: filename, task_id, current_progress, max_progress, status (STARTING/WORKING/SUCCESS/FAILED), message, document_id. StatusConsumer websocket endpoint receives these for frontend progress bars.

Signal chain for document ingestion:
1. File arrives (upload or consumption dir)
2. async_task(""documents.tasks.consume_file"", ...) queues work
3. django-q worker picks up task, runs consume_file() in tasks.py
4. consume_file() instantiates Consumer().try_consume_file()
5. Consumer runs: pre-checks → MIME detection → parser (tesseract/tika) → OCR → text extraction → thumbnail → date parsing → DB save
6. After DB save: document_consumption_finished signal fires
7. Signal handlers run synchronously: add_inbox_tags → set_correspondent → set_document_type → set_tags → set_log_entry → add_to_index
8. File cleanup, progress sent via WebSocket",True,high,"The agent's final answer explicitly confirms the use of Django-Q (not Celery) and lists the specific scheduled tasks (train_classifier, index_optimize, sanity_check) and their intervals exactly as described in the retrieved note, indicating the note directly informed the architectural understanding and task enumeration."
both,20260921T230545.829562372Z-openclaw-sweatlasqa-pilot30-shuffle1-amem-repo-both-sglang,task-6905333b74f22949d97ba9d0,027,1,5c54721d-5d10-46d2-95ca-8ea70da3d0ad,5,match,60,"Exploring paperless-ngx codebase to understand background maintenance, periodic tasks, Celery beat schedule, sanity checks, and task execution tracking","I'm evaluating paperless-ngx architecture and need to understand what background maintenance happens automatically. Set up the development environment, what periodic tasks are registered with the task scheduler, and where is the schedule configuration defined? Find the sanity checker; what does it validate, what log output does it produce, and how often does it run? Is there automatic index optimization or database cleanup? Check if there's a task that handles failed document retries or stuck processing jobs. Look at the Celery beat schedule configuration and list all recurring tasks with their intervals. Trace through the code to find where periodic tasks are defined and registered. What happens if a scheduled task fails; is there retry logic or alerting? Are there any tasks that run on startup versus strictly on schedule? Query the database to see if there's a table tracking task execution history or scheduled job state. What controls whether these maintenance features are enabled or disabled? Don't modify source code; observing system behavior is fine, clean up any test artifacts when done.","paperless-ngx disk layout and database tables:
- DISK LAYOUT (under MEDIA_ROOT = PAPERLESS_MEDIA_ROOT / media/):
  - documents/originals/ → source files, path: {pk:07d}.pdf (or custom PAPERLESS_FILENAME_FORMAT)
  - documents/archive/ → OCR'd archive PDFs, path: {pk:07d}.pdf (or archive-specific format)
  - documents/thumbnails/ → {pk:07d}.png thumbnails
  - data/ → index/ (Whoosh search index), classification_model.pickle, log/, db.sqlite3
  - consume/ → input consumption directory
- DATABASE TABLES (SQLite/PostgreSQL via Django ORM):
  - documents_document → main document record (title, content, mime_type, checksum, archive_checksum, created, modified, storage_type, added, filename, archive_filename, archive_serial_number, correspondent FK, document_type FK)
  - documents_document_tags → M2M table for document-tag relationships
  - documents_tag → Tag model (name, match, matching_algorithm, is_insensitive, color, is_inbox_tag)
  - documents_correspondent → Correspondent model (name, match, matching_algorithm, is_insensitive)
  - documents_documenttype → DocumentType model (name, match, matching_algorithm, is_insensitive)
  - documents_log → Log entries (group UUID, message, level, created)
  - admin_logentry → Django admin audit log (populated by set_log_entry handler)
  - django_q_schedule → Scheduled tasks (hourly classifier training, daily index optimization)",True,high,"The agent explicitly used the note's mention of the `django_q_schedule` table to query the database for task history and correctly identified the specific migrations (1001, 1004) and tasks (classifier, index optimization) listed in the note as being registered via that table."
both,20260921T230545.829562372Z-openclaw-sweatlasqa-pilot30-shuffle1-amem-repo-both-sglang,task-6905333b74f22949d97ba9d0,027,1,a3fe3e59-3719-40b8-9325-0177cb103a7e,7,link,60,"Exploring paperless-ngx codebase to understand background maintenance, periodic tasks, Celery beat schedule, sanity checks, and task execution tracking","I'm evaluating paperless-ngx architecture and need to understand what background maintenance happens automatically. Set up the development environment, what periodic tasks are registered with the task scheduler, and where is the schedule configuration defined? Find the sanity checker; what does it validate, what log output does it produce, and how often does it run? Is there automatic index optimization or database cleanup? Check if there's a task that handles failed document retries or stuck processing jobs. Look at the Celery beat schedule configuration and list all recurring tasks with their intervals. Trace through the code to find where periodic tasks are defined and registered. What happens if a scheduled task fails; is there retry logic or alerting? Are there any tasks that run on startup versus strictly on schedule? Query the database to see if there's a table tracking task execution history or scheduled job state. What controls whether these maintenance features are enabled or disabled? Don't modify source code; observing system behavior is fine, clean up any test artifacts when done.","paperless-ngx ML classifier retraining:
- train_classifier() in tasks.py is scheduled to run HOURLY via Django-Q (migration 1001 adds this schedule)
- It also runs on every document consumption via document_consumption_finished signal? NO - actually train_classifier is NOT connected to the signal. It runs only as a scheduled task (hourly).
- Retraining conditions: train_classifier checks if any auto-matching Tags/Correspondents/DocumentTypes exist. If none exist, it returns immediately (no retraining).
- If classifier loaded and data hash unchanged → skips training (""Training data unchanged."" debug message)
- If training happens: ""Gathering data from database..."" → ""Vectorizing data..."" → ""Training tags/correspondent/document_type classifier..."" → ""Saving updated classifier model to ...""
- The classifier uses a SHA1 hash of training data to detect changes (train() returns True only if data changed, False if unchanged)
- sklearn MLPClassifier used for tags (MultiLabelBinarizer), correspondents, and document types",True,high,"The agent's final answer explicitly lists 'Train Classifier — hourly (migration 1001)' as a scheduled task, directly utilizing the specific fact from the retrieved note that `train_classifier()` is scheduled hourly via Django-Q and that migration 1001 adds this schedule."
both,20260921T230545.829562372Z-openclaw-sweatlasqa-pilot30-shuffle1-amem-repo-both-sglang,task-6905333b74f22949d97ba9d2,020,1,68124e16-ace1-46e9-b36b-3ef79095c938,1,match,71,"Understanding paperless-ngx document lifecycle, processing stages, metadata fields, and how tags/correspondents/document types organize documents","I’m trying to get a big-picture understanding of how documents flow through the system. How does a new document usually enter paperless-ngx. Once a document is received, what are the main stages it goes through before it’s fully processed and available, are there any background jobs and what is used for background execution.

I’m also curious about the kind of information paperless stores for each document. What metadata fields are saved, and which ones are absolutely required versus optional or derived later during runtime-processing. Can you show with a runtime example?

Also I wonder how things like tags, correspondents, and document types are used together to organize documents in a practical way.

Please don’t make any changes to the repository itself. You can create temporary scripts for testing if needed but do clean them up once you're done.","paperless-ngx services and architecture:
- docker-compose services: broker (Redis), webserver (paperless-ngx container)
- supervisord inside container runs 3 processes:
  1. gunicorn → ASGI web server serving Django REST API + frontend
  2. consumer → python manage.py document_consumer (watches consumption dir via inotify/polling)
  3. scheduler → python manage.py qcluster (Django-Q task queue processor)
- Asynchronous: consume_file() is async_task'd to Django-Q, processed by qcluster workers
- WebSocket progress: Channels layer sends status updates to ""status_updates"" group
- Parser system: pluggable via document_consumer_declaration signal. Default: Tesseract (PDF/images, weight=0), Tika (Office docs if enabled, weight=10), Text (plain text, weight=10)",True,high,"The agent's final answer explicitly details the three supervisor processes (gunicorn, consumer, scheduler) and the role of Redis/Django-Q for background execution, which directly mirrors the specific architectural facts provided in the retrieved note."
both,20260921T230545.829562372Z-openclaw-sweatlasqa-pilot30-shuffle1-amem-repo-both-sglang,task-6905333b74f22949d97ba9d2,020,1,c6e415f8-be2f-4798-bbb2-e41ba7236847,2,match,71,"Understanding paperless-ngx document lifecycle, processing stages, metadata fields, and how tags/correspondents/document types organize documents","I’m trying to get a big-picture understanding of how documents flow through the system. How does a new document usually enter paperless-ngx. Once a document is received, what are the main stages it goes through before it’s fully processed and available, are there any background jobs and what is used for background execution.

I’m also curious about the kind of information paperless stores for each document. What metadata fields are saved, and which ones are absolutely required versus optional or derived later during runtime-processing. Can you show with a runtime example?

Also I wonder how things like tags, correspondents, and document types are used together to organize documents in a practical way.

Please don’t make any changes to the repository itself. You can create temporary scripts for testing if needed but do clean them up once you're done.","paperless-ngx document ingestion pipeline (consumer.py):
1. File placed in consumption dir or uploaded via API → Consumer.try_consume_file()
2. Pre-checks: file exists, directories created (SCRATCH/THUMBNAIL/ORIGINALS/ARCHIVE), duplicate check via MD5 checksum
3. MIME type detection via python-magic → selects parser (Tesseract for PDF/images, Tika for Office, Text for plain text)
4. Pre-consume script executed if configured
5. Parser parses the file: OCR via OCRmyPDF (for Tesseract parser), extracts text, generates archive PDF, extracts thumbnail
6. Date parsing: first from filename pattern, then from document text regex
7. Classifier loaded from MODEL_FILE (classification_model.pickle)
8. Document record created in DB via transaction.atomic(): Document.objects.create(title, content, mime_type, checksum, created, storage_type)
9. document_consumption_finished signal sent → triggers 5 handlers:
   - add_inbox_tags: adds all inbox-tag tags to document
   - set_correspondent: ML prediction + regex matching
   - set_document_type: ML prediction + regex matching
   - set_tags: ML prediction + regex matching
   - set_log_entry: admin LogEntry for audit
   - add_to_index: Whoosh search index update
10. Files written to MEDIA: source (originals/), archive (archive/), thumbnail (thumbnails/)
11. Original file deleted from consumption dir
12. Post-consume script executed if configured
13. Progress sent to UI via Channels WebSocket",True,high,"The agent's final answer explicitly mirrors the 12-stage pipeline, specific signal handlers (inbox tags, auto-match), and background execution details (supervisor, Redis, Channels) described in the retrieved note, indicating it used the note as the primary source for the structural explanation."
both,20260921T230545.829562372Z-openclaw-sweatlasqa-pilot30-shuffle1-amem-repo-both-sglang,task-6905333b74f22949d97ba9d2,020,1,5c54721d-5d10-46d2-95ca-8ea70da3d0ad,4,match,65,"Understanding paperless-ngx document lifecycle, processing stages, metadata fields, and how tags/correspondents/document types organize documents","I’m trying to get a big-picture understanding of how documents flow through the system. How does a new document usually enter paperless-ngx. Once a document is received, what are the main stages it goes through before it’s fully processed and available, are there any background jobs and what is used for background execution.

I’m also curious about the kind of information paperless stores for each document. What metadata fields are saved, and which ones are absolutely required versus optional or derived later during runtime-processing. Can you show with a runtime example?

Also I wonder how things like tags, correspondents, and document types are used together to organize documents in a practical way.

Please don’t make any changes to the repository itself. You can create temporary scripts for testing if needed but do clean them up once you're done.","paperless-ngx disk layout and database tables:
- DISK LAYOUT (under MEDIA_ROOT = PAPERLESS_MEDIA_ROOT / media/):
  - documents/originals/ → source files, path: {pk:07d}.pdf (or custom PAPERLESS_FILENAME_FORMAT)
  - documents/archive/ → OCR'd archive PDFs, path: {pk:07d}.pdf (or archive-specific format)
  - documents/thumbnails/ → {pk:07d}.png thumbnails
  - data/ → index/ (Whoosh search index), classification_model.pickle, log/, db.sqlite3
  - consume/ → input consumption directory
- DATABASE TABLES (SQLite/PostgreSQL via Django ORM):
  - documents_document → main document record (title, content, mime_type, checksum, archive_checksum, created, modified, storage_type, added, filename, archive_filename, archive_serial_number, correspondent FK, document_type FK)
  - documents_document_tags → M2M table for document-tag relationships
  - documents_tag → Tag model (name, match, matching_algorithm, is_insensitive, color, is_inbox_tag)
  - documents_correspondent → Correspondent model (name, match, matching_algorithm, is_insensitive)
  - documents_documenttype → DocumentType model (name, match, matching_algorithm, is_insensitive)
  - documents_log → Log entries (group UUID, message, level, created)
  - admin_logentry → Django admin audit log (populated by set_log_entry handler)
  - django_q_schedule → Scheduled tasks (hourly classifier training, daily index optimization)",True,high,"The agent's final answer explicitly lists the specific database tables (e.g., `documents_document`, `documents_document_tags`) and their fields (e.g., `archive_checksum`, `archive_serial_number`) and the disk layout structure (e.g., `documents/originals/`, `data/index/`) that were detailed in the retrieved note, indicating it used this structural information to formulate the metadata and organization sections of its response."
both,20260921T230545.829562372Z-openclaw-sweatlasqa-pilot30-shuffle1-amem-repo-both-sglang,task-6905333b74f22949d97ba9d4,029,1,a3fe3e59-3719-40b8-9325-0177cb103a7e,8,link,57,"Understanding Paperless-NGX runtime behavior, background processes, and log messages when idle","I want to understand how Paperless-NGX behaves at runtime once the system is up and idle, before I start making changes to the codebase. Get Paperless-NGX running at the specified commit. Once it's idle and stable, what background processes or tasks continue executing automatically? What are the actual log entries that appear periodically showing the system is healthy and ready? I need the specific log messages, their frequency, and what they indicate. 
Also, if you briefly interrupt and restart part of the system, what specific log messages confirm everything has reconnected and is operational again? What components or processes keep running continuously to maintain Paperless-NGX in a ready state, even when no documents are being processed? You may use temporary helper commands or inspection tools if needed, but don’t modify any source files and clean up any temporary artifacts when you’re done.","paperless-ngx ML classifier retraining:
- train_classifier() in tasks.py is scheduled to run HOURLY via Django-Q (migration 1001 adds this schedule)
- It also runs on every document consumption via document_consumption_finished signal? NO - actually train_classifier is NOT connected to the signal. It runs only as a scheduled task (hourly).
- Retraining conditions: train_classifier checks if any auto-matching Tags/Correspondents/DocumentTypes exist. If none exist, it returns immediately (no retraining).
- If classifier loaded and data hash unchanged → skips training (""Training data unchanged."" debug message)
- If training happens: ""Gathering data from database..."" → ""Vectorizing data..."" → ""Training tags/correspondent/document_type classifier..."" → ""Saving updated classifier model to ...""
- The classifier uses a SHA1 hash of training data to detect changes (train() returns True only if data changed, False if unchanged)
- sklearn MLPClassifier used for tags (MultiLabelBinarizer), correspondents, and document types",False,high,"The agent's final answer focuses on the Django-Q cluster lifecycle logs and general process supervision, completely omitting the specific details about the `train_classifier` scheduled task, its hourly frequency, and the specific log messages associated with classifier retraining that were the primary content of the retrieved note."
both,20260921T230545.829562372Z-openclaw-sweatlasqa-pilot30-shuffle1-amem-repo-both-sglang,task-6905333b74f22949d97ba9d5,030,1,c6e415f8-be2f-4798-bbb2-e41ba7236847,1,match,73,Understanding Paperless-NGX document ingestion flow and runtime behavior,"I’m trying to understand how data moves through Paperless-NGX during normal document ingestion so I can get oriented before working on the codebase. When Paperless-NGX is running from this repository at the specified commit and a new document appears in the system, what observable runtime behavior shows how the document is detected and handed off for processing? What log messages, task names, or state changes indicate the transition from initial detection into parsing, classification, and indexing, and how does the system reflect progress or completion of each stage while the document is being processed? After processing finishes, what observable evidence shows where the document’s data ends up and how its final state is recorded? Based on what you can directly observe at runtime, how does Paperless-NGX track whether a document has already been processed or needs further work, and what behavior or logs indicate how the system avoids duplicate processing? Keep the explanation grounded in runtime observations rather than assumptions from reading the code alone. You may use temporary test files if helpful, but don’t modify any source files and clean up any temporary artifacts when you’re done.","paperless-ngx document ingestion pipeline (consumer.py):
1. File placed in consumption dir or uploaded via API → Consumer.try_consume_file()
2. Pre-checks: file exists, directories created (SCRATCH/THUMBNAIL/ORIGINALS/ARCHIVE), duplicate check via MD5 checksum
3. MIME type detection via python-magic → selects parser (Tesseract for PDF/images, Tika for Office, Text for plain text)
4. Pre-consume script executed if configured
5. Parser parses the file: OCR via OCRmyPDF (for Tesseract parser), extracts text, generates archive PDF, extracts thumbnail
6. Date parsing: first from filename pattern, then from document text regex
7. Classifier loaded from MODEL_FILE (classification_model.pickle)
8. Document record created in DB via transaction.atomic(): Document.objects.create(title, content, mime_type, checksum, created, storage_type)
9. document_consumption_finished signal sent → triggers 5 handlers:
   - add_inbox_tags: adds all inbox-tag tags to document
   - set_correspondent: ML prediction + regex matching
   - set_document_type: ML prediction + regex matching
   - set_tags: ML prediction + regex matching
   - set_log_entry: admin LogEntry for audit
   - add_to_index: Whoosh search index update
10. Files written to MEDIA: source (originals/), archive (archive/), thumbnail (thumbnails/)
11. Original file deleted from consumption dir
12. Post-consume script executed if configured
13. Progress sent to UI via Channels WebSocket",True,high,"The agent's final answer explicitly details the specific signal handlers (inbox tags, correspondent, document type, tags, log entry, Whoosh index) and the MD5 duplicate check mechanism described in the retrieved note, confirming it used the note's structural summary to construct the runtime behavior explanation."
both,20260921T230545.829562372Z-openclaw-sweatlasqa-pilot30-shuffle1-amem-repo-both-sglang,task-6905333b74f22949d97ba9d5,030,1,cf9a2f7c-dc12-4718-97dd-6c63e9a7cdae,2,match,62,Understanding Paperless-NGX document ingestion flow and runtime behavior,"I’m trying to understand how data moves through Paperless-NGX during normal document ingestion so I can get oriented before working on the codebase. When Paperless-NGX is running from this repository at the specified commit and a new document appears in the system, what observable runtime behavior shows how the document is detected and handed off for processing? What log messages, task names, or state changes indicate the transition from initial detection into parsing, classification, and indexing, and how does the system reflect progress or completion of each stage while the document is being processed? After processing finishes, what observable evidence shows where the document’s data ends up and how its final state is recorded? Based on what you can directly observe at runtime, how does Paperless-NGX track whether a document has already been processed or needs further work, and what behavior or logs indicate how the system avoids duplicate processing? Keep the explanation grounded in runtime observations rather than assumptions from reading the code alone. You may use temporary test files if helpful, but don’t modify any source files and clean up any temporary artifacts when you’re done.","Paperless-ngx uses django-q as its async task queue (not Celery). The task broker is Redis (PAPERLESS_REDIS env var). django-q stores task metadata and results in Django's SQLite/PostgreSQL database (Q_CLUSTER model tables like ""django_q_task"" and ""django_q_schedule"").

Three supervisor processes handle async work in the Docker setup:
1. gunicorn (Django web/API server via ASGI)
2. document_consumer (file watcher, triggers tasks)
3. qcluster (django-q worker/scheduler process)

Task queue config is in settings.py: Q_CLUSTER with name=""paperless"", workers calculated from CPU count, redis broker connection, PAPERLESS_WORKER_TIMEOUT=1800s.

Key task functions:
- documents.tasks.consume_file (document ingestion)
- documents.tasks.train_classifier (hourly scheduled)
- documents.tasks.index_optimize (daily scheduled)
- documents.tasks.sanity_check (weekly scheduled)
- documents.tasks.bulk_update_documents (bulk operations)

Trigger points:
1. API endpoint (views.py line ~523): POST document upload → async_task(""documents.tasks.consume_file"", ...)
2. Management command document_consumer: drops files into consumption dir → async_task(""documents.tasks.consume_file"", ...) via filesystem watcher (inotify or polling)
3. bulk_edit.py: bulk operations → async_task(""documents.tasks.bulk_update_documents"", ...)
4. Migrations create scheduled recurring tasks (train_classifier hourly, index_optimize daily, sanity_check weekly)

Progress tracking: Consumer class uses Django Channels WebSocket to push status updates via Redis channel layer to group ""status_updates"". Payload includes: filename, task_id, current_progress, max_progress, status (STARTING/WORKING/SUCCESS/FAILED), message, document_id. StatusConsumer websocket endpoint receives these for frontend progress bars.

Signal chain for document ingestion:
1. File arrives (upload or consumption dir)
2. async_task(""documents.tasks.consume_file"", ...) queues work
3. django-q worker picks up task, runs consume_file() in tasks.py
4. consume_file() instantiates Consumer().try_consume_file()
5. Consumer runs: pre-checks → MIME detection → parser (tesseract/tika) → OCR → text extraction → thumbnail → date parsing → DB save
6. After DB save: document_consumption_finished signal fires
7. Signal handlers run synchronously: add_inbox_tags → set_correspondent → set_document_type → set_tags → set_log_entry → add_to_index
8. File cleanup, progress sent via WebSocket",True,high,"The agent's final answer explicitly details the django-q task queue mechanism, the specific `consume_file` task, the role of the `qcluster` process, and the WebSocket-based progress tracking via Redis, all of which are specific facts contained in the retrieved note that guided the agent's investigation of the runtime behavior."
both,20260921T230545.829562372Z-openclaw-sweatlasqa-pilot30-shuffle1-amem-repo-both-sglang,task-6905333b74f22949d97ba9d5,030,1,753a8ebb-7225-4313-a18c-b927f99b961b,3,match,45,Understanding Paperless-NGX document ingestion flow and runtime behavior,"I’m trying to understand how data moves through Paperless-NGX during normal document ingestion so I can get oriented before working on the codebase. When Paperless-NGX is running from this repository at the specified commit and a new document appears in the system, what observable runtime behavior shows how the document is detected and handed off for processing? What log messages, task names, or state changes indicate the transition from initial detection into parsing, classification, and indexing, and how does the system reflect progress or completion of each stage while the document is being processed? After processing finishes, what observable evidence shows where the document’s data ends up and how its final state is recorded? Based on what you can directly observe at runtime, how does Paperless-NGX track whether a document has already been processed or needs further work, and what behavior or logs indicate how the system avoids duplicate processing? Keep the explanation grounded in runtime observations rather than assumptions from reading the code alone. You may use temporary test files if helpful, but don’t modify any source files and clean up any temporary artifacts when you’re done.","Barcode splitting in consume_file (tasks.py): When CONSUMER_ENABLE_BARCODES is True, scan_file_for_separating_barcodes() scans each page for CONSUMER_BARCODE_STRING (default ""PATCHT"") using pyzbar. If separators found, separate_pages() creates N+1 documents from N barcode pages: document_0 has pages before first barcode, documents 1..N have pages after each barcode separator (barcode pages themselves excluded). Each split file is saved to consumption dir with number prefix. The original file is deleted. Then the consume_file returns ""File successfully split"" — the actual consumption of split documents is triggered separately (files land in consume/ dir for the document_consumer to pick up).",False,high,"The agent's final answer describes the standard document ingestion flow (MD5 checks, parsing, tagging, indexing) but completely omits the specific barcode splitting logic, `CONSUMER_ENABLE_BARCODES` configuration, `pyzbar` usage, and the `separate_pages` mechanism detailed in the retrieved note, indicating the note was not utilized in the final explanation."
both,20260921T230545.829562372Z-openclaw-sweatlasqa-pilot30-shuffle1-amem-repo-both-sglang,task-6905333b74f22949d97ba9d5,030,1,01767feb-398d-4d3f-a443-e1ccffebd7a2,5,match,60,Understanding Paperless-NGX document ingestion flow and runtime behavior,"I’m trying to understand how data moves through Paperless-NGX during normal document ingestion so I can get oriented before working on the codebase. When Paperless-NGX is running from this repository at the specified commit and a new document appears in the system, what observable runtime behavior shows how the document is detected and handed off for processing? What log messages, task names, or state changes indicate the transition from initial detection into parsing, classification, and indexing, and how does the system reflect progress or completion of each stage while the document is being processed? After processing finishes, what observable evidence shows where the document’s data ends up and how its final state is recorded? Based on what you can directly observe at runtime, how does Paperless-NGX track whether a document has already been processed or needs further work, and what behavior or logs indicate how the system avoids duplicate processing? Keep the explanation grounded in runtime observations rather than assumptions from reading the code alone. You may use temporary test files if helpful, but don’t modify any source files and clean up any temporary artifacts when you’re done.","Duplicate detection in paperless-ngx uses MD5 checksums (hashlib.md5(f.read()).hexdigest()). During consumer.pre_check_duplicate(), the incoming file's MD5 is computed and checked against Document.objects.filter(Q(checksum=checksum) | Q(archive_checksum=checksum)). The document's original source file checksum is stored in the 'checksum' field (32-char hex string), and the archive PDF checksum is stored in 'archive_checksum' field. Two files with different filenames but identical content will match on checksum and be rejected as duplicates. CONSUMER_DELETE_DUPLICATES setting controls whether the duplicate file is deleted from consumption dir before failure (True) or left in place (False). Log message: ""Not consuming {filename}: It is a duplicate.""",True,high,"The agent's final answer explicitly details the duplicate detection mechanism using MD5 checksums compared against the `checksum` and `archive_checksum` fields, which directly reflects the specific technical details provided in the retrieved note."
both,20260921T230545.829562372Z-openclaw-sweatlasqa-pilot30-shuffle1-amem-repo-both-sglang,task-6905333b74f22949d97ba9d6,024,1,cf9a2f7c-dc12-4718-97dd-6c63e9a7cdae,2,match,58,"Understanding how OCR behaves at runtime in paperless-ngx, including document processing states, background worker behavior, and API response differences between OCR and non-OCR cases","I’m trying to get a practical understanding of how OCR behaves in paperless-ngx at runtime, especially in cases where it’s hard to tell what the system is actually doing. When I upload an image that has no embedded text, how can I see that OCR has started, and what does the document’s processing state look like while it’s running? I want to watch how background workers behave during this phase and understand what signals really indicate active OCR work. If I upload a similar image that already contains text, does the system skip OCR entirely, or does it still touch the OCR pipeline in some way, and how can I tell the difference after processing finishes? I also want to compare the final API responses for both cases to understand which fields show OCR-generated text versus existing text. Finally, when OCR produces weak or incomplete results, what actually happens to the document’s final state? Does it still count as fully processed, and how is that reflected in the saved metadata? Temporary scripts may be used for observation, but the repository itself should remain unchanged, and anything temporary should be cleaned up afterward.","Paperless-ngx uses django-q as its async task queue (not Celery). The task broker is Redis (PAPERLESS_REDIS env var). django-q stores task metadata and results in Django's SQLite/PostgreSQL database (Q_CLUSTER model tables like ""django_q_task"" and ""django_q_schedule"").

Three supervisor processes handle async work in the Docker setup:
1. gunicorn (Django web/API server via ASGI)
2. document_consumer (file watcher, triggers tasks)
3. qcluster (django-q worker/scheduler process)

Task queue config is in settings.py: Q_CLUSTER with name=""paperless"", workers calculated from CPU count, redis broker connection, PAPERLESS_WORKER_TIMEOUT=1800s.

Key task functions:
- documents.tasks.consume_file (document ingestion)
- documents.tasks.train_classifier (hourly scheduled)
- documents.tasks.index_optimize (daily scheduled)
- documents.tasks.sanity_check (weekly scheduled)
- documents.tasks.bulk_update_documents (bulk operations)

Trigger points:
1. API endpoint (views.py line ~523): POST document upload → async_task(""documents.tasks.consume_file"", ...)
2. Management command document_consumer: drops files into consumption dir → async_task(""documents.tasks.consume_file"", ...) via filesystem watcher (inotify or polling)
3. bulk_edit.py: bulk operations → async_task(""documents.tasks.bulk_update_documents"", ...)
4. Migrations create scheduled recurring tasks (train_classifier hourly, index_optimize daily, sanity_check weekly)

Progress tracking: Consumer class uses Django Channels WebSocket to push status updates via Redis channel layer to group ""status_updates"". Payload includes: filename, task_id, current_progress, max_progress, status (STARTING/WORKING/SUCCESS/FAILED), message, document_id. StatusConsumer websocket endpoint receives these for frontend progress bars.

Signal chain for document ingestion:
1. File arrives (upload or consumption dir)
2. async_task(""documents.tasks.consume_file"", ...) queues work
3. django-q worker picks up task, runs consume_file() in tasks.py
4. consume_file() instantiates Consumer().try_consume_file()
5. Consumer runs: pre-checks → MIME detection → parser (tesseract/tika) → OCR → text extraction → thumbnail → date parsing → DB save
6. After DB save: document_consumption_finished signal fires
7. Signal handlers run synchronously: add_inbox_tags → set_correspondent → set_document_type → set_tags → set_log_entry → add_to_index
8. File cleanup, progress sent via WebSocket",True,high,"The agent's final answer explicitly references specific components identified in the note, such as the `django-q` task queue, the `qcluster` worker process, the `consume_file` task, and the WebSocket-based progress tracking via `Consumer._send_progress`, confirming it used the retrieved architectural details to construct its explanation."
both,20260921T230545.829562372Z-openclaw-sweatlasqa-pilot30-shuffle1-amem-repo-both-sglang,task-6905333b74f22949d97ba9d6,024,1,68124e16-ace1-46e9-b36b-3ef79095c938,3,match,60,"Understanding how OCR behaves at runtime in paperless-ngx, including document processing states, background worker behavior, and API response differences between OCR and non-OCR cases","I’m trying to get a practical understanding of how OCR behaves in paperless-ngx at runtime, especially in cases where it’s hard to tell what the system is actually doing. When I upload an image that has no embedded text, how can I see that OCR has started, and what does the document’s processing state look like while it’s running? I want to watch how background workers behave during this phase and understand what signals really indicate active OCR work. If I upload a similar image that already contains text, does the system skip OCR entirely, or does it still touch the OCR pipeline in some way, and how can I tell the difference after processing finishes? I also want to compare the final API responses for both cases to understand which fields show OCR-generated text versus existing text. Finally, when OCR produces weak or incomplete results, what actually happens to the document’s final state? Does it still count as fully processed, and how is that reflected in the saved metadata? Temporary scripts may be used for observation, but the repository itself should remain unchanged, and anything temporary should be cleaned up afterward.","paperless-ngx services and architecture:
- docker-compose services: broker (Redis), webserver (paperless-ngx container)
- supervisord inside container runs 3 processes:
  1. gunicorn → ASGI web server serving Django REST API + frontend
  2. consumer → python manage.py document_consumer (watches consumption dir via inotify/polling)
  3. scheduler → python manage.py qcluster (Django-Q task queue processor)
- Asynchronous: consume_file() is async_task'd to Django-Q, processed by qcluster workers
- WebSocket progress: Channels layer sends status updates to ""status_updates"" group
- Parser system: pluggable via document_consumer_declaration signal. Default: Tesseract (PDF/images, weight=0), Tika (Office docs if enabled, weight=10), Text (plain text, weight=10)",True,high,"The agent explicitly used the note's description of the architecture (supervisord processes, Django-Q task queue, WebSocket progress) to guide its file exploration (e.g., checking `tasks.py`, `consumer.py`, `apps.py`) and incorporated these specific architectural details into the final answer regarding background worker behavior and progress signals."
both,20260921T230545.829562372Z-openclaw-sweatlasqa-pilot30-shuffle1-amem-repo-both-sglang,task-6905333b74f22949d97ba9d6,024,1,6a010a3e-dfec-40b8-a93f-9f601c603504,5,match,50,"Understanding how OCR behaves at runtime in paperless-ngx, including document processing states, background worker behavior, and API response differences between OCR and non-OCR cases","I’m trying to get a practical understanding of how OCR behaves in paperless-ngx at runtime, especially in cases where it’s hard to tell what the system is actually doing. When I upload an image that has no embedded text, how can I see that OCR has started, and what does the document’s processing state look like while it’s running? I want to watch how background workers behave during this phase and understand what signals really indicate active OCR work. If I upload a similar image that already contains text, does the system skip OCR entirely, or does it still touch the OCR pipeline in some way, and how can I tell the difference after processing finishes? I also want to compare the final API responses for both cases to understand which fields show OCR-generated text versus existing text. Finally, when OCR produces weak or incomplete results, what actually happens to the document’s final state? Does it still count as fully processed, and how is that reflected in the saved metadata? Temporary scripts may be used for observation, but the repository itself should remain unchanged, and anything temporary should be cleaned up afterward.","OCR subprocess: For PDF/images, RasterisedDocumentParser uses ocrmypdf.ocr() (wraps Tesseract). OCR output type is set via settings.OCR_OUTPUT_TYPE (default ""pdfa""). The archive PDF is generated by OCRmyPDF, mime type of the stored document remains the original detected type (e.g., application/pdf). When OCR finds no text, NoTextFoundException is raised, triggering fallback OCR with safe_fallback=True, and if still empty, document gets text="""" (empty string). No mime type change — the original file's magic-detected mime_type is preserved throughout.",True,high,"The agent's final answer explicitly incorporates specific details from the note, such as the use of `ocrmypdf.ocr()` in `RasterisedDocumentParser`, the default `OCR_OUTPUT_TYPE` of `pdfa`, and the specific fallback behavior where `NoTextFoundException` triggers a fallback that results in `text=""""`."
both,20260921T230545.829562372Z-openclaw-sweatlasqa-pilot30-shuffle1-amem-repo-both-sglang,task-6905333b74f22949d97ba9d8,023,1,c6e415f8-be2f-4798-bbb2-e41ba7236847,1,match,58,"Investigating non-deterministic failures in document classification tests, focusing on ML pipeline behavior during test execution including model reuse, training, OCR, barcode splitting, and edge cases","I am debugging non-deterministic failures in the document classification tests and want to understand how the machine learning pipeline behaves during test execution when training and OCR. I want to observe whether the classifier reuses an existing model or retrains during the same test run, and how that affects later tests. When a test exercises automatic correspondent matching, how many training documents are created, when does training occur relative to those inserts, and what confidence threshold is used to accept or reject predictions? I also want to see how edge cases are handled, such as when a document has no extractable text, including which OCR subprocess is invoked and what mime type is assigned to the output. Finally, when barcode splitting is involved, how many document records are created from a single input, which barcode values trigger a split, and where in the code that decision is made, especially if this changes the effective training data during the test run. Please do not modify the source code; you may create temporary helpers while investigating, but clean up anything temporary before finishing.","paperless-ngx document ingestion pipeline (consumer.py):
1. File placed in consumption dir or uploaded via API → Consumer.try_consume_file()
2. Pre-checks: file exists, directories created (SCRATCH/THUMBNAIL/ORIGINALS/ARCHIVE), duplicate check via MD5 checksum
3. MIME type detection via python-magic → selects parser (Tesseract for PDF/images, Tika for Office, Text for plain text)
4. Pre-consume script executed if configured
5. Parser parses the file: OCR via OCRmyPDF (for Tesseract parser), extracts text, generates archive PDF, extracts thumbnail
6. Date parsing: first from filename pattern, then from document text regex
7. Classifier loaded from MODEL_FILE (classification_model.pickle)
8. Document record created in DB via transaction.atomic(): Document.objects.create(title, content, mime_type, checksum, created, storage_type)
9. document_consumption_finished signal sent → triggers 5 handlers:
   - add_inbox_tags: adds all inbox-tag tags to document
   - set_correspondent: ML prediction + regex matching
   - set_document_type: ML prediction + regex matching
   - set_tags: ML prediction + regex matching
   - set_log_entry: admin LogEntry for audit
   - add_to_index: Whoosh search index update
10. Files written to MEDIA: source (originals/), archive (archive/), thumbnail (thumbnails/)
11. Original file deleted from consumption dir
12. Post-consume script executed if configured
13. Progress sent to UI via Channels WebSocket",True,high,"The agent's final answer explicitly references specific details from the retrieved note, such as the `MODEL_FILE` path (`classification_model.pickle`), the signal handler flow (`document_consumption_finished` triggering `set_correspondent`), and the MIME type detection via `python-magic`, confirming it used the note to structure its investigation and findings."
both,20260921T230545.829562372Z-openclaw-sweatlasqa-pilot30-shuffle1-amem-repo-both-sglang,task-6905333b74f22949d97ba9d8,023,1,a3fe3e59-3719-40b8-9325-0177cb103a7e,2,match,53,"Investigating non-deterministic failures in document classification tests, focusing on ML pipeline behavior during test execution including model reuse, training, OCR, barcode splitting, and edge cases","I am debugging non-deterministic failures in the document classification tests and want to understand how the machine learning pipeline behaves during test execution when training and OCR. I want to observe whether the classifier reuses an existing model or retrains during the same test run, and how that affects later tests. When a test exercises automatic correspondent matching, how many training documents are created, when does training occur relative to those inserts, and what confidence threshold is used to accept or reject predictions? I also want to see how edge cases are handled, such as when a document has no extractable text, including which OCR subprocess is invoked and what mime type is assigned to the output. Finally, when barcode splitting is involved, how many document records are created from a single input, which barcode values trigger a split, and where in the code that decision is made, especially if this changes the effective training data during the test run. Please do not modify the source code; you may create temporary helpers while investigating, but clean up anything temporary before finishing.","paperless-ngx ML classifier retraining:
- train_classifier() in tasks.py is scheduled to run HOURLY via Django-Q (migration 1001 adds this schedule)
- It also runs on every document consumption via document_consumption_finished signal? NO - actually train_classifier is NOT connected to the signal. It runs only as a scheduled task (hourly).
- Retraining conditions: train_classifier checks if any auto-matching Tags/Correspondents/DocumentTypes exist. If none exist, it returns immediately (no retraining).
- If classifier loaded and data hash unchanged → skips training (""Training data unchanged."" debug message)
- If training happens: ""Gathering data from database..."" → ""Vectorizing data..."" → ""Training tags/correspondent/document_type classifier..."" → ""Saving updated classifier model to ...""
- The classifier uses a SHA1 hash of training data to detect changes (train() returns True only if data changed, False if unchanged)
- sklearn MLPClassifier used for tags (MultiLabelBinarizer), correspondents, and document types",True,high,"The agent's final answer explicitly states that `train_classifier()` runs only as a Django-Q scheduled task (hourly) and is NOT connected to the consumption signal, which directly reflects the specific correction found in the retrieved note ('It also runs on every document consumption via document_consumption_finished signal? NO - actually train_classifier is NOT connected to the signal. It runs only as a scheduled task (hourly).')."
both,20260921T230545.829562372Z-openclaw-sweatlasqa-pilot30-shuffle1-amem-repo-both-sglang,task-6905333b74f22949d97ba9d8,023,2,753a8ebb-7225-4313-a18c-b927f99b961b,1,match,57,Synthesizing final answer about the ML pipeline behavior during document classification tests,"I am debugging non-deterministic failures in the document classification tests and want to understand how the machine learning pipeline behaves during test execution when training and OCR. I want to observe whether the classifier reuses an existing model or retrains during the same test run, and how that affects later tests. When a test exercises automatic correspondent matching, how many training documents are created, when does training occur relative to those inserts, and what confidence threshold is used to accept or reject predictions? I also want to see how edge cases are handled, such as when a document has no extractable text, including which OCR subprocess is invoked and what mime type is assigned to the output. Finally, when barcode splitting is involved, how many document records are created from a single input, which barcode values trigger a split, and where in the code that decision is made, especially if this changes the effective training data during the test run. Please do not modify the source code; you may create temporary helpers while investigating, but clean up anything temporary before finishing.","Barcode splitting in consume_file (tasks.py): When CONSUMER_ENABLE_BARCODES is True, scan_file_for_separating_barcodes() scans each page for CONSUMER_BARCODE_STRING (default ""PATCHT"") using pyzbar. If separators found, separate_pages() creates N+1 documents from N barcode pages: document_0 has pages before first barcode, documents 1..N have pages after each barcode separator (barcode pages themselves excluded). Each split file is saved to consumption dir with number prefix. The original file is deleted. Then the consume_file returns ""File successfully split"" — the actual consumption of split documents is triggered separately (files land in consume/ dir for the document_consumer to pick up).",True,high,"The agent's final answer explicitly incorporates the specific details from the retrieved note, including the default barcode string ""PATCHT"", the logic that N separators create N+1 documents with barcode pages excluded, and the fact that split files are saved to the consume directory for separate consumption, all of which match the note's content verbatim or in close paraphrase."
both,20260921T230545.829562372Z-openclaw-sweatlasqa-pilot30-shuffle1-amem-repo-both-sglang,task-6905333b74f22949d97ba9d8,023,2,ebe41357-4ccb-4fca-ba39-eaa6e2a31940,2,match,64,Synthesizing final answer about the ML pipeline behavior during document classification tests,"I am debugging non-deterministic failures in the document classification tests and want to understand how the machine learning pipeline behaves during test execution when training and OCR. I want to observe whether the classifier reuses an existing model or retrains during the same test run, and how that affects later tests. When a test exercises automatic correspondent matching, how many training documents are created, when does training occur relative to those inserts, and what confidence threshold is used to accept or reject predictions? I also want to see how edge cases are handled, such as when a document has no extractable text, including which OCR subprocess is invoked and what mime type is assigned to the output. Finally, when barcode splitting is involved, how many document records are created from a single input, which barcode values trigger a split, and where in the code that decision is made, especially if this changes the effective training data during the test run. Please do not modify the source code; you may create temporary helpers while investigating, but clean up anything temporary before finishing.","Document classification pipeline: classifier loaded via load_classifier() before post-consume hooks in consumer.py line 292. It loads from MODEL_FILE (classification_model.pickle). No confidence threshold is used — MLPClassifier.predict() returns highest-probability class, with -1 meaning ""none/unknown"" → returns None. No training occurs during test consume_file — train_classifier() is only called via Django-Q scheduled task (hourly), NOT during document consumption. Retrain only when Tag/DocumentType/Correspondent has MATCH_AUTO and training data hash changed.",True,high,"The final answer explicitly incorporates specific details from the retrieved note, including the file path `consumer.py:292`, the model file name `classification_model.pickle`, the fact that no confidence threshold is used (checking only for -1), and that training only occurs via Django-Q scheduled tasks rather than during consumption."
both,20260921T230545.829562372Z-openclaw-sweatlasqa-pilot30-shuffle1-amem-repo-both-sglang,task-6905333b74f22949d97ba9d8,023,2,c6e415f8-be2f-4798-bbb2-e41ba7236847,3,match,54,Synthesizing final answer about the ML pipeline behavior during document classification tests,"I am debugging non-deterministic failures in the document classification tests and want to understand how the machine learning pipeline behaves during test execution when training and OCR. I want to observe whether the classifier reuses an existing model or retrains during the same test run, and how that affects later tests. When a test exercises automatic correspondent matching, how many training documents are created, when does training occur relative to those inserts, and what confidence threshold is used to accept or reject predictions? I also want to see how edge cases are handled, such as when a document has no extractable text, including which OCR subprocess is invoked and what mime type is assigned to the output. Finally, when barcode splitting is involved, how many document records are created from a single input, which barcode values trigger a split, and where in the code that decision is made, especially if this changes the effective training data during the test run. Please do not modify the source code; you may create temporary helpers while investigating, but clean up anything temporary before finishing.","paperless-ngx document ingestion pipeline (consumer.py):
1. File placed in consumption dir or uploaded via API → Consumer.try_consume_file()
2. Pre-checks: file exists, directories created (SCRATCH/THUMBNAIL/ORIGINALS/ARCHIVE), duplicate check via MD5 checksum
3. MIME type detection via python-magic → selects parser (Tesseract for PDF/images, Tika for Office, Text for plain text)
4. Pre-consume script executed if configured
5. Parser parses the file: OCR via OCRmyPDF (for Tesseract parser), extracts text, generates archive PDF, extracts thumbnail
6. Date parsing: first from filename pattern, then from document text regex
7. Classifier loaded from MODEL_FILE (classification_model.pickle)
8. Document record created in DB via transaction.atomic(): Document.objects.create(title, content, mime_type, checksum, created, storage_type)
9. document_consumption_finished signal sent → triggers 5 handlers:
   - add_inbox_tags: adds all inbox-tag tags to document
   - set_correspondent: ML prediction + regex matching
   - set_document_type: ML prediction + regex matching
   - set_tags: ML prediction + regex matching
   - set_log_entry: admin LogEntry for audit
   - add_to_index: Whoosh search index update
10. Files written to MEDIA: source (originals/), archive (archive/), thumbnail (thumbnails/)
11. Original file deleted from consumption dir
12. Post-consume script executed if configured
13. Progress sent to UI via Channels WebSocket",True,high,"The agent's final answer explicitly references details from the retrieved note, such as the MIME type detection via python-magic, the use of OCRmyPDF for Tesseract parsing, and the specific signal handlers (set_correspondent, etc.) triggered by document_consumption_finished, confirming the note's content drove the explanation of the pipeline behavior."
both,20260921T230545.829562372Z-openclaw-sweatlasqa-pilot30-shuffle1-amem-repo-both-sglang,task-6905333b74f22949d97ba9d8,023,2,a3fe3e59-3719-40b8-9325-0177cb103a7e,4,match,54,Synthesizing final answer about the ML pipeline behavior during document classification tests,"I am debugging non-deterministic failures in the document classification tests and want to understand how the machine learning pipeline behaves during test execution when training and OCR. I want to observe whether the classifier reuses an existing model or retrains during the same test run, and how that affects later tests. When a test exercises automatic correspondent matching, how many training documents are created, when does training occur relative to those inserts, and what confidence threshold is used to accept or reject predictions? I also want to see how edge cases are handled, such as when a document has no extractable text, including which OCR subprocess is invoked and what mime type is assigned to the output. Finally, when barcode splitting is involved, how many document records are created from a single input, which barcode values trigger a split, and where in the code that decision is made, especially if this changes the effective training data during the test run. Please do not modify the source code; you may create temporary helpers while investigating, but clean up anything temporary before finishing.","paperless-ngx ML classifier retraining:
- train_classifier() in tasks.py is scheduled to run HOURLY via Django-Q (migration 1001 adds this schedule)
- It also runs on every document consumption via document_consumption_finished signal? NO - actually train_classifier is NOT connected to the signal. It runs only as a scheduled task (hourly).
- Retraining conditions: train_classifier checks if any auto-matching Tags/Correspondents/DocumentTypes exist. If none exist, it returns immediately (no retraining).
- If classifier loaded and data hash unchanged → skips training (""Training data unchanged."" debug message)
- If training happens: ""Gathering data from database..."" → ""Vectorizing data..."" → ""Training tags/correspondent/document_type classifier..."" → ""Saving updated classifier model to ...""
- The classifier uses a SHA1 hash of training data to detect changes (train() returns True only if data changed, False if unchanged)
- sklearn MLPClassifier used for tags (MultiLabelBinarizer), correspondents, and document types",True,high,"The agent's final answer explicitly states that `train_classifier()` runs only as a Django-Q scheduled task (hourly) and is NOT connected to the consumption signal, which directly reflects the specific correction and details provided in the retrieved note."
both,20260921T230545.829562372Z-openclaw-sweatlasqa-pilot30-shuffle1-amem-repo-both-sglang,task-6905333b74f22949d97ba9d8,023,2,6a010a3e-dfec-40b8-a93f-9f601c603504,5,match,57,Synthesizing final answer about the ML pipeline behavior during document classification tests,"I am debugging non-deterministic failures in the document classification tests and want to understand how the machine learning pipeline behaves during test execution when training and OCR. I want to observe whether the classifier reuses an existing model or retrains during the same test run, and how that affects later tests. When a test exercises automatic correspondent matching, how many training documents are created, when does training occur relative to those inserts, and what confidence threshold is used to accept or reject predictions? I also want to see how edge cases are handled, such as when a document has no extractable text, including which OCR subprocess is invoked and what mime type is assigned to the output. Finally, when barcode splitting is involved, how many document records are created from a single input, which barcode values trigger a split, and where in the code that decision is made, especially if this changes the effective training data during the test run. Please do not modify the source code; you may create temporary helpers while investigating, but clean up anything temporary before finishing.","OCR subprocess: For PDF/images, RasterisedDocumentParser uses ocrmypdf.ocr() (wraps Tesseract). OCR output type is set via settings.OCR_OUTPUT_TYPE (default ""pdfa""). The archive PDF is generated by OCRmyPDF, mime type of the stored document remains the original detected type (e.g., application/pdf). When OCR finds no text, NoTextFoundException is raised, triggering fallback OCR with safe_fallback=True, and if still empty, document gets text="""" (empty string). No mime type change — the original file's magic-detected mime_type is preserved throughout.",True,high,"The final answer explicitly incorporates the specific details from the retrieved note regarding the OCR subprocess (ocrmypdf wrapping Tesseract), the fallback mechanism (safe_fallback=True), the handling of no-text cases (text=""""), and the preservation of the original MIME type, which were not present in the initial question."
both,20260921T230545.829562372Z-openclaw-sweatlasqa-pilot30-shuffle1-amem-repo-both-sglang,task-6905333b74f22949d97ba9db,022,1,a3fe3e59-3719-40b8-9325-0177cb103a7e,3,match,55,"Exploring Paperless-NGX repository to understand runtime file handling, tag changes, duplicate detection, classifier behavior, sanity checker, and ghost files","I'm onboarding into the Paperless-NGX repository and I'm curious about the hidden choreography that happens when the system is actually running. When a document's tags change and the filename format includes tags in the directory structure, files apparently relocate themselves. I wonder what log messages actually appear during that dance, and what the before and after paths look like in practice. There's supposedly a rollback safety net if something goes wrong during a file move, but I can't tell from reading the code whether it truly recovers or just promises to, what actually happens to files when a move fails partway through? Beyond file handling, there are other runtime mysteries I want to explore. The classifier's behavior puzzles me, sometimes training finishes instantly, other times it takes much longer. I want to trigger both scenarios and see the actual log messages that explain why training was skipped versus why it proceeded with full retraining, including whatever hash or checksum the system uses to detect changes. Duplicate detection feels like magic, two files that look completely different can still be rejected as duplicates, and I want to see the actual checksums being compared at that moment of judgment. The sanity checker intrigues me as well, what does its output actually look like when an archive is healthy versus when something has gone wrong, and can I see the specific hash values it compares when it discovers a mismatch? I also wonder about ghost files, whether orphaned files really linger in the media folder and what the system actually reports when it finds them. I need to see real runtime evidence for all of this; actual paths, actual checksums, actual log messages. Temporary scripts may be used for observation, but the repository itself should remain unchanged and anything temporary cleaned up afterward.","paperless-ngx ML classifier retraining:
- train_classifier() in tasks.py is scheduled to run HOURLY via Django-Q (migration 1001 adds this schedule)
- It also runs on every document consumption via document_consumption_finished signal? NO - actually train_classifier is NOT connected to the signal. It runs only as a scheduled task (hourly).
- Retraining conditions: train_classifier checks if any auto-matching Tags/Correspondents/DocumentTypes exist. If none exist, it returns immediately (no retraining).
- If classifier loaded and data hash unchanged → skips training (""Training data unchanged."" debug message)
- If training happens: ""Gathering data from database..."" → ""Vectorizing data..."" → ""Training tags/correspondent/document_type classifier..."" → ""Saving updated classifier model to ...""
- The classifier uses a SHA1 hash of training data to detect changes (train() returns True only if data changed, False if unchanged)
- sklearn MLPClassifier used for tags (MultiLabelBinarizer), correspondents, and document types",True,high,"The agent's final answer explicitly incorporates the specific details from the retrieved note, such as the classifier running HOURLY via Django-Q rather than on document consumption, the use of SHA1 hash for change detection, and the specific log messages ('Gathering data from database...', 'Training data unchanged.') that appear during training."
both,20260921T230545.829562372Z-openclaw-sweatlasqa-pilot30-shuffle1-amem-repo-both-sglang,task-6905333b74f22949d97ba9db,022,2,01767feb-398d-4d3f-a443-e1ccffebd7a2,1,match,68,Final review and consolidation of all stored findings about Paperless-NGX runtime behavior before writing the answer,"I'm onboarding into the Paperless-NGX repository and I'm curious about the hidden choreography that happens when the system is actually running. When a document's tags change and the filename format includes tags in the directory structure, files apparently relocate themselves. I wonder what log messages actually appear during that dance, and what the before and after paths look like in practice. There's supposedly a rollback safety net if something goes wrong during a file move, but I can't tell from reading the code whether it truly recovers or just promises to, what actually happens to files when a move fails partway through? Beyond file handling, there are other runtime mysteries I want to explore. The classifier's behavior puzzles me, sometimes training finishes instantly, other times it takes much longer. I want to trigger both scenarios and see the actual log messages that explain why training was skipped versus why it proceeded with full retraining, including whatever hash or checksum the system uses to detect changes. Duplicate detection feels like magic, two files that look completely different can still be rejected as duplicates, and I want to see the actual checksums being compared at that moment of judgment. The sanity checker intrigues me as well, what does its output actually look like when an archive is healthy versus when something has gone wrong, and can I see the specific hash values it compares when it discovers a mismatch? I also wonder about ghost files, whether orphaned files really linger in the media folder and what the system actually reports when it finds them. I need to see real runtime evidence for all of this; actual paths, actual checksums, actual log messages. Temporary scripts may be used for observation, but the repository itself should remain unchanged and anything temporary cleaned up afterward.","Duplicate detection in paperless-ngx uses MD5 checksums (hashlib.md5(f.read()).hexdigest()). During consumer.pre_check_duplicate(), the incoming file's MD5 is computed and checked against Document.objects.filter(Q(checksum=checksum) | Q(archive_checksum=checksum)). The document's original source file checksum is stored in the 'checksum' field (32-char hex string), and the archive PDF checksum is stored in 'archive_checksum' field. Two files with different filenames but identical content will match on checksum and be rejected as duplicates. CONSUMER_DELETE_DUPLICATES setting controls whether the duplicate file is deleted from consumption dir before failure (True) or left in place (False). Log message: ""Not consuming {filename}: It is a duplicate.""",True,high,"The final answer explicitly incorporates the specific technical details from the note, including the use of MD5 checksums, the specific field names 'checksum' and 'archive_checksum', and the behavior of the CONSUMER_DELETE_DUPLICATES setting, which were not present in the question but were derived from the retrieved note."
both,20260921T230545.829562372Z-openclaw-sweatlasqa-pilot30-shuffle1-amem-repo-both-sglang,task-6905333b74f22949d97ba9db,022,2,698f6712-a7b0-4a9f-8f17-78ea64965cf2,3,match,58,Final review and consolidation of all stored findings about Paperless-NGX runtime behavior before writing the answer,"I'm onboarding into the Paperless-NGX repository and I'm curious about the hidden choreography that happens when the system is actually running. When a document's tags change and the filename format includes tags in the directory structure, files apparently relocate themselves. I wonder what log messages actually appear during that dance, and what the before and after paths look like in practice. There's supposedly a rollback safety net if something goes wrong during a file move, but I can't tell from reading the code whether it truly recovers or just promises to, what actually happens to files when a move fails partway through? Beyond file handling, there are other runtime mysteries I want to explore. The classifier's behavior puzzles me, sometimes training finishes instantly, other times it takes much longer. I want to trigger both scenarios and see the actual log messages that explain why training was skipped versus why it proceeded with full retraining, including whatever hash or checksum the system uses to detect changes. Duplicate detection feels like magic, two files that look completely different can still be rejected as duplicates, and I want to see the actual checksums being compared at that moment of judgment. The sanity checker intrigues me as well, what does its output actually look like when an archive is healthy versus when something has gone wrong, and can I see the specific hash values it compares when it discovers a mismatch? I also wonder about ghost files, whether orphaned files really linger in the media folder and what the system actually reports when it finds them. I need to see real runtime evidence for all of this; actual paths, actual checksums, actual log messages. Temporary scripts may be used for observation, but the repository itself should remain unchanged and anything temporary cleaned up afterward.","File rename when tags change in directory structure: update_filename_and_move_files in signals/handlers.py is triggered by m2m_changed signal on Document.tags.through. It regenerates filenames using generate_unique_filename() which applies PAPERLESS_FILENAME_FORMAT template. If format includes {tags} or {tags[0]}, adding/removing tags changes the computed path. For example with format ""{tags[type]}"", doc with tag ""type_demo"" goes to ""demo.pdf"" and with tag ""foo_bar"" goes to ""demo.pdf"". The function compares old vs new filenames; if different, it creates target directories, then os.rename() to move the file. If file renaming uses directory-based tag format like ""{tags[0]}"", tag changes cause physical file moves. Log messages include debug-level entries in ""paperless.consumer"" logger with group UUID for request grouping.",True,high,"The agent's final answer explicitly incorporates specific details from the retrieved note, such as the function name `update_filename_and_move_files`, the signal `m2m_changed` on `Document.tags.through`, and the use of `os.rename()`, which were the core facts provided in the note."
both,20260921T230545.829562372Z-openclaw-sweatlasqa-pilot30-shuffle1-amem-repo-both-sglang,task-6905333b74f22949d97ba9db,022,2,a3fe3e59-3719-40b8-9325-0177cb103a7e,4,match,58,Final review and consolidation of all stored findings about Paperless-NGX runtime behavior before writing the answer,"I'm onboarding into the Paperless-NGX repository and I'm curious about the hidden choreography that happens when the system is actually running. When a document's tags change and the filename format includes tags in the directory structure, files apparently relocate themselves. I wonder what log messages actually appear during that dance, and what the before and after paths look like in practice. There's supposedly a rollback safety net if something goes wrong during a file move, but I can't tell from reading the code whether it truly recovers or just promises to, what actually happens to files when a move fails partway through? Beyond file handling, there are other runtime mysteries I want to explore. The classifier's behavior puzzles me, sometimes training finishes instantly, other times it takes much longer. I want to trigger both scenarios and see the actual log messages that explain why training was skipped versus why it proceeded with full retraining, including whatever hash or checksum the system uses to detect changes. Duplicate detection feels like magic, two files that look completely different can still be rejected as duplicates, and I want to see the actual checksums being compared at that moment of judgment. The sanity checker intrigues me as well, what does its output actually look like when an archive is healthy versus when something has gone wrong, and can I see the specific hash values it compares when it discovers a mismatch? I also wonder about ghost files, whether orphaned files really linger in the media folder and what the system actually reports when it finds them. I need to see real runtime evidence for all of this; actual paths, actual checksums, actual log messages. Temporary scripts may be used for observation, but the repository itself should remain unchanged and anything temporary cleaned up afterward.","paperless-ngx ML classifier retraining:
- train_classifier() in tasks.py is scheduled to run HOURLY via Django-Q (migration 1001 adds this schedule)
- It also runs on every document consumption via document_consumption_finished signal? NO - actually train_classifier is NOT connected to the signal. It runs only as a scheduled task (hourly).
- Retraining conditions: train_classifier checks if any auto-matching Tags/Correspondents/DocumentTypes exist. If none exist, it returns immediately (no retraining).
- If classifier loaded and data hash unchanged → skips training (""Training data unchanged."" debug message)
- If training happens: ""Gathering data from database..."" → ""Vectorizing data..."" → ""Training tags/correspondent/document_type classifier..."" → ""Saving updated classifier model to ...""
- The classifier uses a SHA1 hash of training data to detect changes (train() returns True only if data changed, False if unchanged)
- sklearn MLPClassifier used for tags (MultiLabelBinarizer), correspondents, and document types",True,high,"The agent's final answer explicitly incorporates specific details from the retrieved note, including the hourly scheduling via Django-Q, the condition that training is skipped if no auto-matching items exist, the specific debug message 'Training data unchanged.', and the use of SHA1 hash for change detection, all of which were key facts in the note."
both,20260921T230545.829562372Z-openclaw-sweatlasqa-pilot30-shuffle1-amem-repo-both-sglang,task-6905333b74f22949d97ba9db,022,2,6b0d91a6-54c6-4c61-aba4-93ecbf815808,5,match,56,Final review and consolidation of all stored findings about Paperless-NGX runtime behavior before writing the answer,"I'm onboarding into the Paperless-NGX repository and I'm curious about the hidden choreography that happens when the system is actually running. When a document's tags change and the filename format includes tags in the directory structure, files apparently relocate themselves. I wonder what log messages actually appear during that dance, and what the before and after paths look like in practice. There's supposedly a rollback safety net if something goes wrong during a file move, but I can't tell from reading the code whether it truly recovers or just promises to, what actually happens to files when a move fails partway through? Beyond file handling, there are other runtime mysteries I want to explore. The classifier's behavior puzzles me, sometimes training finishes instantly, other times it takes much longer. I want to trigger both scenarios and see the actual log messages that explain why training was skipped versus why it proceeded with full retraining, including whatever hash or checksum the system uses to detect changes. Duplicate detection feels like magic, two files that look completely different can still be rejected as duplicates, and I want to see the actual checksums being compared at that moment of judgment. The sanity checker intrigues me as well, what does its output actually look like when an archive is healthy versus when something has gone wrong, and can I see the specific hash values it compares when it discovers a mismatch? I also wonder about ghost files, whether orphaned files really linger in the media folder and what the system actually reports when it finds them. I need to see real runtime evidence for all of this; actual paths, actual checksums, actual log messages. Temporary scripts may be used for observation, but the repository itself should remain unchanged and anything temporary cleaned up afterward.","Sanity checker (sanity_checker.py) checks: (1) Thumbnail file exists and is readable, (2) Original source file exists and is readable with MD5 checksum matching doc.checksum, (3) Archive file exists with checksum matching doc.archive_checksum if archive_filename is set, (4) Documents with no content produce INFO log ""Document {pk} has no content."", (5) Orphaned files not in DB produce WARNING ""Orphaned file in media dir: {path}"". Error format: ""Checksum mismatch of document {pk}. Stored: {stored_hash}, actual: {computed_hash}."" Example checksums: 42995833e01aea9b3edee44bbfdd7ce1 for originals, 62acb0bcbfbcaa62ca6ad3668e4e404b for archive. The test sample document has checksum ""42995833e01aea9b3edee44bbfdd7ce1"" and archive_checksum ""62acb0bcbfbcaa62ca6ad3668e4e404b"". Sanity check runs weekly via django-q scheduled task, also has management command.",True,high,"The agent's final answer explicitly includes the specific example checksums (42995833e01aea9b3edee44bbfdd7ce1 and 62acb0bcbfbcaa62ca6ad3668e4e404b) and the orphaned file warning format provided in the retrieved note, indicating direct usage of the note's content to answer the user's request for specific runtime evidence."
both,20260921T230545.829562372Z-openclaw-sweatlasqa-pilot30-shuffle1-amem-repo-both-sglang,task-6905333b74f22949d97ba9db,022,2,37e024e0-c3ea-4937-baa8-e66a52721595,9,link,46,Final review and consolidation of all stored findings about Paperless-NGX runtime behavior before writing the answer,"I'm onboarding into the Paperless-NGX repository and I'm curious about the hidden choreography that happens when the system is actually running. When a document's tags change and the filename format includes tags in the directory structure, files apparently relocate themselves. I wonder what log messages actually appear during that dance, and what the before and after paths look like in practice. There's supposedly a rollback safety net if something goes wrong during a file move, but I can't tell from reading the code whether it truly recovers or just promises to, what actually happens to files when a move fails partway through? Beyond file handling, there are other runtime mysteries I want to explore. The classifier's behavior puzzles me, sometimes training finishes instantly, other times it takes much longer. I want to trigger both scenarios and see the actual log messages that explain why training was skipped versus why it proceeded with full retraining, including whatever hash or checksum the system uses to detect changes. Duplicate detection feels like magic, two files that look completely different can still be rejected as duplicates, and I want to see the actual checksums being compared at that moment of judgment. The sanity checker intrigues me as well, what does its output actually look like when an archive is healthy versus when something has gone wrong, and can I see the specific hash values it compares when it discovers a mismatch? I also wonder about ghost files, whether orphaned files really linger in the media folder and what the system actually reports when it finds them. I need to see real runtime evidence for all of this; actual paths, actual checksums, actual log messages. Temporary scripts may be used for observation, but the repository itself should remain unchanged and anything temporary cleaned up afterward.","File move rollback in update_filename_and_move_files (signals/handlers.py): The function is decorated with @receiver(m2m_changed, sender=Document.tags.through) and @receiver(post_save, sender=Document). When a tag changes, filenames are regenerated via generate_unique_filename(). If source_path or archive_path would change, os.rename() is called to physically move the files. On ANY failure (OSError, DatabaseError, or CannotMoveFilesException), the except block attempts a ROLLBACK by os.rename()ing files back to old_source_path/old_archive_path. If that rollback also fails, it's silently ignored because: (A) files remain in place and never overwritten, so sanity checker will catch the issue; (B) if moving original failed, nothing changed anyway. After rollback attempt, instance.filename and instance.archive_filename are restored to old values. The function uses FileLock(settings.MEDIA_LOCK) for thread safety. Empty directories are cleaned up only if files were actually moved (os.path.isfile(old_*) returns False).",True,high,"The agent's final answer explicitly details the specific rollback logic, exception types (OSError, DatabaseError, CannotMoveFilesException), and the rationale for silent failure on rollback failure, which are unique facts present in the retrieved note and not general knowledge."
both,20260921T230545.829562372Z-openclaw-sweatlasqa-pilot30-shuffle1-amem-repo-both-sglang,task-6905333b74f22949d97ba9dc,025,1,c6e415f8-be2f-4798-bbb2-e41ba7236847,2,match,63,Understanding paperless-ngx codebase to analyze OCR processing behavior for multi-page PDFs,"I'm getting inconsistent OCR results when testing paperless-ngx locally with multi-page PDFs and need to understand the processing behavior better. Get the development environment running normally (create admin user if needed during setup), then upload a multi-page PDF through the standard interface that requires OCR processing. What HTTP response status and message do you receive immediately after upload submission? As processing happens, what key log patterns appear that show the document moving through different stages, including the OCRmyPDF invocation parameters? After processing finishes, what do the generated archive PDF and thumbnail filenames look like in the media storage area? Check the document record in the database - what fields are actually stored (not filesystem-only metadata) and what values appear for the processed document? No file modifications or permanent changes allowed, clean up any test files completely when done.","paperless-ngx document ingestion pipeline (consumer.py):
1. File placed in consumption dir or uploaded via API → Consumer.try_consume_file()
2. Pre-checks: file exists, directories created (SCRATCH/THUMBNAIL/ORIGINALS/ARCHIVE), duplicate check via MD5 checksum
3. MIME type detection via python-magic → selects parser (Tesseract for PDF/images, Tika for Office, Text for plain text)
4. Pre-consume script executed if configured
5. Parser parses the file: OCR via OCRmyPDF (for Tesseract parser), extracts text, generates archive PDF, extracts thumbnail
6. Date parsing: first from filename pattern, then from document text regex
7. Classifier loaded from MODEL_FILE (classification_model.pickle)
8. Document record created in DB via transaction.atomic(): Document.objects.create(title, content, mime_type, checksum, created, storage_type)
9. document_consumption_finished signal sent → triggers 5 handlers:
   - add_inbox_tags: adds all inbox-tag tags to document
   - set_correspondent: ML prediction + regex matching
   - set_document_type: ML prediction + regex matching
   - set_tags: ML prediction + regex matching
   - set_log_entry: admin LogEntry for audit
   - add_to_index: Whoosh search index update
10. Files written to MEDIA: source (originals/), archive (archive/), thumbnail (thumbnails/)
11. Original file deleted from consumption dir
12. Post-consume script executed if configured
13. Progress sent to UI via Channels WebSocket",True,high,"The agent's final answer explicitly details the database fields (id, title, content, mime_type, checksum, etc.) and the signal handlers (add_inbox_tags, set_correspondent, etc.) which are specific facts listed in the retrieved note, confirming the note drove the analysis of the document record and processing pipeline."
both,20260921T230545.829562372Z-openclaw-sweatlasqa-pilot30-shuffle1-amem-repo-both-sglang,task-6905333b74f22949d97ba9dc,025,1,cf9a2f7c-dc12-4718-97dd-6c63e9a7cdae,6,link,57,Understanding paperless-ngx codebase to analyze OCR processing behavior for multi-page PDFs,"I'm getting inconsistent OCR results when testing paperless-ngx locally with multi-page PDFs and need to understand the processing behavior better. Get the development environment running normally (create admin user if needed during setup), then upload a multi-page PDF through the standard interface that requires OCR processing. What HTTP response status and message do you receive immediately after upload submission? As processing happens, what key log patterns appear that show the document moving through different stages, including the OCRmyPDF invocation parameters? After processing finishes, what do the generated archive PDF and thumbnail filenames look like in the media storage area? Check the document record in the database - what fields are actually stored (not filesystem-only metadata) and what values appear for the processed document? No file modifications or permanent changes allowed, clean up any test files completely when done.","Paperless-ngx uses django-q as its async task queue (not Celery). The task broker is Redis (PAPERLESS_REDIS env var). django-q stores task metadata and results in Django's SQLite/PostgreSQL database (Q_CLUSTER model tables like ""django_q_task"" and ""django_q_schedule"").

Three supervisor processes handle async work in the Docker setup:
1. gunicorn (Django web/API server via ASGI)
2. document_consumer (file watcher, triggers tasks)
3. qcluster (django-q worker/scheduler process)

Task queue config is in settings.py: Q_CLUSTER with name=""paperless"", workers calculated from CPU count, redis broker connection, PAPERLESS_WORKER_TIMEOUT=1800s.

Key task functions:
- documents.tasks.consume_file (document ingestion)
- documents.tasks.train_classifier (hourly scheduled)
- documents.tasks.index_optimize (daily scheduled)
- documents.tasks.sanity_check (weekly scheduled)
- documents.tasks.bulk_update_documents (bulk operations)

Trigger points:
1. API endpoint (views.py line ~523): POST document upload → async_task(""documents.tasks.consume_file"", ...)
2. Management command document_consumer: drops files into consumption dir → async_task(""documents.tasks.consume_file"", ...) via filesystem watcher (inotify or polling)
3. bulk_edit.py: bulk operations → async_task(""documents.tasks.bulk_update_documents"", ...)
4. Migrations create scheduled recurring tasks (train_classifier hourly, index_optimize daily, sanity_check weekly)

Progress tracking: Consumer class uses Django Channels WebSocket to push status updates via Redis channel layer to group ""status_updates"". Payload includes: filename, task_id, current_progress, max_progress, status (STARTING/WORKING/SUCCESS/FAILED), message, document_id. StatusConsumer websocket endpoint receives these for frontend progress bars.

Signal chain for document ingestion:
1. File arrives (upload or consumption dir)
2. async_task(""documents.tasks.consume_file"", ...) queues work
3. django-q worker picks up task, runs consume_file() in tasks.py
4. consume_file() instantiates Consumer().try_consume_file()
5. Consumer runs: pre-checks → MIME detection → parser (tesseract/tika) → OCR → text extraction → thumbnail → date parsing → DB save
6. After DB save: document_consumption_finished signal fires
7. Signal handlers run synchronously: add_inbox_tags → set_correspondent → set_document_type → set_tags → set_log_entry → add_to_index
8. File cleanup, progress sent via WebSocket",True,high,"The agent's final answer explicitly describes the Django-Q async task queue, the specific task function `consume_file`, and the WebSocket-based progress tracking mechanism (STARTING/WORKING/SUCCESS statuses), all of which are detailed facts from the retrieved note that directly informed the explanation of the processing behavior."
both,20260921T230545.829562372Z-openclaw-sweatlasqa-pilot30-shuffle1-amem-repo-both-sglang,task-6905333b74f22949d97ba9de,026,2,b3e22eb0-a6e9-4df7-bb22-2eff0727c746,1,match,65,Writing final answer about memory spike causes in Paperless document processing,"I'm investigating a strange memory usage pattern in the Paperless document processing system. When the system imports documents, it sometimes consumes far more memory than expected for the metadata handling, but this doesn't happen consistently and seems to vary based on the document source or processing stage.

What I'm seeing is that memory usage spikes significantly during document import operations, particularly when metadata is being processed, but the spike seems disproportionate to the actual document size. The odd part is that this memory doesn't always get released back to the system in a timely manner, even after processing is complete. This seems unusual because these are mostly text documents with relatively small metadata - we're not dealing with massive image processing here.

Can you figure out what's causing these memory spikes? I'm curious whether there's something in the metadata handling that's creating unnecessary copies or holding references longer than needed, or if there's caching behavior that's accumulating data unexpectedly. What's different between the cases where memory spikes and cases where it doesn't? How does the behavior change with different document types or batch sizes?

I need to see actual runtime memory measurements during processing, understand which components or methods are responsible for holding onto memory, and get evidence showing whether this is normal Python garbage collection behavior or something problematic. Show me what patterns you can find and where the memory is actually going.

Don't modify any repository source files. You can create temporary test scripts or helper tools to reproduce and analyze the behavior, but clean them up and leave the codebase unchanged when done.","Paperless-ngx memory spike analysis identified multiple sources of memory accumulation:
1. DocumentSerializer includes 'content' field (full OCR text) in ALL API responses, with depth=1 also serializing related objects
2. bulk_update_documents() loads ALL document objects with full content via Document.objects.filter(id__in=doc_ids) with no .only() or .values() to limit fields, and never closes the Whoosh index
3. classifier.train() accumulates ALL document content into a Python list via data.append(preprocessed_content) plus the CountVectorizer sparse matrix
4. matching.py loads ALL tags/correspondents/document types via Tag.objects.all() etc on every matching call
5. update_document() calls doc.tags.all() TWICE (two DB queries) and accesses doc.content (full text)
6. Whoosh index is opened but never closed in bulk_update_documents(), index_optimize(), and index_reindex()
7. index_reindex() uses Document.objects.all() with no .iterator() to stream documents
8. classifier.train() uses Document.objects.order_by().exclude() with no .iterator() or .only()
9. sanity_checker.py uses Document.objects.all() with no .iterator()
10. Text parser reads entire file into memory with f.read()
11. bulk_edit.delete() calls Document.objects.filter(id__in=doc_ids).delete() which loads objects with content",True,high,"The agent's final answer explicitly lists the specific memory leak patterns identified in the retrieved note, such as `classifier.train()` accumulating content, `bulk_update_documents()` failing to close the Whoosh index, and matching functions loading all tags, directly mirroring the detailed points provided in the note."
both,20260921T230545.829562372Z-openclaw-sweatlasqa-pilot30-shuffle1-amem-repo-both-sglang,task-6905333b74f22949d97ba9de,026,2,2c746eef-3277-4c55-8358-a05b5e753317,2,match,66,Writing final answer about memory spike causes in Paperless document processing,"I'm investigating a strange memory usage pattern in the Paperless document processing system. When the system imports documents, it sometimes consumes far more memory than expected for the metadata handling, but this doesn't happen consistently and seems to vary based on the document source or processing stage.

What I'm seeing is that memory usage spikes significantly during document import operations, particularly when metadata is being processed, but the spike seems disproportionate to the actual document size. The odd part is that this memory doesn't always get released back to the system in a timely manner, even after processing is complete. This seems unusual because these are mostly text documents with relatively small metadata - we're not dealing with massive image processing here.

Can you figure out what's causing these memory spikes? I'm curious whether there's something in the metadata handling that's creating unnecessary copies or holding references longer than needed, or if there's caching behavior that's accumulating data unexpectedly. What's different between the cases where memory spikes and cases where it doesn't? How does the behavior change with different document types or batch sizes?

I need to see actual runtime memory measurements during processing, understand which components or methods are responsible for holding onto memory, and get evidence showing whether this is normal Python garbage collection behavior or something problematic. Show me what patterns you can find and where the memory is actually going.

Don't modify any repository source files. You can create temporary test scripts or helper tools to reproduce and analyze the behavior, but clean them up and leave the codebase unchanged when done.","Key memory-inefficient code patterns in paperless-ngx:
- bulk_update_documents(tasks.py:270): Document.objects.filter(id__in=...) loads full Document objects including content field; index.open_index() never closed
- classifier.train(classifier.py:125): Document.objects.order_by(""pk"").exclude() loads all docs with full content; data.append(preprocessed_content) accumulates all text; CountVectorizer.fit_transform creates large sparse matrix
- update_document(index.py:87): doc.tags.all() called twice; doc.content accessed
- matching.py: Tag.objects.all(), Correspondent.objects.all(), DocumentType.objects.all() called on every matching invocation
- index_reindex(tasks.py:38): Document.objects.all() with no .iterator()
- sanity_checker(sanity_checker.py:61): Document.objects.all() with no .iterator()
- generate_unique_filename(file_handling.py:133): accesses doc.tags.all(), doc.correspondent.name, doc.document_type.name
- SearchResultSerializer.views.py:364: loads full Document via Document.objects.get(id=...) for every search result
- DocumentViewSet views.py:180: Document.objects.all() as queryset with DocumentSerializer that includes 'content' field",True,high,"The agent's final answer explicitly lists the specific memory-inefficient patterns identified in the retrieved note, such as `classifier.train` loading all content, `bulk_update_documents` leaking the index, and matching functions loading all tags/correspondents, directly mirroring the details provided in the note."
both,20260921T230545.829562372Z-openclaw-sweatlasqa-pilot30-shuffle1-amem-repo-both-sglang,task-6905333b74f22949d97ba9e8,007,1,33b36990-9ec1-48ad-9139-d95e43e9381d,5,match,53,"Investigating SimpleLogin's authentication behavior, session storage, email forwarding, alias tokens, API usage tracking, and login failure responses","I've been investigating SimpleLogin's authentication and noticed some behaviors I need to verify by actually observing the running system.

When I'm logged into the web interface and make API calls without an API key header, the requests seem to work. I need to confirm what HTTP status code actually comes back and what the response body structure looks like ,not what the code says should happen, but what actually happens when you try it.There's also something odd when trying to access privileged operations with just a browser session. The HTTP status code I get back isn't a standard authorization error, and the error message is unusual. What specific status code and exact error message text does the system actually return in this scenario?

For sessions, I want to understand what the stored session data actually looks like when you examine it directly in storage. Capture the raw bytes from the storage backend and show me what format they're in, what keys are present in the deserialized data for an authenticated session, and how the session key itself is structured.I'm also curious about session identifier behavior during authentication. If you capture the session ID from your cookie before login, then go through the login flow, does that identifier value stay the same or get replaced with a new one? I need to see the actual before and after values to know for sure.

On the email forwarding side, I want to know what happens to specific headers when a message passes through. If an incoming email has a custom X-header, a Received header, and a Reply-To header, which of those three actually make it through to the forwarded message and which get stripped? Send an actual test email and examine the result.

For the alias creation tokens, they clearly expire after some time window. I want to experimentally verify what that window is by testing whether a token works immediately, then waiting and testing if it still works, until you find the boundary where it stops working.

I also noticed that the API tracks usage statistics for API keys. When you make several API calls with the same key, what fields get updated in the database and what are the actual values you observe after making the calls?Finally, when a login attempt fails with wrong credentials, what specific log messages appear and what HTTP response details come back? I want to see the actual logged output and response, not just what the code says should happen.

Show me evidence from actually running the system rather than just reading the code. Don't modify any source files in the repository, but you can create test scripts to observe behavior - just clean them up afterward.","SimpleLogin session handling uses custom RedisSessionStore (session.py) with pickle for serialization. Key findings on corrupted session behavior: 1) Itsdangerous signing protects the session cookie ID (HMAC-SHA256). Tampered cookies raise BadSignature -> silent empty session. 2) Redis session data is pickle-serialized. Malicious pickle with __reduce__ causes RCE (confirmed: ""echo PWNED"" executed during test). 3) pickle.loads exceptions in open_session() are caught by bare ""except Exception: pass"" — no logging, silent empty session reset. 4) Flask-Login session_protection=""strong"" checks IP + User-Agent fingerprint but does NOT destroy session data on mismatch. 5) Logout flow: purge_session() deletes Redis key and rotates session_id, but save_session() writes a new empty session to Redis anyway (since session.permanent=True always). 6) After logout, 5-minute TTL for non-authenticated sessions (TTL=300), 7 days for authenticated. 7) No direct Redis access from API or dashboard views.",True,high,"The agent's final answer explicitly incorporates specific details from the retrieved note, such as the Redis pickle serialization format, the specific cookie name 'slapp', the TTL values (7 days authenticated, 5 min unauthenticated), and the session key structure, which were not present in the initial question but were confirmed by the agent's subsequent file reads and included in the final summary."
both,20260921T230545.829562372Z-openclaw-sweatlasqa-pilot30-shuffle1-amem-repo-both-sglang,task-6905333b74f22949d97ba9e8,007,1,8c7cffea-f0d3-49e6-9857-159cad98a724,8,link,56,"Investigating SimpleLogin's authentication behavior, session storage, email forwarding, alias tokens, API usage tracking, and login failure responses","I've been investigating SimpleLogin's authentication and noticed some behaviors I need to verify by actually observing the running system.

When I'm logged into the web interface and make API calls without an API key header, the requests seem to work. I need to confirm what HTTP status code actually comes back and what the response body structure looks like ,not what the code says should happen, but what actually happens when you try it.There's also something odd when trying to access privileged operations with just a browser session. The HTTP status code I get back isn't a standard authorization error, and the error message is unusual. What specific status code and exact error message text does the system actually return in this scenario?

For sessions, I want to understand what the stored session data actually looks like when you examine it directly in storage. Capture the raw bytes from the storage backend and show me what format they're in, what keys are present in the deserialized data for an authenticated session, and how the session key itself is structured.I'm also curious about session identifier behavior during authentication. If you capture the session ID from your cookie before login, then go through the login flow, does that identifier value stay the same or get replaced with a new one? I need to see the actual before and after values to know for sure.

On the email forwarding side, I want to know what happens to specific headers when a message passes through. If an incoming email has a custom X-header, a Received header, and a Reply-To header, which of those three actually make it through to the forwarded message and which get stripped? Send an actual test email and examine the result.

For the alias creation tokens, they clearly expire after some time window. I want to experimentally verify what that window is by testing whether a token works immediately, then waiting and testing if it still works, until you find the boundary where it stops working.

I also noticed that the API tracks usage statistics for API keys. When you make several API calls with the same key, what fields get updated in the database and what are the actual values you observe after making the calls?Finally, when a login attempt fails with wrong credentials, what specific log messages appear and what HTTP response details come back? I want to see the actual logged output and response, not just what the code says should happen.

Show me evidence from actually running the system rather than just reading the code. Don't modify any source files in the repository, but you can create test scripts to observe behavior - just clean them up afterward.","Alias creation involves two main stages: 1) Quota checking in models.py via can_create_new_alias(), which verifies user status (is_active, not disabled), subscription type (lifetime/active allows unconditionally), and account limits (5 for new free, 15 for old/free trial). This check occurs before signature validation and returns 400 with MAX_NB_EMAIL_FREE_PLAN count on failure. 2) Alias creation signed suffix validation: check_suffix_signature() in alias_suffix.py uses itsdangerous.TimestampSigner with max_age=600, catching BadSignature to return None for all errors (tampered or expired). The caller in new_custom_alias.py handles None as 412 'Alias creation time is expired' and exceptions as 400 'Tampered suffix'. verify_prefix_suffix() checks domain/prefix format, logging errors at ERROR level.",True,high,"The agent's final answer explicitly states the alias token expiration is 600 seconds and returns HTTP 412 with the specific error message 'Alias creation time is expired', which directly matches the details provided in the retrieved note regarding `max_age=600` and the 412 response handling in `new_custom_alias.py`."
both,20260921T230545.829562372Z-openclaw-sweatlasqa-pilot30-shuffle1-amem-repo-both-sglang,task-6905333b74f22949d97baa1d,005,1,33b36990-9ec1-48ad-9139-d95e43e9381d,3,match,80,"Synthesizing findings into final answer about SimpleLogin server-side session behavior at runtime, including corruption handling and deserialization risks","I’m testing the SimpleLogin repository and trying to understand how server-side session handling behaves at runtime, especially when stored session data is turned back into Python objects. I want to see what normal sessions look like as users log in and out and then what actually happens if the session data in Redis is corrupted or malformed. Does the next request fail, silently reset the session, or surface an error, and what shows up in responses or logs when that happens? I’m trying to understand where the boundary lies between a harmless reset and a real deserialization risk, based on what you can observe while the system is running rather than theory alone. If an attacker could tamper with session bytes but not forge the signed session ID, does that meaningfully change the risk, and how does the runtime behavior support that conclusion? Temporary scripts may be used for observation, but the repository itself should remain unchanged, and anything temporary should be cleaned up afterward.","SimpleLogin session handling uses custom RedisSessionStore (session.py) with pickle for serialization. Key findings on corrupted session behavior: 1) Itsdangerous signing protects the session cookie ID (HMAC-SHA256). Tampered cookies raise BadSignature -> silent empty session. 2) Redis session data is pickle-serialized. Malicious pickle with __reduce__ causes RCE (confirmed: ""echo PWNED"" executed during test). 3) pickle.loads exceptions in open_session() are caught by bare ""except Exception: pass"" — no logging, silent empty session reset. 4) Flask-Login session_protection=""strong"" checks IP + User-Agent fingerprint but does NOT destroy session data on mismatch. 5) Logout flow: purge_session() deletes Redis key and rotates session_id, but save_session() writes a new empty session to Redis anyway (since session.permanent=True always). 6) After logout, 5-minute TTL for non-authenticated sessions (TTL=300), 7 days for authenticated. 7) No direct Redis access from API or dashboard views.",True,high,"The agent's final answer explicitly incorporates specific details from the note, such as the 'except Exception: pass' bare except block causing silent resets, the distinction between cookie tampering (BadSignature) and Redis pickle RCE, and the specific TTL values (5 minutes vs 7 days) for logout behavior, all of which were verified and synthesized into the conclusion."
both,20260921T230545.829562372Z-openclaw-sweatlasqa-pilot30-shuffle1-amem-repo-both-sglang,task-6905333b74f22949d97baa1d,005,1,e1e3b206-c1f1-4c80-8d65-2469faf0eeb8,4,match,75,"Synthesizing findings into final answer about SimpleLogin server-side session behavior at runtime, including corruption handling and deserialization risks","I’m testing the SimpleLogin repository and trying to understand how server-side session handling behaves at runtime, especially when stored session data is turned back into Python objects. I want to see what normal sessions look like as users log in and out and then what actually happens if the session data in Redis is corrupted or malformed. Does the next request fail, silently reset the session, or surface an error, and what shows up in responses or logs when that happens? I’m trying to understand where the boundary lies between a harmless reset and a real deserialization risk, based on what you can observe while the system is running rather than theory alone. If an attacker could tamper with session bytes but not forge the signed session ID, does that meaningfully change the risk, and how does the runtime behavior support that conclusion? Temporary scripts may be used for observation, but the repository itself should remain unchanged, and anything temporary should be cleaned up afterward.","Attacker scenarios in SimpleLogin session handling: Attacker who can ONLY tamper with session cookie bytes (no access to FLASK_SECRET) cannot forge the HMAC signature. Any modification to the cookie (even 1 bit) causes BadSignature in itsdangerous.unsign(), which is caught silently, returning a new empty session. This is a denial-of-service, not privilege escalation. The attacker cannot impersonate any user this way. Attacker who has a VALID session cookie but can only tamper Redis data still needs the valid cookie — which means they've already achieved session hijacking. The pickle deserialization risk exists only when BOTH: attacker has valid cookie AND can modify Redis session data.",True,high,"The final answer explicitly adopts the note's core security conclusion that cookie-only tampering results in a harmless reset (DoS) rather than privilege escalation, and correctly applies the note's condition that pickle deserialization risk requires both a valid cookie and Redis access, which directly mirrors the retrieved note's logic."
